{
  "RF": {
    "rmse": 1.2112673868368766,
    "mae": 0.9846400966241794,
    "r2": -0.5728088496397579
  },
  "SVR": {
    "rmse": 1.3462240798530707,
    "mae": 1.0845516378958495,
    "r2": -0.9428112291308686
  }
}