{
  "RF": {
    "rmse": 3.9122762430257083,
    "mae": 3.7837383409129126,
    "r2": -29.397293514827826
  },
  "SVR": {
    "rmse": 3.9488297638711156,
    "mae": 3.794147175299782,
    "r2": -29.967968399382887
  }
}