model,rmse,mae,r2
MACCS-SVR,1.1362589920481072,0.7955796914579674,0.7618620855742317
MACCS-RF,1.231368369765299,0.8641588772017604,0.7203274341492201
