SMILES,Standardized_SMILES,LogS
[Br-].CCCCCCCCCCCCCCCCCC[N+](C)(C)C,CCCCCCCCCCCCCCCCCC[N+](C)(C)C.[Br-],-3.6161271205
O=C1Nc2cccc3cccc1c23,O=C1Nc2cccc3cccc1c23,-3.2547670983
Clc1ccc(C=O)cc1,O=Cc1ccc(Cl)cc1,-2.1770779444
[Zn++].CC(c1ccccc1)c2cc(C(C)c3ccccc3)c(O)c(c2)C([O-])=O.CC(c4ccccc4)c5cc(C(C)c6ccccc6)c(O)c(c5)C([O-])=O,CC(c1ccccc1)c1cc(C(=O)[O-])c(O)c(C(C)c2ccccc2)c1.CC(c1ccccc1)c1cc(C(=O)[O-])c(O)c(C(C)c2ccccc2)c1.[Zn+2],-3.9244090954
C1OC1CN(CC2CO2)c3ccc(Cc4ccc(cc4)N(CC5CO5)CC6CO6)cc3,c1cc(N(CC2CO2)CC2CO2)ccc1Cc1ccc(N(CC2CO2)CC2CO2)cc1,-4.6620645831
Cc1cccc(C=C)c1,C=Cc1cccc(C)c1,-3.1231503041
CCC1CCC(CCC(O)=O)C1,CCC1CCC(CCC(=O)O)C1,-3.286116314
CC12CC(O)C3C(CCC4=CC(=O)C=CC34C)C1CC(O)C2(O)C(=O)CO,CC12C=CC(=O)C=C1CCC1C2C(O)CC2(C)C1CC(O)C2(O)C(=O)CO,-2.6645485391
Fc1ccc(cc1)C(=O)c2ccc(F)cc2,O=C(c1ccc(F)cc1)c1ccc(F)cc1,-4.396652184700001
O=C(OCCCOCCCOC(=O)c1ccccc1)c2ccccc2,O=C(OCCCOCCCOC(=O)c1ccccc1)c1ccccc1,-4.595502563999999
CN(C)c1ccc(C=O)cc1,CN(C)c1ccc(C=O)cc1,-2.2827688499
CC(=O)OC(C)(C)Cc1ccccc1,CC(=O)OC(C)(C)Cc1ccccc1,-2.3946499685
Cc1ccc(O)c(C)c1.Cc2ccc(C)c(O)c2.Cc3cc(C)cc(O)c3.Cc4ccc(O)cc4C.Cc5cccc(O)c5C.Cc6cccc(C)c6O,Cc1cc(C)cc(O)c1.Cc1ccc(C)c(O)c1.Cc1ccc(O)c(C)c1.Cc1ccc(O)cc1C.Cc1cccc(C)c1O.Cc1cccc(O)c1C,-1.9803097957
CC(C)(C)c1ccc(OCC2CO2)cc1,CC(C)(C)c1ccc(OCC2CO2)cc1,-3.4302388798
COCCCCC(=O)c1ccc(cc1)C(F)(F)F,COCCCCC(=O)c1ccc(C(F)(F)F)cc1,-3.5440597008
CC(C)=CCC\C(C)=C/CO,CC(C)=CCC/C(C)=C\CO,-2.3206011661000003
CC(Oc1ccc(Cl)cc1C)C(O)=O,Cc1cc(Cl)ccc1OC(C)C(=O)O,-2.4660307863
[Zn++].CCCCC(CC)CO[P]([S-])(=S)OCC(C)C.CCCCC(CC)CO[P]([S-])(=S)OCC(C)C,CCCCC(CC)COP(=S)([S-])OCC(C)C.CCCCC(CC)COP(=S)([S-])OCC(C)C.[Zn+2],-2.9581950472000003
FC(F)(F)c1cccc(Cl)c1,FC(F)(F)c1cccc(Cl)c1,-3.4115138849
CCC(C)(CCC(C)C)C(=O)OCC1CO1,CCC(C)(CCC(C)C)C(=O)OCC1CO1,-3.5134687407
CC(C)CCCCCOC(=O)CCS,CC(C)CCCCCOC(=O)CCS,-4.4543816995
CC(C)=C1CCC(=CC1)C,CC1=CCC(=C(C)C)CC1,-4.2873429345
[Na+].[Al+3].[O-][Si]([O-])=O.[O-][Si]([O-])=O,O=[Si]([O-])[O-].O=[Si]([O-])[O-].[Al+3].[Na+],-3.4731390517
[Zn++].CC(=C)C([O-])=O,C=C(C)C(=O)[O-].[Zn+2],-2.3632080977000003
CCNCC(O)c1cccc(O)c1,CCNCC(O)c1cccc(O)c1,-3.4541026398000003
[Zn++].CCC(C)O[P]([S-])(=S)OC(C)CC(C)C.CCC(C)O[P]([S-])(=S)OC(C)CC(C)C,CCC(C)OP(=S)([S-])OC(C)CC(C)C.CCC(C)OP(=S)([S-])OC(C)CC(C)C.[Zn+2],-2.9908768679000004
ClCc1ccc(Cl)cc1Cl,ClCc1ccc(Cl)cc1Cl,-3.5129421932
CC1(C)C2CCC(=C)C1C2,C=C1CCC2CC1C2(C)C,-4.2923134549
CCCCCCCC\C=C/CCCCCCCC(O)=O.NCCNCCO,CCCCCCCC/C=C\CCCCCCCC(=O)O.NCCNCCO,-4.8091341894
CCCCCCCCCCCCOC(=O)C(C)O,CCCCCCCCCCCCOC(=O)C(C)O,-4.6341446203
NO,NO,-0.763033718
C=CC(=O)OCCOc1ccccc1,C=CC(=O)OCCOc1ccccc1,-2.5636257131
CCCC[N+](CCCC)(CCCC)Cc1ccccc1.Oc2ccc(c3ccccc23)[S]([O-])(=O)=O,CCCC[N+](CCCC)(CCCC)Cc1ccccc1.O=S(=O)([O-])c1ccc(O)c2ccccc12,-2.6418192727000003
OC(=O)CCCCCCCCC=C,C=CCCCCCCCCC(=O)O,-3.5528261452
C[N+](C)(CCCN[S](=O)(=O)CCC(F)(F)C(F)(F)C(F)(F)C(F)(F)C(F)(F)C(F)(F)F)CC([O-])=O,C[N+](C)(CCCNS(=O)(=O)CCC(F)(F)C(F)(F)C(F)(F)C(F)(F)C(F)(F)C(F)(F)F)CC(=O)[O-],-4.0571851475
CCC(Cc1ccccc1)(N(C)C)C(=O)c2ccc(cc2)N3CCOCC3,CCC(Cc1ccccc1)(C(=O)c1ccc(N2CCOCC2)cc1)N(C)C,-4.7932278922
CC(C)CCCCCCc1ccc(O)cc1,CC(C)CCCCCCc1ccc(O)cc1,-4.587250024599999
CC(=C)c1cccc(c1)C(C)=C,C=C(C)c1cccc(C(=C)C)c1,-4.4511392252
[Mo],[Mo],-4.2038484637
CC(C)(C)CCCCCC(=O)OC=C,C=COC(=O)CCCCCC(C)(C)C,-4.581332510899999
Cc1ccc(cc1)C(C)(C)C,Cc1ccc(C(C)(C)C)cc1,-4.4720217682
OC(=O)C1CCCCC1,O=C(O)C1CCCCC1,-1.445031941
[Na+].[Na+].[Na+].[Na+].[Na+].[O-][S](=O)(=O)OCC[S](=O)(=O)c1cccc(Nc2nc(Cl)nc(Nc3cc(cc4C=C(\C(=N/Nc5ccc6c(cccc6[S]([O-])(=O)=O)c5[S]([O-])(=O)=O)C(=O)c34)[S]([O-])(=O)=O)[S]([O-])(=O)=O)n2)c1,O=C1/C(=N/Nc2ccc3c(S(=O)(=O)[O-])cccc3c2S(=O)(=O)[O-])C(S(=O)(=O)[O-])=Cc2cc(S(=O)(=O)[O-])cc(Nc3nc(Cl)nc(Nc4cccc(S(=O)(=O)CCOS(=O)(=O)[O-])c4)n3)c21.[Na+].[Na+].[Na+].[Na+].[Na+],-0.4108977358
C(CCCN=C\C=C\c1ccccc1)CCN=C/C=C/c2ccccc2,C(/C=C/c1ccccc1)=NCCCCCCN=C/C=C/c1ccccc1,-3.8937390711
CC(C)(C)CC(C)(C)c1cc(Cc2cc(cc(n3nc4ccccc4n3)c2O)C(C)(C)CC(C)(C)C)c(O)c(c1)n5nc6ccccc6n5,CC(C)(C)CC(C)(C)c1cc(Cc2cc(C(C)(C)CC(C)(C)C)cc(-n3nc4ccccc4n3)c2O)c(O)c(-n2nc3ccccc3n2)c1,-7.973715535399999
[Cl-].CCN(CC[N+](C)(C)C)c1ccc(cc1)N=Nc2ccc(cc2Cl)[N+]([O-])=O,CCN(CC[N+](C)(C)C)c1ccc(N=Nc2ccc([N+](=O)[O-])cc2Cl)cc1.[Cl-],-3.0386996230000003
C1CN(CCO1)Sc2sc3ccccc3n2,c1ccc2sc(SN3CCOCC3)nc2c1,-3.8109627954
CC1(C)[C@H]2C[C@@H]3O[C@]3(C)[C@@H]1C2,CC1(C)[C@H]2C[C@@H]3O[C@]3(C)[C@@H]1C2,-2.5936884915
[Na+].[Na+].[Na+].[Na+].NC(=O)Nc1cc(Nc2nc(Cl)nc(Nc3cccc(c3)[S](=O)(=O)CCO[S]([O-])(=O)=O)n2)ccc1N=Nc4cc5c(cc(cc5[S]([O-])(=O)=O)[S]([O-])(=O)=O)cc4[S]([O-])(=O)=O,NC(=O)Nc1cc(Nc2nc(Cl)nc(Nc3cccc(S(=O)(=O)CCOS(=O)(=O)[O-])c3)n2)ccc1N=Nc1cc2c(S(=O)(=O)[O-])cc(S(=O)(=O)[O-])cc2cc1S(=O)(=O)[O-].[Na+].[Na+].[Na+].[Na+],-0.4261364852
[Na+].[Na+].CCCCCCCCCCCCNc1nc(Cl)nc(Nc2ccc3c(O)c(N=Nc4ccc(cc4)N=Nc5ccc(cc5)[S]([O-])(=O)=O)c(cc3c2)[S]([O-])(=O)=O)n1,CCCCCCCCCCCCNc1nc(Cl)nc(Nc2ccc3c(O)c(N=Nc4ccc(N=Nc5ccc(S(=O)(=O)[O-])cc5)cc4)c(S(=O)(=O)[O-])cc3c2)n1.[Na+].[Na+],-3.358911212
CCCN(CCC)C(=O)SCC,CCCN(CCC)C(=O)SCC,-2.7031744039
C1CC(CCC1COCC2CO2)COCC3CO3,C1CC(COCC2CO2)CCC1COCC1CO1,-1.8357972344
CC(CC1=CC(=CC(=O)N1O)C)CC(C)(C)C.NCCO,Cc1cc(CC(C)CC(C)(C)C)n(O)c(=O)c1.NCCO,-3.9054642035
[OH-].[Ca++].[Ca++].[Ca++].[Ca++].[Ca++].[O-][P]([O-])([O-])=O.[O-][P]([O-])([O-])=O.[O-][P]([O-])([O-])=O,O=P([O-])([O-])[O-].O=P([O-])([O-])[O-].O=P([O-])([O-])[O-].[Ca+2].[Ca+2].[Ca+2].[Ca+2].[Ca+2].[OH-],-4.1419008964
O=[P+]1Oc2ccccc2c3ccccc13,O=[p+]1oc2ccccc2c2ccccc21,-1.7796231349
C=COC(=O)c1ccccc1,C=COC(=O)c1ccccc1,-2.6229591952
COC(=O)c1ccc(cc1)C(C)(C)C,COC(=O)c1ccc(C(C)(C)C)cc1,-3.7398163758
Cc1cccc(CC(C)(C)CO)c1,Cc1cccc(CC(C)(C)CO)c1,-2.8265354685000004
CC(=O)OC\C=C(C)/CCC=C(C)C,CC(=O)OC/C=C(/C)CCC=C(C)C,-3.7549532157
CC1(C)[C@H]2CC=C(CCO)[C@@H]1C2,CC1(C)[C@H]2CC=C(CCO)[C@@H]1C2,-2.6959998037
CC1CC(=O)CC(C)(C)C1,CC1CC(=O)CC(C)(C)C1,-1.6471414632
C=CC(=O)OCCOc1ccccc1c2ccccc2,C=CC(=O)OCCOc1ccccc1-c1ccccc1,-3.9515188418
SCCC(=O)OCC(COC(=O)CCS)(COC(=O)CCS)COC(=O)CCS,O=C(CCS)OCC(COC(=O)CCS)(COC(=O)CCS)COC(=O)CCS,-5.1231687481
Cc1cc(cc(C)c1O)C(C)(C)c2cc(C)c(O)c(C)c2,Cc1cc(C(C)(C)c2cc(C)c(O)c(C)c2)cc(C)c1O,-4.952868802799999
CCCCCCCCCCCCCCCCCC(=O)OCC(COC(=O)CCCCCCCCCCCCCCCCC)OC(=O)CCCCCCCCCCCCCCCCC,CCCCCCCCCCCCCCCCCC(=O)OCC(COC(=O)CCCCCCCCCCCCCCCCC)OC(=O)CCCCCCCCCCCCCCCCC,-5.4730005799
CCOC(=O)CC(C)CC(C)(C)C,CCOC(=O)CC(C)CC(C)(C)C,-3.8230431676
[Ca++].[O-][Si]([O-])=O,O=[Si]([O-])[O-].[Ca+2],-2.6500869941
CCc1ccc(C)nc1,CCc1ccc(C)nc1,-1.0042604536
CC(C)[C@@H]1CC[C@@H](C)C[C@H]1OC(=O)[C@H](C)O,CC(C)[C@@H]1CC[C@@H](C)C[C@H]1OC(=O)[C@H](C)O,-2.9799872046
C[C@]12C[C@H](O)[C@H]3[C@@H](CCC4=CC(=O)C=C[C@]34C)[C@@H]1CC[C@]2(O)C(=O)CO,C[C@]12C=CC(=O)C=C1CC[C@@H]1[C@@H]2[C@@H](O)C[C@@]2(C)[C@H]1CC[C@]2(O)C(=O)CO,-3.1784471289
[Na+].[Na+].Cc1ccc(Nc2ccc(Nc3ccc(C)cc3[S]([O-])(=O)=O)c4C(=O)c5ccccc5C(=O)c24)c(c1)[S]([O-])(=O)=O,Cc1ccc(Nc2ccc(Nc3ccc(C)cc3S(=O)(=O)[O-])c3c2C(=O)c2ccccc2C3=O)c(S(=O)(=O)[O-])c1.[Na+].[Na+],-1.4270312571
[O--].[O--].[O--].[O--].[O--].[O--].[O--].[O--].[O--].[Al+3].[Al+3].[Mo].[Mo],[Al+3].[Al+3].[Mo].[Mo].[O-2].[O-2].[O-2].[O-2].[O-2].[O-2].[O-2].[O-2].[O-2],-4.2291529922
CC(=C)C(=O)OCCOc1ccccc1,C=C(C)C(=O)OCCOc1ccccc1,-2.9526471698
CCCCOCCOCCOCc1cc2OCOc2cc1CCC,CCCCOCCOCCOCc1cc2c(cc1CCC)OCO2,-4.1510889183
CF,CF,-0.1758743764999999
C(COc1ccccc1)Oc2ccccc2,c1ccc(OCCOc2ccccc2)cc1,-3.9885265275
CCc1cc(Cc2cc(CC)c(N)c(CC)c2Cl)c(Cl)c(CC)c1N,CCc1cc(Cc2cc(CC)c(N)c(CC)c2Cl)c(Cl)c(CC)c1N,-7.2780387128
[Na+].Cc1cc(C)c(Nc2cc(c(N)c3C(=O)c4ccccc4C(=O)c23)[S]([O-])(=O)=O)c(C)c1CNC(=O)c5ccccc5,Cc1cc(C)c(Nc2cc(S(=O)(=O)[O-])c(N)c3c2C(=O)c2ccccc2C3=O)c(C)c1CNC(=O)c1ccccc1.[Na+],-1.4396051212999998
CCCC(CCC)C(O)=O,CCCC(CCC)C(=O)O,-1.8579774272
[Zn++].[S-]c1sc2ccccc2n1.[S-]c3sc4ccccc4n3,[S-]c1nc2ccccc2s1.[S-]c1nc2ccccc2s1.[Zn+2],-4.285895804
Oc1ccccc1.ClCC2CO2.C=O,C=O.ClCC1CO1.Oc1ccccc1,-4.0347567611
CCCCCC/C=C/C1CC(=O)OC1=O,CCCCCC/C=C/C1CC(=O)OC1=O,-4.0217535152
CC(=C)C(O)=O.CC(C)(c1ccc(O)cc1)c2ccc(O)cc2.ClCC3CO3,C=C(C)C(=O)O.CC(C)(c1ccc(O)cc1)c1ccc(O)cc1.ClCC1CO1,-5.229282852
CC1=CC[C@H]2C[C@@H]1C2(C)C,CC1=CC[C@H]2C[C@@H]1C2(C)C,-4.7725704235
C[Si](C)(C)O[Si](C)(C)C,C[Si](C)(C)O[Si](C)(C)C,-4.909505216
FC(=C)C(F)(F)F,C=C(F)C(F)(F)F,-2.7599573667
O=C1Oc2ccccc2C=C1,O=c1ccc2ccccc2o1,-1.8860303607
CC(=C)C1CCC(=CC1)C,C=C(C)C1CC=C(C)CC1,-3.8464965295
[Na+].CCN(CC)c1ccc([C+](c2ccc(cc2)N(CC)Cc3cccc(c3)[S]([O-])(=O)=O)c4ccc(cc4)N(CC)Cc5cccc(c5)[S]([O-])(=O)=O)c(C)c1,CCN(CC)c1ccc([C+](c2ccc(N(CC)Cc3cccc(S(=O)(=O)[O-])c3)cc2)c2ccc(N(CC)Cc3cccc(S(=O)(=O)[O-])c3)cc2)c(C)c1.[Na+],-0.6229779303
S=[W]=S,[S-2].[S-2].[W+4],-4.1391336425
[Na+].[Na+].CC1=NN(C(=O)C1N=Nc2ccc(c3ccc(cc3[S]([O-])(=O)=O)N=NC4C(=NN(C4=O)c5ccccc5)C)c(c2)[S]([O-])(=O)=O)c6ccccc6,CC1=NN(c2ccccc2)C(=O)C1N=Nc1ccc(-c2ccc(N=NC3C(=O)N(c4ccccc4)N=C3C)cc2S(=O)(=O)[O-])c(S(=O)(=O)[O-])c1.[Na+].[Na+],-1.642781181
CC(=O)O[C@H]1C[C@H]2CC[C@@]1(C)C2(C)C,CC(=O)O[C@H]1C[C@H]2CC[C@@]1(C)C2(C)C,-3.0887781924
[Pb++].[O-][Si]([O-])=O,O=[Si]([O-])[O-].[Pb+2],-6.6197116003
CCCC(=O)OC(C)(C)Cc1ccccc1,CCCC(=O)OC(C)(C)Cc1ccccc1,-4.1359426126
[Na+].[Na+].[O-][S](=O)(=O)c1ccc(N\N=C\2C=CC(=O)C(=N/Nc3ccc(c4ccccc34)[S]([O-])(=O)=O)\C2=O)c5ccccc15,O=c1cc/c(=N\Nc2ccc(S(=O)(=O)[O-])c3ccccc23)c(=O)/c1=N/Nc1ccc(S(=O)(=O)[O-])c2ccccc12.[Na+].[Na+],-2.6038411441
CCCOCC(C)OCC(C)O,CCCOCC(C)OCC(C)O,-0.0700526508
CC1(C)CC(CC(C)(CN=C=O)C1)N=C=O,CC1(C)CC(N=C=O)CC(C)(CN=C=O)C1,-4.1708247593
CCCCCCCC\C=C/CCCCCCCC(O)=O.NCCNCCN,CCCCCCCC/C=C\CCCCCCCC(=O)O.NCCNCCN,-4.4100874366000005
CCN(CC[n+]1ccccc1)c2ccc(cc2)N=Nc3ccc(cc3Cl)[N+]([O-])=O.CC([O-])=O,CC(=O)[O-].CCN(CC[n+]1ccccc1)c1ccc(N=Nc2ccc([N+](=O)[O-])cc2Cl)cc1,-1.5218900849
O=C(Oc1ccccc1)Oc2ccccc2,O=C(Oc1ccccc1)Oc1ccccc1,-4.2169166627
CCCCC(CC)C(=O)OC=C,C=COC(=O)C(CC)CCCC,-4.1519109764
CC(=C)C(=O)NCNC(=O)C(C)=C,C=C(C)C(=O)NCNC(=O)C(=C)C,-1.1892367555
C\1C\C=C/CC\C=C1,C1=C\CC/C=C\CC/1,-2.9659771733
CO[Si](CCCN=C=O)(OC)OC,CO[Si](CCCN=C=O)(OC)OC,-3.2569810012
CCO[Si](CCCCl)(OCC)OCC,CCO[Si](CCCCl)(OCC)OCC,-3.3285834497000004
CCCCOC(=O)c1ccccc1C(=O)OCCCC,CCCCOC(=O)c1ccccc1C(=O)OCCCC,-4.3876832538
[Na+].[Na+].Cc1cc(C)c(c(C)c1Nc2ccc(Nc3c(C)cc(C)c(c3C)[S]([O-])(=O)=O)c4C(=O)c5ccccc5C(=O)c24)[S]([O-])(=O)=O,Cc1cc(C)c(S(=O)(=O)[O-])c(C)c1Nc1ccc(Nc2c(C)cc(C)c(S(=O)(=O)[O-])c2C)c2c1C(=O)c1ccccc1C2=O.[Na+].[Na+],-1.7922611704
Oc1ccc(c(O)c1O)C(=O)c2ccccc2,O=C(c1ccccc1)c1ccc(O)c(O)c1O,-3.3451078238
CCCCCCCCC\C=C\CC1CC(=O)OC1=O,CCCCCCCCC/C=C/CC1CC(=O)OC1=O,-4.4255032449
CC(C)CC(C)CC(C)\C=C(/C)C1CC(=O)OC1=O,C/C(=C\C(C)CC(C)CC(C)C)C1CC(=O)OC1=O,-4.4255032449
CCCCCCCC\C=C/CCCCCCCC(=O)OCC(O)COB(O)O.CCCCCCCC\C=C/CCCCCCCC(=O)OCC(O)COB(O)OCC(O)COC(=O)CCCCCCC\C=C/CCCCCCCC.CCCCCCCC\C=C/CCCCCCCC(=O)OCC(O)COB(OCC(O)COC(=O)CCCCCCC\C=C/CCCCCCCC)OCC(O)COC(=O)CCCCCCC\C=C/CCCCCCCC,CCCCCCCC/C=C\CCCCCCCC(=O)OCC(O)COB(O)O.CCCCCCCC/C=C\CCCCCCCC(=O)OCC(O)COB(O)OCC(O)COC(=O)CCCCCCC/C=C\CCCCCCCC.CCCCCCCC/C=C\CCCCCCCC(=O)OCC(O)COB(OCC(O)COC(=O)CCCCCCC/C=C\CCCCCCCC)OCC(O)COC(=O)CCCCCCC/C=C\CCCCCCCC,-5.345705158
CCCCCCCCCC(=O)Oc1ccc(cc1)C(O)=O,CCCCCCCCCC(=O)Oc1ccc(C(=O)O)cc1,-5.424547549700001
CCO[Si](CCCSSCCC[Si](OCC)(OCC)OCC)(OCC)OCC,CCO[Si](CCCSSCCC[Si](OCC)(OCC)OCC)(OCC)OCC,-5.676541808600001
COc1ccc(\C=C\C(=O)OCCC(C)C)cc1,COc1ccc(/C=C/C(=O)OCCC(C)C)cc1,-5.4919252104
CCCCCCCCCCCCCCCC(=O)NCC(O)=O,CCCCCCCCCCCCCCCC(=O)NCC(=O)O,-5.593122621900001
C\1C\C=C/CC\C=C/CC/C=C1,C1=C\CC/C=C/CC/C=C\CC/1,-5.3651562541
CC(CCN(CCC(C)CC(C)(C)C)C(=S)S[Zn]SC(=S)N(CCC(C)CC(C)(C)C)CCC(C)CC(C)(C)C)CC(C)(C)C,CC(CCN(CCC(C)CC(C)(C)C)C(=S)[S-])CC(C)(C)C.CC(CCN(CCC(C)CC(C)(C)C)C(=S)[S-])CC(C)(C)C.[Zn+2],-6.1025269393
BrCc1ccc(cc1)c2ccccc2C#N,N#Cc1ccccc1-c1ccc(CBr)cc1,-6.6566491092
CCCCCCCCCCCCCCCCCC(=O)OC1CC(C)(C)NC(C)(C)C1.CCCCCCCCCCCCCCCC(=O)OC2CC(C)(C)NC(C)(C)C2,CCCCCCCCCCCCCCCC(=O)OC1CC(C)(C)NC(C)(C)C1.CCCCCCCCCCCCCCCCCC(=O)OC1CC(C)(C)NC(C)(C)C1,-6.214524895199999
CCCCC(CC)CNC(=O)CCCCCC(C)C,CCCCC(CC)CNC(=O)CCCCCC(C)C,-5.731545252999999
CO[C@H]1C[C@@H](O[C@@H](C)[C@@H]1O)OC2[C@H](C)O[C@H](C[C@@H]2OC)OC3[C@@H](C)/C=C/C=C/4CO[C@@H]5[C@H](O)C(=C[C@@H](C(=O)O[C@H]6C[C@@H](C\C=C3/C)O[C@@]7(C6)O[C@@H]([C@@H](C)C=C7)C8CCCCC8)[C@]45O)C,CO[C@H]1C[C@H](OC2/C(C)=C/C[C@@H]3C[C@@H](C[C@]4(C=C[C@H](C)[C@@H](C5CCCCC5)O4)O3)OC(=O)[C@@H]3C=C(C)[C@@H](O)[C@H]4OC/C(=C\C=C\[C@@H]2C)[C@]43O)O[C@@H](C)C1O[C@H]1C[C@H](OC)[C@@H](O)[C@H](C)O1,-7.5558815137
c1ccc(cc1)c2ccc(cc2)c3ccccc3,c1ccc(-c2ccc(-c3ccccc3)cc2)cc1,-6.183335848
c1cc2ccc3cccc4ccc(c1)c2c34,c1cc2ccc3cccc4ccc(c1)c2c34,-6.1787966156
CCCCOC(=O)c1ccc(cc1)C(=O)OCCCC,CCCCOC(=O)c1ccc(C(=O)OCCCC)cc1,-6.40319542
CCC(CC)CC1(CCCCC1)C#N,CCC(CC)CC1(C#N)CCCCC1,-6.5873382321000005
COc1ccc(cc1)N2CCN(CC2)c3ccc(cc3)[N+]([O-])=O,COc1ccc(N2CCN(c3ccc([N+](=O)[O-])cc3)CC2)cc1,-6.9290130346000005
CC(C)CCCCCCCOC(=O)CCCCCCCCC(=O)OCCCCCCCC(C)C,CC(C)CCCCCCCOC(=O)CCCCCCCCC(=O)OCCCCCCCC(C)C,-7.2523945018
CCCCN(CCCC)c1ccc2c(Oc3cc(C)c(Nc4ccccc4)cc3C25OC(=O)c6ccccc56)c1,CCCCN(CCCC)c1ccc2c(c1)Oc1cc(C)c(Nc3ccccc3)cc1C21OC(=O)c2ccccc21,-7.4042503575
FC1(F)Oc2cccc(C=O)c2O1,O=Cc1cccc2c1OC(F)(F)O2,-2.1558333574
CCNc1cc(C#N)c(N)c2C(=O)c3ccccc3C(=O)c12,CCNc1cc(C#N)c(N)c2c1C(=O)c1ccccc1C2=O,-7.6382805905
CCCCCCCC\C=C/CCCCCCCCNCCCN.CCCCCCCC\C=C/CCCCCCCC(O)=O.CCCCCCCC\C=C/CCCCCCCC(O)=O,CCCCCCCC/C=C\CCCCCCCC(=O)O.CCCCCCCC/C=C\CCCCCCCC(=O)O.CCCCCCCC/C=C\CCCCCCCCNCCCN,-8.2501920599
CCCCC(CC)COC(=O)c1ccc(Nc2nc(Nc3ccc(cc3)C(=O)NC(C)(C)C)nc(Nc4ccc(cc4)C(=O)OCC(CC)CCCC)n2)cc1,CCCCC(CC)COC(=O)c1ccc(Nc2nc(Nc3ccc(C(=O)NC(C)(C)C)cc3)nc(Nc3ccc(C(=O)OCC(CC)CCCC)cc3)n2)cc1,-8.1852587653
O=[V]=O,[O-2].[O-2].[V+4],-4.4002500912
[Cl-].CCCCCCCCCCCC[n+]1ccccc1,CCCCCCCCCCCC[n+]1ccccc1.[Cl-],-0.4539105371
Cc1cccc(C)c1OCC(O)=O,Cc1cccc(C)c1OCC(=O)O,-2.2566445306
CCCCC(CC)C(=O)O[Co]OB(O[Co])O[Co](OC(=O)C(CC)CCCC)OC(=O)C(CC)CCCC,CCCCC(CC)C(=O)[O-].CCCCC(CC)C(=O)[O-].CCCCC(CC)C(=O)[O-].[Co+2].[Co+3].[Co+].[O-]B([O-])[O-],-1.8254561435
[Na+].[Na+].OCC1=CC(=N/Nc2ccc(c3ccccc23)[S]([O-])(=O)=O)\C(=O)/C(=N/Nc4ccc(c5ccccc45)[S]([O-])(=O)=O)C1=O,O=c1c(CO)c/c(=N\Nc2ccc(S(=O)(=O)[O-])c3ccccc23)c(=O)/c1=N/Nc1ccc(S(=O)(=O)[O-])c2ccccc12.[Na+].[Na+],-0.8171647444
CC(=O)c1ccc(O)cc1,CC(=O)c1ccc(O)cc1,-1.1383824511
[O--].[O--].[Mg++].[Ca++],[Ca+2].[Mg+2].[O-2].[O-2],-1.9883562334
[Na+].[Na+].Nc1ccc2cc(c(N=Nc3ccc(N=Nc4cccc(C([O-])=O)c4O)c5ccccc35)c(O)c2c1)[S]([O-])(=O)=O,Nc1ccc2cc(S(=O)(=O)[O-])c(N=Nc3ccc(N=Nc4cccc(C(=O)[O-])c4O)c4ccccc34)c(O)c2c1.[Na+].[Na+],-2.7868204517
CC(C)=CCC\C(C)=C\C=C\C(C)=O,CC(=O)/C=C/C=C(\C)CCC=C(C)C,-3.2972120668
C=CN1CCN(C=C)C1=O,C=CN1CCN(C=C)C1=O,-1.1558864442
Nc1cc(ccc1O)[N+]([O-])=O,Nc1cc([N+](=O)[O-])ccc1O,-2.2056018566
[Mg++],[Mg+2],-2.4020693383
O=[Ca],[Ca+2].[O-2],-1.7683268794999998
[O-][N+](=O)c1ccc2NC(=O)Nc2c1,O=c1[nH]c2ccc([N+](=O)[O-])cc2[nH]1,-3.2740875474
Cc1ccc(cc1)[S](=O)(=O)/C(=C/N2CC(=O)NC2=S)C#N,Cc1ccc(S(=O)(=O)/C(C#N)=C/N2CC(=O)NC2=S)cc1,-3.5292992951
CCC1=C(O)C(=O)C=CO1,CCc1occc(=O)c1O,-1.1759580204
COC(=O)Cc1ccccc1,COC(=O)Cc1ccccc1,-2.2114017234
O.[Pb].O[S](O)(=O)=O,O.O=S(=O)(O)O.[Pb],-4.226296415899999
Cc1c(Cl)cccc1[N+]([O-])=O,Cc1c(Cl)cccc1[N+](=O)[O-],-3.2706864295
[OH-].[OH-].[Ca++],[Ca+2].[OH-].[OH-],-1.9107299257
[Si+4].[Si+4].[Si+4].[O-][P]([O-])([O-])=O.[O-][P]([O-])([O-])=O.[O-][P]([O-])([O-])=O.[O-][P]([O-])([O-])=O,O=P([O-])([O-])[O-].O=P([O-])([O-])[O-].O=P([O-])([O-])[O-].O=P([O-])([O-])[O-].[Si+4].[Si+4].[Si+4],-3.0559869634
CCCCCCCl,CCCCCCCl,-3.1223887332
CC(=C)C(=O)OCC(F)(F)F,C=C(C)C(=O)OCC(F)(F)F,-2.2684756839
[O-][N+](=O)O[Bi](O[N+]([O-])=O)O[N+]([O-])=O,O=[N+]([O-])[O-].O=[N+]([O-])[O-].O=[N+]([O-])[O-].[Bi+3],-2.642008137
CCCCCCC(C)=O,CCCCCCC(C)=O,-2.1536963273
CCCCC/C=C/CC(CC(O)=O)C(O)=O,CCCCC/C=C/CC(CC(=O)O)C(=O)O,-2.4042405739
CCCC(CCC)(C(O)=O)C(CCC)(\C=C\C)C(O)=O,C/C=C/C(CCC)(C(=O)O)C(CCC)(CCC)C(=O)O,-3.4953596006
C[C@H]1CC(=O)C=C2CC[C@H]3[C@@H]4CC[C@H](O)[C@@]4(C)CC[C@@H]3[C@@]12C,C[C@H]1CC(=O)C=C2CC[C@H]3[C@@H]4CC[C@H](O)[C@@]4(C)CC[C@@H]3[C@]21C,-3.5264225666000004
[Na+].CC\1=Nc2ccccc2C1=N/Nc3cc(Cl)c(cc3Cl)[S](=O)(=O)NCC[S]([O-])(=O)=O,CC1=Nc2ccccc2/C1=N/Nc1cc(Cl)c(S(=O)(=O)NCCS(=O)(=O)[O-])cc1Cl.[Na+],-3.7561795168
CC(C)(O)C(=O)c1ccc(Cc2ccc(cc2)C(=O)C(C)(C)O)cc1,CC(C)(O)C(=O)c1ccc(Cc2ccc(C(=O)C(C)(C)O)cc2)cc1,-4.536378597
[O--].[O--].[O--].[O--].[O--].[O--].[O--].[O--].[O--].[O--].[O--].[O--].[O--].[O--].[O--].[O--].[O--].[O--].[O--].[Fe+3].[Fe+3].[Fe+3].[Fe+3].[Fe+3].[Fe+3].[Fe+3].[Fe+3].[Fe+3].[Fe+3].[Fe+3].[Fe+3].[Ba++],[Ba+2].[Fe+3].[Fe+3].[Fe+3].[Fe+3].[Fe+3].[Fe+3].[Fe+3].[Fe+3].[Fe+3].[Fe+3].[Fe+3].[Fe+3].[O-2].[O-2].[O-2].[O-2].[O-2].[O-2].[O-2].[O-2].[O-2].[O-2].[O-2].[O-2].[O-2].[O-2].[O-2].[O-2].[O-2].[O-2].[O-2],-8.7448595438
C=CC(=O)OCC1CCC2C3CC(CC3COC(=O)C=C)C12,C=CC(=O)OCC1CC2CC1C1CCC(COC(=O)C=C)C21,-4.4930858187
O=C(Nc1ccccc1)Nc2ccccc2N[S](=O)(=O)c3ccccc3,O=C(Nc1ccccc1)Nc1ccccc1NS(=O)(=O)c1ccccc1,-4.5784028785
[O--].[O--].[O--].[K+].[K+].[Ti+4],[K+].[K+].[O-2].[O-2].[O-2].[Ti+4],-5.5836431263
CCCCC(CC)COC(=O)C=C,C=CC(=O)OCC(CC)CCCC,-4.2832046138
[Zn++].CCCCC(CC)CO[P]([S-])(=S)OCC(CC)CCCC.CCCCC(CC)CO[P]([S-])(=S)OCC(CC)CCCC,CCCCC(CC)COP(=S)([S-])OCC(CC)CCCC.CCCCC(CC)COP(=S)([S-])OCC(CC)CCCC.[Zn+2],-4.9288559714
CC(=O)OC1CC2CC1C3CCCC23,CC(=O)OC1CC2CC1C1CCCC21,-3.3380498278
CCS,CCS,-0.8459165595999999
CCCCC(CC)COC(=O)OOC(=O)OCC(CC)CCCC,CCCCC(CC)COC(=O)OOC(=O)OCC(CC)CCCC,-2.5951754429
C[C@H](CCC=C(C)C)CC=O,CC(C)=CCC[C@@H](C)CC=O,-3.243750947
CC(C)[C@@]12CC[C@@](C)(O1)[C@@H](O)C2,CC(C)[C@@]12CC[C@@](C)(O1)[C@@H](O)C2,-0.288092629
CC(C)c1ccc(CCC=O)cc1,CC(C)c1ccc(CCC=O)cc1,-3.3026567859
CCCCBr,CCCCBr,-2.1977641867
[Na+].CCCCCCCCCCCC(=O)N[C@@H](CCC(O)=O)C([O-])=O,CCCCCCCCCCCC(=O)N[C@@H](CCC(=O)O)C(=O)[O-].[Na+],-3.6091104804
CCCOC(C)OCCc1ccccc1,CCCOC(C)OCCc1ccccc1,-3.3841929036
COC(OC)C(C)(C)CC=C(C)C,COC(OC)C(C)(C)CC=C(C)C,-3.3397616042
COC(C)(C)C1CCC(=CC1)C,COC(C)(C)C1CC=C(C)CC1,-3.2966135776
[Co+3].CCN(CC)c1ccc2c(c1)[o+]c3cc(ccc3c2c4ccccc4C(O)=O)N(CC)CC.CC(C)OCCCN[S](=O)(=O)c5ccc([O-])c(c5)N=Nc6c(C)nn(c6[O-])c7ccccc7.CC(C)OCCCN[S](=O)(=O)c8ccc([O-])c(c8)N=Nc9c(C)nn(c9[O-])c%10ccccc%10,CCN(CC)c1ccc2c(-c3ccccc3C(=O)[O-])c3ccc(N(CC)CC)cc3[o+]c2c1.Cc1nn(-c2ccccc2)c([O-])c1N=Nc1cc(S(=O)(=O)NCCCOC(C)C)ccc1O.Cc1nn(-c2ccccc2)c([O-])c1N=Nc1cc(S(=O)(=O)NCCCOC(C)C)ccc1[O-].[Co+3],-3.2357622441000005
[O-][N+](=O)c1cc(Cl)ccc1Cl,O=[N+]([O-])c1cc(Cl)ccc1Cl,-3.3642253983
CC/C(C)=C/CCC(C)(O)C#C,C#CC(C)(O)CC/C=C(\C)CC,-2.3027678878
CO[Si](CCCOC(=O)C(C)=C)(OC)OC,C=C(C)C(=O)OCCC[Si](OC)(OC)OC,-3.4779807224
CC(C)(c1ccc(O)cc1)c2ccc(O)cc2.OC(=O)C=C.ClCC3CO3,C=CC(=O)O.CC(C)(c1ccc(O)cc1)c1ccc(O)cc1.ClCC1CO1,-3.6804449633
O=C1C=CC(=O)N1c2ccccc2,O=C1C=CC(=O)N1c1ccccc1,-2.3273175561
Cc1ccc(cc1)N2N=C(C)CC2=O,CC1=NN(c2ccc(C)cc2)C(=O)C1,-2.365667988
OB(O)c1ccc(C=O)cc1,O=Cc1ccc(B(O)O)cc1,-2.2673846672
CC(=O)CC(C)(C)c1ccccc1,CC(=O)CC(C)(C)c1ccccc1,-2.337666283
CCCCCOC(=O)CC,CCCCCOC(=O)CC,-2.2505224040000003
FC(F)=C(F)Cl,FC(F)=C(F)Cl,-2.1609542979
CCCCCCCCCCCCOCCO,CCCCCCCCCCCCOCCO,-1.4593774078
NCCCCCCCCCCC(O)=O,NCCCCCCCCCCC(=O)O,-2.4007753619
NC(Nc1ccc(Cl)cc1)=NC(N)=NCCCCCCN=C(N)N=C(N)Nc2ccc(Cl)cc2,NC(=NCCCCCCN=C(N)N=C(N)Nc1ccc(Cl)cc1)N=C(N)Nc1ccc(Cl)cc1,-2.8005950876
C\C=C1/CC2CC1C=C2,C/C=C1\CC2C=CC1C2,-3.1767964148
CCN(C(=O)N(CC)c1ccccc1)c2ccccc2,CCN(C(=O)N(CC)c1ccccc1)c1ccccc1,-3.5256277962
CCCCOC(=O)c1ccccc1N,CCCCOC(=O)c1ccccc1N,-3.3830205262
Oc1ccccc1C(=O)OCc2ccccc2,O=C(OCc1ccccc1)c1ccccc1O,-4.4139224059
CCCC[Sn](CCCC)(CCCC)CCCC,CCC[CH2][Sn]([CH2]CCC)([CH2]CCC)[CH2]CCC,-4.596065772
[Mg++].C[O-].C[O-],C[O-].C[O-].[Mg+2],-3.9943699512
[Cd++],[Cd+2],-4.1112934221
O[S](=O)(=O)c1cccc2cc(Nc3ccccc3)cc(Nc4ccccc4)c12,O=S(=O)(O)c1cccc2cc(Nc3ccccc3)cc(Nc3ccccc3)c12,-4.6725029066
CCC(C)(OOC(C)(C)C)OOC(C)(C)C,CCC(C)(OOC(C)(C)C)OOC(C)(C)C,-4.4507609201
S(c1ccccc1)c2ccccc2,c1ccc(Sc2ccccc2)cc1,-4.3606078686
CCOCCCN[S](=O)(=O)c1ccc(Oc2cc(O)c3C(=O)c4ccccc4C(=O)c3c2N)cc1,CCOCCCNS(=O)(=O)c1ccc(Oc2cc(O)c3c(c2N)C(=O)c2ccccc2C3=O)cc1,-4.7874700957
Clc1c(Cl)c(Cl)c2C(=O)OC(=O)c2c1Cl,O=C1OC(=O)c2c(Cl)c(Cl)c(Cl)c(Cl)c21,-4.5531196112
[Ca++].CC1=NN(c2cccc(c2)[S]([O-])(=O)=O)C(=O)C1N=Nc3cc(Cl)c(Cl)cc3[S]([O-])(=O)=O,CC1=NN(c2cccc(S(=O)(=O)[O-])c2)C(=O)C1N=Nc1cc(Cl)c(Cl)cc1S(=O)(=O)[O-].[Ca+2],-3.8390840609
CCO,CCO,1.2336682179
COc1ccc(OC)cc1,COc1ccc(OC)cc1,-2.2455315279
C1CCC(CC1)OCCc2ccccc2,c1ccc(CCOC2CCCCC2)cc1,-2.4180900548
[Co++].CCC(C)(CCC(C)C)C([O-])=O.CCC(C)(CCC(C)C)C([O-])=O,CCC(C)(CCC(C)C)C(=O)[O-].CCC(C)(CCC(C)C)C(=O)[O-].[Co+2],-2.7160174073000003
C/C=C/C(=O)C1C(C)C=CCC1(C)C,C/C=C/C(=O)C1C(C)C=CCC1(C)C,-3.3963665007
O=C(OCC1CO1)c2ccc(cc2)C(=O)OCC3CO3,O=C(OCC1CO1)c1ccc(C(=O)OCC2CO2)cc1,-3.5579600556
CCCCC/C=C/CCC=O,CCCCC/C=C/CCC=O,-3.301742894
[Na+].[Na+].CN(CCO)c1nc(Nc2ccccc2)nc(Nc3ccc(/C=C/c4ccc(Nc5nc(Nc6ccccc6)nc(n5)N(C)CCO)cc4[S]([O-])(=O)=O)c(c3)[S]([O-])(=O)=O)n1,CN(CCO)c1nc(Nc2ccccc2)nc(Nc2ccc(/C=C/c3ccc(Nc4nc(Nc5ccccc5)nc(N(C)CCO)n4)cc3S(=O)(=O)[O-])c(S(=O)(=O)[O-])c2)n1.[Na+].[Na+],-3.0693211517
Cc1cc(C)c(C)c(O)c1,Cc1cc(C)c(C)c(O)c1,-2.2522030039
CC(F)(F)F,CC(F)(F)F,-2.043101387
CC(C)(O)C(=O)c1ccc(OCCO)cc1,CC(C)(O)C(=O)c1ccc(OCCO)cc1,-1.4699304792
CN=C=S,CN=C=S,-0.9832225904
CN(C(=O)N(C)c1ccccc1)c2ccccc2,CN(C(=O)N(C)c1ccccc1)c1ccccc1,-3.4975575811
O=C1CCCCCCCCCCC(=O)OCCO1,O=C1CCCCCCCCCCC(=O)OCCO1,-3.533758505
CC(C)CCCCCCCO,CC(C)CCCCCCCO,-3.3243784972
[Co++].CCC([O-])=O.CCC([O-])=O,CCC(=O)[O-].CCC(=O)[O-].[Co+2],-0.4376623173
CCOC(=O)C1OC1c2ccccc2,CCOC(=O)C1OC1c1ccccc1,-2.4096512377
CC(C)CCCC(C)(C)O,CC(C)CCCC(C)(C)O,-2.2869836341
CCC(=O)OCc1ccccc1,CCC(=O)OCc1ccccc1,-2.344979827
CC(=O)OC1(CCCCC1)C#C,C#CC1(OC(C)=O)CCCCC1,-2.352215179
CCN(CC)CC,CCN(CC)CC,-0.1376829835
CCCCCCCC\C=C/CCCCCCCCNCCCNCCCN,CCCCCCCC/C=C\CCCCCCCCNCCCNCCCN,-3.7183913352
CSC,CSC,-0.9312189022
[Na+].CNC([S-])=S,CNC(=S)[S-].[Na+],0.747325108
Nc1cc(Cl)c(Cl)cc1Cl,Nc1cc(Cl)c(Cl)cc1Cl,-3.4359504856
Clc1cccc(n1)C(Cl)(Cl)Cl,Clc1cccc(C(Cl)(Cl)Cl)n1,-3.506108364
OC(=O)c1cc2ccccc2cc1O,O=C(O)c1cc2ccccc2cc1O,-3.4172455835
C\C=C/C=C.C/C=C/C=C.C1CC=CC1,C1=CCCC1.C=C/C=C/C.C=C/C=C\C,-2.4542650743000003
CC(C)c1cccc(c1)C(C)CC=O,CC(C)c1cccc(C(C)CC=O)c1,-3.6773468456
[Na+].[Na+].[Na+].[Na+].[Na+].[Na+].Nc1c(N=Nc2cc(Nc3nc(Cl)nc(Nc4cccc(c4)[S](=O)(=O)CCO[S]([O-])(=O)=O)n3)ccc2[S]([O-])(=O)=O)c(cc5cc(c(N=Nc6ccc7c(cccc7[S]([O-])(=O)=O)c6[S]([O-])(=O)=O)c(O)c15)[S]([O-])(=O)=O)[S]([O-])(=O)=O,Nc1c(N=Nc2cc(Nc3nc(Cl)nc(Nc4cccc(S(=O)(=O)CCOS(=O)(=O)[O-])c4)n3)ccc2S(=O)(=O)[O-])c(S(=O)(=O)[O-])cc2cc(S(=O)(=O)[O-])c(N=Nc3ccc4c(S(=O)(=O)[O-])cccc4c3S(=O)(=O)[O-])c(O)c12.[Na+].[Na+].[Na+].[Na+].[Na+].[Na+],-1.277021164
FC1CC(F)(F)C(F)(F)C1(F)F,FC1CC(F)(F)C(F)(F)C1(F)F,-2.436880918
CCCC[Sn](CCCC)(CCCC)O[Sn](CCCC)(CCCC)CCCC,CCC[CH2][Sn+]([CH2]CCC)[CH2]CCC.CCC[CH2][Sn+]([CH2]CCC)[CH2]CCC.[O-2],-3.9228515135
CCCCC,CCCCC,-3.006984006
COc1cc(\C=C\C)ccc1O,C/C=C/c1ccc(O)c(OC)c1,-2.3647374971
Cc1ccc(C=O)cc1C,Cc1ccc(C=O)cc1C,-2.277035079
O.CC([NH3+])c1ccccc1.C[C@@H]2O[C@@H]2[P](O)([O-])=O,CC([NH3+])c1ccccc1.C[C@@H]1O[C@@H]1P(=O)([O-])O.O,-0.5941393378000001
[Na+].[Na+].[O-]C(=O)c1ccccc1C2=C3C=C(I)C(=O)C(=C3Oc4c(I)c([O-])c(I)cc24)I,O=C([O-])c1ccccc1-c1c2cc(I)c(=O)c(I)c-2oc2c(I)c([O-])c(I)cc12.[Na+].[Na+],-1.0993150407
CCCCOC(C)=O,CCCCOC(C)=O,-1.2199585633
Nc1ccc(c2ccc(N)cc2[S](O)(=O)=O)c(c1)[S](O)(=O)=O,Nc1ccc(-c2ccc(N)cc2S(=O)(=O)O)c(S(=O)(=O)O)c1,-2.6919272706
COc1cc(C=O)cc(c1O)[N+]([O-])=O,COc1cc(C=O)cc([N+](=O)[O-])c1O,-2.4496899299
CCN(CC)c1cccc(NC(C)=O)c1,CCN(CC)c1cccc(NC(C)=O)c1,-2.4693780306
O=[Pb],[O-2].[Pb+2],-3.5023551324
Cc1ccccc1NC(N)=Nc2ccccc2C,Cc1ccccc1N=C(N)Nc1ccccc1C,-3.5338845835000003
CCCC(CC)COC(=O)CCc1cc(c(O)c(c1)C(C)(C)C)C(C)(C)C,CCCC(CC)COC(=O)CCc1cc(C(C)(C)C)c(O)c(C(C)(C)C)c1,-7.098737149600001
CC1(C)CCCC2(C)C3CCC(C13)C2=C,C=C1C2CCC3C2C(C)(C)CCCC13C,-4.412762427200001
Oc1ccccc1C(=O)OCCc2ccccc2,O=C(OCCc1ccccc1)c1ccccc1O,-4.4891053349000005
CC(COC(=O)c1ccccc1)OC(=O)c2ccccc2,CC(COC(=O)c1ccccc1)OC(=O)c1ccccc1,-4.5673029377
[Ca++].[Ca++].[Ca++].[O-][P]([O-])([O-])=O.[O-][P]([O-])([O-])=O,O=P([O-])([O-])[O-].O=P([O-])([O-])[O-].[Ca+2].[Ca+2].[Ca+2],-4.6051146656
CCC(C)(C)C1CCCCC1OC(C)=O,CCC(C)(C)C1CCCCC1OC(C)=O,-4.4462039036
N#C[C](=[C]1CC[CH2]CC1)c2ccccc2,N#CC(=C1CCCCC1)c1ccccc1,-4.4200239973
OC(=O)Cc1ccccc1Nc2c(Cl)cccc2Cl,O=C(O)Cc1ccccc1Nc1c(Cl)cccc1Cl,-4.6202577876
[O-][N+](=O)c1ccc(CCc2ccc(cc2)[N+]([O-])=O)cc1,O=[N+]([O-])c1ccc(CCc2ccc([N+](=O)[O-])cc2)cc1,-4.589885800199999
CC(C)(C)CC(C)(C)c1ccc(O)cc1,CC(C)(C)CC(C)(C)c1ccc(O)cc1,-4.4694622333
CCCCCCCCCc1ccc(O)cc1,CCCCCCCCCc1ccc(O)cc1,-4.4980268403
COc1ccc(cc1[N+]([O-])=O)C(=O)Nc2ccc(cc2)C(N)=O,COc1ccc(C(=O)Nc2ccc(C(N)=O)cc2)cc1[N+](=O)[O-],-4.6536052692
[Cl-].CCCCCCCCCCCCCCCCCC[NH+](C)C,CCCCCCCCCCCCCCCCCC[NH+](C)C.[Cl-],-4.6786900339
[Br-].CCCC[N+](CCCC)(CCCC)CCCC,CCCC[N+](CCCC)(CCCC)CCCC.[Br-],1.3320248442
[OH-].[OH-].[Cd++],[Cd+2].[OH-].[OH-],-3.3236333941
Fc1ccc2O[C@@H](CCc2c1)[C@@H]3CO3.Fc4ccc5O[C@@H](CCc5c4)[C@H]6CO6.Fc7ccc8O[C@H](CCc8c7)[C@@H]9CO9.Fc%10ccc%11O[C@H](CCc%11c%10)[C@H]%12CO%12,Fc1ccc2c(c1)CC[C@@H]([C@@H]1CO1)O2.Fc1ccc2c(c1)CC[C@@H]([C@H]1CO1)O2.Fc1ccc2c(c1)CC[C@H]([C@@H]1CO1)O2.Fc1ccc2c(c1)CC[C@H]([C@H]1CO1)O2,-3.0521011765
CC(C)=CCC\C(C)=C\CO,CC(C)=CCC/C(C)=C/CO,-2.3519095035
COc1ccccc1OC,COc1ccccc1OC,-1.3149750669
Nc1cnn(CCO)c1N.O[S](O)(=O)=O,Nc1cnn(CCO)c1N.O=S(=O)(O)O,0.4442593444
[Na+].[Na+].[O-][S](=O)(=O)c1cccc(c1)[S]([O-])(=O)=O,O=S(=O)([O-])c1cccc(S(=O)(=O)[O-])c1.[Na+].[Na+],0.3709472853
CCCCOCCO[P](=O)(OCCOCCCC)OCCOCCCC,CCCCOCCOP(=O)(OCCOCCCC)OCCOCCCC,-2.7785623319
CCCCCCOC,CCCCCCOC,-2.2450853258000003
[O-][N+](=O)c1cc(ccc1Cl)C(F)(F)F,O=[N+]([O-])c1cc(C(F)(F)F)ccc1Cl,-2.5337046723
C[C@H]1C[C@H]2[C@@H]3CCC4=CC(=O)C=C[C@]4(C)[C@@]3(F)[C@@H](O)C[C@]2(C)[C@@]1(O)C(=O)CO,C[C@H]1C[C@H]2[C@@H]3CCC4=CC(=O)C=C[C@]4(C)[C@@]3(F)[C@@H](O)C[C@]2(C)[C@@]1(O)C(=O)CO,-3.7709815003
CC(C)c1ccc(cc1)C(C)CC=O,CC(C)c1ccc(C(C)CC=O)cc1,-3.4598629014
CC1CC(=CC(C)C1CO)C,CC1=CC(C)C(CO)C(C)C1,-2.3711973931
CC/C(C)=C/CCC(C)(O)C=C,C=CC(C)(O)CC/C=C(\C)CC,-2.4091286640000003
O=C(OCC1CO1)c2ccc(C(=O)OCC3CO3)c(c2)C(=O)OCC4CO4,O=C(OCC1CO1)c1ccc(C(=O)OCC2CO2)c(C(=O)OCC2CO2)c1,-2.7622964758
CC1CC(C)(CO1)c2ccccc2,CC1CC(C)(c2ccccc2)CO1,-2.4332379452
CCCCC(CC)C(=O)OCC,CCCCC(CC)C(=O)OCC,-3.423291255
Oc1cccc2cccnc12,Oc1cccc2cccnc12,-2.3496052546
[Na+].[Na+].[Na+].CCN(c1cccc(c1)[S](=O)(=O)CCO[S]([O-])(=O)=O)c2nc(Cl)nc(Nc3ccc4C(=O)C(=N/Nc5ccc(OC)cc5[S]([O-])(=O)=O)\C(=Cc4c3)[S]([O-])(=O)=O)n2,CCN(c1cccc(S(=O)(=O)CCOS(=O)(=O)[O-])c1)c1nc(Cl)nc(Nc2ccc3c(c2)C=C(S(=O)(=O)[O-])/C(=N/Nc2ccc(OC)cc2S(=O)(=O)[O-])C3=O)n1.[Na+].[Na+].[Na+],-1.1616711076
[OH-].[OH-].[Zn++],[OH-].[OH-].[Zn+2],-2.1858288548
CCOc1ccccc1OCC,CCOc1ccccc1OCC,-2.41045076
C\C=C\C,C/C=C/C,-1.9394650737
OCC(O)C(O)C(O)CO,OCC(O)C(O)C(O)CO,0.6252744890999999
CC(=C)C=C,C=CC(=C)C,-2.0257332357
CCCCCCCC/C=C/CCCCCCCCNCCCNCCCNCCCN,CCCCCCCC/C=C/CCCCCCCCNCCCNCCCNCCCN,-3.8360757577
CC(C)CCCC(C)CCO,CC(C)CCCC(C)CCO,-3.3932597866000003
[Na+].[Na+].CCN1C(=C(N=Nc2ccc(cc2)[S](=O)(=O)c3ccc(cc3)N=NC4=C(O)N(CC)C(=O)C(=C4C)C[S]([O-])(=O)=O)C(=C(C[S]([O-])(=O)=O)C1=O)C)O,CCn1c(O)c(N=Nc2ccc(S(=O)(=O)c3ccc(N=Nc4c(C)c(CS(=O)(=O)[O-])c(=O)n(CC)c4O)cc3)cc2)c(C)c(CS(=O)(=O)[O-])c1=O.[Na+].[Na+],-2.1021873796
CC(=O)c1ccccc1,CC(=O)c1ccccc1,-1.2803868403
CCCCCC(O)C(/C)=C/CC,CC/C=C(\C)C(O)CCCCC,-3.4318638977
CCCCOC(=O)CCC,CCCCOC(=O)CCC,-2.3610477791
OC(=O)c1ccccc1C(O)=O,O=C(O)c1ccccc1C(=O)O,-1.4245732761
O=CC1CCC2C3CCC(C3)C12,O=CC1CCC2C3CCC(C3)C12,-2.4199676473
CC(C)c1ccccc1C(C)C.OO,CC(C)c1ccccc1C(C)C.OO,-2.4977135853
Cc1cccc(C)c1O,Cc1cccc(C)c1O,-1.292396158
[Re],[Re],-0.4755079565
CCC(O)c1ccccc1,CCC(O)c1ccccc1,-2.3403675905
CC(=O)c1cccc(c1)C(F)(F)F,CC(=O)c1cccc(C(F)(F)F)c1,-2.4821079167
Nc1ccc(Cl)cc1Cl,Nc1ccc(Cl)cc1Cl,-2.4171742578
CC(=O)O[C@@H]1C[C@@H]2CC[C@@]1(C)C2(C)C,CC(=O)O[C@@H]1C[C@@H]2CC[C@@]1(C)C2(C)C,-3.4963238418
NN[S](=O)(=O)c1ccc(Oc2ccc(cc2)[S](=O)(=O)NN)cc1,NNS(=O)(=O)c1ccc(Oc2ccc(S(=O)(=O)NN)cc2)cc1,-3.7584891954
[Sr++].[O-][P]([O-])([O-])=O,O=P([O-])([O-])[O-].[Sr+2],-3.4683853884
CC/C=C/CC/C=C/C=C,C=C/C=C/CC/C=C/CC,-3.34190657
OC\C=C/CO,OC/C=C\CO,0.8466851642000001
CCOCCOCCOCCOC(=O)C(C)=C,C=C(C)C(=O)OCCOCCOCCOCC,-0.6030114261
CC(=O)OCC1=C(N2[C@H](SC1)[C@H](N)C2=O)C(O)=O,CC(=O)OCC1=C(C(=O)O)N2C(=O)[C@@H](N)[C@H]2SC1,-2.6489777217
CCCCCCCCCC(O)=O,CCCCCCCCCC(=O)O,-3.4452161366000005
CC(C)C,CC(C)C,-2.977604072
CCCC,CCCC,-2.977604072
CC,CC,-2.6913820060000004
CC1(C)C2CC=C(CCC=O)C1C2,CC1(C)C2CC=C(CCC=O)C1C2,-3.4657606101
OC(=O)Cc1ccc(O)cc1,O=C(O)Cc1ccc(O)cc1,-0.3990804112
COc1ccc(COC(C)=O)cc1,COc1ccc(COC(C)=O)cc1,-2.4740066421
[H+].[NH4+].[F-].[F-],[F-].[F-].[H+].[NH4+],1.0233941334
Nc1nc(N)nc(n1)c2ccccc2,Nc1nc(N)nc(-c2ccccc2)n1,-2.4941685135
CC(C)(C)C1CCC(CC1)OC(=O)C=C,C=CC(=O)OC1CCC(C(C)(C)C)CC1,-3.539328096
Brc1ccc(Br)c(C=C)c1,C=Cc1cc(Br)ccc1Br,-4.5787304077
Cc1ccccc1NC(=O)c2cc3ccccc3cc2O,Cc1ccccc1NC(=O)c1cc2ccccc2cc1O,-4.6234419541000005
COC(=O)c1nc(Cl)c(Cl)nc1N,COC(=O)c1nc(Cl)c(Cl)nc1N,-4.5348386091
O1[Pb]O[Pb]2O[Pb]1O2,[O-2].[O-2].[O-2].[O-2].[Pb+2].[Pb+3].[Pb+3],-4.0080532109
CCCCCCCC\C=C/CCCCCCCC(=O)N(CCCC)CCCC,CCCCCCCC/C=C\CCCCCCCC(=O)N(CCCC)CCCC,-4.788985440799999
CC(=C)C(=O)OC1CC2CCC1(C)C2(C)C,C=C(C)C(=O)OC1CC2CCC1(C)C2(C)C,-4.5442204359
CCCCCCCCCOC(C)=O,CCCCCCCCCOC(C)=O,-4.4708606495
CCCCCCCCCCCCCCCCCCCCCCCCCCCCCC.CCCCCCCCCCCC(CC)CCCCCCC(CC)CCCCCCC.CCC1CCC(CC)CC1.Cc2cccc(C)c2.C3CCC4CC5CCCCC5CC4C3.c6ccc7ccccc7c6.c8ccc9cc%10ccccc%10cc9c8,C1CCC2CC3CCCCC3CC2C1.CCC1CCC(CC)CC1.CCCCCCCCCCCC(CC)CCCCCCC(CC)CCCCCCC.CCCCCCCCCCCCCCCCCCCCCCCCCCCCCC.Cc1cccc(C)c1.c1ccc2cc3ccccc3cc2c1.c1ccc2ccccc2c1,-5.4050532611
CCCCCCCCCCCCCC.CCc1ccccc1.c2ccccc2.c3ccc4ccccc4c3.c5ccc6cc7ccccc7cc6c5,CCCCCCCCCCCCCC.CCc1ccccc1.c1ccc2cc3ccccc3cc2c1.c1ccc2ccccc2c1.c1ccccc1,-5.0416978328
c1ccc2ccccc2c1,c1ccc2ccccc2c1,-4.3112256046
Oc1ccccc1C(=O)OC2CCCCC2,O=C(OC1CCCCC1)c1ccccc1O,-4.5540762927
CC(=C)[C@@H]1CCC(=CC1)C,C=C(C)[C@H]1CC=C(C)CC1,-4.346837785
CC\C=C/CCOC(=O)C\C=C/CC,CC/C=C\CCOC(=O)C/C=C\CC,-4.5097094839
CC[C@]12CC[C@H]3[C@@H](CCC4=C3CC=C(C4)OC)[C@@H]1CC[C@@H]2O,CC[C@]12CC[C@@H]3C4=C(CC[C@H]3[C@@H]1CC[C@@H]2O)CC(OC)=CC4,-4.7025138257
CCCCCCCCCCCC(=O)OCC(O)CO,CCCCCCCCCCCC(=O)OCC(O)CO,-4.6602344394
COc1ccc(c(O)c1)C(=O)c2ccccc2,COc1ccc(C(=O)c2ccccc2)c(O)c1,-4.5802538276
CC1CCC2C(C)(C)C3CC12CC(=C3C)C(C)=O,CC(=O)C1=C(C)C2CC3(C1)C(C)CCC3C2(C)C,-4.6134788776
CCOC(=O)c1ccccc1,CCOC(=O)c1ccccc1,-2.3999022404
OC(=O)CCc1ccccc1,O=C(O)CCc1ccccc1,-1.4057514128
CC(C)=CCC\C(C)=C\C=O,CC(C)=CCC/C(C)=C/C=O,-2.4116682055000003
CCCCCCC1CCCC1=O,CCCCCCC1CCCC1=O,-3.4515155376
CC(C)C(=O)C(C)(C)CC=C(C)C,CC(C)=CCC(C)(C)C(=O)C(C)C,-3.4892158636
Oc1ccc(C=C)cc1C=C,C=Cc1ccc(O)c(C=C)c1,-3.3940626837
Nc1ccc(Cl)cc1O,Nc1ccc(Cl)cc1O,-2.3906599281
CCOc1ccc(cc1)C(O)=O,CCOc1ccc(C(=O)O)cc1,-2.4548997462
[OH-].[OH-].[Pb++].[Pb++].[Pb++].[O-]C([O-])=O.[O-]C([O-])=O,O=C([O-])[O-].O=C([O-])[O-].[OH-].[OH-].[Pb+2].[Pb+2].[Pb+2],-5.5472319177
Nc1c(Cl)cc(cc1Cl)C(F)(F)F,Nc1c(Cl)cc(C(F)(F)F)cc1Cl,-3.591642752
CNCCCN1c2ccccc2CCc3ccccc13,CNCCCN1c2ccccc2CCc2ccccc21,-3.6576170412
CC(C)(C)C(=O)C(Oc1ccc(Cl)cc1)n2ccnc2,CC(C)(C)C(=O)C(Oc1ccc(Cl)cc1)n1ccnc1,-3.7030926455
CCCCCCCCC(O)CO,CCCCCCCCC(O)CO,-2.4785789552
CCC(C)C1CCCCC1=O,CCC(C)C1CCCCC1=O,-2.427057806
COc1cc(C=O)ccc1OC(=O)C(C)C,COc1cc(C=O)ccc1OC(=O)C(C)C,-2.5886676064
Cc1ccccc1,Cc1ccccc1,-2.2062982993
[Sr++].Cc1cc(N\N=C/2C(=O)C(=Cc3ccccc23)C([O-])=O)c(cc1Cl)[S]([O-])(=O)=O,Cc1cc(N/N=C2/C(=O)C(C(=O)[O-])=Cc3ccccc32)c(S(=O)(=O)[O-])cc1Cl.[Sr+2],-3.9441003714
C[C@]12CC[C@H]3[C@@H](CCC4=CC(=O)C=C[C@]34C)[C@@H]1CC[C@@H]2O,C[C@]12CC[C@H]3[C@@H](CCC4=CC(=O)C=C[C@@]43C)[C@@H]1CC[C@@H]2O,-3.7003596507
CCc1ccc(CC(C)(C)C#N)cc1,CCc1ccc(CC(C)(C)C#N)cc1,-3.3513392636000003
ClCCCCCCCl,ClCCCCCCCl,-3.4346473299
CCC(=O)OC1C=CC2C3CCC(C3)C12,CCC(=O)OC1C=CC2C3CCC(C3)C12,-3.5585927938
CCOc1ccccc1,CCOc1ccccc1,-2.3318416428
CN1C(=O)N(C(=O)C=C1C(F)(F)F)c2ccc(Cl)c(c2)C(=O)OC(C)(C)C(=O)OCC=C,C=CCOC(=O)C(C)(C)OC(=O)c1cc(-n2c(=O)cc(C(F)(F)F)n(C)c2=O)ccc1Cl,-4.676528089
[Fe+3].Cc1ccc(cc1)[S]([O-])(=O)=O.Cc2ccc(cc2)[S]([O-])(=O)=O.Cc3ccc(cc3)[S]([O-])(=O)=O,Cc1ccc(S(=O)(=O)[O-])cc1.Cc1ccc(S(=O)(=O)[O-])cc1.Cc1ccc(S(=O)(=O)[O-])cc1.[Fe+3],-0.0080331121
C=CCOC(=O)COc1ccccc1,C=CCOC(=O)COc1ccccc1,-2.5363732086
[NH4+].[I-],[I-].[NH4+],1.0867760203
OC(=O)CCCCC(O)=O.C1CNCCN1,C1CNCCN1.O=C(O)CCCCC(=O)O,-0.6232866861
CN[S](=O)(=O)c1cc(OC)c(N)cc1OC,CNS(=O)(=O)c1cc(OC)c(N)cc1OC,-3.6510805625
NC(N)=O.O[P](O)(O)=O,NC(N)=O.O=P(O)(O)O,0.5376020021
NC(N)=O,NC(N)=O,0.9578400994
O=C1Nc2ccccc2N1,O=c1[nH]c2ccccc2[nH]1,-2.3927519971
[Fe].[C-]#[O+].[C-]#[O+].[C-]#[O+].[C-]#[O+].[C-]#[O+],[C-]#[O+].[C-]#[O+].[C-]#[O+].[C-]#[O+].[C-]#[O+].[Fe],-3.2920233513
CC(CCOC(=O)C=C)CCOC(=O)C=C,C=CC(=O)OCCC(C)CCOC(=O)C=C,-2.6214335505
Nc1cccc(Cl)c1,Nc1cccc(Cl)c1,-1.3733684129
CC(=O)OC1CCC2CCCCC2C1,CC(=O)OC1CCC2CCCCC2C1,-3.5605044152
CCCCCCCCCCCCCCC(C)c1cc(C)cc(C)c1O,CCCCCCCCCCCCCCC(C)c1cc(C)cc(C)c1O,-7.335707322699999
C1CC=CC1,C1=CCCC1,-2.1049144818000003
OC(=O)CC(C[P]1(=O)Oc2ccccc2c3ccccc13)C(O)=O,O=C(O)CC(CP1(=O)Oc2ccccc2-c2ccccc21)C(=O)O,-2.8135095056
C.O[S](O)(=O)=O,C.O=S(=O)(O)O,-3.3330935045
FC(F)(F)C(F)(F)F,FC(F)(F)C(F)(F)F,-2.4239072122
CC(C)=CCC\C(C)=C/CCC=O,CC(C)=CCC/C(C)=C\CCC=O,-3.5383035446
CC(=C)C(=O)Oc1ccccc1,C=C(C)C(=O)Oc1ccccc1,-2.4948513605
[Co++].CC([O-])=CC(C)=O.CC([O-])=CC(C)=O,CC(=O)C=C(C)[O-].CC(=O)C=C(C)[O-].[Co+2],-1.6975300994
CC1=C(C=O)C(C)(C)CC=C1,CC1=C(C=O)C(C)(C)CC=C1,-2.4650077569
CN(C)Cc1cc(c(O)c(c1)C(C)(C)C)C(C)(C)C,CN(C)Cc1cc(C(C)(C)C)c(O)c(C(C)(C)C)c1,-2.7113870277
CC(=O)CC(C)(C)C1CCCCC1,CC(=O)CC(C)(C)C1CCCCC1,-3.5481536429
CC(C)C1CCC(C)CC1O,CC1CCC(C(C)C)C(O)C1,-2.4880091207
[Co++].[O-][Mo]([O-])(=O)=O,[Co+2].[Mo+8].[O-2].[O-2].[O-2].[O-2],-2.6343205414
Nc1ccc(Nc2ccccc2)cc1,Nc1ccc(Nc2ccccc2)cc1,-2.5631304762
CCC(C)C(=O)N(C)c1ccccc1,CCC(C)C(=O)N(C)c1ccccc1,-1.5805795126
CO[Si](C)(OC)C=C,C=C[Si](C)(OC)OC,0.5776235848
NC(=O)c1cccnc1,NC(=O)c1cccnc1,0.6121583154
CNc1ccc(O)cc1.CNc2ccc(O)cc2.O[S](O)(=O)=O,CNc1ccc(O)cc1.CNc1ccc(O)cc1.O=S(=O)(O)O,-0.838079267
[Na+].[Na+].[Na+].[O-][S](=O)(=O)c1ccc2c(c1)C=C(C(=O)/C2=N/Nc3ccc(c4ccccc34)[S]([O-])(=O)=O)[S]([O-])(=O)=O,O=C1C(S(=O)(=O)[O-])=Cc2cc(S(=O)(=O)[O-])ccc2/C1=N\Nc1ccc(S(=O)(=O)[O-])c2ccccc12.[Na+].[Na+].[Na+],-1.0824140873
Cc1cc(C)cc(O)c1,Cc1cc(C)cc(O)c1,-1.3879839049
CCC(COC(=O)C=C)(COC(=O)C=C)COC(=O)C=C,C=CC(=O)OCC(CC)(COC(=O)C=C)COC(=O)C=C,-2.772789495
CC(C)CC(=O)CC(C)C,CC(C)CC(=O)CC(C)C,-2.4540578458
COc1ccc(CC=C)cc1OC,C=CCc1ccc(OC)c(OC)c1,-2.5520132395
Nc1ccc2c(O)cc(cc2c1)[S](O)(=O)=O,Nc1ccc2c(O)cc(S(=O)(=O)O)cc2c1,-2.6798855726
[Al+3].[O-]c1ccc2cc(ccc2c1N=Nc3ccc(cc3)[S]([O-])(=O)=O)[S]([O-])(=O)=O,O=S(=O)([O-])c1ccc(N=Nc2c([O-])ccc3cc(S(=O)(=O)[O-])ccc23)cc1.[Al+3],-2.9368865529000003
CCCCCC1=C(CCC1CC(=O)OC)OC(C)=O,CCCCCC1=C(OC(C)=O)CCC1CC(=O)OC,-3.7219886724
C=CC1CCC=CC1,C=CC1CC=CCC1,-3.3351930307
COc1ccc(cc1O)[C@@H]2CC(=O)c3c(O)cc(O[C@@H]4O[C@H](CO[C@@H]5O[C@@H](C)[C@H](O)[C@@H](O)[C@H]5O)[C@@H](O)[C@H](O)[C@H]4O)cc3O2,COc1ccc([C@@H]2CC(=O)c3c(O)cc(O[C@@H]4O[C@H](CO[C@@H]5O[C@@H](C)[C@H](O)[C@@H](O)[C@H]5O)[C@@H](O)[C@H](O)[C@H]4O)cc3O2)cc1O,-5.0104856455
CCCCCCCC/C=C/CCCCCCCCN(CCO)CCO,CCCCCCCC/C=C/CCCCCCCCN(CCO)CCO,-4.7801182897
CCCCOC(=O)c1ccc(C(=O)OCCCC)c(c1)C(=O)OCCCC,CCCCOC(=O)c1ccc(C(=O)OCCCC)c(C(=O)OCCCC)c1,-4.807173711
CCC(C)N1N=CN(C1=O)c2ccc(cc2)N3CCN(CC3)c4ccc(O)cc4,CCC(C)n1ncn(-c2ccc(N3CCN(c4ccc(O)cc4)CC3)cc2)c1=O,-4.8285219564
CO[Si](CCCOC(=O)C=C)(OC)OC,C=CC(=O)OCCC[Si](OC)(OC)OC,-4.6063887787
CCCCCCCCCCCO,CCCCCCCCCCCO,-4.4804406676
[Ba++].[O-][B][O-],[Ba+2].[O-][B][O-],-2.3407335191
CC1(C)[C@H]2CC[C@]1(C)C(C2)OC(=O)C=C,C=CC(=O)OC1C[C@@H]2CC[C@@]1(C)C2(C)C,-4.5830924552
O=C1C(c2ccc3ccccc3n2)C(=O)c4ccccc14,O=C1c2ccccc2C(=O)C1c1ccc2ccccc2n1,-4.7011861265
CCCCC(CC)COC(=O)OOC(C)(C)C,CCCCC(CC)COC(=O)OOC(C)(C)C,-4.6599585126
CO[Si](OC)(C1CCCC1)C2CCCC2,CO[Si](OC)(C1CCCC1)C1CCCC1,-4.6327996787
CC1CC(CC(C)(C)C1)OC(=O)C(C)=C,C=C(C)C(=O)OC1CC(C)CC(C)(C)C1,-4.5985985087
CCCC=O.Nc1ccccc1,CCCC=O.Nc1ccccc1,-4.5021013295
[Zn++].CCCCCCCCCCCC([O-])=O.CCCCCCCCCCCC([O-])=O,CCCCCCCCCCCC(=O)[O-].CCCCCCCCCCCC(=O)[O-].[Zn+2],-4.9505314842
CCCCCCCCCCCCCCCCCC(O)=O.NCCNCCNCCNCCN,CCCCCCCCCCCCCCCCCC(=O)O.NCCNCCNCCNCCN,-4.9604194489
CC/C=C/CCOC(=O)c1ccccc1O,CC/C=C/CCOC(=O)c1ccccc1O,-4.6439814041
CC(C)[C@@H]1CC[C@@H](C)CC1=O,CC(C)[C@@H]1CC[C@@H](C)CC1=O,-2.4918772305
COC(=O)c1ccc(cc1[N+]([O-])=O)C(O)=O,COC(=O)c1ccc(C(=O)O)cc1[N+](=O)[O-],-2.6570018481
Cc1cc(C)cc(C)c1,Cc1cc(C)cc(C)c1,-3.382657059
CC(=O)OC(C)(C)CCCC(=C)C=C,C=CC(=C)CCCC(C)(C)OC(C)=O,-3.5974164985000003
Cc1ccc(cc1Cl)[N+]([O-])=O,Cc1ccc([N+](=O)[O-])cc1Cl,-3.5442781768
[Cl-].CCCCCCCCCCCCCCCCCC[N+](C)(C)C,CCCCCCCCCCCCCCCCCC[N+](C)(C)C.[Cl-],-3.8514567881
CCCN(CCC)CCC,CCCN(CCC)CCC,-2.4722202552000003
N,N,1.4518068893
O=C1CCCCCN1C(=O)NCCCCCCNC(=O)N2CCCCCC2=O,O=C1CCCCCN1C(=O)NCCCCCCNC(=O)N1CCCCCC1=O,-3.9064006561
CC(C)CCOC(=O)CC(C)C,CC(C)CCOC(=O)CC(C)C,-3.5540595352999995
CCCCCC(CO)CCC,CCCCCC(CO)CCC,-3.5181985232
Nc1ccc(CCc2ccc(N)cc2)cc1,Nc1ccc(CCc2ccc(N)cc2)cc1,-3.6457005741
COC(=O)c1cccnc1,COC(=O)c1cccnc1,-0.4595508588
[Ca++].O[C@H]([C@@H](O)C(O)=O)C(O)=O,O=C(O)[C@H](O)[C@@H](O)C(=O)O.[Ca+2],-2.6024346943
CC(C)(C)c1ccc(cc1)C(O)=O,CC(C)(C)c1ccc(C(=O)O)cc1,-3.5779623367
[Cl-].[Cu+],[Cl-].[Cu+],-3.3235329498
[Ni++].[O-][Mo++]([O-])([O-])[O-],[Mo+10].[Ni+2].[O-2].[O-2].[O-2].[O-2],-1.6720680623
Nc1cccc2ccc(cc12)[S](O)(=O)=O,Nc1cccc2ccc(S(=O)(=O)O)cc12,-1.6822793230000002
FC(F)C(F)(F)F,FC(F)C(F)(F)F,-1.4164957907
Cc1cccc(O)c1C,Cc1cccc(O)c1C,-1.4241960776
Oc1c(I)cc(Cl)c2cccnc12,Oc1c(I)cc(Cl)c2cccnc12,-1.8222562261
CCCCC(CC)C(=O)OOC(C)(C)C,CCCCC(CC)C(=O)OOC(C)(C)C,-3.6695176909
CC1C(CC2CC1C2(C)C)C=O,CC1C(C=O)CC2CC1C2(C)C,-3.5580403929
CC(C)(O)CCc1ccccc1,CC(C)(O)CCc1ccccc1,-1.5556396769999998
CC(=O)Oc1ccc(cc1)[N+]([O-])=O,CC(=O)Oc1ccc([N+](=O)[O-])cc1,-2.5992568252
CC(=O)c1oc2ccccc2c1,CC(=O)c1cc2ccccc2o1,-2.5484883965000003
[Cl-].[NH3+]c1cc(cc(Cl)c1O)[N+]([O-])=O,[Cl-].[NH3+]c1cc([N+](=O)[O-])cc(Cl)c1O,-2.6990298363
CCC(O)COC1CCCCC1C(C)(C)C,CCC(O)COC1CCCCC1C(C)(C)C,-3.698734262
CC(C)C1CCC(C)CC1OO,CC1CCC(C(C)C)C(OO)C1,-2.5888216416
CC(C)COC(=O)c1cc(N)c(Cl)c(N)c1,CC(C)COC(=O)c1cc(N)c(Cl)c(N)c1,-2.738284824
OC1(CCCCC1)C(=O)c2ccccc2,O=C(c1ccccc1)C1(O)CCCCC1,-2.6647801935
[H+].[H+].[Cl-].[Cl-].NNCc1ccccc1,NNCc1ccccc1.[Cl-].[Cl-].[H+].[H+],-1.6467890106
CCOc1nc2cccc(C(O)=O)c2n1Cc3ccc(cc3)c4ccccc4c5n[nH]nn5,CCOc1nc2cccc(C(=O)O)c2n1Cc1ccc(-c2ccccc2-c2nn[nH]n2)cc1,-6.4977813968
Clc1nc(Cl)nc(Cl)n1,Clc1nc(Cl)nc(Cl)n1,-2.6223388564
COc1cc(c(O)c(c1)C(C)(C)C)c2cc(OC)cc(c2O)C(C)(C)C,COc1cc(-c2cc(OC)cc(C(C)(C)C)c2O)c(O)c(C(C)(C)C)c1,-6.7763112575
C[C@]1(Cn2ccnn2)[C@@H](N3[C@@H](CC3=O)[S]1(=O)=O)C(O)=O,C[C@]1(Cn2ccnn2)[C@H](C(=O)O)N2C(=O)C[C@H]2S1(=O)=O,-1.8384616763
CN(C=O)c1ccccc1,CN(C=O)c1ccccc1,-1.4947809467
Nc1ccc(cc1[S](O)(=O)=O)[S](O)(=O)=O,Nc1ccc(S(=O)(=O)O)cc1S(=O)(=O)O,-1.7700930025
CC(C)[C@@H]1CC[C@@H](C)C[C@@H]1O,CC(C)[C@@H]1CC[C@@H](C)C[C@@H]1O,-2.5604043774000003
COc1ccc(cc1[N+]([O-])=O)C(O)=O,COc1ccc(C(=O)O)cc1[N+](=O)[O-],-2.6613195143
CC12CCC3C(CCC4=CC(=O)C=CC34C)C1CCC2=O,CC12C=CC(=O)C=C1CCC1C2CCC2(C)C(=O)CCC12,-2.8204596094
CC(C)(C)C(=O)OCCc1ccccc1,CC(C)(C)C(=O)OCCc1ccccc1,-3.6752800895
CC(OC(C)=O)C1CCCCC1,CC(=O)OC(C)C1CCCCC1,-3.5976237668
CC(=O)CCC1=C(C)CCCC1(C)C,CC(=O)CCC1=C(C)CCCC1(C)C,-3.6550445763
[Br-].CC[P+](c1ccccc1)(c2ccccc2)c3ccccc3,CC[P+](c1ccccc1)(c1ccccc1)c1ccccc1.[Br-],-0.9372185286
CC[N+](CC)(CC(=O)Nc1c(C)cccc1C)Cc2ccccc2.[O-]C(=O)c3ccccc3,CC[N+](CC)(CC(=O)Nc1c(C)cccc1C)Cc1ccccc1.O=C([O-])c1ccccc1,-1.020958606
CCCCCCO,CCCCCCO,-1.382910122
CC(C)[C@@H]1CC[C@@H](C)C[C@H]1O,CC(C)[C@@H]1CC[C@@H](C)C[C@H]1O,-2.5706235426
CC/C(C)=C/CC/C(C)=C/C#N,CC/C(C)=C/CC/C(C)=C/C#N,-3.5896411422
CCCCCCC1(C)CCC(=O)O1,CCCCCCC1(C)CCC(=O)O1,-2.6432618239
COC(C)(C)C,COC(C)(C)C,-0.3235268543
[Na+].Nc1ccc(cc1[S]([O-])(=O)=O)[N+]([O-])=O,Nc1ccc([N+](=O)[O-])cc1S(=O)(=O)[O-].[Na+],-1.7677385178999998
C[C@H]1CCC2(O)C(C)(C)C3CC[C@@]2(C)C1C3,C[C@H]1CCC2(O)C(C)(C)C3CC[C@@]2(C)C1C3,-3.7259038203
CCc1ccccc1.CCc2cc(CC)c(CC)cc2CC.CCC(C)(c3ccccc3)c4ccccc4.Cc5ccccc5.Cc6ccccc6c7ccccc7.Cc8cccc9ccccc89.C=Cc%10ccccc%10.C%11CCC(CC%11)c%12ccccc%12.C(Cc%13ccccc%13)c%14ccccc%14.c%15ccccc%15.c%16ccc(cc%16)c%17ccccc%17,C=Cc1ccccc1.CCC(C)(c1ccccc1)c1ccccc1.CCc1cc(CC)c(CC)cc1CC.CCc1ccccc1.Cc1cccc2ccccc12.Cc1ccccc1.Cc1ccccc1-c1ccccc1.c1ccc(-c2ccccc2)cc1.c1ccc(C2CCCCC2)cc1.c1ccc(CCc2ccccc2)cc1.c1ccccc1,-4.5881768419
C(NCc1ccccc1)c2ccccc2,c1ccc(CNCc2ccccc2)cc1,-2.6876302374
Cc1cccc2n[nH]nc12,Cc1cccc2n[nH]nc12,-1.5169635388
Nc1cc(cc(c1O)[S](O)(=O)=O)[N+]([O-])=O,Nc1cc([N+](=O)[O-])cc(S(=O)(=O)O)c1O,-1.7662055678
[Na+].[Na+].[Na+].[Na+].OCCN(CCO)c1nc(Nc2ccc(cc2)[S]([O-])(=O)=O)nc(Nc3ccc(\C=C\c4ccc(Nc5nc(Nc6ccc(cc6)[S]([O-])(=O)=O)nc(n5)N(CCO)CCO)c(c4)[S]([O-])(=O)=O)cc3[S]([O-])(=O)=O)n1,O=S(=O)([O-])c1ccc(Nc2nc(Nc3ccc(/C=C/c4ccc(Nc5nc(Nc6ccc(S(=O)(=O)[O-])cc6)nc(N(CCO)CCO)n5)c(S(=O)(=O)[O-])c4)cc3S(=O)(=O)[O-])nc(N(CCO)CCO)n2)cc1.[Na+].[Na+].[Na+].[Na+],-0.4642868095
COC(=O)c1ccccc1C(=O)OC,COC(=O)c1ccccc1C(=O)OC,-1.6861579246
[Cl-].CN(C)c1ccc(cc1)[C+](c2ccc(cc2)N(C)C)c3ccc(cc3)N(C)C,CN(C)c1ccc([C+](c2ccc(N(C)C)cc2)c2ccc(N(C)C)cc2)cc1.[Cl-],-2.0085884627
CCCCCC1CCCC(=O)O1,CCCCCC1CCCC(=O)O1,-1.6290322311
CCOC(=O)CC(=O)C(F)(F)F,CCOC(=O)CC(=O)C(F)(F)F,-1.6630244633000002
[O-][N+](=O)OCCOCCO[N+]([O-])=O,O=[N+]([O-])OCCOCCO[N+](=O)[O-],-1.6904508209
O[Si](O)(c1ccccc1)c2ccccc2,O[Si](O)(c1ccccc1)c1ccccc1,-2.7330206215
CCCCCOC(=O)CCCC,CCCCCOC(=O)CCCC,-3.6244813037
CC1=CC(=O)N(Cc2cccc(CN3C(=O)C=C(C)C3=O)c2)C1=O,CC1=CC(=O)N(Cc2cccc(CN3C(=O)C=C(C)C3=O)c2)C1=O,-3.9003349932
[Ni++].[O-]C(=O)C([O-])=O,O=C([O-])C(=O)[O-].[Ni+2],-3.556228502
CC\C=C/CCOC(=O)c1ccccc1,CC/C=C\CCOC(=O)c1ccccc1,-3.7048974167
COC(=O)c1ccc(c(N)c1)C(=O)OC,COC(=O)c1ccc(C(=O)OC)c(N)c1,-3.7185037648
CCCC(CC)CCCCCCCN,CCCC(CC)CCCCCCCN,-3.6976259568
OC(=O)CCCCCCCCCCC(O)=O,O=C(O)CCCCCCCCCCC(=O)O,-3.7602414897
CC1(C)CCC2OC23C(C)(C)C4CCC13C4,CC1(C)CCC2OC23C(C)(C)C2CCC13C2,-4.6529288002
CC(O)CSCCCCCCCCC(C)(C)C,CC(O)CSCCCCCCCCC(C)(C)C,-4.7309406924
CCCCCCCCCCCC(O)=O,CCCCCCCCCCCC(=O)O,-4.6195835711
CCCCc1nc(Cl)c(CO)n1Cc2ccc(cc2)c3ccccc3c4n[nH]nn4,CCCCc1nc(Cl)c(CO)n1Cc1ccc(-c2ccccc2-c2nn[nH]n2)cc1,-4.9450169862
[O--].[O--].[O--].[Lu+3].[Lu+3],[Lu+3].[Lu+3].[O-2].[O-2].[O-2],-4.9185665359
CCCCC(CC)COC(=O)CS,CCCCC(CC)COC(=O)CS,-4.635481621399999
CCC(C)(C)c1ccccc1,CCC(C)(C)c1ccccc1,-4.5007459195
CC(CCC=O)C1C(=CCCC1(C)C)C,CC1=CCCC(C)(C)C1C(C)CCC=O,-4.6532020914
CC1(C)C2CCC(C2)C1=C,C=C1C2CCC(C2)C1(C)C,-4.4715404278
CC(CC1CCCC1=O)C2CCC(=CC2)C,CC1=CCC(C(C)CC2CCCC2=O)CC1,-4.6803670486
CCCCCCCCCC(=O)OC,CCCCCCCCCC(=O)OC,-4.6267485225
[Pr+3].[Pr+3].[O-]C([O-])=O.[O-]C([O-])=O.[O-]C([O-])=O,O=C([O-])[O-].O=C([O-])[O-].O=C([O-])[O-].[Pr+3].[Pr+3],-5.0220270242
CCCCN(CCCC)C(=O)N(CCCC)CCCC,CCCCN(CCCC)C(=O)N(CCCC)CCCC,-4.8205954965
CO[C@]1(C)CCC23C[C@@H]1C(C)(C)[C@@H]2CC[C@H]3C,CO[C@]1(C)CCC23C[C@@H]1C(C)(C)[C@@H]2CC[C@H]3C,-4.7401771795
COC1CCCCCCCCCCC1,COC1CCCCCCCCCCC1,-4.6835903829
CCOC1(C)CCC2C(=C)C1CCC2(C)C,C=C1C2CCC(C)(OCC)C1CCC2(C)C,-4.7342962454
CCN(CC)C(=S)SSC(=S)N(CC)CC,CCN(CC)C(=S)SSC(=S)N(CC)CC,-4.8603775493
Cc1ccc(N2C(=O)c3cccc4c(N)ccc(C2=O)c34)c(C)c1,Cc1ccc(N2C(=O)c3cccc4c(N)ccc(c34)C2=O)c(C)c1,-4.8916555333
Cc1cc(cc(C)c1CC#N)C(C)(C)C,Cc1cc(C(C)(C)C)cc(C)c1CC#N,-4.7018118295
CC(C)(c1ccccc1)c2ccc(O[P@]3OC[C@]4(CO3)CO[P@](OC4)Oc5ccc(cc5C(C)(C)c6ccccc6)C(C)(C)c7ccccc7)c(c2)C(C)(C)c8ccccc8,CC(C)(c1ccccc1)c1ccc(O[P@]2OCC3(CO[P@@](Oc4ccc(C(C)(C)c5ccccc5)cc4C(C)(C)c4ccccc4)OC3)CO2)c(C(C)(C)c2ccccc2)c1,-7.2319734263
O=C1NC(=O)c2cccc3cccc1c23,O=C1NC(=O)c2cccc3cccc1c23,-4.6928315029
CCCC[Sn](=O)CCCC,CCC[CH2][Sn+2][CH2]CCC.[O-2],-4.7940381830000005
CCCC[Sn++]CCCC.CCCCC(CC)C([O-])=O.CCCCC(CC)C([O-])=O,CCCCC(CC)C(=O)[O-].CCCCC(CC)C(=O)[O-].CCC[CH2][Sn+2][CH2]CCC,-5.1134043257
O=C1CCC2CCCCC2O1,O=C1CCC2CCCCC2O1,-0.5865603256
COC(=O)c1ccc(C)cc1,COC(=O)c1ccc(C)cc1,-2.5767203524
CC1CC(C)(C)OC(Cc2ccccc2)O1,CC1CC(C)(C)OC(Cc2ccccc2)O1,-2.7446854432
Nc1ccccc1N,Nc1ccccc1N,-0.4396098786999999
O=C1N[S](=O)(=O)c2ccccc12,O=C1NS(=O)(=O)c2ccccc21,-1.6718324141
[Na+].Cc1cc(ccc1N)[S]([O-])(=O)=O,Cc1cc(S(=O)(=O)[O-])ccc1N.[Na+],-1.7295012251
CC(C)CCCC(C)CC#N,CC(C)CCCC(C)CC#N,-3.5877591379
[Ca++].[O-][Mo]([O-])(=O)=O,[Ca+2].[Mo+8].[O-2].[O-2].[O-2].[O-2],-3.7036943449
O=C1CCCCCN1C(=O)c2cccc(c2)C(=O)N3CCCCCC3=O,O=C1CCCCCN1C(=O)c1cccc(C(=O)N2CCCCCC2=O)c1,-3.9583461947
CC(C)=CCC\C(C)=C\CCC(C)=O,CC(=O)CC/C=C(\C)CCC=C(C)C,-3.6974484249
CCCCCC(=O)OCC=C,C=CCOC(=O)CCCCC,-2.6105517594
[Na+].Nc1cc(cc(c1[O-])[N+]([O-])=O)[N+]([O-])=O,Nc1cc([N+](=O)[O-])cc([N+](=O)[O-])c1[O-].[Na+],-1.7648130029
Fc1ccc(cc1)C(=O)CCCCl,O=C(CCCCl)c1ccc(F)cc1,-2.7226339225
CC(C)[Si](OC(=O)C=C)(C(C)C)C(C)C,C=CC(=O)O[Si](C(C)C)(C(C)C)C(C)C,-4.9437379631
CC(C)OC(=O)CCC(=O)OC(C)C,CC(C)OC(=O)CCC(=O)OC(C)C,-1.7293168462
[Sr++].Cc1ccc(N\N=C\2C(=O)C(=Cc3ccccc23)C([O-])=O)c(c1)[S]([O-])(=O)=O,Cc1ccc(N/N=C2\C(=O)C(C(=O)[O-])=Cc3ccccc32)c(S(=O)(=O)[O-])c1.[Sr+2],-4.1057301532
[Cl-].C[N+](C)(C)c1ccc2ccc(O)c(N=Nc3ccc(N)cc3)c2c1,C[N+](C)(C)c1ccc2ccc(O)c(N=Nc3ccc(N)cc3)c2c1.[Cl-],-1.9807853884
NC(=O)C(F)(F)F,NC(=O)C(F)(F)F,-1.4850227408
CCC(C)(C)C1CCC(=O)CC1,CCC(C)(C)C1CCC(=O)CC1,-2.6568927779
Cc1ccc(cc1[N+]([O-])=O)[S](C)(=O)=O,Cc1ccc(S(C)(=O)=O)cc1[N+](=O)[O-],-2.7647010816
CCCCCCC#CC(=O)OC,CCCCCCC#CC(=O)OC,-3.6518876662
CCCCCCCCCCO,CCCCCCCCCCO,-3.6312380365
O=[P](c1ccccc1)(c2ccccc2)c3ccccc3,O=P(c1ccccc1)(c1ccccc1)c1ccccc1,-2.8774727952
COc1ccc(OC)c(Cl)c1,COc1ccc(OC)c(Cl)c1,-2.6724024043
OCCOc1ccc2ccccc2c1,OCCOc1ccc2ccccc2c1,-2.7142946902
CCCCOc1ccccc1,CCCCOc1ccccc1,-3.6132495633
O=C(OCCOCCOC(=O)c1ccccc1)c2ccccc2,O=C(OCCOCCOC(=O)c1ccccc1)c1ccccc1,-3.937488879
CCCCCCCC\C=C/CCCCCCCCNCCCN,CCCCCCCC/C=C\CCCCCCCCNCCCN,-3.9550420009
Clc1ccc(Cl)c(Cl)c1,Clc1ccc(Cl)c(Cl)c1,-3.7024520783
Cc1c(CO)nccc1OCC(F)(F)F,Cc1c(OCC(F)(F)F)ccnc1CO,-1.7920737105000002
COC,COC,0.8843659201
COc1cc(\C=C\C(O)=O)cc(OC)c1OC,COc1cc(/C=C/C(=O)O)cc(OC)c1OC,-2.830470194
[Ba++].[O-]P=O.[O-]P=O,O=P[O-].O=P[O-].[Ba+2],0.1236633717
BrCCCCBr,BrCCCCBr,-2.7902167817000003
C1CCc2ccccc2C1,c1ccc2c(c1)CCCC2,-3.5673681389
CCCCOC(=O)CCCCC(=O)OCCCC,CCCCOC(=O)CCCCC(=O)OCCCC,-3.8681538696
CCO[P](=O)(C(=O)c1c(C)cc(C)cc1C)c2ccccc2,CCOP(=O)(C(=O)c1c(C)cc(C)cc1C)c1ccccc1,-3.9560819473
Cc1ccc(c(O)c1)C(C)(C)C,Cc1ccc(C(C)(C)C)c(O)c1,-2.672674663
COC(=O)c1ccc(C(=O)OC)c(c1)[N+]([O-])=O,COC(=O)c1ccc(C(=O)OC)c([N+](=O)[O-])c1,-2.8359048818
[Co++].CC([O-])=O.CC([O-])=O,CC(=O)[O-].CC(=O)[O-].[Co+2],0.2936043702
C=CC(=O)OCCCCCCOC(=O)C=C,C=CC(=O)OCCCCCCOC(=O)C=C,-2.8193366955
CCCCCCCCCC(=O)N(C)C,CCCCCCCCCC(=O)N(C)C,-2.7681111795
Nc1ccc(cc1)N=Nc2ccccc2,Nc1ccc(N=Nc2ccccc2)cc1,-3.7597030757
CC1=CCC(CC#N)C1(C)C,CC1=CCC(CC#N)C1(C)C,-2.6475372328
Cc1ccc(O)c(c1)C(C)(C)C,Cc1ccc(O)c(C(C)(C)C)c1,-2.6917536232
[Cl-].C[N+](C)(C)c1ccccc1,C[N+](C)(C)c1ccccc1.[Cl-],0.2877472964999999
CC(=O)OC(C)(C)C1CCC(=CC1)C.CC23CCC(CC2)C(C)(C)O3,CC(=O)OC(C)(C)C1CC=C(C)CC1.CC12CCC(CC1)C(C)(C)O2,-3.0213590642000003
C=CCOc1nc(OCC=C)nc(OCC=C)n1,C=CCOc1nc(OCC=C)nc(OCC=C)n1,-2.8742257802
CCCCC(O)=O,CCCCC(=O)O,-0.490652149
CC(O)C(C)Cc1ccccc1,CC(O)C(C)Cc1ccccc1,-1.6969729899
CCCCC(C(=O)OCC)C(=O)OCC,CCCCC(C(=O)OCC)C(=O)OCC,-2.8164963969
CCCCCCCCCCCC1=NCCN1CCO,CCCCCCCCCCCC1=NCCN1CCO,-3.8986556211
FC(F)(F)c1ccc(Cl)cc1,FC(F)(F)c1ccc(Cl)cc1,-3.7276952246
Oc1ccc(cc1)c2ccc(O)cc2,Oc1ccc(-c2ccc(O)cc2)cc1,-3.7423730992
C\C=C\OC1CCC(CC1)O\C=C\C,C/C=C/OC1CCC(O/C=C/C)CC1,-3.9037320907
O=C1CCCCCCCCCOCCCCCO1,O=C1CCCCCCCCCOCCCCCO1,-3.8838494997
CCCCCCCCCCC(C)CCCCCCCC,CCCCCCCCCCC(C)CCCCCCCC,-6.4511045339
NC(=O)N=NC(N)=O,NC(=O)N=NC(N)=O,-3.5462434596
CC(C)(C)c1ccc(O)c(c1)C(C)(C)C,CC(C)(C)c1ccc(O)c(C(C)(C)C)c1,-3.7960463334
CC(Cc1ccc(cc1)C(C)(C)C)C=O,CC(C=O)Cc1ccc(C(C)(C)C)cc1,-3.7917820609
COc1ccc(cc1N)C(=O)Nc2ccccc2,COc1ccc(C(=O)Nc2ccccc2)cc1N,-3.86580004
[C-]#[O+],[C-]#[O+],-2.9287991689
CCC(C)(C)Cl,CCC(C)(C)Cl,-2.5105450102
N#CCN(CCN(CC#N)CC#N)CC#N,N#CCN(CC#N)CCN(CC#N)CC#N,-2.8204043469
CC(C)(C)OOC(=O)c1ccccc1,CC(C)(C)OOC(=O)c1ccccc1,-2.7764329492
CC(F)F,CC(F)F,-1.3147228436
CCC(C)(O)CCCC(C)C,CCC(C)(O)CCCC(C)C,-2.6942897822000003
COc1ccc2NC(=S)Nc2c1,COc1ccc2[nH]c(=S)[nH]c2c1,-2.7506819237
FC(F)(F)Br,FC(F)(F)Br,-2.6677709688
[Zn++].CC(C)CCCCCO[P]([S-])(=S)OCCCCCC(C)C.CC(C)CCCCCO[P]([S-])(=S)OCCCCCC(C)C,CC(C)CCCCCOP(=S)([S-])OCCCCCC(C)C.CC(C)CCCCCOP(=S)([S-])OCCCCCC(C)C.[Zn+2],-4.3707014658
C1OC1COc2ccc3c(OCC4CO4)cccc3c2,c1cc(OCC2CO2)c2ccc(OCC3CO3)cc2c1,-3.9191737976
CC(C)=CCC\C(C)=C\COC=O,CC(C)=CCC/C(C)=C/COC=O,-3.7461507617
O.O.O.O.[Pb].[Pb].[Pb].[Pb].[Pb].[O-][S]([O-])(=O)=O,O.O.O.O.O=S(=O)([O-])[O-].[Pb].[Pb].[Pb].[Pb].[Pb],-4.5661230993
C[C@@H]1CC=C(C)[C@H](\C=C\C(C)=O)C1(C)C,CC(=O)/C=C/[C@H]1C(C)=CC[C@@H](C)C1(C)C,-3.8026769123
CO[SiH](CC1CCCCC1)OC,CO[SiH](CC1CCCCC1)OC,-3.0959725365
Nc1ccc(\C=C\c2ccc(N)cc2[S](O)(=O)=O)c(c1)[S](O)(=O)=O,Nc1ccc(/C=C/c2ccc(N)cc2S(=O)(=O)O)c(S(=O)(=O)O)c1,-4.0635303796
[Zn++].Cc1cccc2[N-]C(=S)Nc12.Cc3cccc4NC(=S)[N-]c34,Cc1cccc2[n-]c(=S)[nH]c12.Cc1cccc2[nH]c(=S)[n-]c12.[Zn+2],-4.0879587895
OC(=O)CC[P](O)(=O)c1ccccc1,O=C(O)CCP(=O)(O)c1ccccc1,-0.8283051545000001
O=[S](Cc1ccccc1)Cc2ccccc2,[O-][S+](Cc1ccccc1)Cc1ccccc1,-2.8588087212
CC(C)(N=NC(C)(C)C#N)C#N,CC(C)(C#N)N=NC(C)(C)C#N,-2.7132509977
CCC(C)COC(=O)C=C,C=CC(=O)OCC(C)CC,-2.6532064055
Clc1sc2ccccc2n1,Clc1nc2ccccc2s1,-2.7325883752
CC1=CC(=O)N(O)C(=C1)C2CCCCC2.NCCO,Cc1cc(C2CCCCC2)n(O)c(=O)c1.NCCO,-0.9331685906
Clc1ccc2c(Cl)ccnc2c1,Clc1ccc2c(Cl)ccnc2c1,-2.8026246384
Nc1ccccc1[S](O)(=O)=O,Nc1ccccc1S(=O)(=O)O,-1.7471686412
[Ti+4].CC(C)[O-].CC(C)[O-].CC(=O)[CH-]C(C)=O.CC(=O)[CH-]C(C)=O,CC(C)[O-].CC(C)[O-].[CH2-]C(=O)CC(C)=O.[CH2-]C(=O)CC(C)=O.[Ti+4],-2.0700509817
CC(=O)Nc1ccc(cc1)[S](Cl)(=O)=O,CC(=O)Nc1ccc(S(=O)(=O)Cl)cc1,-2.8772524161
CCC(=O)OC1C(C)CCCC1(C)C,CCC(=O)OC1C(C)CCCC1(C)C,-3.8031812605
COC(=O)c1ccc(cc1)C(=O)OC,COC(=O)c1ccc(C(=O)OC)cc1,-3.796856222
CCCCCCCC1CCCC1=O,CCCCCCCC1CCCC1=O,-3.7694416506
O=C(Cc1ccccc1)OCc2ccccc2,O=C(Cc1ccccc1)OCc1ccccc1,-3.863274879700001
CN(C)C(=S)SC(=S)N(C)C,CN(C)C(=S)SC(=S)N(C)C,-2.8302990647
C[C@@H](CCO)CCC=C(C)C,CC(C)=CCC[C@@H](C)CCO,-2.7067344575
CCC(=O)C(C)CC=C(C)C,CCC(=O)C(C)CC=C(C)C,-2.7010952437
Cc1cc(C)c(N)c(c1)[S](O)(=O)=O,Cc1cc(C)c(N)c(S(=O)(=O)O)c1,-1.8195435039
s1cccc1,c1ccsc1,-1.4450110492
CC(C)(c1ccc(O)cc1)c2ccc(O)cc2,CC(C)(c1ccc(O)cc1)c1ccc(O)cc1,-2.8799222949
ClC(Cl)(Cl)C=O,O=CC(Cl)(Cl)Cl,-0.691340871
CCC(C)CO,CCC(C)CO,-0.4681010618999999
CC(C)CCO,CC(C)CCO,-0.4681010618999999
[Na+].[Na+].[Na+].[Na+].CC(=O)Nc1ccc(c2C=C(/C(=N/Nc3ccc(N=Nc4ccc(cc4)[S]([O-])(=O)=O)c5ccc(cc35)[S]([O-])(=O)=O)C(=O)c12)[S]([O-])(=O)=O)[S]([O-])(=O)=O,CC(=O)Nc1ccc(S(=O)(=O)[O-])c2c1C(=O)/C(=N\Nc1ccc(N=Nc3ccc(S(=O)(=O)[O-])cc3)c3ccc(S(=O)(=O)[O-])cc13)C(S(=O)(=O)[O-])=C2.[Na+].[Na+].[Na+].[Na+],-1.4612448391
s1cnc2ccccc12,c1ccc2scnc2c1,-1.6538265258000002
OC(=O)c1cccc(c1)[N+]([O-])=O,O=C(O)c1cccc([N+](=O)[O-])c1,-1.7459071723
O=[Mo]=O,[Mo+4].[O-2].[O-2],-3.7396436363
O=C1Nc2ccccc2C(=O)O1,O=c1[nH]c2ccccc2c(=O)o1,-2.7354179060000003
OC(c1ccccc1)C(=O)c2ccccc2,O=C(c1ccccc1)C(O)c1ccccc1,-2.8497223519
CCCCCCCCO,CCCCCCCCO,-2.6375931207
O=[Te]=O,O=[Te]=O,-3.7156062333
COC(=O)COc1nc(F)c(Cl)c(N)c1Cl,COC(=O)COc1nc(F)c(Cl)c(N)c1Cl,-3.9512810281
CC(C)=CCCC(C)(OC(C)=O)C=C,C=CC(C)(CCC=C(C)C)OC(C)=O,-3.8157769203
CC(C)(C)c1cccc(c1O)C(C)(C)C,CC(C)(C)c1cccc(C(C)(C)C)c1O,-4.7135873776
COc1ccc(cc1O)[C@@H]2CC(=O)c3c(O)cc(O[C@@H]4O[C@H](CO)[C@@H](O)[C@H](O)[C@H]4O[C@@H]5O[C@@H](C)[C@H](O)[C@@H](O)[C@H]5O)cc3O2,COc1ccc([C@@H]2CC(=O)c3c(O)cc(O[C@@H]4O[C@H](CO)[C@@H](O)[C@H](O)[C@H]4O[C@@H]4O[C@@H](C)[C@H](O)[C@@H](O)[C@H]4O)cc3O2)cc1O,-5.1858488331
[Ce+3].[Ce+3].[O-]C([O-])=O.[O-]C([O-])=O.[O-]C([O-])=O,O=C([O-])[O-].O=C([O-])[O-].O=C([O-])[O-].[Ce+3].[Ce+3],-5.0664023631
CCCCC(CC)COC(C)=O,CCCCC(CC)COC(C)=O,-4.6451400046
CCCCCCCCC(C)C#N,CCCCCCCCC(C)C#N,-4.6324209502
CCN1C(=O)C(=N/Nc2ccc(Cl)cc2[N+]([O-])=O)/C(=C(C#N)C1=O)C,CCN1C(=O)C(C#N)=C(C)/C(=N\Nc2ccc(Cl)cc2[N+](=O)[O-])C1=O,-4.96733793
CC(C)CCCC=C,C=CCCCC(C)C,-4.458990177
ClCCc1cc2CC(=O)Nc2cc1Cl,O=C1Cc2cc(CCCl)c(Cl)cc2N1,-4.7775740697
CCCCOCCOC(=O)CCCCC(=O)OCCOCCCC,CCCCOCCOC(=O)CCCCC(=O)OCCOCCCC,-4.9587331394
CC(c1ccccc1)c2ccccc2,CC(c1ccccc1)c1ccccc1,-4.6925039386
Cc1ccccc1Cc2ccccc2,Cc1ccccc1Cc1ccccc1,-4.6925039386
[Nd+3].[Nd+3].[O-]C([O-])=O.[O-]C([O-])=O.[O-]C([O-])=O,O=C([O-])[O-].O=C([O-])[O-].O=C([O-])[O-].[Nd+3].[Nd+3],-5.1084204387
CC(=O)O[C@@]1(CC[C@H]2[C@@H]3CCC4=CC(=O)CC[C@@H]4[C@H]3CC[C@]12C)C(C)=O,CC(=O)O[C@]1(C(C)=O)CC[C@H]2[C@@H]3CCC4=CC(=O)CC[C@@H]4[C@H]3CC[C@@]21C,-4.9957539374
OC(=O)c1cc(Nc2ccccc2)c(cc1Nc3ccccc3)C(O)=O,O=C(O)c1cc(Nc2ccccc2)c(C(=O)O)cc1Nc1ccccc1,-4.9857232877
O=C(OCc1ccccc1)/C=C/c2ccccc2,O=C(/C=C/c1ccccc1)OCc1ccccc1,-4.8207960263
O=C1N=C(NC(=N1)c2ccccc2)c3ccccc3,O=c1nc(-c2ccccc2)[nH]c(-c2ccccc2)n1,-5.4935852535
[O--].[O--].[O--].[Gd+3].[Gd+3],[Gd+3].[Gd+3].[O-2].[O-2].[O-2],-5.0152363724
CC(C)C(=O)OC(C)(CCC=C(C)C)C=C,C=CC(C)(CCC=C(C)C)OC(=O)C(C)C,-4.8105849842
Cc1cc(C)c(c(C)c1)C(=O)[P](=O)(c2ccccc2)c3ccccc3,Cc1cc(C)c(C(=O)P(=O)(c2ccccc2)c2ccccc2)c(C)c1,-5.010576791
CCCCC(CC)C(=O)OCC(C)(C)COC(=O)C(CC)CCCC,CCCCC(CC)C(=O)OCC(C)(C)COC(=O)C(CC)CCCC,-5.0206378696
[O--].[O--].[O--].[O--].[O--].[Ti+4].[Zr+4].[Pb++],[O-2].[O-2].[O-2].[O-2].[O-2].[Pb+2].[Ti+4].[Zr+4],-5.0982221528
CCOC(=O)C1C(C=C(C)C)C1(C)C,CCOC(=O)C1C(C=C(C)C)C1(C)C,-4.7652682741
NC(=O)c1ccc(NC(=O)c2ccc(cc2)[N+]([O-])=O)cc1,NC(=O)c1ccc(NC(=O)c2ccc([N+](=O)[O-])cc2)cc1,-4.9367254155
CC(=O)c1cc(cc2c1CCC2(C)C)C(C)(C)C,CC(=O)c1cc(C(C)(C)C)cc2c1CCC2(C)C,-4.8708662082
COc1cc(N[S](=O)(=O)c2ccc(C)cc2)c3C(=O)c4ccccc4C(=O)c3c1N,COc1cc(NS(=O)(=O)c2ccc(C)cc2)c2c(c1N)C(=O)c1ccccc1C2=O,-5.1125700507
[H+].[Mn++].Cc1cc(c(cc1Cl)N=Nc2c([O-])c(cc3ccccc23)C([O-])=O)[S]([O-])(=O)=O,Cc1cc(S(=O)(=O)[O-])c(N=Nc2c([O-])c(C(=O)[O-])cc3ccccc23)cc1Cl.[H+].[Mn+2],-5.1704010781
Cc1ccc(Nc2cc(C(O)=O)c(Nc3ccc(C)cc3)cc2C(O)=O)cc1,Cc1ccc(Nc2cc(C(=O)O)c(Nc3ccc(C)cc3)cc2C(=O)O)cc1,-5.0705134819
COc1cc(NC(=O)c2cc3ccccc3cc2O)c(OC)cc1Cl,COc1cc(NC(=O)c2cc3ccccc3cc2O)c(OC)cc1Cl,-5.0622701458
CCCCC(CC)COC(=O)C(C)=C,C=C(C)C(=O)OCC(CC)CCCC,-4.8059741607
CCCCC(CC)CCl,CCCCC(CC)CCl,-4.6808820955
NC(=O)c1ccc(NC(=O)c2ccc(N)cc2)cc1,NC(=O)c1ccc(NC(=O)c2ccc(N)cc2)cc1,-4.9156499936
C.CCCCCCCCCCCCO,C.CCCCCCCCCCCCO,-4.8148101896
C=CC(=O)OCCCCCCCCCCOC(=O)C=C,C=CC(=O)OCCCCCCCCCCOC(=O)C=C,-4.9608754545
C[C@H]1CC(=O)C[C@@H]2CC[C@H]3[C@@H]4CC[C@H](O)[C@@]4(C)CC[C@@H]3[C@@]12C,C[C@H]1CC(=O)C[C@@H]2CC[C@H]3[C@@H]4CC[C@H](O)[C@@]4(C)CC[C@@H]3[C@]21C,-5.0064289581
CC1(C)CC2(CC(C)(C)N1)OC3(CCCCCCCCCCC3)NC2=O,CC1(C)CC2(CC(C)(C)N1)OC1(CCCCCCCCCCC1)NC2=O,-5.0846644385
CCC(C)(C)c1ccc(O)c(c1)C(C)(C)CC,CCC(C)(C)c1ccc(O)c(C(C)(C)CC)c1,-4.892804854
CCCCC(CC)COC(=O)CS[Sn](C)(SCC(=O)OCC(CC)CCCC)SCC(=O)OCC(CC)CCCC,CCCCC(CC)COC(=O)C[S][Sn]([CH3])([S]CC(=O)OCC(CC)CCCC)[S]CC(=O)OCC(CC)CCCC,-5.3942922935
ClC(=O)OCCOCCOC(Cl)=O,O=C(Cl)OCCOCCOC(=O)Cl,-4.8865490032
[Lu+3].[Lu+3].[O-]C(=O)C([O-])=O.[O-]C(=O)C([O-])=O.[O-]C(=O)C([O-])=O,O=C([O-])C(=O)[O-].O=C([O-])C(=O)[O-].O=C([O-])C(=O)[O-].[Lu+3].[Lu+3],-5.3110386285
OCc1cccc(Oc2ccccc2)c1,OCc1cccc(Oc2ccccc2)c1,-2.8258731416
O=C1CCCCCCCCCCCN1,O=C1CCCCCCCCCCCN1,-2.8195043204
COC(=O)\C=C\c1ccccc1,COC(=O)/C=C/c1ccccc1,-2.7343475301
CSc1cc(SC)c(N)c(C)c1N,CSc1cc(SC)c(N)c(C)c1N,-2.8569254583
COc1ccc(\C=C\C)cc1OC,C/C=C/c1ccc(OC)c(OC)c1,-2.7782267945
Cc1ccc2cccc(O)c2n1,Cc1ccc2cccc(O)c2n1,-1.7306186153
[Co++].CCC1CCC(CCC([O-])=O)C1.CCC2CCC(CCC([O-])=O)C2,CCC1CCC(CCC(=O)[O-])C1.CCC1CCC(CCC(=O)[O-])C1.[Co+2],-3.1323831914
CC(C)(COCCCOC(=O)C=C)COCCCOC(=O)C=C,C=CC(=O)OCCCOCC(C)(C)COCCCOC(=O)C=C,-3.0495421403
CCCCCOC=O,CCCCCOC=O,-1.6020599913
COC(=O)c1cccc(c1)C(=O)OC,COC(=O)c1cccc(C(=O)OC)c1,-2.825819918
C=Cc1ccccc1,C=Cc1ccccc1,-2.5552696161000004
CCCCCCOC(=O)C(C)=C,C=C(C)C(=O)OCCCCCC,-3.7554210341
Clc1cc(Cl)c(Cl)nc1Cl,Clc1cc(Cl)c(Cl)nc1Cl,-3.8614246907
Nc1scc(n1)c2ccc3ccccc3c2,Nc1nc(-c2ccc3ccccc3c2)cs1,-4.849542252
CCCCCC(CO)Cc1ccccc1,CCCCCC(CO)Cc1ccccc1,-3.8432685623
CCCCCCCCCC=O,CCCCCCCCCC=O,-3.7255255026
CC(=O)OC/C=C(C)/CCC=C(C)C,CC(=O)OC/C=C(\C)CCC=C(C)C,-3.8305001771
CC(CC/C=C(C)/CCC=O)C=C,C=CC(C)CC/C=C(\C)CCC=O,-3.7935760497
COC(=O)C(F)(F)F,COC(=O)C(F)(F)F,-0.6479837034
CCOc1cc(C=O)ccc1O,CCOc1cc(C=O)ccc1O,-1.7642022678
CC(=O)CCc1ccccc1,CC(=O)CCc1ccccc1,-1.7160179957
COc1cc(NC(=O)CC(C)=O)c(OC)cc1Cl,COc1cc(NC(=O)CC(C)=O)c(OC)cc1Cl,-2.9792447784
CC(=O)OC\C=C\c1ccccc1,CC(=O)OC/C=C/c1ccccc1,-2.7927245342
CC(=O)Oc1ccc(cc1C2C(=O)Oc3ccc(cc23)C(C)(C)CC(C)(C)C)C(C)(C)CC(C)(C)C,CC(=O)Oc1ccc(C(C)(C)CC(C)(C)C)cc1C1C(=O)Oc2ccc(C(C)(C)CC(C)(C)C)cc21,-6.6925825623
CCCCC(CC)COC(=O)Nc1ccc(C)c(NC(=O)OCCN(C)C)c1.CC(O)C(O)=O,CC(O)C(=O)O.CCCCC(CC)COC(=O)Nc1ccc(C)c(NC(=O)OCCN(C)C)c1,-0.2351938248
CCC(C)CCCC(C)(C)O,CCC(C)CCCC(C)(C)O,-2.7493446847000005
[Na+].ClN1C(=O)[N-]C(=O)N(Cl)C1=O,O=c1[n-]c(=O)n(Cl)c(=O)n1Cl.[Na+],-0.8951600114
Nc1cc(ccc1O)[S](O)(=O)=O,Nc1cc(S(=O)(=O)O)ccc1O,-1.8297447369
C[C@]12CCC(=O)C=C1CC[C@H]3[C@@H]4CC[C@](O)(C(=O)CO)[C@@]4(C)C[C@H](O)[C@H]23,C[C@]12CCC(=O)C=C1CC[C@@H]1[C@@H]2[C@@H](O)C[C@@]2(C)[C@H]1CC[C@]2(O)C(=O)CO,-3.1121092438
CCCCCCCC/C=C/CCCCCCCC(O)=O.NCCO,CCCCCCCC/C=C/CCCCCCCC(=O)O.NCCO,-3.0888344498
CC(CO)CCC1CC=C(C)C1(C)C,CC1=CCC(CCC(C)CO)C1(C)C,-3.8427464064
CCCCCCCCCCCC(=O)N(C)C,CCCCCCCCCCCC(=O)N(C)C,-3.9093070505
CC(C)(C)C1CCC(O)CC1,CC(C)(C)C1CCC(O)CC1,-3.1032621252
CCCCCCCCCCCCCCN(C)C,CCCCCCCCCCCCCCN(C)C,-3.9356925608
CCCCl,CCCCl,-1.4534068203
[Zn++].CC(C)CC(C)O[P]([S-])(=S)OC(C)C.CC(C)CC(C)O[P]([S-])(=S)OC(C)C,CC(C)CC(C)OP(=S)([S-])OC(C)C.CC(C)CC(C)OP(=S)([S-])OC(C)C.[Zn+2],-2.3189749133
[O-][N+](=O)c1cccc(Cl)c1,O=[N+]([O-])c1cccc(Cl)c1,-2.7612722995
CC(=O)c1ccc2ccccc2c1,CC(=O)c1ccc2ccccc2c1,-2.7964187192
[Na+].[Na+].Nc1ccc(N=Nc2ccc(N[S](=O)(=O)c3ccc(cc3)N=Nc4c(O)c5c(N)c(N=Nc6ccc(cc6)[N+]([O-])=O)c(cc5cc4[S]([O-])(=O)=O)[S]([O-])(=O)=O)cc2)c(N)c1,Nc1ccc(N=Nc2ccc(NS(=O)(=O)c3ccc(N=Nc4c(S(=O)(=O)[O-])cc5cc(S(=O)(=O)[O-])c(N=Nc6ccc([N+](=O)[O-])cc6)c(N)c5c4O)cc3)cc2)c(N)c1.[Na+].[Na+],-0.5256786207
CC(Cl)CCl,CC(Cl)CCl,-1.6216647134
CCNc1ccccc1,CCNc1ccccc1,-1.6520779355
CC(C)CCOCCC(C)C,CC(C)CCOCCC(C)C,-3.7601070667
[Na+].CN(c1ccccc1)[S](=O)(=O)C2=CC(=O)C3=C(NNc4ccc(NC(=O)CCl)cc4[S]([O-])(=O)=O)C(=N)C=CC3=C2,CN(c1ccccc1)S(=O)(=O)C1=CC(=O)C2=C(NNc3ccc(NC(=O)CCl)cc3S(=O)(=O)[O-])C(=N)C=CC2=C1.[Na+],-4.3588570696
Cc1ccc(Cl)c(Cl)c1,Cc1ccc(Cl)c(Cl)c1,-3.7755457257
COc1cc(c(OC)cc1N)[S](=O)(=O)Nc2ccccc2,COc1cc(S(=O)(=O)Nc2ccccc2)c(OC)cc1N,-4.0576928644
CC(=O)CC(c1ccccc1)C2=C(O)Oc3ccccc3C2=O,CC(=O)CC(c1ccccc1)c1c(O)oc2ccccc2c1=O,-3.0625087471
[H+].[Cl-].CC1=CC(C=CC1=N)=C(c2ccc(N)cc2)c3ccc(N)cc3,CC1=CC(=C(c2ccc(N)cc2)c2ccc(N)cc2)C=CC1=N.[Cl-].[H+],-2.1054831912
CC(C)CO[P](=O)(OCC(C)C)OCC(C)C,CC(C)COP(=O)(OCC(C)C)OCC(C)C,-3.0021546468
COC(=O)c1ccccc1C,COC(=O)c1ccccc1C,-1.7566476759
CC(C)=C,C=C(C)C,-2.3290690398
CC(=O)OC[C@@H](OC(C)=O)C=C,C=C[C@@H](COC(C)=O)OC(C)=O,-0.8176814122
Nc1cccc(O)c1,Nc1cccc(O)c1,-0.6229628479
CCCc1nc(C)c2n1NC(=NC2=O)c3cc(ccc3OCC)[S](=O)(=O)N4CCN(CC)CC4,CCCc1nc(C)c2c(=O)nc(-c3cc(S(=O)(=O)N4CCN(CC)CC4)ccc3OCC)[nH]n12,-4.8438678664
CCCCCCCC/C=C/CCCCCCCC(=O)NCCCN(C)C,CCCCCCCC/C=C/CCCCCCCC(=O)NCCCN(C)C,-4.1492593891
Cc1c(Cl)cccc1Cl,Cc1c(Cl)cccc1Cl,-3.7919361419
O=C1CCCCCCCCCCC1,O=C1CCCCCCCCCCC1,-3.8458299965
CC(C)=CCCC(C)(O)C#C,C#CC(C)(O)CCC=C(C)C,-1.7720804309
Cc1ccc(cc1[N+]([O-])=O)C(O)=O,Cc1ccc(C(=O)O)cc1[N+](=O)[O-],-2.8480980227
COc1ccc(cc1N)[S](O)(=O)=O,COc1ccc(S(=O)(=O)O)cc1N,-0.8997243446
Oc1ccc(cc1O)C(=O)c2ccccc2,O=C(c1ccccc1)c1ccc(O)c(O)c1,-2.9226200497000003
CCN(CCO)c1ccc(cc1)N=Nc2sc3cc(OC)ccc3[n+]2C.CC([O-])=O,CC(=O)[O-].CCN(CCO)c1ccc(N=Nc2sc3cc(OC)ccc3[n+]2C)cc1,-0.2262726911
CCCC1C[C@](C)(CCO1)OC(C)=O.CCCC2C[C@@](C)(CCO2)OC(C)=O,CCCC1C[C@@](C)(OC(C)=O)CCO1.CCCC1C[C@](C)(OC(C)=O)CCO1,-2.2047232328
CCCCC(CC)CN,CCCCC(CC)CN,-1.7134804626
Cc1ccc(N)cc1Cl,Cc1ccc(N)cc1Cl,-1.7531263116999998
Oc1ccc(c(O)c1)C2=C(O)C(=O)c3c(O)cc(O)cc3O2,O=c1c(O)c(-c2ccc(O)cc2O)oc2cc(O)cc(O)c12,-3.0824090581
CC(c1ccc(O)cc1)(c2ccc(O)cc2)c3ccc(O)cc3,CC(c1ccc(O)cc1)(c1ccc(O)cc1)c1ccc(O)cc1,-4.086559757
Cc1ccc(Cl)cc1Cl,Cc1ccc(Cl)cc1Cl,-3.8089694812
COC1OC(CO[S](=O)(=O)c2ccc(C)cc2)C3OC(C)(C)OC13,COC1OC(COS(=O)(=O)c2ccc(C)cc2)C2OC(C)(C)OC12,-4.1564425332
COc1ccccc1C,COc1ccccc1C,-2.6890833932
OC(=O)Cc1ccc(Cl)cc1Cl,O=C(O)Cc1ccc(Cl)cc1Cl,-2.9191416399000003
CC(C)(c1ccc(O)cc1)c2ccc(O)cc2.ClCC3CO3,CC(C)(c1ccc(O)cc1)c1ccc(O)cc1.ClCC1CO1,-5.0291347649
[Zr+4].CCC([O-])=O,CCC(=O)[O-].[Zr+4],-2.8232791914
Clc1ccc(cc1)C#N,N#Cc1ccc(Cl)cc1,-2.749354496
[O-][N+](=O)c1ccc(Cl)cc1,O=[N+]([O-])c1ccc(Cl)cc1,-2.8118286729000004
CC(C)c1ccc(C=O)cc1,CC(C)c1ccc(C=O)cc1,-2.7852565821
CC(=C)C(=O)OCCCCOC(=O)C(C)=C,C=C(C)C(=O)OCCCCOC(=O)C(=C)C,-2.969024542
CCC(=O)c1cccc(Cl)c1,CCC(=O)c1cccc(Cl)c1,-1.8467055699
C1OC1COc2ccccc2,c1ccc(OCC2CO2)cc1,-1.7963921827
OC(=O)CCCCCCCC(O)=O,O=C(O)CCCCCCCC(=O)O,-1.8944614494
O=C1CCCCCCCCCCOCCCCO1,O=C1CCCCCCCCCCOCCCCO1,-4.0179591997
CC(C)CCCC(C)CC=O,CC(C)CCCC(C)CC=O,-3.8064830067
S=C(Nc1ccccc1)Nc2ccccc2,S=C(Nc1ccccc1)Nc1ccccc1,-3.9716884266
C[C@]12CC[C@H]3[C@@H](CCC4=C3CCC(=O)C4)[C@@H]1CCC2=O,C[C@]12CC[C@@H]3C4=C(CC[C@H]3[C@@H]1CCC2=O)CC(=O)CC4,-4.0549767292
CCCBr,CCCBr,-1.7107562487
COc1ccc(Cl)cc1,COc1ccc(Cl)cc1,-2.779325494
C[C@@H]1C[C@H]2[C@@H]3C[C@H](F)C4=CC(=O)C=C[C@]4(C)[C@H]3[C@@H](O)C[C@]2(C)[C@H]1C(=O)CO,C[C@@H]1C[C@H]2[C@@H]3C[C@H](F)C4=CC(=O)C=C[C@]4(C)[C@H]3[C@@H](O)C[C@]2(C)[C@H]1C(=O)CO,-3.2037371554000003
[Na+].[O-][S](=O)(=O)c1cccc(c1)N=Nc2ccc(Nc3ccccc3)cc2,O=S(=O)([O-])c1cccc(N=Nc2ccc(Nc3ccccc3)cc2)c1.[Na+],-1.2046860906
CNC(=O)N(c1ccccc1)c2ccccc2,CNC(=O)N(c1ccccc1)c1ccccc1,-2.9839461582
Nc1ccccc1c2ccccc2,Nc1ccccc1-c1ccccc1,-2.8611137345
ClCCO[P](=O)(OCCCl)OCC(CCl)(CCl)CO[P](=O)(OCCCl)OCCCl,O=P(OCCCl)(OCCCl)OCC(CCl)(CCl)COP(=O)(OCCCl)OCCCl,-3.4001753553
OC(=O)C1CCC(CC1)C(O)=O,O=C(O)C1CCC(C(=O)O)CC1,-0.8723707236
CCc1cccc2c(CCO)c[nH]c12,CCc1cccc2c(CCO)c[nH]c12,-1.9153264103
CCOC(C)OC(C)(CCC=C(C)C)C=C,C=CC(C)(CCC=C(C)C)OC(C)OCC,-3.9764017843
O=C(c1ccccc1)c2ccccc2,O=C(c1ccccc1)c1ccccc1,-3.882202908
CCCC(=O)OC(C)C1CCCCC1,CCCC(=O)OC(C)C1CCCCC1,-3.9207588975
CCC1(CC=C2CCCc3cc(OC)ccc23)C(O)CCC1=O,CCC1(CC=C2CCCc3cc(OC)ccc32)C(=O)CCC1O,-4.1227687236
CCC(C)c1ccccc1,CCC(C)c1ccccc1,-3.7586078484
[Na+].CC(=O)Nc1cccc(Nc2cc(c(N)c3C(=O)c4ccccc4C(=O)c23)[S]([O-])(=O)=O)c1,CC(=O)Nc1cccc(Nc2cc(S(=O)(=O)[O-])c(N)c3c2C(=O)c2ccccc2C3=O)c1.[Na+],-4.3079108614
CC(=O)OC(C)(C)C1CCC(=CC1)C,CC(=O)OC(C)(C)C1CC=C(C)CC1,-3.931170339
CC(C)=CCC\C(C)=C\CCC(C)(O)C=C,C=CC(C)(O)CC/C=C(\C)CCC=C(C)C,-3.9853522661
CC(=C)C(=O)OCCCCCCOC(=O)C(C)=C,C=C(C)C(=O)OCCCCCCOC(=O)C(=C)C,-4.0436629248
Nc1ccc(cc1)C(F)(F)F,Nc1ccc(C(F)(F)F)cc1,-2.8473301434
[Cl-].CC[N+](CC)(CC)Cc1ccccc1,CC[N+](CC)(CC)Cc1ccccc1.[Cl-],-0.0072656636
[Na+].[Na+].[O-]C(=O)CCCCCCCCC([O-])=O,O=C([O-])CCCCCCCCC(=O)[O-].[Na+].[Na+],-3.0410647254
CCCCOCCOCCOC(=O)C(C)=C,C=C(C)C(=O)OCCOCCOCCCC,-2.0159485066
Oc1ccc(cc1)C(c2ccc(O)cc2)(C(F)(F)F)C(F)(F)F,Oc1ccc(C(c2ccc(O)cc2)(C(F)(F)F)C(F)(F)F)cc1,-3.1795029693
CC(=O)c1cccc2ccccc12,CC(=O)c1cccc2ccccc12,-2.8846346488
CC(C)c1ccc(N)cc1,CC(C)c1ccc(N)cc1,-1.7858311962
COc1ccc(N)cc1,COc1ccc(N)cc1,-0.7480293677
CCCCCO,CCCCCO,-0.6027996358
COc1ccc(cc1N)[N+]([O-])=O,COc1ccc([N+](=O)[O-])cc1N,-1.8832793564
CC(=C)C(=O)OCC=C,C=CCOC(=O)C(=C)C,-1.7584817871
FC(F)(I)C(F)(F)C(F)(F)C(F)(F)I,FC(F)(I)C(F)(F)C(F)(F)C(F)(F)I,-3.314476262
CC(C)(C)c1cc(CO)cc(c1O)C(C)(C)C,CC(C)(C)c1cc(CO)cc(C(C)(C)C)c1O,-4.0127821042
CC(C)CCOCCc1ccccc1,CC(C)CCOCCc1ccccc1,-3.9337357827
Oc1ccc2ccccc2c1C=O,O=Cc1c(O)ccc2ccccc12,-3.8935675896
Nc1nc(N)c(N=O)c(N)n1,Nc1nc(N)c(N=O)c(N)n1,-3.8454729507
ClC\C=C/Cl,Cl/C=C\CCl,-1.706753006
CNC(=O)c1cc(Oc2ccc(NC(=O)Nc3ccc(Cl)c(c3)C(F)(F)F)cc2)ccn1,CNC(=O)c1cc(Oc2ccc(NC(=O)Nc3ccc(Cl)c(C(F)(F)F)c3)cc2)ccn1,-6.6672950838
COCc1ccc(O)c(OC)c1,COCc1ccc(O)c(OC)c1,-1.8934476814
CCCCCC1COCCC1OC(C)=O,CCCCCC1COCCC1OC(C)=O,-2.9987958883
Nc1ccc(N=Nc2ccccc2)c(N)c1,Nc1ccc(N=Nc2ccccc2)c(N)c1,-2.9976655605
COc1ccc(O)c(c1)C(C)(C)C,COc1ccc(O)c(C(C)(C)C)c1,-2.9274884417
C1CC(CCN1)N2CCOCC2,C1CC(N2CCOCC2)CCN1,-2.9027228224
CCO[Si](CC(C)C)(OCC)OCC,CCO[Si](CC(C)C)(OCC)OCC,-3.016846171
Oc1cc(C=O)cc(c1O)[N+]([O-])=O,O=Cc1cc(O)c(O)c([N+](=O)[O-])c1,-1.937833911
CCOC(=O)C(C)(C)c1ccccc1,CCOC(=O)C(C)(C)c1ccccc1,-3.045838317
Cc1ccc(N)c(c1)[N+]([O-])=O,Cc1ccc(N)c([N+](=O)[O-])c1,-1.860061225
S=C=S,S=C=S,-1.5594220963
COC(=O)c1ccccc1,COC(=O)c1ccccc1,-1.8117983509
CCCCCCCC(OC)OC,CCCCCCCC(OC)OC,-2.9180054187
C1CNCCNCCNCCN1,C1CNCCNCCNCCN1,-0.0310204156
C=CCCCCCCCCC=O,C=CCCCCCCCCC=O,-3.8931862
COC(=O)CCCCCCCCC(=O)OC1CC(C)(C)N(C)C(C)(C)C1.CN2C(C)(C)CC(CC2(C)C)OC(=O)CCCCCCCCC(=O)OC3CC(C)(C)N(C)C(C)(C)C3,CN1C(C)(C)CC(OC(=O)CCCCCCCCC(=O)OC2CC(C)(C)N(C)C(C)(C)C2)CC1(C)C.COC(=O)CCCCCCCCC(=O)OC1CC(C)(C)N(C)C(C)(C)C1,-4.6112212345
CC(C)Cc1ccc(cc1)C(C)C(O)=O,CC(C)Cc1ccc(C(C)C(=O)O)cc1,-3.992248354700001
[Na+].[O-][Cl](=O)(=O)=O,[Na+].[O-][Cl+3]([O-])([O-])[O-],-1.7665284956
CCNc1nc(NC(C)C)nc(SC)n1,CCNc1nc(NC(C)C)nc(SC)n1,-3.0470399572000004
COc1cccc(c1)C(C)=O,COc1cccc(C(C)=O)c1,-1.8691073865
[nH]1cnc2ccccc12,c1ccc2[nH]cnc2c1,-1.769197233
O=C1NC(=O)NC(=O)N1,O=c1[nH]c(=O)[nH]c(=O)[nH]1,-1.8076460763
ClCCCN1C(=O)Nc2ccccc12,O=c1[nH]c2ccccc2n1CCCCl,-3.0203942687
Clc1ccccn1,Clc1ccccn1,-0.7541456686
Oc1cc(Cl)ccc1Cl,Oc1cc(Cl)ccc1Cl,-1.9111656018
[Na+].[Na+].[Cu++].[Cu++].N[S](=O)(=O)c1ccc([O-])c(c1)N=Nc2c([O-])c3ccc(Nc4ccc5c([O-])c(N=Nc6cc(ccc6[O-])[S](N)(=O)=O)c(cc5c4)[S]([O-])(=O)=O)cc3cc2[S]([O-])(=O)=O,[Cu+2].[Cu+2].[NH-]S(=O)(=O)c1ccc([O-])c(N=Nc2c(S(=O)(=O)[O-])cc3cc(Nc4ccc5c(O)c(N=Nc6cc(S([NH-])(=O)=O)ccc6O)c(S(=O)(=O)[O-])cc5c4)ccc3c2[O-])c1.[Na+].[Na+],-2.7104892768
CCCCC(CC)COC(=O)CCCCCCCCC(=O)OCC(CC)CCCC,CCCCC(CC)COC(=O)CCCCCCCCC(=O)OCC(CC)CCCC,-3.3290743264
[H+].[Cl-].CCN(CC)CCNC(=O)c1cc(Cl)c(N)cc1OC,CCN(CC)CCNC(=O)c1cc(Cl)c(N)cc1OC.[Cl-].[H+],-3.2256490876
[As],[As],-2.5735793664
C[C@]12CCC(=O)C=C1CC[C@@H]3[C@@H]2CC[C@@]4(C)[C@H]3CC[C@@]45CCC(=O)O5,C[C@]12CCC(=O)C=C1CC[C@@H]1[C@@H]2CC[C@@]2(C)[C@H]1CC[C@@]21CCC(=O)O1,-4.2250037793
CCC(COC(=O)C(C)=C)(COC(=O)C(C)=C)COC(=O)C(C)=C,C=C(C)C(=O)OCC(CC)(COC(=O)C(=C)C)COC(=O)C(=C)C,-4.2262342969
CC(C)c1ccc(O)cc1C,Cc1cc(O)ccc1C(C)C,-2.854511354
COC1CC(C)CCC1C(C)C,COC1CC(C)CCC1C(C)C,-3.9301744515
[Na+].[Na+].[O-]C(=O)c1ccccc1C2=C3C=C(Br)C(=O)C=C3Oc4c2cc(Br)c([O-])c4C5=CC=C[Hg]5,O=C([O-])c1ccccc1-c1c2cc(Br)c(=O)cc-2oc2c([C]3=CC=[CH][Hg]3)c([O-])c(Br)cc12.[Na+].[Na+],-4.5936830655000005
CC1=CCC2C(C1)C2(C)C,CC1=CCC2C(C1)C2(C)C,-4.6704052705
O=C1CCCCCCCCCC\C=C/CC1,O=C1CC/C=C\CCCCCCCCCC1,-4.8831871131
O=[Zn],[O-2].[Zn+2],-4.448167714599999
Cc1ccccc1Oc2ccccc2C,Cc1ccccc1Oc1ccccc1C,-4.8439277143
CC(C)c1cccc2ccccc12,CC(C)c1cccc2ccccc12,-4.7823935551
CCC(Cc1ccc(C)cc1)(N(C)C)C(=O)c2ccc(cc2)N3CCOCC3,CCC(Cc1ccc(C)cc1)(C(=O)c1ccc(N2CCOCC2)cc1)N(C)C,-5.1332331523
COc1ccc(cc1[N+]([O-])=O)C(=O)Nc2ccccc2,COc1ccc(C(=O)Nc2ccccc2)cc1[N+](=O)[O-],-4.9878258088
[O--].[O--].[O--].[Sb+3].[Sb+3],[O-2].[O-2].[O-2].[Sb+3].[Sb+3],-5.0237548039
Nc1nc(N)nc(N)n1.O=C2NC(=O)NC(=O)N2,Nc1nc(N)nc(N)n1.O=c1[nH]c(=O)[nH]c(=O)[nH]1,-4.9755135023
[Zn++].[Zn++].[Zn++].[O-][P]([O-])([O-])=O.[O-][P]([O-])([O-])=O,O=P([O-])([O-])[O-].O=P([O-])([O-])[O-].[Zn+2].[Zn+2].[Zn+2],-5.1553472856
[O-][N+](=O)c1ccccc1c2ccc(Cl)cc2,O=[N+]([O-])c1ccccc1-c1ccc(Cl)cc1,-4.9372094561
CC1CC2=C(CC1(C)C(C)=O)C(C)(C)CCC2,CC(=O)C1(C)CC2=C(CCCC2(C)C)CC1C,-4.9417913147000005
[Mo].CCCCC(CC)C([O-])=O,CCCCC(CC)C(=O)[O-].[Mo],-3.4351686053
Nc1cc(Cl)ccc1Oc2ccc(Cl)cc2Cl,Nc1cc(Cl)ccc1Oc1ccc(Cl)cc1Cl,-5.0452642864
CCCCCCOC(=O)CCCCC(=O)OCCCCCC,CCCCCCOC(=O)CCCCC(=O)OCCCCCC,-5.082600348500001
CCCCC(CC)COC(=O)CS[Sn](CCCC)(CCCC)SCC(=O)OCC(CC)CCCC,CCCCC(CC)COC(=O)C[S][Sn]([CH2]CCC)([CH2]CCC)[S]CC(=O)OCC(CC)CCCC,-5.3942867121
[Sr++].Cc1c(Cl)cc(cc1[S](O)(=O)=O)N=Nc2c([O-])c(cc3ccccc23)C([O-])=O,Cc1c(Cl)cc(N=Nc2c(O)c(C(=O)[O-])cc3ccccc23)cc1S(=O)(=O)[O-].[Sr+2],-5.3065828462
CC1CCC(CC2=C1CCC2C)C(C)(C)OC(C)=O,CC(=O)OC(C)(C)C1CCC(C)C2=C(C1)C(C)CC2,-5.022602512200001
CCCCC(CC)CCCCCC(C)CCCC(O)=O,CCCCC(CC)CCCCCC(C)CCCC(=O)O,-5.0561178371
CC(C)CCCC(C)CCCC(C)(O)C#C,C#CC(C)(O)CCCC(C)CCCC(C)C,-4.953059618999999
[Gd],[Gd],-4.7986506454
FC(F)=C(F)OC(F)(F)C(F)(F)F,FC(F)=C(F)OC(F)(F)C(F)(F)F,-4.9542967929
CC(=C)CC(C)(C)C,C=C(C)CC(C)(C)C,-4.688326948
CC(=C)CC(C)(C)C.N(c1ccccc1)c2ccccc2,C=C(C)CC(C)(C)C.c1ccc(Nc2ccccc2)cc1,-5.0876626154
[Na+].[Mg++].[Al+3].[O-][Si]([O-])=O.[O-][Si]([O-])=O.[O-][Si]([O-])=O,O=[Si]([O-])[O-].O=[Si]([O-])[O-].O=[Si]([O-])[O-].[Al+3].[Mg+2].[Na+],-5.1305146868
CC(C)(C)OOC(C)(C)C#CC(C)(C)OOC(C)(C)C,CC(C)(C)OOC(C)(C)C#CC(C)(C)OOC(C)(C)C,-5.1145685291000005
CCCCCCC(CCCC)C(O)=O,CCCCCCC(CCCC)C(=O)O,-4.959305966700001
CCCCC(CC)COC(=O)c1ccc(N)cc1,CCCCC(CC)COC(=O)c1ccc(N)cc1,-5.0543936585
[Ca++].CCCCCCC(O)CCCCCCCCCCC([O-])=O.CCCCCCC(O)CCCCCCCCCCC([O-])=O,CCCCCCC(O)CCCCCCCCCCC(=O)[O-].CCCCCCC(O)CCCCCCCCCCC(=O)[O-].[Ca+2],-5.463097207000001
[Ca++].CCCCCCCCCCCCCCCCCC([O-])=O.CCCCCCCCCCCCCCCCCC([O-])=O,CCCCCCCCCCCCCCCCCC(=O)[O-].CCCCCCCCCCCCCCCCCC(=O)[O-].[Ca+2],-5.440787474
CCCCOC(=O)CCC(C)(OOC(C)(C)C)OOC(C)(C)C,CCCCOC(=O)CCC(C)(OOC(C)(C)C)OOC(C)(C)C,-5.1898813447
ClC1=C(Cl)C(=O)c2ccccc2C1=O,O=C1C(Cl)=C(Cl)C(=O)c2ccccc21,-5.0237764060000005
CC1=CCC2CC1C2(C)C.CC3(C)OC4(C)CCC3CC4.CC5(C)C6CCC(C6)C5=C.CC7(C)C8CCC7(C)C(=O)C8,C=C1C2CCC(C2)C1(C)C.CC12CCC(CC1)C(C)(C)O2.CC12CCC(CC1=O)C2(C)C.CC1=CCC2CC1C2(C)C,-5.4383706051
[Na+].COc1ccccc1NC(=O)c2cc3ccccc3cc2[O-],COc1ccccc1NC(=O)c1cc2ccccc2cc1[O-].[Na+],-5.1765101856
O=[Cd],[Cd+2].[O-2],-4.7863829333
Clc1ccccc1C(Cl)(Cl)Cl,Clc1ccccc1C(Cl)(Cl)Cl,-5.0439330965
CCCCCCCCCCOC(C)=O,CCCCCCCCCCOC(C)=O,-4.9857583021
CN(CCOC(=O)C=C)[S](=O)(=O)C(F)(F)C(F)(F)C(F)(F)C(F)(F)F,C=CC(=O)OCCN(C)S(=O)(=O)C(F)(F)C(F)(F)C(F)(F)C(F)(F)F,-5.3087460931
CCCCC(C#N)c1ccccc1,CCCCC(C#N)c1ccccc1,-3.6623544532
FC(F)(F)C(Cl)(Cl)Cl,FC(F)(F)C(Cl)(Cl)Cl,-4.3331923932
CC(C)CCCCCCCCCCO,CC(C)CCCCCCCCCCO,-5.0007940326
CCOc1ccccc1NC(=O)c2cc3ccccc3cc2O,CCOc1ccccc1NC(=O)c1cc2ccccc2cc1O,-5.1866018088
[CaH2].O=[Zr],[CaH2].[O-2].[Zr+2],-4.8730792601
CC(C)OC(=O)CCCCCCCCC(=O)OC(C)C,CC(C)OC(=O)CCCCCCCCC(=O)OC(C)C,-5.1559612143
CCCCCCOC(=O)c1ccccc1O,CCCCCCOC(=O)c1ccccc1O,-5.0458782076
CCCCCCC(O)CCCCCCCCCCCO,CCCCCCC(O)CCCCCCCCCCCO,-5.1560946306
ClC1=C(Cl)C(=O)C(=C(Cl)C1=O)Cl,O=C1C(Cl)=C(Cl)C(=O)C(Cl)=C1Cl,-5.0896861436
[K+].CCCCCCCCCCCCCCCCO[P](O)([O-])=O,CCCCCCCCCCCCCCCCOP(=O)([O-])O.[K+],-3.2602593536
CCN(CCCl)c1ccc(C=O)cc1,CCN(CCCl)c1ccc(C=O)cc1,-3.0334483747000003
CCC(=O)OCCC(C)C,CCC(=O)OCCC(C)C,-2.8700736410000003
CC(=C)[C@@H]1C[C@@H](CC[C@@]1(C)C=C)C(C)(C)O,C=C[C@]1(C)CC[C@@H](C(C)(C)O)C[C@H]1C(=C)C,-3.0592783722
[OH-].[Cr+3].CCCCC(CC)COCCCN.CC(=O)\C(=N/Nc1cc(cc(c1[O-])[S]([O-])(=O)=O)[N+]([O-])=O)C(=O)[N-]c2ccccc2.[H+],CC(=O)/C(=N\Nc1cc([N+](=O)[O-])cc(S(=O)(=O)[O-])c1[O-])C(=O)[N-]c1ccccc1.CCCCC(CC)COCCCN.[Cr+3].[H+].[OH-],-3.5425873869
CCCCCC(O)C=C,C=CC(O)CCCCC,-1.8219317146
FC(F)=C(F)C(F)(F)F,FC(F)=C(F)C(F)(F)F,-2.8887982833
CC[C@]12CC[C@H]3[C@@H](CCc4cc(OC)ccc34)[C@@H]1CC[C@@H]2O,CC[C@]12CC[C@@H]3c4ccc(OC)cc4CC[C@H]3[C@@H]1CC[C@@H]2O,-4.875700653
CC(C)(C1CCC(O)CC1)C2CCC(O)CC2,CC(C)(C1CCC(O)CC1)C1CCC(O)CC1,-3.0976097488
COCCOCCO[Si](CCCOCC1CO1)(OCCOCCOC)OCCOCCOC,COCCOCCO[Si](CCCOCC1CO1)(OCCOCCOC)OCCOCCOC,1.5823133383
[Na+].[Na+].[O-][S](=O)(=O)c1ccc(N\N=C2\C(=O)C=Cc3cc(ccc23)[S]([O-])(=O)=O)cc1,O=C1C=Cc2cc(S(=O)(=O)[O-])ccc2/C1=N\Nc1ccc(S(=O)(=O)[O-])cc1.[Na+].[Na+],-1.3767469152
CC(F)(F)Cl,CC(F)(F)Cl,-1.7233908536000002
COC(=O)c1cc(cc(c1)[N+]([O-])=O)C(O)=O,COC(=O)c1cc(C(=O)O)cc([N+](=O)[O-])c1,-2.0737299237
FCF,FCF,-1.4374417919999998
CC(CN\C=C/1C=CC=CC1=O)N\C=C/2C=CC=CC2=O,CC(CN/C=C1/C=CC=CC1=O)N/C=C1/C=CC=CC1=O,-3.172023424
[Mg++].CCCCCCCCCc1cc2ccccc2c(c1CCCCCCCCC)[S]([O-])(=O)=O.CCCCCCCCCc3cc4ccccc4c(c3CCCCCCCCC)[S]([O-])(=O)=O,CCCCCCCCCc1cc2ccccc2c(S(=O)(=O)[O-])c1CCCCCCCCC.CCCCCCCCCc1cc2ccccc2c(S(=O)(=O)[O-])c1CCCCCCCCC.[Mg+2],-4.6744729174
CC(C)Oc1ccc(cc1)[S](=O)(=O)c2ccc(O)cc2,CC(C)Oc1ccc(S(=O)(=O)c2ccc(O)cc2)cc1,-4.1714457851
C[Si](C)(C)C,C[Si](C)(C)C,-3.6533405182
Clc1cc(c(Cl)cc1c2[nH]c3ccc4C(=O)c5ccccc5C(=O)c4c3n2)c6[nH]c7ccc8C(=O)c9ccccc9C(=O)c8c7n6,O=C1c2ccccc2C(=O)c2c1ccc1[nH]c(-c3cc(Cl)c(-c4nc5c6c(ccc5[nH]4)C(=O)c4ccccc4C6=O)cc3Cl)nc21,-4.524775941100001
CC(CCOC(C)=O)CC(C)(C)C,CC(=O)OCCC(C)CC(C)(C)C,-3.9891678317
ClC(=O)c1ccc(cc1)C(Cl)=O,O=C(Cl)c1ccc(C(=O)Cl)cc1,-4.0287937791
CC(=C)C(=O)OCC1CCCO1,C=C(C)C(=O)OCC1CCCO1,-0.9524550039
C[C@]12CC[C@H]3[C@@H](CCC4=CC(=O)CC[C@H]34)[C@@H]1CCC2=O,C[C@]12CC[C@H]3[C@@H](CCC4=CC(=O)CC[C@@H]43)[C@@H]1CCC2=O,-3.1565006621
CC(=C)C(=O)OCc1ccccc1,C=C(C)C(=O)OCc1ccccc1,-2.9682045412
CCOC(=O)OCC,CCOC(=O)OCC,-0.7982097075
C/C=C/C(=O)C1=C(C)C=CCC1(C)C,C/C=C/C(=O)C1=C(C)C=CCC1(C)C,-3.0052489876
[O-][N+](=O)c1ccc(Cl)cc1Cl,O=[N+]([O-])c1ccc(Cl)cc1Cl,-3.0091456414
CC(=C)[C@H]1CC=C(C)C(=O)C1,C=C(C)[C@H]1CC=C(C)C(=O)C1,-1.9026536597
CCCCCCCC[P](O)(O)=O,CCCCCCCCP(=O)(O)O,-3.0148095518
C[C@]12CCC(=O)C=C1CC[C@@H]3[C@@H]2CC[C@@]4(C)[C@H]3C(O)CC4=O,C[C@]12CCC(=O)C=C1CC[C@@H]1[C@@H]2CC[C@]2(C)C(=O)CC(O)[C@@H]12,-2.2130969417
COc1cc(Cl)c(OC)cc1N,COc1cc(Cl)c(OC)cc1N,-3.0061212915
[Pb],[Pb],-3.0492180227
CCCC(=O)OCCC(C)C,CCCC(=O)OCCC(C)C,-2.9328521233
O[S](=O)(=O)CCCNC1CCCCC1,O=S(=O)(O)CCCNC1CCCCC1,-3.0802067631
CCCCC/C(C=O)=C/c1ccccc1,CCCCC/C(C=O)=C/c1ccccc1,-3.0466584175
ClCCCBr,ClCCCBr,-1.9401514115
OC(O)C(Cl)(Cl)Cl,OC(O)C(Cl)(Cl)Cl,1.0371672978
[Na+].[Na+].COc1cc(c(C)cc1N\N=C2\C(=O)C=Cc3cc(ccc23)[S]([O-])(=O)=O)[S]([O-])(=O)=O,COc1cc(S(=O)(=O)[O-])c(C)cc1N/N=C1/C(=O)C=Cc2cc(S(=O)(=O)[O-])ccc21.[Na+].[Na+],-0.4405855136
OC(=O)c1cc(O)cc(c1)C(O)=O,O=C(O)c1cc(O)cc(C(=O)O)c1,-2.005111367
[Na+].[Na+].[O-][S](=O)(=O)c1cc(Nc2nc(Nc3ccccc3)nc(n2)N4CCOCC4)ccc1/C=C/c5ccc(Nc6nc(Nc7ccccc7)nc(n6)N8CCOCC8)cc5[S]([O-])(=O)=O,O=S(=O)([O-])c1cc(Nc2nc(Nc3ccccc3)nc(N3CCOCC3)n2)ccc1/C=C/c1ccc(Nc2nc(Nc3ccccc3)nc(N3CCOCC3)n2)cc1S(=O)(=O)[O-].[Na+].[Na+],-2.710838239
CC(C)OC(=O)CCCCC(=O)OC(C)C,CC(C)OC(=O)CCCCC(=O)OC(C)C,-3.1070289759
CCCCCC1(C)CCC(C)(C)C1=O,CCCCCC1(C)CCC(C)(C)C1=O,-4.0165337106
OC1CCCCCCCCCCC1,OC1CCCCCCCCCCC1,-3.9891177261
OCCC(F)(F)C(F)(F)C(F)(F)C(F)(F)C(F)(F)C(F)(F)F,OCCC(F)(F)C(F)(F)C(F)(F)C(F)(F)C(F)(F)C(F)(F)F,-4.2870640225
CC1(C)CNCC(C)(C)C1OC(=O)CCCCCCCCC(=O)OC2C(C)(C)CNCC2(C)C,CC1(C)CNCC(C)(C)C1OC(=O)CCCCCCCCC(=O)OC1C(C)(C)CNCC1(C)C,-4.4077469895
CC(CCCC(C)(C)OC(C)=O)C=C,C=CC(C)CCCC(C)(C)OC(C)=O,-4.0301641261
CC(C)COC(=O)C1CCCCC1C(=O)OCC(C)C,CC(C)COC(=O)C1CCCCC1C(=O)OCC(C)C,-4.1912351395
CC1CC(CC(C)(C)C1)OC(=O)C=C,C=CC(=O)OC1CC(C)CC(C)(C)C1,-4.0304470853
O=C(C1CCCCC1)c2ccccc2,O=C(c1ccccc1)C1CCCCC1,-4.014709734599999
ClCC(CCl)O[P](=O)(OC(CCl)CCl)OC(CCl)CCl,O=P(OC(CCl)CCl)(OC(CCl)CCl)OC(CCl)CCl,-4.3767049743
Clc1cccc(Cl)c1Cl,Clc1cccc(Cl)c1Cl,-4.003482074
[Ca++].CC(=O)C(N=Nc1ccc(cc1[N+]([O-])=O)[S]([O-])(=O)=O)C(=O)Nc2ccccc2.CC(=O)C(N=Nc3ccc(cc3[N+]([O-])=O)[S]([O-])(=O)=O)C(=O)Nc4ccccc4,CC(=O)C(N=Nc1ccc(S(=O)(=O)[O-])cc1[N+](=O)[O-])C(=O)Nc1ccccc1.CC(=O)C(N=Nc1ccc(S(=O)(=O)[O-])cc1[N+](=O)[O-])C(=O)Nc1ccccc1.[Ca+2],-4.6745621224
COC(=O)c1c(C)cc(O)c(C)c1O,COC(=O)c1c(C)cc(O)c(C)c1O,-4.037430925
[Na+].[I-],[I-].[Na+],1.0777960404
[H+].[H+].[Cl-].[Cl-].Nc1ccc(cc1Cl)c2ccc(N)c(Cl)c2,Nc1ccc(-c2ccc(N)c(Cl)c2)cc1Cl.[Cl-].[Cl-].[H+].[H+],-3.2628695302
CC(C)C1(O)CCC(=CC1)C,CC1=CCC(O)(C(C)C)CC1,-1.9409970697
F[B-](F)(F)F.F[B-](F)(F)F.F[N+]12CC[N+](CCl)(CC1)CC2,F[B-](F)(F)F.F[B-](F)(F)F.F[N+]12CC[N+](CCl)(CC1)CC2,-0.3038119023
COc1ccc(OC)c(c1)[N+]([O-])=O,COc1ccc(OC)c([N+](=O)[O-])c1,-3.0173250803
CCCCNC(=O)OCC#CI,CCCCNC(=O)OCC#CI,-3.2033373628
[O-][N+](=O)C1=NC(=O)NN1,O=c1nc([N+](=O)[O-])[nH][nH]1,-0.8786253202
Cc1cc2NC(=O)Nc2cc1N,Cc1cc2[nH]c(=O)[nH]c2cc1N,-1.9771384819
CC(C)(C)OOC(C)(C)C,CC(C)(C)OOC(C)(C)C,-2.9320403696
CCOC(=O)\C=C\c1ccccc1,CCOC(=O)/C=C/c1ccccc1,-3.0130467638
[Na+].Cc1ccc(Nc2ccc(O)c3C(=O)c4ccccc4C(=O)c23)c(c1)[S]([O-])(=O)=O,Cc1ccc(Nc2ccc(O)c3c2C(=O)c2ccccc2C3=O)c(S(=O)(=O)[O-])c1.[Na+],-2.4023932811
O=C1NSc2ccccc12,O=c1[nH]sc2ccccc12,-1.9472895459
CSc1ccc(cc1)C(=O)C(C)(C)N2CCOCC2,CSc1ccc(C(=O)C(C)(C)N2CCOCC2)cc1,-4.1933811426
CC1(C)C2CCC3(C2)C1C(=O)CCC3(C)C,CC1(C)C2CCC3(C2)C1C(=O)CCC3(C)C,-4.0976122125
CCCCC(CC)C(=O)OOC(C)(C)CC,CCCCC(CC)C(=O)OOC(C)(C)CC,-4.116871778
COC1(CCCCCCCCCCC1)OC,COC1(OC)CCCCCCCCCCC1,-4.125654351600001
S=C1NN=C(SSC2=NNC(=S)S2)S1,S=c1[nH]nc(SSc2n[nH]c(=S)s2)s1,-3.2522133148
CCCCCCCC(C)=O,CCCCCCCC(C)=O,-2.9303113789
Cc1ccc(cc1[N+]([O-])=O)[N+]([O-])=O,Cc1ccc([N+](=O)[O-])cc1[N+](=O)[O-],-3.040285322
[Zn++].CC(C)CO[P]([S-])(=S)OCC(C)C.CC(C)CO[P]([S-])(=S)OCC(C)C,CC(C)COP(=S)([S-])OCC(C)C.CC(C)COP(=S)([S-])OCC(C)C.[Zn+2],-2.5192483347
OCCCNc1ccc(O)cc1[N+]([O-])=O,O=[N+]([O-])c1cc(O)ccc1NCCCO,-2.1105897103
CCCCCC1CC(=O)C=C(C)C1C(=O)OCC,CCCCCC1CC(=O)C=C(C)C1C(=O)OCC,-3.187166345
[Cl-].C[N+](C)(C)c1ccc2C=CC(=O)C(=N/Nc3ccc(N)c(c3)[N+]([O-])=O)\c2c1,C[N+](C)(C)c1ccc2c(c1)/C(=N/Nc1ccc(N)c([N+](=O)[O-])c1)C(=O)C=C2.[Cl-],-1.3972424196000002
Cc1ccccc1C,Cc1ccccc1C,-2.8191677601
Cc1ccc(C)cc1,Cc1ccc(C)cc1,-2.8191677601
O=C1NC(=O)C2=C1CCCC2,O=C1NC(=O)C2=C1CCCC2,-1.974517726
CC(C)C(=O)OCCc1ccccc1,CC(C)C(=O)OCCc1ccccc1,-3.0797644375
CC(=O)/C=C/C1=C(C)CCCC1(C)C,CC(=O)/C=C/C1=C(C)CCCC1(C)C,-3.0798638184
CCCCCCCCCCN(C)C,CCCCCCCCCCN(C)C,-4.0452878346
CCOC(=O)CCS[P](=S)(OC(C)C)OC(C)C,CCOC(=O)CCSP(=S)(OC(C)C)OC(C)C,-4.2747784981
O=CCC\C=C1/CC2CC1C3CCCC23,O=CCC/C=C1\CC2CC1C1CCCC21,-4.090187912699999
CCCCCCC(C)(C)S,CCCCCCC(C)(C)S,-3.9901601094
CC(CCOC=O)CCC=C(C)C,CC(C)=CCCC(C)CCOC=O,-4.0559608323
CCCS[P](=O)(OCC)Oc1ccc(Br)cc1Cl,CCCSP(=O)(OCC)Oc1ccc(Br)cc1Cl,-4.365622838
[Zn++].CCCCCCCCCc1cc2ccccc2c(c1CCCCCCCCC)[S]([O-])(=O)=O.CCCCCCCCCc3cc4ccccc4c(c3CCCCCCCCC)[S]([O-])(=O)=O,CCCCCCCCCc1cc2ccccc2c(S(=O)(=O)[O-])c1CCCCCCCCC.CCCCCCCCCc1cc2ccccc2c(S(=O)(=O)[O-])c1CCCCCCCCC.[Zn+2],-4.7884242194
CCCCCCCCC(C)C=O,CCCCCCCCC(C)C=O,-4.0270844645
COC(=O)C1CC(=O)C(CC1=O)C(=O)OC,COC(=O)C1CC(=O)C(C(=O)OC)CC1=O,-4.1541956574
CC1CO1.CC(C)(c2ccc(O)cc2)c3ccc(O)cc3.ClCC4CO4,CC(C)(c1ccc(O)cc1)c1ccc(O)cc1.CC1CO1.ClCC1CO1,-4.3744000378
[Zn++].[O-][Se]([O-])=O,O=[Se]([O-])[O-].[Zn+2],-4.0799654344
CN1COCN=C1N[N+]([O-])=O,CN1COCN=C1N[N+](=O)[O-],-1.0022923277
OCC1OC(C(O)C1O)n2cnc3C(=O)N=CNc23,O=c1nc[nH]c2c1ncn2C1OC(CO)C(O)C1O,-1.2298486435
Cc1ccc(C)c(O)c1C,Cc1ccc(C)c(O)c1C,-1.9355008883
Cc1cccc(C)c1,Cc1cccc(C)c1,-2.8328690378
CCCCCCCC(=O)NCC(O)=O,CCCCCCCC(=O)NCC(=O)O,-2.1115375925
CC(=O)OC1C(C)(C)C2CCC1(C)C2,CC(=O)OC1C2(C)CCC(C2)C1(C)C,-3.8745968837
O=[Si]=O,O=[Si]=O,-3.6026675784
OC(=O)[C@@H](NC(=O)OCc1ccccc1)C2CCCCC2,O=C(N[C@H](C(=O)O)C1CCCCC1)OCc1ccccc1,-3.2854336032
CC1=C(/C=C/C(C)(O)C=C)C(C)(C)CCC1,C=CC(C)(O)/C=C/C1=C(C)CCCC1(C)C,-3.164147933
CCCCCC#CC(=O)OC,CCCCCC#CC(=O)OC,-3.0091327736
[Mn++].[O-]P=O.[O-]P=O,O=P[O-].O=P[O-].[Mn+2],-0.0813040923
Cc1cccc(c1C)[N+]([O-])=O,Cc1cccc([N+](=O)[O-])c1C,-3.0033599893000003
Oc1ccccc1C(=O)Oc2ccccc2,O=C(Oc1ccccc1)c1ccccc1O,-3.1547687559
CC(CCOC(C)=O)CCC=C(C)C,CC(=O)OCCC(C)CCC=C(C)C,-4.095938730199999
FC(F)(F)C(F)(F)C(F)(F)C(F)(F)C=C,C=CC(F)(F)C(F)(F)C(F)(F)C(F)(F)F,-4.1979376007
O=C(Cc1ccccc1)OCCc2ccccc2,O=C(Cc1ccccc1)OCCc1ccccc1,-4.1887477927
CCC(COCC(CC)(COC(=O)C=C)COC(=O)C=C)(COC(=O)C=C)COC(=O)C=C,C=CC(=O)OCC(CC)(COCC(CC)(COC(=O)C=C)COC(=O)C=C)COC(=O)C=C,-4.4927855243
C=CC(=O)OCCN1C(=O)N(CCOC(=O)C=C)C(=O)N(CCOC(=O)C=C)C1=O,C=CC(=O)OCCn1c(=O)n(CCOC(=O)C=C)c(=O)n(CCOC(=O)C=C)c1=O,-2.4514194624
CCCCCCCC(O)=O.OCC(O)CO,CCCCCCCC(=O)O.OCC(O)CO,-3.2000007811
CC(C)c1ccc(cc1)C#N,CC(C)c1ccc(C#N)cc1,-2.9887953027
C=CCOC(=O)c1ccccc1C(=O)OCC=C,C=CCOC(=O)c1ccccc1C(=O)OCC=C,-3.2211356868000003
NC(Nc1ccccc1)=Nc2ccccc2,NC(=Nc1ccccc1)Nc1ccccc1,-2.1575163863
CC(C)(C)S,CC(C)(C)S,-1.7878458675
CC1CC(O)CC(C)(C)C1,CC1CC(O)CC(C)(C)C1,-1.9916598479
CN(C)c1ccccc1,CN(C)c1ccccc1,-1.9220736974
COc1cc(c(OC)cc1Cl)[N+]([O-])=O,COc1cc([N+](=O)[O-])c(OC)cc1Cl,-3.1793123652999995
[K+].[I-],[I-].[K+],0.935222717
[H+].[H+].[Cl-].[Cl-].CCCCCCCCN=C1C=CN(CCCCCCCCCCN2C=CC(C=C2)=NCCCCCCCC)C=C1,CCCCCCCCN=c1ccn(CCCCCCCCCCn2ccc(=NCCCCCCCC)cc2)cc1.[Cl-].[Cl-].[H+].[H+],-1.6427862658
O=C/C=C/c1ccccc1,O=C/C=C/c1ccccc1,-1.9688182578
CN(CCO)[S](=O)(=O)C(F)(F)C(F)(F)C(F)(F)C(F)(F)F,CN(CCO)S(=O)(=O)C(F)(F)C(F)(F)C(F)(F)C(F)(F)F,-3.4036850425
CC12CCCC(C)(CC1)C2=NO,CC12CCCC(C)(CC1)C2=NO,-3.0741522071
CC(=O)Nc1ccc(O)cc1,CC(=O)Nc1ccc(O)cc1,-1.0333232127
[Fe++].[O-]C(=O)\C=C/C([O-])=O,O=C([O-])/C=C\C(=O)[O-].[Fe+2],-2.0840678994
C/C=C/C(=O)C1C(=CCCC1(C)C)C,C/C=C/C(=O)C1C(C)=CCCC1(C)C,-3.1378557654000003
Cc1cc(ccc1N)[N+]([O-])=O,Cc1cc([N+](=O)[O-])ccc1N,-3.0361524841
CCCCCCCCCO,CCCCCCCCCO,-3.0130118711
CCCOC(=O)C1CCCCC1C(=O)OCCC,CCCOC(=O)C1CCCCC1C(=O)OCCC,-3.2626917327
Cc1ccc2nc(sc2c1[S](O)(=O)=O)c3ccc(N)cc3,Cc1ccc2nc(-c3ccc(N)cc3)sc2c1S(=O)(=O)O,-4.3324994616
O=C1CCCCCCCCCCCC(=O)OCCO1,O=C1CCCCCCCCCCCC(=O)OCCO1,-4.2616951793
Oc1cc(Cl)ccc1Oc2ccc(Cl)cc2,Oc1cc(Cl)ccc1Oc1ccc(Cl)cc1,-4.2393931239
CC(C)=CC\C=C(/C)C=C,C=C/C(C)=C/CC=C(C)C,-3.9729302572
CC(CC(=O)OOC(C)(C)C)CC(C)(C)C,CC(CC(=O)OOC(C)(C)C)CC(C)(C)C,-4.2100961015
Nc1nc(N)nc(Nc2nc(N)nc(N)n2)n1,Nc1nc(N)nc(Nc2nc(N)nc(N)n2)n1,-4.2253369782
CCCCOC(=O)CSCSCC(=O)OCCCC,CCCCOC(=O)CSCSCC(=O)OCCCC,-4.3430778582
COC(=O)C1CC2(CCC1(C)C=C2)C(C)C,COC(=O)C1CC2(C(C)C)C=CC1(C)CC2,-4.2008661255
CC1CCCCC1,CC1CCCCC1,-3.8459348013
CC(C)(OO)c1ccccc1,CC(C)(OO)c1ccccc1,-1.0393798776
O=C(OCC1CCC2OC2C1)C3CCC4OC4C3,O=C(OCC1CCC2OC2C1)C1CCC2OC2C1,-1.2604846902
COC(=O)OC,COC(=O)OC,0.1852603514
CC(=C)C(=O)OC1CCCCC1,C=C(C)C(=O)OC1CCCCC1,-3.0885648226
CCC(=O)OCCc1ccccc1,CCC(=O)OCCc1ccccc1,-3.1174443354
CCCC(=O)OCc1ccccc1,CCCC(=O)OCc1ccccc1,-3.1174443354
CC(=O)Nc1ccc(N)c(c1)[S](O)(=O)=O,CC(=O)Nc1ccc(N)c(S(=O)(=O)O)c1,-1.2318564393
NO[S](O)(=O)=O,NOS(=O)(=O)O,0.0752827195
CC/C=C/CCOC(=O)OC,CC/C=C/CCOC(=O)OC,-3.0698306477
C1CC2CC1C=C2,C1=CC2CCC1C2,-2.8477212054
Cc1ccc(c(C)c1)[N+]([O-])=O,Cc1ccc([N+](=O)[O-])c(C)c1,-3.0555996074
OC(=O)CSc1sc2ccccc2n1,O=C(O)CSc1nc2ccccc2s1,-3.2288979848
CC(C)(C)c1ccc(CCC=O)cc1,CC(C)(C)c1ccc(CCC=O)cc1,-3.1588329057
OC(=O)c1cc(cc(c1)[N+]([O-])=O)[N+]([O-])=O,O=C(O)c1cc([N+](=O)[O-])cc([N+](=O)[O-])c1,-2.2076497234
CC1(C)CC(CC(C)(C)N1)N(CCCCCCN(C=O)C2CC(C)(C)NC(C)(C)C2)C=O,CC1(C)CC(N(C=O)CCCCCCN(C=O)C2CC(C)(C)NC(C)(C)C2)CC(C)(C)N1,-1.5399557687999998
NNC(N)=S,NNC(N)=S,-0.8457609068
CCCCC(CC)C1OCCO1,CCCCC(CC)C1OCCO1,-3.1195968677
CCC(C)(C)OOC(C)(C)CC,CCC(C)(C)OOC(C)(C)CC,-4.1004353388
CCC(=O)/C=C/C1=C(C)CCCC1(C)C,CCC(=O)/C=C/C1=C(C)CCCC1(C)C,-4.187455475
CC(C)C(OC(=O)C(C)C)C(C)(C)COC(=O)C(C)C,CC(C)C(=O)OCC(C)(C)C(OC(=O)C(C)C)C(C)C,-4.333139569
CCC(=O)OC1CCC(CC1)C(C)C,CCC(=O)OC1CCC(C(C)C)CC1,-4.1734842136
CCCCCCCC[Si](OC)(OC)OC,CCCCCCCC[Si](OC)(OC)OC,-4.2461281993
CCC1(C)OOC(C)(CC)OOC(C)(CC)OO1,CCC1(C)OOC(C)(CC)OOC(C)(CC)OO1,-4.3048554438
O[C@]12COC(O[C@@H]1[C@H]3OC(OC[C@H]3O2)c4ccccc4)c5ccccc5,O[C@]12COC(c3ccccc3)O[C@@H]1[C@H]1OC(c3ccccc3)OC[C@H]1O2,-4.4379626594
CCOC(=O)C1=NN(C(=O)C1)c2ccccc2,CCOC(=O)C1=NN(c2ccccc2)C(=O)C1,-3.2553454425
C=CCCCCCC=O,C=CCCCCCC=O,-1.9972521926
OC(=O)C(c1ccccc1)c2ccccc2,O=C(O)C(c1ccccc1)c1ccccc1,-3.2230398856
CC(C)OC(Cl)=O,CC(C)OC(=O)Cl,-0.9882911293
[Na+].Oc1ccccc1C([O-])=O,O=C([O-])c1ccccc1O.[Na+],-0.1074921693999999
CC(=O)OC(=C)c1ccccc1,C=C(OC(C)=O)c1ccccc1,-2.1135953878
CCOC(=O)CC1(C)OCC(C)O1,CCOC(=O)CC1(C)OCC(C)O1,-2.1798872233
Clc1cccc(Cl)c1,Clc1cccc(Cl)c1,-3.0721598007
Cc1ccccc1CCO,Cc1ccccc1CCO,-1.042878011
Oc1ccc(Cl)c(O)c1,Oc1ccc(Cl)c(O)c1,-1.070567643
CC1(C)C2CC(O)C(=C)C1C2,C=C1C(O)CC2CC1C2(C)C,-2.09612479
CC(C)C1CCC(O)CC1,CC(C)C1CCC(O)CC1,-2.0680942751
[O-][N+](=O)c1ccc(Cl)c(Cl)c1,O=[N+]([O-])c1ccc(Cl)c(Cl)c1,-3.2005181203
[Na+].[Na+].CC1=NN(C(=O)C1N=Nc2ccc(cc2)[S]([O-])(=O)=O)c3cc(Cl)c(cc3Cl)[S]([O-])(=O)=O,CC1=NN(c2cc(Cl)c(S(=O)(=O)[O-])cc2Cl)C(=O)C1N=Nc1ccc(S(=O)(=O)[O-])cc1.[Na+].[Na+],-0.6605427703
N.[Fe+3].OC(CC([O-])=O)(CC([O-])=O)C([O-])=O,N.O=C([O-])CC(O)(CC(=O)[O-])C(=O)[O-].[Fe+3],0.6609213970000001
[Na+].[Na+].Nc1ccc(cc1[S]([O-])(=O)=O)N=Nc2ccc(cc2)[S]([O-])(=O)=O,Nc1ccc(N=Nc2ccc(S(=O)(=O)[O-])cc2)cc1S(=O)(=O)[O-].[Na+].[Na+],-0.5243236254
C=CC(=O)OCCCOCC(COCCCOC(=O)C=C)OCCCOC(=O)C=C,C=CC(=O)OCCCOCC(COCCCOC(=O)C=C)OCCCOC(=O)C=C,-2.5527472821
CC(=O)Nc1ccc(cc1)[S](=O)(=O)CCO,CC(=O)Nc1ccc(S(=O)(=O)CCO)cc1,-2.3069323017
C#C,C#C,-1.3364263766
CCC(=O)c1ccccc1,CCC(=O)c1ccccc1,-2.0485000681
CC(C)(C)c1ccc(C=O)cc1,CC(C)(C)c1ccc(C=O)cc1,-3.1309552762
Nc1ccc2cc(ccc2c1)[S](O)(=O)=O,Nc1ccc2cc(S(=O)(=O)O)ccc2c1,-3.2696160575
CCC(=O)CCC1C(=CCCC1(C)C)C.OCC#C,C#CCO.CCC(=O)CCC1C(C)=CCCC1(C)C,-4.3219056885
CCCCC(CC)CO[N+]([O-])=O,CCCCC(CC)CO[N+](=O)[O-],-4.1466934911
CCOC1CC(C)CC(C)(C)C1,CCOC1CC(C)CC(C)(C)C1,-4.1342944341
CC(C)CCCCCOC(=O)C=C,C=CC(=O)OCCCCCC(C)C,-4.1706554665
O=C1N(SC2CCCCC2)C(=O)c3ccccc13,O=C1c2ccccc2C(=O)N1SC1CCCCC1,-4.3237941723
Cc1cc(C)c(c(C)c1Nc2ccc(Nc3c(C)cc(C)c(c3C)[S](=O)(=O)NC4CCCCC4)c5C(=O)c6ccccc6C(=O)c25)[S](=O)(=O)NC7CCCCC7,Cc1cc(C)c(S(=O)(=O)NC2CCCCC2)c(C)c1Nc1ccc(Nc2c(C)cc(C)c(S(=O)(=O)NC3CCCCC3)c2C)c2c1C(=O)c1ccccc1C2=O,-4.8187034651
Cc1cc(c(O)c(C)c1CC#N)C(C)(C)C,Cc1cc(C(C)(C)C)c(O)c(C)c1CC#N,-4.2579024627
S=[Cd],[Cd+2].[S-2],-4.080623481
CCO[P](=O)(Cc1cc(c(O)c(c1)C(C)(C)C)C(C)(C)C)OCC,CCOP(=O)(Cc1cc(C(C)(C)C)c(O)c(C(C)(C)C)c1)OCC,-4.4728088442
[O--].[O--].[O--].[O--].[O--].[O--].[O--].[O--].[O--].[Fe+3].[Fe+3].[Mo].[Mo],[Fe+3].[Fe+3].[Mo].[Mo].[O-2].[O-2].[O-2].[O-2].[O-2].[O-2].[O-2].[O-2].[O-2],-4.5716709895
[Zn++].CC(C)(C)CC(C)(C)CC([O-])=O.CC(C)(C)CC(C)(C)CC([O-])=O,CC(C)(C)CC(C)(C)CC(=O)[O-].CC(C)(C)CC(C)(C)CC(=O)[O-].[Zn+2],-3.5342880969
CC(CCC=C(C)C)CC#N,CC(C)=CCCC(C)CC#N,-3.104157036
CC(=O)Oc1ccccc1[N+]([O-])=O,CC(=O)Oc1ccccc1[N+](=O)[O-],-2.1855239105
CCOc1cc(NC(=O)c2ccccc2)c(OCC)cc1N,CCOc1cc(NC(=O)c2ccccc2)c(OCC)cc1N,-2.4057571965
S=C1Nc2ccccc2S1,S=c1[nH]c2ccccc2s1,-3.1515048921
O=C1CCN(N1)c2ccccc2,O=C1CCN(c2ccccc2)N1,-1.1448233011
Cc1ccccc1CCl,Cc1ccccc1CCl,-3.0813269237
CC(=C)c1ccccc1,C=C(C)c1ccccc1,-3.0080823215
COc1cc(CC=C)ccc1O,C=CCc1ccc(O)c(OC)c1,-2.1531779235
[K].CCCCCCCCCCCCCCCCCC.O[P](O)(O)=O,CCCCCCCCCCCCCCCCCC.O=P([O-])(O)O.[K+],-3.5298030639
[K+].O[Si]([O-])=O,O=[Si]([O-])O.[K+],-3.0044671735
O.O.O.O.O.[Na+].[Na+].[O-][Si]([O-])=O,O.O.O.O.O.O=[Si]([O-])[O-].[Na+].[Na+],-3.2659206297
Fc1cccc(F)c1,Fc1cccc(F)c1,-2.0003579549
[Cd++].[O-]C([O-])=O,O=C([O-])[O-].[Cd+2],-2.1796827894
CC\C=C/CCOC(=O)C(C)C,CC/C=C\CCOC(=O)C(C)C,-3.1741873711
Cc1cc(C)c(c(C)c1Nc2ccc(Nc3c(C)cc(C)c(c3C)[S](O)(=O)=O)c4C(=O)c5ccccc5C(=O)c24)[S](O)(=O)=O.NCCCCCCN,Cc1cc(C)c(S(=O)(=O)O)c(C)c1Nc1ccc(Nc2c(C)cc(C)c(S(=O)(=O)O)c2C)c2c1C(=O)c1ccccc1C2=O.NCCCCCCN,-2.8206093768
CC1C(C)(C)C2=C(C(=O)CCC2)C1(C)C,CC1C(C)(C)C2=C(C(=O)CCC2)C1(C)C,-3.2653422506
CC(C)(c1ccc(OCCO)cc1)c2ccc(OCCO)cc2,CC(C)(c1ccc(OCCO)cc1)c1ccc(OCCO)cc1,-3.4517905533999995
CC(C)NC(C)C,CC(C)NC(C)C,0.0362422138
C[C@@H]1O[C@@H](O[C@@H]2[C@@H](O)[C@H](O)[C@@H](CO)O[C@H]2Oc3cc(O)c4C(=O)C[C@H](Oc4c3)c5ccc(O)cc5)[C@H](O)[C@H](O)[C@H]1O,C[C@@H]1O[C@@H](O[C@H]2[C@H](Oc3cc(O)c4c(c3)O[C@H](c3ccc(O)cc3)CC4=O)O[C@H](CO)[C@@H](O)[C@@H]2O)[C@H](O)[C@H](O)[C@H]1O,-2.7224387153
[Sn++].[O-]C(=O)C([O-])=O,O=C([O-])C(=O)[O-].[Sn+2],-2.2740087187
[Mg++].[O-]C([O-])=O,O=C([O-])[O-].[Mg+2],-2.8845018574
CC(C)COC(=O)c1ccccc1C(=O)OCC(C)C,CC(C)COC(=O)c1ccccc1C(=O)OCC(C)C,-4.3838902648
CC(CCNC(=O)OCCOC(=O)C(C)=C)CC(C)(C)CNC(=O)OCCOC(=O)C(C)=C,C=C(C)C(=O)OCCOC(=O)NCCC(C)CC(C)(C)CNC(=O)OCCOC(=O)C(=C)C,-4.619923834
CCC(CC)CC1(CCCCC1)C(O)=O,CCC(CC)CC1(C(=O)O)CCCCC1,-4.281694517
CCCCOC(=O)\C=C\C(=O)OCCCC,CCCCOC(=O)/C=C/C(=O)OCCCC,-4.3135515372
CC(=C)C(=O)OCCOC(=O)C(C)=C,C=C(C)C(=O)OCCOC(=O)C(=C)C,-2.2613132646
[Cl-].C[NH3+],C[NH3+].[Cl-],-1.796002246
Cc1cccc(C)c1C.C2Cc3ccccc3C2.C4C=Cc5ccccc45,C1=Cc2ccccc2C1.Cc1cccc(C)c1C.c1ccc2c(c1)CCC2,-3.51623781
Oc1ccc(cc1)C(=O)OCc2ccccc2,O=C(OCc1ccccc1)c1ccc(O)cc1,-3.3249813225
N#C/C=C/c1ccccc1,N#C/C=C/c1ccccc1,-2.0829703418000003
Nc1cccc(c1)[S](=O)(=O)CCO[S](O)(=O)=O,Nc1cccc(S(=O)(=O)CCOS(=O)(=O)O)c1,-1.4238808493
CC(=O)/C=C/C1C(=CCCC1(C)C)C,CC(=O)/C=C/C1C(C)=CCCC1(C)C,-3.2586779358
CCOC=O,CCOC=O,0.1514941879
Nc1cc(ccc1C(O)=O)[S](O)(=O)=O,Nc1cc(S(=O)(=O)O)ccc1C(=O)O,-1.3156745209
NCCc1ccc(O)cc1,NCCc1ccc(O)cc1,-1.1161078312
[Na+].CN(C1CCCCC1)[S](=O)(=O)c2ccccc2NNC3=C4C(=O)C=C(C=C4C=CC3=N)[S]([O-])(=O)=O,CN(C1CCCCC1)S(=O)(=O)c1ccccc1NNC1=C2C(=O)C=C(S(=O)(=O)[O-])C=C2C=CC1=N.[Na+],-2.7116859389
CCCCOCCOC(=O)c1ccccc1,CCCCOCCOC(=O)c1ccccc1,-3.3224225356
COc1cc(ccc1N)[N+]([O-])=O,COc1cc([N+](=O)[O-])ccc1N,-3.2045127381
S=[Zn],[S-2].[Zn+2],-2.9676237394
OC(=O)CN(CCCN(CC(O)=O)CC(O)=O)CC(O)=O,O=C(O)CN(CCCN(CC(=O)O)CC(=O)O)CC(=O)O,-1.4690725372
Oc1cc(F)c(F)c(F)c1,Oc1cc(F)c(F)c(F)c1,-0.1536096917
CCCCCC(O)=O,CCCCCC(=O)O,-1.0522193787
CCCCOC(=O)CC(O)(CC(=O)OCCCC)C(=O)OCCCC,CCCCOC(=O)CC(O)(CC(=O)OCCCC)C(=O)OCCCC,-3.5452709716000004
CC1C=C(C)CCC1COC(C)=O,CC(=O)OCC1CCC(C)=CC1C,-3.2503985577
CCCCC(CC)COC(=O)CC#N,CCCCC(CC)COC(=O)CC#N,-3.2864784846
[Pb++].[O-][S]([O-])(=O)=O.O=[Pb].O=[Pb].O=[Pb],O=S(=O)([O-])[O-].[O-2].[O-2].[O-2].[Pb+2].[Pb+2].[Pb+2].[Pb+2],-3.9794501756
CC1(C)S[C@@H]2[C@H](NC(=O)[C@H](N)c3ccccc3)C(=O)N2[C@H]1C(O)=O,CC1(C)S[C@@H]2[C@H](NC(=O)[C@H](N)c3ccccc3)C(=O)N2[C@H]1C(=O)O,-1.5390164423
Nc1ccc(Cc2ccc(N)cc2)cc1,Nc1ccc(Cc2ccc(N)cc2)cc1,-2.2929334424000003
CCOc1ccc2NC(C)(C)C=C(C)c2c1,CCOc1ccc2c(c1)C(C)=CC(C)(C)N2,-3.332762335
CCCCCCCCC=O,CCCCCCCCC=O,-3.1487064763
NCc1occc1,NCc1ccco1,1.0127047417
OCC(F)(F)F,OCC(F)(F)F,0.9998306582
C[Si]1O[Si](C)O[Si](C)O[Si](C)O[Si](C)O1,C[Si]1O[Si](C)O[Si](C)O[Si](C)O[Si](C)O1,0.5292955703
CCOCCOCCOC(C)=O,CCOCCOCCOC(C)=O,0.7539645195999999
CC(=C)O[Si](OC(C)=C)(OC(C)=C)C=C,C=C[Si](OC(=C)C)(OC(=C)C)OC(=C)C,0.6452233386
OCCCCO,OCCCCO,1.0451691789
C[Si]1(C)O[Si](C)(C)O[Si](C)(C)O1,C[Si]1(C)O[Si](C)(C)O[Si](C)(C)O1,0.652738306
OCC(O)CO,OCC(O)CO,1.0357686635
[Br-].CC[N+](CC)(CC)CC,CC[N+](CC)(CC)CC.[Br-],0.6774520067
[Cl-].CC[N+](CC)(CC)CC,CC[N+](CC)(CC)CC.[Cl-],0.7806565243000001
[K+].C[Si](O)(O)[O-],C[Si]([O-])(O)O.[K+],0.8786634333
CC/C(C)=N/O[Si@](C)(O\N=C(C)\CC)O\N=C(C)\CC,CC/C(C)=N/O[Si](C)(O/N=C(\C)CC)O/N=C(\C)CC,-0.4792340167
OO,OO,0.4683422926
[Na+].[Na+].CC1=CC(/C=C(C1=N)[S]([O-])(=O)=O)=C(/c2ccc(N)c(c2)[S](O)(=O)=O)c3ccc(N)c(c3)[S]([O-])(=O)=O,CC1=C/C(=C(\c2ccc(N)c(S(=O)(=O)[O-])c2)c2ccc(N)c(S(=O)(=O)O)c2)C=C(S(=O)(=O)[O-])C1=N.[Na+].[Na+],-1.7675632436000002
Cc1ccc(C(O)=O)c(O)c1,Cc1ccc(C(=O)O)c(O)c1,-1.1822691023
OC(=O)c1cc(ccc1O)[N+]([O-])=O,O=C(O)c1cc([N+](=O)[O-])ccc1O,-2.2627334080000003
Cc1ccc(cc1C)[N+]([O-])=O,Cc1ccc([N+](=O)[O-])cc1C,-3.1794512484
ClCc1ccccc1Cl,ClCc1ccccc1Cl,-3.2069094899
N#CCc1ccccc1,N#CCc1ccccc1,-3.0687460001
Cc1cc(Cc2cc(C)c(O)c(C)c2)cc(C)c1O,Cc1cc(Cc2cc(C)c(O)c(C)c2)cc(C)c1O,-3.4088248510000003
[Na].CCCCCCCCCCCCO[S](=O)(=O)c1ccccc1,[CH2-]CCCCCCCCCCCOS(=O)(=O)c1ccccc1.[Na+],-3.543437239
CCCCCCCCCCCCCO,CCCCCCCCCCCCCO,-3.3018240282
[Bi+3].OC(CC([O-])=O)(CC([O-])=O)C([O-])=O,O=C([O-])CC(O)(CC(=O)[O-])C(=O)[O-].[Bi+3],-4.5597626401
CCOC(=O)OC1CCCCC1C(C)(C)C,CCOC(=O)OC1CCCCC1C(C)(C)C,-4.3211402828
[H+].[Cl-].CN(C)C(=O)C(CCN1CCC(O)(CC1)c2ccc(Cl)cc2)(c3ccccc3)c4ccccc4,CN(C)C(=O)C(CCN1CCC(O)(c2ccc(Cl)cc2)CC1)(c1ccccc1)c1ccccc1.[Cl-].[H+],-4.6731215617
CCCCCC(=O)OC(=O)CCCCC,CCCCCC(=O)OC(=O)CCCCC,-4.296805043
CCCCCCCCCC(C)=O,CCCCCCCCCC(C)=O,-4.2018206695
CC(C)(C)OOC(C)(C)c1ccccc1,CC(C)(C)OOC(C)(C)c1ccccc1,-4.2909341502
CC(C)CCCCCOC(=O)CS,CC(C)CCCCCOC(=O)CS,-4.2850368969
C=CCCCCC=C,C=CCCCCC=C,-4.0232731502
CC(=O)O[C@@H]1CCCC[C@@H]1C(C)(C)C,CC(=O)O[C@@H]1CCCC[C@@H]1C(C)(C)C,-4.2973358545
Oc1cc(Cl)ccc1Oc2ccc(Cl)cc2Cl,Oc1cc(Cl)ccc1Oc1ccc(Cl)cc1Cl,-4.4617160697000005
CCCCCCCCCCCCCCCCCC(=O)NCCCN(C)C,CCCCCCCCCCCCCCCCCC(=O)NCCCN(C)C,-4.5666142382
[Na+].O[S](=O)(=O)c1ccc(cc1)N=Nc2ccc(N\N=C3/C(=O)C=Cc4ccccc34)cc2,O=C1C=Cc2ccccc2/C1=N/Nc1ccc(N=Nc2ccc(S(=O)(=O)O)cc2)cc1.[Na+],-4.65844166
[OH-].[OH-].[Mg++],[Mg+2].[OH-].[OH-],-4.4691448782
CC(=C)C1CCC(=CC1)C.CC2=CCC3CC2C3(C)C.CC45CCC(CC4)C(C)(C)O5,C=C(C)C1CC=C(C)CC1.CC12CCC(CC1)C(C)(C)O2.CC1=CCC2CC1C2(C)C,-5.3356859318000005
CCCCCCCCCCCCO,CCCCCCCCCCCCO,-4.9847464515
[Cu+].[S-]C#N,N#C[S-].[Cu+],-4.8040109101
Nc1ccc(O[P](=S)(Oc2ccc(N)cc2)Oc3ccc(N)cc3)cc1,Nc1ccc(OP(=S)(Oc2ccc(N)cc2)Oc2ccc(N)cc2)cc1,-5.3094071365
CC(=C)C(=O)OCCOc1ccc(cc1)C(C)(C)c2ccc(OCCOC(=O)C(C)=C)cc2,C=C(C)C(=O)OCCOc1ccc(C(C)(C)c2ccc(OCCOC(=O)C(=C)C)cc2)cc1,-5.3792018861
CC1(C)CCC[C@@]2(C)[C@H]1CC[C@@]3(C)OCC[C@H]23,CC1(C)CCC[C@]2(C)[C@H]3CCO[C@]3(C)CC[C@@H]12,-5.0994877858
CC1(C)CCCC2(C)C1CCC3(C)OCCC23,CC1(C)CCCC2(C)C1CCC1(C)OCCC12,-5.0994877858
CCCCC\C(=C/c1ccccc1)C(OCC)OCC,CCCCC/C(=C\c1ccccc1)C(OCC)OCC,-5.1720565184
[La+3].[La+3].[O-]C([O-])=O.[O-]C([O-])=O.[O-]C([O-])=O,O=C([O-])[O-].O=C([O-])[O-].O=C([O-])[O-].[La+3].[La+3],-5.3958921156
CC(=O)CC(=O)Nc1ccc(cc1C)c2ccc(NC(=O)CC(C)=O)c(C)c2,CC(=O)CC(=O)Nc1ccc(-c2ccc(NC(=O)CC(C)=O)c(C)c2)cc1C,-5.3250182341
CC(=O)Nc1ccc(NC(=O)c2cc3ccccc3cc2O)cc1,CC(=O)Nc1ccc(NC(=O)c2cc3ccccc3cc2O)cc1,-5.2503495118
Cc1ccc(Cl)cc1NC(=O)c2cc3ccccc3cc2O,Cc1ccc(Cl)cc1NC(=O)c1cc2ccccc2cc1O,-5.2385590319
[OH-].[OH-].[OH-].[Nd+3],[Nd+3].[OH-].[OH-].[OH-],-5.0353430041000005
CC(C)(C)NSc1sc2ccccc2n1,CC(C)(C)NSc1nc2ccccc2s1,-5.136722389
[Te],[Te],-4.875401753
CCCC(=O)OCCC(C)CCC=C(C)C,CCCC(=O)OCCC(C)CCC=C(C)C,-5.142612080899999
COc1ccc(NC(=O)c2cc3ccccc3cc2O)cc1,COc1ccc(NC(=O)c2cc3ccccc3cc2O)cc1,-5.2632246549
CC(c1ccc(OC#N)cc1)c2ccc(OC#N)cc2,CC(c1ccc(OC#N)cc1)c1ccc(OC#N)cc1,-5.2179508887
CCCCCCCC[Sn](Cl)(Cl)CCCCCCCC,CCCCCCC[CH2][Sn]([Cl])([Cl])[CH2]CCCCCCC,-5.4150412012
[O--].[O--].[O--].[Dy+3].[Dy+3],[Dy+3].[Dy+3].[O-2].[O-2].[O-2],-5.3675853562
CCCCCCCCCCCC=O,CCCCCCCCCCCC=O,-5.0614595476
CCC1(C)Nc2cccc3cccc(N1)c23,CCC1(C)Nc2cccc3cccc(c23)N1,-3.2477605654
CCCCC(CC)C(=O)OCCOCCOCCOC(=O)C(CC)CCCC,CCCCC(CC)C(=O)OCCOCCOCCOC(=O)C(CC)CCCC,-5.4201521344
CC(=C)c1ccc(cc1)C(=O)C(C)(C)O.CC(C)(O)C(=O)c2ccc(cc2)C3(C)CC(C)(C)c4cc(ccc34)C(=O)C(C)(C)O.CC(C)(O)C(=O)c5ccc(cc5)C6(C)CC(C)(C)c7ccc(cc67)C(=O)C(C)(C)O,C=C(C)c1ccc(C(=O)C(C)(C)O)cc1.CC(C)(O)C(=O)c1ccc(C2(C)CC(C)(C)c3cc(C(=O)C(C)(C)O)ccc32)cc1.CC(C)(O)C(=O)c1ccc(C2(C)CC(C)(C)c3ccc(C(=O)C(C)(C)O)cc32)cc1,-5.8273288792
Nc1c(ccc2C(=O)c3ccccc3C(=O)c12)c4oc5cc6C(=O)c7ccccc7C(=O)c6cc5n4,Nc1c(-c2nc3cc4c(cc3o2)C(=O)c2ccccc2C4=O)ccc2c1C(=O)c1ccccc1C2=O,-5.4964129822
CCOc1ccc(NC(=O)c2cc3ccccc3cc2O)cc1,CCOc1ccc(NC(=O)c2cc3ccccc3cc2O)cc1,-5.311540545400001
COc1cc(OC)c(NC(=O)c2cc3ccccc3cc2O)cc1Cl,COc1cc(OC)c(NC(=O)c2cc3ccccc3cc2O)cc1Cl,-5.3775405806
O=C(Nc1cccc2C(=O)c3c4[nH]c5c(cc(NC(=O)c6ccccc6)c7C(=O)c8ccccc8C(=O)c57)c4ccc3C(=O)c12)c9ccccc9,O=C(Nc1cccc2c(=O)c3c(ccc4c5cc(NC(=O)c6ccccc6)c6c(=O)c7ccccc7c(=O)c6c5[nH]c43)c(=O)c12)c1ccccc1,-5.647161854
COc1ccc(cc1)C(=O)CSc2cccc(OC)c2,COc1ccc(C(=O)CSc2cccc(OC)c2)cc1,-5.284725265
O=C1c2ccccc2C(=O)c3c4Nc5ccc6c7ccccc7C(=O)c8ccc(c4ccc13)c5c68,O=C1c2ccccc2C(=O)c2c1ccc1c2[nH]c2ccc3c4ccccc4c(=O)c4ccc1c2c43,-5.506567842999999
CC1(C)CO[P](=S)(OC1)O[P]2(=S)OCC(C)(C)CO2,CC1(C)COP(=S)(OP2(=S)OCC(C)(C)CO2)OC1,-5.393383394500001
CC(C)C1CCC(=CC1)C,CC1=CCC(C(C)C)CC1,-5.0103439368
OC(=O)CCCCCNc1nc(NCCCCCC(O)=O)nc(NCCCCCC(O)=O)n1,O=C(O)CCCCCNc1nc(NCCCCCC(=O)O)nc(NCCCCCC(=O)O)n1,-2.5423613079
CC(C)CCCCCCCOC(=O)C=C,C=CC(=O)OCCCCCCCC(C)C,-5.1999126975
CCCCCCCCCC(C)C=O,CCCCCCCCCC(C)C=O,-5.151636178
CN(C)c1ccc(cc1)C(c2ccc(cc2)N(C)C)c3ccc(cc3)N(C)C,CN(C)c1ccc(C(c2ccc(N(C)C)cc2)c2ccc(N(C)C)cc2)cc1,-5.458398412699999
[Gd+3].[Gd+3].[O-]C(=O)C([O-])=O.[O-]C(=O)C([O-])=O.[O-]C(=O)C([O-])=O,O=C([O-])C(=O)[O-].O=C([O-])C(=O)[O-].O=C([O-])C(=O)[O-].[Gd+3].[Gd+3],-5.648400548200001
[Y],[Y],-4.8349877189
O=C1c2cccc(Sc3ccccc3)c2C(=O)c4c(Sc5ccccc5)cccc14,O=C1c2cccc(Sc3ccccc3)c2C(=O)c2c(Sc3ccccc3)cccc21,-5.517335043099999
[O--].[O--].[O--].[O--].[O--].[O--].[O--].[O--].[O--].[O--].[O--].[Pr+3].[Pr+3].[Pr+3].[Pr+3].[Pr+3].[Pr+3],[O-2].[O-2].[O-2].[O-2].[O-2].[O-2].[O-2].[O-2].[O-2].[O-2].[O-2].[Pr+3].[Pr+3].[Pr+3].[Pr+3].[Pr+3].[Pr+3],-5.905407864500001
Cc1cc(ccc1O)C2(CCCCC2)c3ccc(O)c(C)c3,Cc1cc(C2(c3ccc(O)c(C)c3)CCCCC2)ccc1O,-5.3715223063
[Ca++].Cc1ccc(N\N=C\2C(=O)C(=Cc3ccccc23)C([O-])=O)c(c1)[S]([O-])(=O)=O,Cc1ccc(N/N=C2\C(=O)C(C(=O)[O-])=Cc3ccccc32)c(S(=O)(=O)[O-])c1.[Ca+2],-5.5486422223
CCCCC(CC)COC(=O)\C=C\C(=O)OCC(CC)CCCC,CCCCC(CC)COC(=O)/C=C/C(=O)OCC(CC)CCCC,-5.4565752567
CC(C)(COC(=O)c1ccccc1)COC(=O)c2ccccc2,CC(C)(COC(=O)c1ccccc1)COC(=O)c1ccccc1,-5.4227803586
[Ca++].O[PH]([O-])=O.O[PH]([O-])=O,O=[PH]([O-])O.O=[PH]([O-])O.[Ca+2],-5.253149755
CCOCOC1CCCCCCCCCCC1,CCOCOC1CCCCCCCCCCC1,-5.335319967699999
CC(C)(c1cc(Br)c(O)c(Br)c1)c2cc(Br)c(O)c(Br)c2,CC(C)(c1cc(Br)c(O)c(Br)c1)c1cc(Br)c(O)c(Br)c1,-5.6941064111
CC(C)CCOC(=O)c1ccccc1C(=O)OCCC(C)C,CC(C)CCOC(=O)c1ccccc1C(=O)OCCC(C)C,-5.444898910599999
[Zn++].CCN(CC)C([S-])=S.CCN(CC)C([S-])=S,CCN(CC)C(=S)[S-].CCN(CC)C(=S)[S-].[Zn+2],-5.5333331166
O=[P](Oc1ccccc1)(Oc2ccccc2)Oc3cccc(O[P](=O)(Oc4ccccc4)Oc5ccccc5)c3,O=P(Oc1ccccc1)(Oc1ccccc1)Oc1cccc(OP(=O)(Oc2ccccc2)Oc2ccccc2)c1,-5.7380720068
[nH]1c2ccccc2c3ccccc13,c1ccc2c(c1)[nH]c1ccccc12,-5.2104276195
O=C(OC1CCCCC1)c2ccccc2C(=O)OC3CCCCC3,O=C(OC1CCCCC1)c1ccccc1C(=O)OC1CCCCC1,-5.5126055421
CC(=O)OC1(CCC2C3CCC4=CC(=O)CCC4(C)C3CCC12C)C(C)=O,CC(=O)OC1(C(C)=O)CCC2C3CCC4=CC(=O)CCC4(C)C3CCC21C,-5.5668107327
CCCCCCCC/C=C/CCCCCCCC(=O)N(CCO)CCO,CCCCCCCC/C=C/CCCCCCCC(=O)N(CCO)CCO,-5.567720212
CCOC(=O)C(=Cc1ccc(cc1)C=C(C(=O)OCC)C(=O)OCC)C(=O)OCC,CCOC(=O)C(=Cc1ccc(C=C(C(=O)OCC)C(=O)OCC)cc1)C(=O)OCC,-5.6216352692
O=C(OCCc1ccccc1)/C=C/c2ccccc2,O=C(/C=C/c1ccccc1)OCCc1ccccc1,-5.4019396274
CCCCCCCCCCCCCCCCCC(=O)NCCO,CCCCCCCCCCCCCCCCCC(=O)NCCO,-5.5152815814
Oc1cc2ccccc2cc1C(=O)Nc3ccc(Cl)cc3,O=C(Nc1ccc(Cl)cc1)c1cc2ccccc2cc1O,-5.4738386427
CCCCC(Cc1cc(c(O)c(c1)C(C)(C)C)C(C)(C)C)(C(=O)OC2CC(C)(C)N(C)C(C)(C)C2)C(=O)OC3CC(C)(C)N(C)C(C)(C)C3,CCCCC(Cc1cc(C(C)(C)C)c(O)c(C(C)(C)C)c1)(C(=O)OC1CC(C)(C)N(C)C(C)(C)C1)C(=O)OC1CC(C)(C)N(C)C(C)(C)C1,-5.8357203688
Fc1ccccc1C(=O)c2cc(Cl)ccc2NC(=O)CBr,O=C(CBr)Nc1ccc(Cl)cc1C(=O)c1ccccc1F,-5.5693457861
C[C@@H]1CC[C@H]2C(C)(C)C3CC12CCC3(C)OC(C)=O,CC(=O)OC1(C)CCC23CC1C(C)(C)[C@@H]2CC[C@H]3C,-5.4266410391
CCCCCCC(O)CCCCCCCCCCC(O)=O,CCCCCCC(O)CCCCCCCCCCC(=O)O,-5.4883700889
O=C1n2c3ccccc3nc2c4ccc5c6nc7ccccc7n6C(=O)c8ccc1c4c58,O=c1c2ccc3c(=O)n4c5ccccc5nc4c4ccc(c2c34)c2nc3ccccc3n12,-5.633055848200001
[Ba++].Cc1ccc(N\N=C\2C(=O)C(=Cc3ccccc23)C([O-])=O)c(c1)[S]([O-])(=O)=O,Cc1ccc(N/N=C2\C(=O)C(C(=O)[O-])=Cc3ccccc32)c(S(=O)(=O)[O-])c1.[Ba+2],-5.7351471063
CC(C)(c1ccc(OC#N)cc1)c2ccc(OC#N)cc2,CC(C)(c1ccc(OC#N)cc1)c1ccc(OC#N)cc1,-5.4695583775
CCCCCCCCCCCC#N,CCCCCCCCCCCC#N,-5.2899699473
Clc1ccc(cc1)[S](=O)(=O)c2ccc(Cl)cc2,O=S(=O)(c1ccc(Cl)cc1)c1ccc(Cl)cc1,-5.5236360799
CC(C)CCC(C)Nc1ccc(NC(C)CCC(C)C)cc1,CC(C)CCC(C)Nc1ccc(NC(C)CCC(C)C)cc1,-5.5751336546
CC(CO)C1CCCCCCCCCCC1,CC(CO)C1CCCCCCCCCCC1,-5.451794108500001
COC(=O)CCCCCCCCC=C,C=CCCCCCCCCC(=O)OC,-5.3975153521
[Al+3].[Al+3].[O-]C(=O)c1c(Cl)c(Cl)c(Cl)c(Cl)c1C2=C3C=C(Br)C(=O)C(=C3Oc4c(Br)c([O-])c(Br)cc24)Br.[O-]C(=O)c5c(Cl)c(Cl)c(Cl)c(Cl)c5C6=C7C=C(Br)C(=O)C(=C7Oc8c(Br)c([O-])c(Br)cc68)Br.[O-]C(=O)c9c(Cl)c(Cl)c(Cl)c(Cl)c9C%10=C%11C=C(Br)C(=O)C(=C%11Oc%12c(Br)c([O-])c(Br)cc%10%12)Br,O=C([O-])c1c(Cl)c(Cl)c(Cl)c(Cl)c1-c1c2cc(Br)c(=O)c(Br)c-2oc2c(Br)c([O-])c(Br)cc12.O=C([O-])c1c(Cl)c(Cl)c(Cl)c(Cl)c1-c1c2cc(Br)c(=O)c(Br)c-2oc2c(Br)c([O-])c(Br)cc12.O=C([O-])c1c(Cl)c(Cl)c(Cl)c(Cl)c1-c1c2cc(Br)c(=O)c(Br)c-2oc2c(Br)c([O-])c(Br)cc12.[Al+3].[Al+3],-6.4900690111
[O--].[O--].[O--].[Bi+3].[Bi+3],[Bi+3].[Bi+3].[O-2].[O-2].[O-2],-5.777924821699999
C[C@]12CC[C@H]3[C@@H](CCc4cc(O)ccc34)[C@@H]1CCC2=O,C[C@]12CC[C@@H]3c4ccc(O)cc4CC[C@H]3[C@@H]1CCC2=O,-5.5511481213
Cc1cc(c(O)c(c1)C(C)(C)C)C(C)(C)C,Cc1cc(C(C)(C)C)c(O)c(C(C)(C)C)c1,-5.462311288
FC(F)(F)C(F)(F)C(F)(F)C(F)(F)C(F)(F)C(F)(F)CCOC(=O)C=C.FC(F)(F)C(F)(F)C(F)(F)C(F)(F)C(F)(F)C(F)(F)C(F)(F)C(F)(F)CCOC(=O)C=C.FC(F)(F)C(F)(F)C(F)(F)C(F)(F)C(F)(F)C(F)(F)C(F)(F)C(F)(F)C(F)(F)C(F)(F)CCOC(=O)C=C.FC(F)(F)C(F)(F)C(F)(F)C(F)(F)C(F)(F)C(F)(F)C(F)(F)C(F)(F)C(F)(F)C(F)(F)C(F)(F)C(F)(F)CCOC(=O)C=C,C=CC(=O)OCCC(F)(F)C(F)(F)C(F)(F)C(F)(F)C(F)(F)C(F)(F)C(F)(F)C(F)(F)C(F)(F)C(F)(F)C(F)(F)C(F)(F)F.C=CC(=O)OCCC(F)(F)C(F)(F)C(F)(F)C(F)(F)C(F)(F)C(F)(F)C(F)(F)C(F)(F)C(F)(F)C(F)(F)F.C=CC(=O)OCCC(F)(F)C(F)(F)C(F)(F)C(F)(F)C(F)(F)C(F)(F)C(F)(F)C(F)(F)F.C=CC(=O)OCCC(F)(F)C(F)(F)C(F)(F)C(F)(F)C(F)(F)C(F)(F)F,-6.4814770267
CCC(C)c1cc(C(C)CC)c(O)c(c1)C(C)CC,CCC(C)c1cc(C(C)CC)c(O)c(C(C)CC)c1,-5.5497933448
N(c1ccccc1)c2ccc3ccccc3c2,c1ccc(Nc2ccc3ccccc3c2)cc1,-5.4959148461
O=[Y],[O-2].[Y+2],-5.1756981481
[O--].[O--].[O--].[Y+3].[Y+3],[O-2].[O-2].[O-2].[Y+3].[Y+3],-5.5086432075
CC(CCCC(C)C=O)CCC=C(C)C,CC(C)=CCCC(C)CCCC(C)C=O,-5.496890424
CC(C)CCC(C)Nc1ccc(Nc2ccccc2)cc1,CC(C)CCC(C)Nc1ccc(Nc2ccccc2)cc1,-5.6248375610000005
O=C1CCCCCCCCCC\C=C/CCC1,O=C1CCC/C=C\CCCCCCCCCC1,-5.560732278400001
COC1=CCC2=C(CCC3C2CCC4(C)C3CCC4(O)C#N)C1,COC1=CCC2=C(CCC3C2CCC2(C)C3CCC2(O)C#N)C1,-5.6832424476
CC1(C)CCCC2(C)C1CCC34COC(C)(CCC23)O4,CC12CCC3C(CCC4C(C)(C)CCCC43C)(CO1)O2,-5.6453848366
CC1CCC(CC1)C(C)C,CC1CCC(C(C)C)CC1,-5.3545731075
[Ba++].Cc1cc(N\N=C\2C(=O)C=Cc3ccccc23)c(cc1Cl)[S]([O-])(=O)=O.Cc4cc(N\N=C\5C(=O)C=Cc6ccccc56)c(cc4Cl)[S]([O-])(=O)=O,Cc1cc(N/N=C2\C(=O)C=Cc3ccccc32)c(S(=O)(=O)[O-])cc1Cl.Cc1cc(N/N=C2\C(=O)C=Cc3ccccc32)c(S(=O)(=O)[O-])cc1Cl.[Ba+2],-6.156487599
CCCCCC(C)OC(=O)COc1ccc(Cl)c2cccnc12,CCCCCC(C)OC(=O)COc1ccc(Cl)c2cccnc12,-5.7479695323
CCCCCCCCCCCCCCCCCCN(CCO)CCO,CCCCCCCCCCCCCCCCCCN(CCO)CCO,-5.7752741917
O=C1CCCCCCC\C=C/CCCCCCO1,O=C1CCCCCCC/C=C\CCCCCCO1,-5.629397554600001
COC(=O)c1ccc(NC(=O)c2cc(Cl)ccc2Cl)cc1N,COC(=O)c1ccc(NC(=O)c2cc(Cl)ccc2Cl)cc1N,-5.7900649855
CCCCCCCC(=O)SCCC[Si](OCC)(OCC)OCC,CCCCCCCC(=O)SCCC[Si](OCC)(OCC)OCC,-5.8326804614
Oc1c(cccc1c2ccccc2)c3ccccc3,Oc1c(-c2ccccc2)cccc1-c1ccccc1,-5.6839101049
CC1(C)CC\C(=C/c2ccc(Cl)cc2)C1=O,CC1(C)CC/C(=C\c2ccc(Cl)cc2)C1=O,-5.6715911936
CC(C)(C)c1cc(ccc1O)C(C)(CC(=O)OCCOC(=O)CC(C)(c2ccc(O)c(c2)C(C)(C)C)c3ccc(O)c(c3)C(C)(C)C)c4ccc(O)c(c4)C(C)(C)C,CC(C)(C)c1cc(C(C)(CC(=O)OCCOC(=O)CC(C)(c2ccc(O)c(C(C)(C)C)c2)c2ccc(O)c(C(C)(C)C)c2)c2ccc(O)c(C(C)(C)C)c2)ccc1O,-6.2014353624
CC(C)c1ccc(cc1)c2ccccc2,CC(C)c1ccc(-c2ccccc2)cc1,-5.609857774299999
CCc1cc(Cc2cc(CC)c(N)c(CC)c2)cc(CC)c1N,CCc1cc(Cc2cc(CC)c(N)c(CC)c2)cc(CC)c1N,-5.8485879471
CC(C)(c1ccc(OCCOC(=O)C=C)cc1)c2ccc(OCCOC(=O)C=C)cc2,C=CC(=O)OCCOc1ccc(C(C)(C)c2ccc(OCCOC(=O)C=C)cc2)cc1,-5.999481603
CC(c1ccccc1)c2ccc(Nc3ccc(cc3)C(C)c4ccccc4)cc2,CC(c1ccccc1)c1ccc(Nc2ccc(C(C)c3ccccc3)cc2)cc1,-5.9641687617
CCCCCCCCCCCCCCCCCCCCCCCCCCCCCCCCCCCCCCCCCCCCCCCCCCCCCCCCCCCCCCCCCCCCCCCCCC.CCCCCCCCCCCCCCCCCCCCCCCCCCCCCCCCCCCCC(CCCC)(CCCC)CCCCCCCCCCCCCCCC(CCCC)(CCCC)CCCCC.CCCc1cc(C)cc(C)c1.c2ccc(cc2)c3ccccc3.c4ccc5cc6ccccc6cc5c4,CCCCCCCCCCCCCCCCCCCCCCCCCCCCCCCCCCCCC(CCCC)(CCCC)CCCCCCCCCCCCCCCC(CCCC)(CCCC)CCCCC.CCCCCCCCCCCCCCCCCCCCCCCCCCCCCCCCCCCCCCCCCCCCCCCCCCCCCCCCCCCCCCCCCCCCCCCCCC.CCCc1cc(C)cc(C)c1.c1ccc(-c2ccccc2)cc1.c1ccc2cc3ccccc3cc2c1,-6.8063026109
CCCCCCCCCCCCCCCCCCCCCCC.CCCCCCCCCCCC(CCC)(CCC)CCCCCCCC.CCc1ccc2cc3cc(CC)ccc3cc2c1,CCCCCCCCCCCC(CCC)(CCC)CCCCCCCC.CCCCCCCCCCCCCCCCCCCCCCC.CCc1ccc2cc3cc(CC)ccc3cc2c1,-6.3644088649
CCCCC(CC)COC(=O)c1ccccc1,CCCCC(CC)COC(=O)c1ccccc1,-5.767784581
CC1CC(CC(C)(C)C1)OC(=O)c2ccccc2O,CC1CC(OC(=O)c2ccccc2O)CC(C)(C)C1,-5.816819421799999
CCCCCCCCCCCCCCCCCCCC.CCCCCCCC(CC)CCCC(CC)CCCC.c1ccc2cc3ccccc3cc2c1,CCCCCCCC(CC)CCCC(CC)CCCC.CCCCCCCCCCCCCCCCCCCC.c1ccc2cc3ccccc3cc2c1,-6.2691310175
COC(=O)c1ccc(cc1[N+]([O-])=O)C(=O)Nc2cc(Cl)ccc2Cl,COC(=O)c1ccc(C(=O)Nc2cc(Cl)ccc2Cl)cc1[N+](=O)[O-],-5.965154646
C\C=C(/C)C(=O)OCCC(C)CCC=C(C)C,C/C=C(\C)C(=O)OCCC(C)CCC=C(C)C,-5.7917926889
CC(=C)C(=O)OCCC(F)(F)C(F)(F)C(F)(F)C(F)(F)C(F)(F)C(F)(F)F,C=C(C)C(=O)OCCC(F)(F)C(F)(F)C(F)(F)C(F)(F)C(F)(F)C(F)(F)F,-6.058168845700001
O=C1C=CC(=O)N1c2ccc(Cc3ccc(cc3)N4C(=O)C=CC4=O)cc2,O=C1C=CC(=O)N1c1ccc(Cc2ccc(N3C(=O)C=CC3=O)cc2)cc1,-5.9980085438
CCCCCCCCCCCCCCO,CCCCCCCCCCCCCCO,-5.787142557
CC(C)c1ccc(O[P](=O)(Oc2ccc(cc2)C(C)C)Oc3ccc(cc3)C(C)C)cc1,CC(C)c1ccc(OP(=O)(Oc2ccc(C(C)C)cc2)Oc2ccc(C(C)C)cc2)cc1,-6.1371343954
CCCCCCCC[Sn](Cl)(Cl)Cl,CCCCCCC[CH2][Sn]([Cl])([Cl])[Cl],-6.0107803553
C1CCC(CC1)NSc2sc3ccccc3n2,c1ccc2sc(SNC3CCCCC3)nc2c1,-5.9171426801
[Cu],[Cu],-5.2979382401
CCCCCCCCCCCCCCCc1cccc(O)c1.CCCCCCC\C=C/CCCCCCc2cccc(O)c2.CCCC/C=C\C\C=C/CCCCCCc3cccc(O)c3.Oc4cccc(CCCCCC\C=C/C/C=C\CCC=C)c4,C=CCC/C=C\C/C=C\CCCCCCc1cccc(O)c1.CCCC/C=C\C/C=C\CCCCCCc1cccc(O)c1.CCCCCCC/C=C\CCCCCCc1cccc(O)c1.CCCCCCCCCCCCCCCc1cccc(O)c1,-6.5970388257
CCOc1ccccc1NC(=O)C(=O)Nc2ccccc2CC,CCOc1ccccc1NC(=O)C(=O)Nc1ccccc1CC,-6.0175466725
O=C1CCCCCCCCCCCCCCO1,O=C1CCCCCCCCCCCCCCO1,-5.9037897228
Cc1ccc2oc(\C=C\c3oc4ccc(C)cc4n3)nc2c1,Cc1ccc2oc(/C=C/c3nc4cc(C)ccc4o3)nc2c1,-6.0004819491
[Al+3].[O-]N(N=O)c1ccccc1.[O-]N(N=O)c2ccccc2.[O-]N(N=O)c3ccccc3,O=NN([O-])c1ccccc1.O=NN([O-])c1ccccc1.O=NN([O-])c1ccccc1.[Al+3],-6.1946491089
CCN(CC)c1ccc(cc1)N=Nc2ccccc2,CCN(CC)c1ccc(N=Nc2ccccc2)cc1,-5.9821152675
[F-].[F-].[F-].[Nd+3],[F-].[F-].[F-].[Nd+3],-5.8937682366
CCc1ccc2C(=O)c3ccccc3C(=O)c2c1,CCc1ccc2c(c1)C(=O)c1ccccc1C2=O,-5.9842424969
CC(C)(CC(=C)c1ccccc1)c2ccccc2,C=C(CC(C)(C)c1ccccc1)c1ccccc1,-6.0118424704
CCCCc1nc(Cl)c(CO)n1Cc2ccc(cc2)c3ccccc3c4nnn(n4)C(c5ccccc5)(c6ccccc6)c7ccccc7,CCCCc1nc(Cl)c(CO)n1Cc1ccc(-c2ccccc2-c2nnn(C(c3ccccc3)(c3ccccc3)c3ccccc3)n2)cc1,-6.4612511717
[O--].[O--].[O--].[Na+].[Na+].[Ti+4],[Na+].[Na+].[O-2].[O-2].[O-2].[Ti+4],-5.805457995399999
CCCC[C@H](CC)COC(=O)/C=C/c1ccc(OC)cc1.CCCC[C@@H](CC)COC(=O)/C=C/c2ccc(OC)cc2,CCCC[C@@H](CC)COC(=O)/C=C/c1ccc(OC)cc1.CCCC[C@H](CC)COC(=O)/C=C/c1ccc(OC)cc1,-6.4216084134
COC(=O)c1ccc(C(=O)OC)c(c1)N=NC(C(C)=O)C(=O)Nc2ccc3NC(=O)Nc3c2,COC(=O)c1ccc(C(=O)OC)c(N=NC(C(C)=O)C(=O)Nc2ccc3[nH]c(=O)[nH]c3c2)c1,-6.3140693713
CCCCCCCCCCC1CO1,CCCCCCCCCCC1CO1,-5.923156849500001
CCCCCCCCCCCCC1CO1,CCCCCCCCCCCCC1CO1,-5.9846848009
C1COC2(C1)CC3CC2C4CCCC34,C1CC2C3CC(C2C1)C1(CCCO1)C3,-5.941561120199999
C[Si](C)(O[Si](C)(C)C=C)C=C,C=C[Si](C)(C)O[Si](C)(C)C=C,-5.9544825522
CC(C)C(c1cc(C)cc(C)c1O)c2cc(C)cc(C)c2O,Cc1cc(C)c(O)c(C(c2cc(C)cc(C)c2O)C(C)C)c1,-6.1673406199
COC(=O)c1cc(cc(c1)C(=O)OC)N=NC(C(C)=O)C(=O)Nc2ccc3NC(=O)Nc3c2,COC(=O)c1cc(N=NC(C(C)=O)C(=O)Nc2ccc3[nH]c(=O)[nH]c3c2)cc(C(=O)OC)c1,-6.3777384512
COc1ccc(cc1O)C2=CC(=O)c3c(O)cc(O)cc3O2,COc1ccc(-c2cc(=O)c3c(O)cc(O)cc3o2)cc1O,-6.1987525576
OCCN(CCO)CCO.OCCN(CCO)CCO.OCCN(CCO)CCO.OC(=O)CCCCCNc1nc(NCCCCCC(O)=O)nc(NCCCCCC(O)=O)n1,O=C(O)CCCCCNc1nc(NCCCCCC(=O)O)nc(NCCCCCC(=O)O)n1.OCCN(CCO)CCO.OCCN(CCO)CCO.OCCN(CCO)CCO,-6.6832011337
FC(F)(F)C(F)(F)C(F)(F)C(F)(F)C(F)(F)C(F)(F)CCOC(=O)C=C,C=CC(=O)OCCC(F)(F)C(F)(F)C(F)(F)C(F)(F)C(F)(F)C(F)(F)F,-6.354159334099999
CC(C)CCCCCCCOP(OCCCCCCCC(C)C)Oc1ccccc1,CC(C)CCCCCCCOP(OCCCCCCCC(C)C)Oc1ccccc1,-6.382029914199999
O[S](O)(=O)=O.O=[Ti],O=S(=O)(O)O.[O-2].[Ti+2],-5.9613942775
Cc1ccc2C(=O)c3ccccc3C(=O)c2c1,Cc1ccc2c(c1)C(=O)c1ccccc1C2=O,-6.1171462485
N(c1ccccc1)c2ccc(Nc3ccccc3)cc2,c1ccc(Nc2ccc(Nc3ccccc3)cc2)cc1,-6.239449641499999
COC(=O)c1ccc2cc(ccc2c1)C(=O)OC,COC(=O)c1ccc2cc(C(=O)OC)ccc2c1,-6.211736201
[Al+3].[Al+3].[O-]C(=O)c1ccccc1C2=C3C=C(Br)C(=O)C(=C3Oc4c(Br)c([O-])c(Br)cc24)Br.[O-]C(=O)c5ccccc5C6=C7C=C(Br)C(=O)C(=C7Oc8c(Br)c([O-])c(Br)cc68)Br.[O-]C(=O)c9ccccc9C%10=C%11C=C(Br)C(=O)C(=C%11Oc%12c(Br)c([O-])c(Br)cc%10%12)Br,O=C([O-])c1ccccc1-c1c2cc(Br)c(=O)c(Br)c-2oc2c(Br)c([O-])c(Br)cc12.O=C([O-])c1ccccc1-c1c2cc(Br)c(=O)c(Br)c-2oc2c(Br)c([O-])c(Br)cc12.O=C([O-])c1ccccc1-c1c2cc(Br)c(=O)c(Br)c-2oc2c(Br)c([O-])c(Br)cc12.[Al+3].[Al+3],-7.1435627019000005
Oc1ccc(O)c2C(=O)c3ccccc3C(=O)c12,O=C1c2ccccc2C(=O)c2c(O)ccc(O)c21,-6.2534935167
CC(C)c1ccc2ccccc2c1C(C)C,CC(C)c1ccc2ccccc2c1C(C)C,-6.2301136188
CCCCCCCC[Sn](=O)CCCCCCCC,CCCCCCC[CH2][Sn+2][CH2]CCCCCCC.[O-2],-6.4785159933
COc1ccc(cc1)N2CCN(CC2)c3ccc(cc3)N4C=NNC4=O,COc1ccc(N2CCN(c3ccc(-n4cn[nH]c4=O)cc3)CC2)cc1,-6.4889092646
Clc1ccc(NC(=O)Nc2ccc(Cl)c(Cl)c2)cc1,O=C(Nc1ccc(Cl)cc1)Nc1ccc(Cl)c(Cl)c1,-6.4577264198
CC1CC(C)(C)CC(C1)(OOC(C)(C)C)OOC(C)(C)C,CC1CC(C)(C)CC(OOC(C)(C)C)(OOC(C)(C)C)C1,-6.4806607684
C\C1=C/CCC(=C)[C@H]2CC(C)(C)[C@@H]2CC1,C=C1CC/C=C(\C)CC[C@@H]2[C@@H]1CC2(C)C,-6.3372616649
CC(C)(c1ccccc1)C(C)(C)c2ccccc2,CC(C)(c1ccccc1)C(C)(C)c1ccccc1,-6.4741688972
C(Oc1ccc2ccccc2c1)c3ccccc3,c1ccc(COc2ccc3ccccc3c2)cc1,-6.4776739787
CN1C(=O)C=C2c3ccccc3C(=O)c4c(Br)ccc1c24,Cn1c(=O)cc2c3c(c(Br)ccc31)C(=O)c1ccccc1-2,-6.6804453214
Oc1cc2ccccc2cc1C(=O)Nc3cccc(c3)[N+]([O-])=O,O=C(Nc1cccc([N+](=O)[O-])c1)c1cc2ccccc2cc1O,-6.6438656239
[O--].[O--].[O--].[La+3].[La+3],[La+3].[La+3].[O-2].[O-2].[O-2],-6.6703538373
[O-][N+](=O)c1cc(OC(=O)Oc2cc(c(Cl)cc2Cl)[N+]([O-])=O)c(Cl)cc1Cl,O=C(Oc1cc([N+](=O)[O-])c(Cl)cc1Cl)Oc1cc([N+](=O)[O-])c(Cl)cc1Cl,-6.8129074612
C1CC=CC(C1)c2ccc(cc2)C3CCC=CC3,C1=CC(c2ccc(C3CC=CCC3)cc2)CCC1,-6.5919290491
CCCCCCCC\C=C/CCCCCCCCO.O[P](O)(O)=O,CCCCCCCC/C=C\CCCCCCCCO.O=P(O)(O)O,-6.785897843300001
CC(C)(C)c1ccc(O)cc1.C=O,C=O.CC(C)(C)c1ccc(O)cc1,-6.4939402067
[Hg],[Hg],-6.5541212514
Cc1ccc(N\N=C2/C(=O)C=Cc3ccccc23)c(C)c1,Cc1ccc(N/N=C2\C(=O)C=Cc3ccccc32)c(C)c1,-6.7054442976
CCCCCCCCCCCCCC(=O)OC,CCCCCCCCCCCCCC(=O)OC,-6.6497381608
CN(C)c1ccc(cc1)C(O)(c2ccc(cc2)N(C)C)c3ccc(Nc4ccccc4)c5ccccc35,CN(C)c1ccc(C(O)(c2ccc(N(C)C)cc2)c2ccc(Nc3ccccc3)c3ccccc23)cc1,-6.9891355524000005
O=C(Nc1ccccc1SSc2ccccc2NC(=O)c3ccccc3)c4ccccc4,O=C(Nc1ccccc1SSc1ccccc1NC(=O)c1ccccc1)c1ccccc1,-6.9782870605
CCCCCCCCCCCC(=O)N(CCCC)CCCC,CCCCCCCCCCCC(=O)N(CCCC)CCCC,-7.016412076799999
COc1ccc(cc1OC(C)=O)[N+]([O-])=O,COc1ccc([N+](=O)[O-])cc1OC(C)=O,-2.9466040673
[Cu].C[S](O)(=O)=O,CS(=O)(=O)O.[Cu],0.7323301822
Cc1ccc(cc1)C(=O)OOC(=O)c2ccc(C)cc2,Cc1ccc(C(=O)OOC(=O)c2ccc(C)cc2)cc1,-6.798351882
Cc1cc(Cc2cc(C)cc(C3CCCCC3)c2O)c(O)c(c1)C4CCCCC4,Cc1cc(Cc2cc(C)cc(C3CCCCC3)c2O)c(O)c(C2CCCCC2)c1,-6.9790342734
CCCCC(CC)COC(=O)c1ccccc1C(=O)OCC(CC)CCCC,CCCCC(CC)COC(=O)c1ccccc1C(=O)OCC(CC)CCCC,-6.9789083532000005
CC(C)c1ccccc1C(C)C,CC(C)c1ccccc1C(C)C,-6.6027992709
CC(C)c1cccc(c1)C(C)C,CC(C)c1cccc(C(C)C)c1,-6.6027992709
CCCCCCCCCCCCCCCC(O)C(CO)NC(=O)CCCCCCC\C=C/CCCCCCCC,CCCCCCCC/C=C\CCCCCCCC(=O)NC(CO)C(O)CCCCCCCCCCCCCCC,-6.4517618811
CCCCCCCCCCCCCCCC(O)=O,CCCCCCCCCCCCCCCC(=O)O,-6.806908841
CC(=O)OC1=CCC2C3CCC(C3)C12,CC(=O)OC1=CCC2C3CCC(C3)C12,-3.0097265709
C[Si]1(C)O[Si](C)(C)O[Si](C)(C)O[Si](C)(C)O1,C[Si]1(C)O[Si](C)(C)O[Si](C)(C)O[Si](C)(C)O1,-6.953686490700001
CCCCCCCC(=O)OCCCOC(=O)CCCCCCC,CCCCCCCC(=O)OCCCOC(=O)CCCCCCC,-7.516526119400001
CC1(C)CCCC(C1)C(=O)CCC=C,C=CCCC(=O)C1CCCC(C)(C)C1,-4.7793105096
CCn1c2ccccc2c3ccccc13,CCn1c2ccccc2c2ccccc21,-6.813503151
CCN(CCOC(C)OCC(C)C)c1ccc(cc1)N=Nc2ccccc2,CCN(CCOC(C)OCC(C)C)c1ccc(N=Nc2ccccc2)cc1,-7.0905037661
[Zr+4].[Zr+4].[Zr+4].[O-][P]([O-])([O-])=O.[O-][P]([O-])([O-])=O.[O-][P]([O-])([O-])=O.[O-][P]([O-])([O-])=O,O=P([O-])([O-])[O-].O=P([O-])([O-])[O-].O=P([O-])([O-])[O-].O=P([O-])([O-])[O-].[Zr+4].[Zr+4].[Zr+4],-7.3381588933
C(Sc1nnc(c2ccccc2)c(n1)c3ccccc3)\C=C\CSc4nnc(c5ccccc5)c(n4)c6ccccc6,C(=C/CSc1nnc(-c2ccccc2)c(-c2ccccc2)n1)\CSc1nnc(-c2ccccc2)c(-c2ccccc2)n1,-7.025125554700001
COc1ccc(cc1)C(=O)CC(=O)c2ccc(cc2)C(C)(C)C,COc1ccc(C(=O)CC(=O)c2ccc(C(C)(C)C)cc2)cc1,-7.060548154299999
C[Si](O[Si](C)(C)C)O[Si](C)(C)C,C[Si](O[Si](C)(C)C)O[Si](C)(C)C,-7.0443456956
COc1ccc(cc1O)C2=CC(=O)c3c(O)cc(O[C@@H]4O[C@H](CO[C@@H]5O[C@@H](C)[C@H](O)[C@@H](O)[C@H]5O)[C@@H](O)[C@H](O)[C@H]4O)cc3O2,COc1ccc(-c2cc(=O)c3c(O)cc(O[C@@H]4O[C@H](CO[C@@H]5O[C@@H](C)[C@H](O)[C@@H](O)[C@H]5O)[C@@H](O)[C@H](O)[C@H]4O)cc3o2)cc1O,-7.505541952200001
O=C1N(C[C@@H]2CO2)C(=O)N(C[C@@H]3CO3)C(=O)N1C[C@@H]4CO4,O=c1n(C[C@@H]2CO2)c(=O)n(C[C@@H]2CO2)c(=O)n1C[C@@H]1CO1,-2.4688253265
COCCCN1C(=O)c2c(N)c3C(=O)c4ccccc4C(=O)c3c(N)c2C1=O,COCCCn1c(=O)c2c(N)c3c(=O)c4ccccc4c(=O)c3c(N)c2c1=O,-7.323792769
CCCCCCCCCCCCCCCCCCCCCC(O)=O,CCCCCCCCCCCCCCCCCCCCCC(=O)O,-7.3281144602
O=C(OCCCc1ccccc1)c2ccccc2,O=C(OCCCc1ccccc1)c1ccccc1,-4.8009737888
CCCCCC(C)CO,CCCCCC(C)CO,-2.5281270707
[Pd++].CC(=O)[CH-]C(C)=O.CC(=O)[CH-]C(C)=O,[CH2-]C(=O)CC(C)=O.[CH2-]C(=O)CC(C)=O.[Pd+2],-7.438461096699999
O=C1NC(=O)c2ccc3c4ccc5C(=O)NC(=O)c6ccc(c7ccc1c2c37)c4c56,O=C1NC(=O)c2ccc3c4ccc5c6c(ccc(c7ccc1c2c73)c64)C(=O)NC5=O,-7.591458633999999
Cc1ccc(Nc2ccc(O)c3C(=O)c4ccccc4C(=O)c23)cc1,Cc1ccc(Nc2ccc(O)c3c2C(=O)c2ccccc2C3=O)cc1,-7.5491813124
[O--].[Zr+4].[O-][S]([O-])(=O)=O,O=S(=O)([O-])[O-].[O-2].[Zr+4],-7.7060474791
CCC1(C\C=C2/CCCc3cc(OC)ccc23)C(=O)CCC1=O,CCC1(C/C=C2\CCCc3cc(OC)ccc32)C(=O)CCC1=O,-4.172504242
CCCCCCCCCCCCCCCCCC,CCCCCCCCCCCCCCCCCC,-7.6275399492
CC(C)C1OC2(CCCC2)OCC1(C)C,CC(C)C1OC2(CCCC2)OCC1(C)C,-3.5242437705
CCCCC(CC)COC(=O)c1ccc(Nc2nc(Nc3ccc(cc3)C(=O)OCC(CC)CCCC)nc(Nc4ccc(cc4)C(=O)OCC(CC)CCCC)n2)cc1,CCCCC(CC)COC(=O)c1ccc(Nc2nc(Nc3ccc(C(=O)OCC(CC)CCCC)cc3)nc(Nc3ccc(C(=O)OCC(CC)CCCC)cc3)n2)cc1,-8.2164783763
CCCCCCCCCCCCCCCC(=O)OC,CCCCCCCCCCCCCCCC(=O)OC,-7.8300382351
OCCOC(=O)CC(C[P]1(=O)Oc2ccccc2c3ccccc13)C(=O)OCCO,O=C(CC(CP1(=O)Oc2ccccc2-c2ccccc21)C(=O)OCCO)OCCO,-4.4617795617
CC1(C)Nc2cccc3cccc(N1)c23,CC1(C)Nc2cccc3cccc(c23)N1,-2.9298988951
[K+].CC(C)CCCCCCCCCCCCCCC([O-])=O,CC(C)CCCCCCCCCCCCCCC(=O)[O-].[K+],-8.1469015236
CCN(CCOc1ccc(cc1)C2CCCCC2)c3ccc(C=C(C#N)C#N)c(C)c3,CCN(CCOc1ccc(C2CCCCC2)cc1)c1ccc(C=C(C#N)C#N)c(C)c1,-8.3860948559
CC(C)(C)c1cc(c(O)c(c1)C(C)(C)C)c2cc(cc(c2O)C(C)(C)C)C(C)(C)C,CC(C)(C)c1cc(-c2cc(C(C)(C)C)cc(C(C)(C)C)c2O)c(O)c(C(C)(C)C)c1,-6.889187496900001
COc1ccccc1N\N=C2/C(=O)C=Cc3ccccc23,COc1ccccc1N/N=C1\C(=O)C=Cc2ccccc21,-8.9260164319
CCCCCCCCCCCCCCCCCC(=O)OC,CCCCCCCCCCCCCCCCCC(=O)OC,-8.9978390846
CC(C)CCCCCCCOC(=O)c1ccccc1C(=O)OCCCCCCCC(C)C,CC(C)CCCCCCCOC(=O)c1ccccc1C(=O)OCCCCCCCC(C)C,-9.4195398078
O=[V](=O)O[V](=O)=O,[O-2].[O-2].[O-2].[O-2].[O-2].[V+5].[V+5],-2.3036141272
CCC(COCCOC(=O)C=C)(COCCOC(=O)C=C)COCCOC(=O)C=C,C=CC(=O)OCCOCC(CC)(COCCOC(=O)C=C)COCCOC(=O)C=C,-2.687445856
Oc1ccc(cc1)C(c2ccc(O)cc2)c3ccccn3,Oc1ccc(C(c2ccc(O)cc2)c2ccccn2)cc1,-4.523907797200001
[OH-].[OH-].[OH-].[OH-].[OH-].[O--].[O--].[O--].[O--].[O--].[V].[V].[V].[V].[V].[V].[O-][P]([O-])([O-])=O.[O-][P]([O-])([O-])=O.[O-][P]([O-])([O-])=O.[O-][P]([O-])([O-])=O.[O-][P]([O-])([O-])=O,O=P([O-])([O-])[O-].O=P([O-])([O-])[O-].O=P([O-])([O-])[O-].O=P([O-])([O-])[O-].O=P([O-])([O-])[O-].[O-2].[O-2].[O-2].[O-2].[O-2].[OH-].[OH-].[OH-].[OH-].[OH-].[V].[V].[V].[V].[V].[V],-1.3503637805000002
[Ag].OC(O)=O,O=C(O)O.[Ag],-3.4520216786
[K+].CCCCCCCCCCCCO[P](O)([O-])=O,CCCCCCCCCCCCOP(=O)([O-])O.[K+],-3.7844860574
[F-].[F-].[F-].[Al+3],[Al+3].[F-].[F-].[F-],-4.1998793146
OC(=O)c1ccccc1C(=O)c2ccc(cc2)c3ccccc3,O=C(O)c1ccccc1C(=O)c1ccc(-c2ccccc2)cc1,-4.8282334666
[O-][N+](=O)N1CN(CN(CN(C1)[N+]([O-])=O)[N+]([O-])=O)[N+]([O-])=O,O=[N+]([O-])N1CN([N+](=O)[O-])CN([N+](=O)[O-])CN([N+](=O)[O-])C1,-4.8251168095
CC(=O)[C@H]1CCC(=CCCC=C(C)CCC1=C)C.CC(=O)[C@@H]2CCC(=CCCC=C(C)CCC2=C)C.CC(=O)[C@H]3CCC(=CCCC=C(C)CC=C3C)C.CC(=O)[C@@H]4CCC(=CCCC=C(C)CC=C4C)C.CC/5=C/CC\C=C(C)/CC/C(=C(/C)CC5)C(C)=O,C=C1CCC(C)=CCCC=C(C)CC[C@@H]1C(C)=O.C=C1CCC(C)=CCCC=C(C)CC[C@H]1C(C)=O.CC(=O)/C1=C(\C)CC/C(C)=C\CC/C=C(/C)CC1.CC(=O)[C@@H]1CCC(C)=CCCC=C(C)CC=C1C.CC(=O)[C@H]1CCC(C)=CCCC=C(C)CC=C1C,-5.4491260218
CCC(C)(N=NC(C)(CC)C#N)C#N,CCC(C)(C#N)N=NC(C)(C#N)CC,-2.6961915261
N[C@@H](CCC(O)=O)C(O)=O.OCCN(CCO)CCO,N[C@@H](CCC(=O)O)C(=O)O.OCCN(CCO)CCO,0.111437809
Oc1ccc(c(O)c1O)C(=O)c2ccc(O[S](=O)(=O)c3cccc4C(=O)C(=CCc34)N=NN=N)cc2,N=NN=NC1=CCc2c(cccc2S(=O)(=O)Oc2ccc(C(=O)c3ccc(O)c(O)c3O)cc2)C1=O,-5.1052907305
ClC(=C)C=C,C=CC(=C)Cl,-2.5509254551
C=C[S](=O)(=O)C[S](=O)(=O)C=C,C=CS(=O)(=O)CS(=O)(=O)C=C,-3.9198954495
FC(F)(F)F,FC(F)(F)F,-3.6703396281
CC(C)(c1ccccc1)c2ccc(O)cc2,CC(C)(c1ccccc1)c1ccc(O)cc1,-4.0964847072
CCCSc1nc(Cl)c(c(Cl)n1)[N+]([O-])=O,CCCSc1nc(Cl)c([N+](=O)[O-])c(Cl)n1,-4.3869446244
[Na+].[Na+].[O-]C(=O)c1ccccc1C2=C3C=C(Br)C(=O)C(=C3Oc4c(Br)c([O-])c(Br)cc24)Br,O=C([O-])c1ccccc1-c1c2cc(Br)c(=O)c(Br)c-2oc2c(Br)c([O-])c(Br)cc12.[Na+].[Na+],-0.8400175948
CO[S](C)(=O)=O,COS(C)(=O)=O,-0.0419214127999999
CCCCCC/C=C/CCCCCCCc1cccc(OCC2CO2)c1.CCC/C=C/C/C=C/CCCCCCCc3cccc(OCC4CO4)c3.C=CC/C=C/C/C=C/CCCCCCCc5cccc(OCC6CO6)c5,C=CC/C=C/C/C=C/CCCCCCCc1cccc(OCC2CO2)c1.CCC/C=C/C/C=C/CCCCCCCc1cccc(OCC2CO2)c1.CCCCCC/C=C/CCCCCCCc1cccc(OCC2CO2)c1,-6.0798516889
CC(C)=O.C=O.N(c1ccccc1)c2ccccc2,C=O.CC(C)=O.c1ccc(Nc2ccccc2)cc1,-5.969586401
COC(C)COC(C)COCCC[Si](C)(O[Si](C)(C)C)O[Si](C)(C)O[Si](C)(C)C,COC(C)COC(C)COCCC[Si](C)(O[Si](C)(C)C)O[Si](C)(C)O[Si](C)(C)C,-6.2877399393
CCCCCCCCCCCCCCCCOC(=O)Oc1c(Cl)cc(cc1Cl)C(=O)OCC,CCCCCCCCCCCCCCCCOC(=O)Oc1c(Cl)cc(C(=O)OCC)cc1Cl,-7.1338037886
[Cu++].CCCCCCCC\C=C/CCCCCCCC([O-])=O.CCCCCCCC\C=C/CCCCCCCC([O-])=O,CCCCCCCC/C=C\CCCCCCCC(=O)[O-].CCCCCCCC/C=C\CCCCCCCC(=O)[O-].[Cu+2],-11.9989378619
Cl.OC(=O)[C@@H]1C[C@H](CN1)C2CCCCC2,Cl.O=C(O)[C@@H]1C[C@@H](C2CCCCC2)CN1,0.631268384
O=C1NC2CC1C=C2,O=C1NC2C=CC1C2,0.9361608079
C1CCC(CC1)c2ccccc2,c1ccc(C2CCCCC2)cc1,-4.3415022783
[Na+].[Na+].[K+].[K+].Nc1c(cc(c(N)c1N=Nc2ccc(cc2)[S](=O)(=O)CCO[S]([O-])(=O)=O)[S]([O-])(=O)=O)N=Nc3ccc(cc3[S]([O-])(=O)=O)[S](=O)(=O)CCO[S]([O-])(=O)=O,Nc1c(N=Nc2ccc(S(=O)(=O)CCOS(=O)(=O)[O-])cc2S(=O)(=O)[O-])cc(S(=O)(=O)[O-])c(N)c1N=Nc1ccc(S(=O)(=O)CCOS(=O)(=O)[O-])cc1.[K+].[K+].[Na+].[Na+],-0.2891446213
[Na+].CCCCc1ccc2[n-]nnc2c1,CCCCc1ccc2[n-]nnc2c1.[Na+],0.4040256561999999
CC1=CCC2CC1C2(C)C,CC1=CCC2CC1C2(C)C,-3.7725704235
CC(C)(c1ccc(OCC2CO2)cc1)c3ccc(OCC4CO4)cc3,CC(C)(c1ccc(OCC2CO2)cc1)c1ccc(OCC2CO2)cc1,-4.7996200318
CCCCCCCCCCCCCCCCN(C)C,CCCCCCCCCCCCCCCCN(C)C,-4.6524349135000005
CC(C)C1CC2=C(C)CC1C(C2)C=O,CC1=C2CC(C=O)C(C1)C(C(C)C)C2,-3.8508542835
CCCCCCCCCCCCN(C)C,CCCCCCCCCCCCN(C)C,-4.4261227438
[Na+].[Na+].[Na+].[Na+].CCN(c1ccccc1)c2nc(Cl)nc(Nc3cc(cc4cc(c(N=Nc5ccc6c(cccc6[S]([O-])(=O)=O)c5[S]([O-])(=O)=O)c(O)c34)[S]([O-])(=O)=O)[S]([O-])(=O)=O)n2,CCN(c1ccccc1)c1nc(Cl)nc(Nc2cc(S(=O)(=O)[O-])cc3cc(S(=O)(=O)[O-])c(N=Nc4ccc5c(S(=O)(=O)[O-])cccc5c4S(=O)(=O)[O-])c(O)c23)n1.[Na+].[Na+].[Na+].[Na+],-0.5025263499
Clc1ccc(Oc2cccc(Cl)c2)cc1,Clc1ccc(Oc2cccc(Cl)c2)cc1,-5.3873553168
CCCCC(CC)C(=O)OCC(COCC(COC(=O)CCCCCC(C)C)(COC(=O)C(CC)CCCC)COC(=O)C(CC)CCCC)(COC(=O)CCCCCC(C)C)COC(=O)CCCCCC(C)C,CCCCC(CC)C(=O)OCC(COCC(COC(=O)CCCCCC(C)C)(COC(=O)C(CC)CCCC)COC(=O)C(CC)CCCC)(COC(=O)CCCCCC(C)C)COC(=O)CCCCCC(C)C,-7.323686796
CCN(CC)CCCNc1nc(Nc2ccc(cc2)N=Nc3c(O)c4c(Nc5nc(NCC(C)N)nc(NCC(C)N)n5)cc(cc4cc3[S](O)(=O)=O)[S](O)(=O)=O)nc(Nc6ccc(cc6)N=Nc7c(O)c8c(Nc9nc(NCC(C)N)nc(NCC(C)N)n9)cc(cc8cc7[S](O)(=O)=O)[S](O)(=O)=O)n1.CC(O)C(O)=O,CC(O)C(=O)O.CCN(CC)CCCNc1nc(Nc2ccc(N=Nc3c(S(=O)(=O)O)cc4cc(S(=O)(=O)O)cc(Nc5nc(NCC(C)N)nc(NCC(C)N)n5)c4c3O)cc2)nc(Nc2ccc(N=Nc3c(S(=O)(=O)O)cc4cc(S(=O)(=O)O)cc(Nc5nc(NCC(C)N)nc(NCC(C)N)n5)c4c3O)cc2)n1,-0.7942190429000001
Cl.CCCCCCCCCCCC(=O)N[C@@H](CCCNC(N)=N)C(=O)OCC,CCCCCCCCCCCC(=O)N[C@@H](CCCNC(=N)N)C(=O)OCC.Cl,-0.2316119628
CCC(=O)/C=C/C1C(=CCCC1(C)C)C,CCC(=O)/C=C/C1C(C)=CCCC1(C)C,-3.9923409786
CC(=O)C(\C)=C/C1C(=CCCC1(C)C)C,CC(=O)/C(C)=C\C1C(C)=CCCC1(C)C,-3.9923409786
CC(C)[C@@H]1CC[C@@H](C)C[C@H]1OC(C)=O,CC(=O)O[C@@H]1C[C@H](C)CC[C@H]1C(C)C,-3.9751165598
CC(=O)CC(=O)Nc1ccc(NC(=O)CC(C)=O)cc1,CC(=O)CC(=O)Nc1ccc(NC(=O)CC(C)=O)cc1,-3.1275010898000004
[Cl-].CCCCCCCCCCCC(=O)OCC[N+](C)(C)C,CCCCCCCCCCCC(=O)OCC[N+](C)(C)C.[Cl-],-2.2111003064
O=C(OCc1ccccc1)c2ccccc2,O=C(OCc1ccccc1)c1ccccc1,-4.1776244939
O=[S](=O)(c1ccccc1)c2ccccc2,O=S(=O)(c1ccccc1)c1ccccc1,-4.1928799405
C=CC(=O)N1CCOCC1,C=CC(=O)N1CCOCC1,0.8502575853000001
COCC(C)O,COCC(C)O,1.0451691789
[Na+].[Na+].[O-]C(=O)c1ccccc1C2=C3C=CC(=O)C=C3Oc4cc([O-])ccc24,O=C([O-])c1ccccc1-c1c2ccc(=O)cc-2oc2cc([O-])ccc12.[Na+].[Na+],-1.5755053644
[NH4+].O.[O--].[Mo],O.[Mo].[NH4+].[O-2],-1.170241174
OC(=O)CS,O=C(O)CS,-1.9643492148
CC(CCCC(C)(C)O)CC=O.[nH]1ccc2ccccc12,CC(CC=O)CCCC(C)(C)O.c1ccc2[nH]ccc2c1,-4.9224509398
CCCCCCCCCCCCCCCCCCOC(=O)\C=C\C(=O)OCCCCCCCCCCCCCCCCCC,CCCCCCCCCCCCCCCCCCOC(=O)/C=C/C(=O)OCCCCCCCCCCCCCCCCCC,-7.094152366
O.[In+3].[O-][N+]([O-])=O.[O-][N+]([O-])=O.[O-][N](=O)=O,O.O=[N+]([O-])[O-].O=[N+]([O-])[O-].O=[N+]([O-])[O-].[In+3],-2.5035796109
[Na+].C[S-],C[S-].[Na+],-1.8456684523
CCOC(=O)CN=C(c1ccccc1)c2ccccc2,CCOC(=O)CN=C(c1ccccc1)c1ccccc1,-3.4270444492000003
Cc1cc(c(OP2OCC3(CO2)COP(OC3)Oc4c(cc(C)cc4C(C)(C)C)C(C)(C)C)c(c1)C(C)(C)C)C(C)(C)C,Cc1cc(C(C)(C)C)c(OP2OCC3(CO2)COP(Oc2c(C(C)(C)C)cc(C)cc2C(C)(C)C)OC3)c(C(C)(C)C)c1,-7.801238331
[Al+3].[O-][P]([O-])([O-])=O,O=P([O-])([O-])[O-].[Al+3],-4.2460828326
CCOC(=O)CC(NC1CCC(CC2CCC(NC(CC(=O)OCC)C(=O)OCC)C(C)C2)CC1C)C(=O)OCC,CCOC(=O)CC(NC1CCC(CC2CCC(NC(CC(=O)OCC)C(=O)OCC)C(C)C2)CC1C)C(=O)OCC,-5.0665338896
CCCCCCCCCCCC(=O)NCCC[N+](C)(C)CC([O-])=O,CCCCCCCCCCCC(=O)NCCC[N+](C)(C)CC(=O)[O-],-3.1367509984
CN(C)CCOCCO,CN(C)CCOCCO,-0.1244748796
Nc1ccc(c(N)c1)[N+]([O-])=O,Nc1ccc([N+](=O)[O-])c(N)c1,-2.1850914787
CCCCCCCCCCCC([O-])=O.CCCCCCCCCCCC([O-])=O.CCCC[Sn++]CCCC,CCCCCCCCCCCC(=O)[O-].CCCCCCCCCCCC(=O)[O-].CCC[CH2][Sn+2][CH2]CCC,-5.645086142699999
CC[Pb](CC)(CC)CC,C[CH2][Pb]([CH2]C)([CH2]C)[CH2]C,-5.4128944571
CCCCCCCCCCCCCCCC(=O)O[C@@H]1C[C@H](N(C1)C(=O)CCCCCCCCCCCCCCC)C(O)=O,CCCCCCCCCCCCCCCC(=O)O[C@@H]1C[C@@H](C(=O)O)N(C(=O)CCCCCCCCCCCCCCC)C1,-5.7838757207
[F-].[F-].[F-].[Ce+3],[Ce+3].[F-].[F-].[F-],-5.8633448938
c1ccc(cc1)P(c2ccccc2)c3ccccc3,c1ccc(P(c2ccccc2)c2ccccc2)cc1,-6.201301100399999
CC(CCC=C(C)C)C=C,C=CC(C)CCC=C(C)C,-5.9645864462
CCCCCCCCCC(O)=O.CCCCCCCC(O)=O.CCCCCCC(O)=O.CCCCC(O)=O.OCC(CO)(CO)CO,CCCCC(=O)O.CCCCCCC(=O)O.CCCCCCCC(=O)O.CCCCCCCCCC(=O)O.OCC(CO)(CO)CO,-7.5346282403
CCCCC(CC)COC(=O)CSCC(=O)OCC(CC)CCCC,CCCCC(CC)COC(=O)CSCC(=O)OCC(CC)CCCC,-6.654998170599999
CC(C)=CCCc1ccc2C(=O)c3ccccc3C(=O)c2c1,CC(C)=CCCc1ccc2c(c1)C(=O)c1ccccc1C2=O,-7.985818524400001
CCCCCCCCCOC(=O)c1ccccc1C(=O)OCCCCCCCC,CCCCCCCCCOC(=O)c1ccccc1C(=O)OCCCCCCCC,-4.7809414151
[Li+].CCCCCCCCCCCCCCCCCCCCCC([O-])=O,CCCCCCCCCCCCCCCCCCCCCC(=O)[O-].[Li+],-6.8769767405
[Li+].CCCCCCCCCCCCCC([O-])=O,CCCCCCCCCCCCCC(=O)[O-].[Li+],-6.7070311388
[Li+].CCCCCCCC\C=C/CCCCCCCC([O-])=O,CCCCCCCC/C=C\CCCCCCCC(=O)[O-].[Li+],-6.7972389302
[Li+].CCCCCCC(O)CCCCCCCCCCC([O-])=O,CCCCCCC(O)CCCCCCCCCCC(=O)[O-].[Li+],-6.8235536072
[Rh].CC(=O)[CH-]C(C)=O.[C-]#[O+].c1ccc(cc1)P(c2ccccc2)c3ccccc3,CC(=O)[CH-]C(C)=O.[C-]#[O+].[Rh].c1ccc(P(c2ccccc2)c2ccccc2)cc1,-7.3120335908
CC(C)CCCCCCCCOCCCNCCC#N,CC(C)CCCCCCCCOCCCNCCC#N,-3.618466492200001
CC(=O)OC[C@H]1CCC=C(CCC=C(C)C)C1,CC(=O)OC[C@H]1CCC=C(CCC=C(C)C)C1,-4.9756247854
CC(=O)c1cc(Nc2nc(Nc3cc(C(C)=O)c(N)c4C(=O)c5ccccc5C(=O)c34)nc(n2)c6ccccc6)c7C(=O)c8ccccc8C(=O)c7c1N,CC(=O)c1cc(Nc2nc(Nc3cc(C(C)=O)c(N)c4c3C(=O)c3ccccc3C4=O)nc(-c3ccccc3)n2)c2c(c1N)C(=O)c1ccccc1C2=O,-4.9504317948
CCCCCCCCCCCCCCCC(=O)OCC(O)CO,CCCCCCCCCCCCCCCC(=O)OCC(O)CO,-4.7267916006
CCCCCCCC.CC(C)(C)OO.CC1(C)CC(CC(C)(C)N1)OC(=O)CCCCCCCCC(=O)OC2CC(C)(C)NC(C)(C)C2,CC(C)(C)OO.CC1(C)CC(OC(=O)CCCCCCCCC(=O)OC2CC(C)(C)NC(C)(C)C2)CC(C)(C)N1.CCCCCCCC,-5.0575951101
CCCCC(CC)COC(=O)CS[Sn](C)(C)SCC(=O)OCC(CC)CCCC,CCCCC(CC)COC(=O)C[S][Sn]([CH3])([CH3])[S]CC(=O)OCC(CC)CCCC,-4.0456632384
CCCCCCCC\C=C/CCCCCCCC1=NCCN1CCO,CCCCCCCC/C=C\CCCCCCCC1=NCCN1CCO,-3.8458307588
O.Cl.[Zn].CC(C)(C)c1cc(C(O)=O)c(O)c(c1)C(C)(C)C,CC(C)(C)c1cc(C(=O)O)c(O)c(C(C)(C)C)c1.Cl.O.[Zn],-4.8694711026
[Zn++].CCCC(C)C(CCC)C(C)Cc1ccc(O[P]([S-])(=S)Oc2ccc(CC(C)C(CCC)C(C)CCC)cc2)cc1.CCCC(C)C(CCC)C(C)Cc3ccc(O[P]([S-])(=S)Oc4ccc(CC(C)C(CCC)C(C)CCC)cc4)cc3,CCCC(C)C(CCC)C(C)Cc1ccc(OP(=S)([S-])Oc2ccc(CC(C)C(CCC)C(C)CCC)cc2)cc1.CCCC(C)C(CCC)C(C)Cc1ccc(OP(=S)([S-])Oc2ccc(CC(C)C(CCC)C(C)CCC)cc2)cc1.[Zn+2],-5.4154147676
[Cr+3].CCCCC(CC)C([O-])=O.CCCCC(CC)C([O-])=O.CCCCC(CC)C([O-])=O,CCCCC(CC)C(=O)[O-].CCCCC(CC)C(=O)[O-].CCCCC(CC)C(=O)[O-].[Cr+3],-3.0199412712
Oc1cc(O)c2C[C@@H](OC(=O)c3cc(O)c(O)c(O)c3)[C@H](Oc2c1)c4cc(O)c(O)c(O)c4,O=C(O[C@@H]1Cc2c(O)cc(O)cc2O[C@@H]1c1cc(O)c(O)c(O)c1)c1cc(O)c(O)c(O)c1,-1.0591609316
CCOCCCCCCCCCCCCCC\C=C\CC,CC/C=C/CCCCCCCCCCCCCCOCC,-4.7999839607
Fc1cc(Cl)ccc1CC#N,N#CCc1ccc(Cl)cc1F,-2.5939062498
CC(CC(C)(C)C#N)c1ccccc1,CC(CC(C)(C)C#N)c1ccccc1,-3.2350788163
CC(=O)OC1CCC(CC1)C(C)(C)C,CC(=O)OC1CCC(C(C)(C)C)CC1,-3.6996406686
C[C@]12CC[C@H]3[C@@H](CC[C@H]4CC(=O)CC[C@]34C)[C@@H]1CC[C@@H]2O,C[C@]12CCC(=O)C[C@@H]1CC[C@@H]1[C@@H]2CC[C@]2(C)[C@@H](O)CC[C@@H]12,-4.9189988507
O=C(NC1CCCCC1)Nc2ccc(Cc3ccc(NC(=O)NC4CCCCC4)cc3)cc2,O=C(Nc1ccc(Cc2ccc(NC(=O)NC3CCCCC3)cc2)cc1)NC1CCCCC1,-5.142667396
Cc1ccc(cc1N=C=O)N2C(=O)N(c3ccc(C)c(c3)N=C=O)C2=O,Cc1ccc(N2C(=O)N(c3ccc(C)c(N=C=O)c3)C2=O)cc1N=C=O,-5.0368259397
CCCCCCCCCCCC(=O)OCC(O)[C@H]1OC[C@@H](O)[C@@H]1O,CCCCCCCCCCCC(=O)OCC(O)[C@H]1OC[C@@H](O)[C@@H]1O,-5.0625368604
COC(=O)CN(CC(=O)OC)c1ccc(N=Nc2ccc(cc2C#N)[N+]([O-])=O)c(NC(C)=O)c1,COC(=O)CN(CC(=O)OC)c1ccc(N=Nc2ccc([N+](=O)[O-])cc2C#N)c(NC(C)=O)c1,-5.1935197379
[Cu+].[I-],[Cu+].[I-],-5.9787509813
Nc1ccc(N=Nc2cccc(c2)N=Nc3ccc(N)cc3N)c(N)c1,Nc1ccc(N=Nc2cccc(N=Nc3ccc(N)cc3N)c2)c(N)c1,-4.197152695
CCCC(C)C.CCCC(C)CC.CCC(C)CC.CCC(C)C(C)C,CCC(C)C(C)C.CCC(C)CC.CCCC(C)C.CCCC(C)CC,-3.2704062978
CC\C=C\C,C/C=C/CC,-2.5449048057
S,S,-5.5325378146
CC(=O)OCCN(CCC#N)c1ccc(cc1)N=Nc2sc3cc(ccc3n2)[N+]([O-])=O,CC(=O)OCCN(CCC#N)c1ccc(N=Nc2nc3ccc([N+](=O)[O-])cc3s2)cc1,-4.3409088983
N#Cc1ccccc1/C=C/c2ccc(cc2)/C=C/c3ccccc3C#N,N#Cc1ccccc1/C=C/c1ccc(/C=C/c2ccccc2C#N)cc1,-4.2206388586
[O-][N+](=O)c1ccc(N=Nc2ccc(cc2)N(CCC#N)CCC#N)c(Cl)c1,N#CCCN(CCC#N)c1ccc(N=Nc2ccc([N+](=O)[O-])cc2Cl)cc1,-4.281954413
CC(=O)OCCN(CCC#N)c1ccc(cc1)N=Nc2ccc(cc2)[N+]([O-])=O,CC(=O)OCCN(CCC#N)c1ccc(N=Nc2ccc([N+](=O)[O-])cc2)cc1,-4.2803415835
CCN(CCC#N)c1ccc(cc1)N=Nc2c(Br)cc(cc2Br)[N+]([O-])=O,CCN(CCC#N)c1ccc(N=Nc2c(Br)cc([N+](=O)[O-])cc2Br)cc1,-4.3812486892
CCN(CCC#N)c1ccc(cc1)N=Nc2ccc(cc2Cl)[N+]([O-])=O,CCN(CCC#N)c1ccc(N=Nc2ccc([N+](=O)[O-])cc2Cl)cc1,-4.2526115544
COc1cc(N=Nc2c(Cl)cc(cc2[N+]([O-])=O)[N+]([O-])=O)c(NC(C)=O)cc1N(CC=C)CC=C,C=CCN(CC=C)c1cc(NC(C)=O)c(N=Nc2c(Cl)cc([N+](=O)[O-])cc2[N+](=O)[O-])cc1OC,-4.3881793818
CCOC(=O)C(C)OC(=O)c1cc(Oc2ccc(cc2Cl)C(F)(F)F)ccc1[N+]([O-])=O,CCOC(=O)C(C)OC(=O)c1cc(Oc2ccc(C(F)(F)F)cc2Cl)ccc1[N+](=O)[O-],-6.6230386723
C[C@H]1CC(=O)C[C@@H]2CC[C@H]3[C@@H]4CC[C@H](OC(C)=O)[C@@]4(C)CC[C@@H]3[C@@]12C,CC(=O)O[C@H]1CC[C@H]2[C@@H]3CC[C@H]4CC(=O)C[C@H](C)[C@]4(C)[C@H]3CC[C@]12C,-5.0925589945
CCCCCCCCCCCCCCCCCCCCCC(=O)OCC(O)CO,CCCCCCCCCCCCCCCCCCCCCC(=O)OCC(O)CO,-6.9187336597
C[C](C)C,C[C](C)C,-4.3765465432
O[Mo](O)(=O)=O,[Mo+6].[O-2].[O-2].[OH-].[OH-],-2.3797609623
CCC=C.C\C=C\C,C/C=C/C.C=CCC,-4.6698435423
CCCCCCCCC(O)=O.CCCCCCC(O)=O.CCCCC(O)=O.OCC(CO)(CO)CO,CCCCC(=O)O.CCCCCCC(=O)O.CCCCCCCCC(=O)O.OCC(CO)(CO)CO,-5.4183738573
COc1cc(N=Nc2c(Br)cc(cc2[N+]([O-])=O)[N+]([O-])=O)c(NC(C)=O)cc1N(CCOC(C)=O)CCOC(C)=O,COc1cc(N=Nc2c(Br)cc([N+](=O)[O-])cc2[N+](=O)[O-])c(NC(C)=O)cc1N(CCOC(C)=O)CCOC(C)=O,-5.4951202425
CC(C)(C)c1cc(O)ccc1O,CC(C)(C)c1cc(O)ccc1O,-1.220683278
COc1ccc(N)c(c1)[N+]([O-])=O,COc1ccc(N)c([N+](=O)[O-])c1,-1.2257020372
CCOC(OCC)\C=C(C)\CCC=C(C)C,CCOC(/C=C(\C)CCC=C(C)C)OCC,-2.3547996853
S=C1Nc2ccccc2N1,S=c1[nH]c2ccccc2[nH]1,-2.176687281
CCCCCCOCCCCCC,CCCCCCOCCCCCC,-4.2703037605
[O-][N+](=O)c1ccc(cc1)N=Nc2ccc(cc2)N(CCOCCC#N)CCC#N,N#CCCOCCN(CCC#N)c1ccc(N=Nc2ccc([N+](=O)[O-])cc2)cc1,-4.5937500267
CCCCN(C1CC(C)(C)N(C)C(C)(C)C1)c2nc(NCCCN(CCN(CCCNc3nc(nc(n3)N(CCCC)C4CC(C)(C)N(C)C(C)(C)C4)N(CCCC)C5CC(C)(C)N(C)C(C)(C)C5)c6nc(nc(n6)N(CCCC)C7CC(C)(C)N(C)C(C)(C)C7)N(CCCC)C8CC(C)(C)N(C)C(C)(C)C8)c9nc(nc(n9)N(CCCC)C%10CC(C)(C)N(C)C(C)(C)C%10)N(CCCC)C%11CC(C)(C)N(C)C(C)(C)C%11)nc(n2)N(CCCC)C%12CC(C)(C)N(C)C(C)(C)C%12,CCCCN(c1nc(NCCCN(CCN(CCCNc2nc(N(CCCC)C3CC(C)(C)N(C)C(C)(C)C3)nc(N(CCCC)C3CC(C)(C)N(C)C(C)(C)C3)n2)c2nc(N(CCCC)C3CC(C)(C)N(C)C(C)(C)C3)nc(N(CCCC)C3CC(C)(C)N(C)C(C)(C)C3)n2)c2nc(N(CCCC)C3CC(C)(C)N(C)C(C)(C)C3)nc(N(CCCC)C3CC(C)(C)N(C)C(C)(C)C3)n2)nc(N(CCCC)C2CC(C)(C)N(C)C(C)(C)C2)n1)C1CC(C)(C)N(C)C(C)(C)C1,-5.3590146681
CCN(CC)c1cc(NC(C)=O)c(cc1OC)N=Nc2c(Cl)cc(cc2[N+]([O-])=O)[N+]([O-])=O,CCN(CC)c1cc(NC(C)=O)c(N=Nc2c(Cl)cc([N+](=O)[O-])cc2[N+](=O)[O-])cc1OC,-4.6673277833
C1CCC2CCCCC2C1,C1CCC2CCCCC2C1,-4.1406777053
CCCC[Sn++]CCCC.[O-]C(=O)\C=C\C([O-])=O,CCC[CH2][Sn+2][CH2]CCC.O=C([O-])/C=C/C(=O)[O-],-4.5403282232
CC(=C)C(=O)O[Zn]O,C=C(C)C(=O)[O-].[OH-].[Zn+2],-4.2239603591
CCCCCCCC\C=C/CCCCCCCC(=O)OCC(C)OC(=O)CCCCCCC\C=C/CCCCCCCC,CCCCCCCC/C=C\CCCCCCCC(=O)OCC(C)OC(=O)CCCCCCC/C=C\CCCCCCCC,-4.7817560925
O=C(Nc1cccc2C(=O)c3ccccc3C(=O)c12)c4ccc(cc4)c5ccc(cc5)N=Nc6ccc(cc6)c7ccc(cc7)C(=O)Nc8cccc9C(=O)c%10ccccc%10C(=O)c89,O=C(Nc1cccc2c1C(=O)c1ccccc1C2=O)c1ccc(-c2ccc(N=Nc3ccc(-c4ccc(C(=O)Nc5cccc6c5C(=O)c5ccccc5C6=O)cc4)cc3)cc2)cc1,-5.716458279299999
C1Cc2ccc(CCc3ccc1cc3)cc2,c1cc2ccc1CCc1ccc(cc1)CC2,-5.169478497
O=C1c2ccccc2c3ccc4c5ccc6c7ccccc7C(=O)c8ccc(c9ccc1c3c49)c5c68,O=C1c2ccccc2-c2ccc3c4ccc5c6c(ccc(c7ccc1c2c73)c64)C(=O)c1ccccc1-5,-5.5133127462
COc1cc2c3ccccc3C(=O)c4ccc5c6ccc7C(=O)c8ccccc8c9cc(OC)c(c1c5c24)c6c79,COc1cc2c3c(ccc4c5ccc6c7c(cc(OC)c(c1c34)c75)-c1ccccc1C6=O)C(=O)c1ccccc1-2,-5.5991706951
CCCCC[C@H](CCC)CCCO,CCCCC[C@H](CCC)CCCO,-5.1563604082
CC(C)(C)OOC1(CCCCC1)OOC(C)(C)C,CC(C)(C)OOC1(OOC(C)(C)C)CCCCC1,-5.386213837300001
CCCCCCCCCCCCCCCC(=O)OC/C=C(C)/C=C/C=C(C)/C=C/C1=C(C)CCCC1(C)C,CCCCCCCCCCCCCCCC(=O)OC/C=C(C)/C=C/C=C(C)/C=C/C1=C(C)CCCC1(C)C,-5.7200550602
C[C@@H](Oc1ccc(Oc2ccc(cn2)C(F)(F)F)cc1)C(O)=O,C[C@@H](Oc1ccc(Oc2ccc(C(F)(F)F)cn2)cc1)C(=O)O,-2.6227956692
CCC(C)(C)OOC1(CCCCC1)OOC(C)(C)CC,CCC(C)(C)OOC1(OOC(C)(C)CC)CCCCC1,-5.4600374185
CC1=CC(C)(C)Nc2ccccc12,CC1=CC(C)(C)Nc2ccccc21,-5.238695803500001
CCCCCCCCCl,CCCCCCCCCl,-5.1722437893
C[Si](C)(C)O[Si](C)(C)O[Si](C)(C)O[Si](C)(C)O[Si](C)(C)O[Si](C)(C)C,C[Si](C)(C)O[Si](C)(C)O[Si](C)(C)O[Si](C)(C)O[Si](C)(C)O[Si](C)(C)C,-5.661813631699999
CCC(COP)(COS)COS.CC(COS)(COS)COC(=O)CCCC(=O)OCC(C)(COS)COS,CC(COS)(COS)COC(=O)CCCC(=O)OCC(C)(COS)COS.CCC(COP)(COS)COS,-5.8419473099
B12B3B4B1C234,B12B3B4B1C234,-4.7424030214
CC(C)(C)CC(C)(C)c1ccc(O)c(c1)n2nc3ccccc3n2,CC(C)(C)CC(C)(C)c1ccc(O)c(-n2nc3ccccc3n2)c1,-5.5097937283
Cc1ccc(O)c(c1)n2nc3ccccc3n2,Cc1ccc(O)c(-n2nc3ccccc3n2)c1,-5.3526667277
CC(C)(C)c1cc(CCC(=O)OCCSCCOC(=O)CCc2cc(c(O)c(c2)C(C)(C)C)C(C)(C)C)cc(c1O)C(C)(C)C,CC(C)(C)c1cc(CCC(=O)OCCSCCOC(=O)CCc2cc(C(C)(C)C)c(O)c(C(C)(C)C)c2)cc(C(C)(C)C)c1O,-5.8081724723
Cc1cc(CCC(=O)OCCOCCOCCOC(=O)CCc2cc(C)c(O)c(c2)C(C)(C)C)cc(c1O)C(C)(C)C,Cc1cc(CCC(=O)OCCOCCOCCOC(=O)CCc2cc(C)c(O)c(C(C)(C)C)c2)cc(C(C)(C)C)c1O,-5.7684649408
CCCCCCCCOc1ccc(c(O)c1)C(=O)c2ccccc2,CCCCCCCCOc1ccc(C(=O)c2ccccc2)c(O)c1,-5.5137980476
CCCCCCC(CO)CCCC,CCCCCCC(CO)CCCC,-5.2703037605
CCCCCCCCCCCCC(CO)CCCCCCCCCC,CCCCCCCCCCCCC(CO)CCCCCCCCCC,-5.549815883300001
CCCCCCCCCCCCCCC(CO)CCCCCCCCCCCC,CCCCCCCCCCCCCCC(CO)CCCCCCCCCCCC,-5.6135997753
CCCCC(CC)COCOCC(CC)CCCC,CCCCC(CC)COCOCC(CC)CCCC,-5.4353234735
CCCCCCCCC(CO)CCCCCC,CCCCCCCCC(CO)CCCCCC,-5.3846168146
Cc1cc(n2nc3ccc(Cl)cc3n2)c(O)c(c1)C(C)(C)C,Cc1cc(-n2nc3ccc(Cl)cc3n2)c(O)c(C(C)(C)C)c1,-5.4994176265
CCc1cc(Cc2cc(CC)cc(c2O)C(C)(C)C)c(O)c(c1)C(C)(C)C,CCc1cc(Cc2cc(CC)cc(C(C)(C)C)c2O)c(O)c(C(C)(C)C)c1,-5.5665093776
CCCCCCCCCCCCCCCCC(CO)CCCCCCCCCCCCCC,CCCCCCCCCCCCCCCCC(CO)CCCCCCCCCCCCCC,-5.66920434
CCCCCCCCCCCCCCCCCCNC(=O)NCCCNC(=O)NCCCCCCCCCCCCCCCCCC,CCCCCCCCCCCCCCCCCCNC(=O)NCCCNC(=O)NCCCCCCCCCCCCCCCCCC,-5.8229189425
CCCCC(CC)CN[S](=O)(=O)c1ccc(N)cc1,CCCCC(CC)CNS(=O)(=O)c1ccc(N)cc1,-5.453967766799999
CC(C)(C)c1ccc2oc(nc2c1)c3sc(cc3)c4oc5ccc(cc5n4)C(C)(C)C,CC(C)(C)c1ccc2oc(-c3ccc(-c4nc5cc(C(C)(C)C)ccc5o4)s3)nc2c1,-5.634046793
CCCCCCCCCC(O)=O.CCCCCCCC(O)=O.CCCCCC(O)=O.CCC(CO)(CO)CO.OC(=O)CCCCC(O)=O,CCC(CO)(CO)CO.CCCCCC(=O)O.CCCCCCCC(=O)O.CCCCCCCCCC(=O)O.O=C(O)CCCCC(=O)O,-5.8530645557000005
O=C1OC(=O)c2ccc3c4ccc5C(=O)OC(=O)c6ccc(c7ccc1c2c37)c4c56,O=C1OC(=O)c2ccc3c4ccc5c6c(ccc(c7ccc1c2c73)c64)C(=O)OC5=O,-5.5936426625
[O-][N+](=O)c1ccc(O[P](=S)(Oc2ccc(cc2)[N+]([O-])=O)Oc3ccc(cc3)[N+]([O-])=O)cc1,O=[N+]([O-])c1ccc(OP(=S)(Oc2ccc([N+](=O)[O-])cc2)Oc2ccc([N+](=O)[O-])cc2)cc1,-5.6788341975
[Ba++].Cc1cc(c(N\N=C/2C(=O)C(=Cc3ccccc23)C([O-])=O)cc1Cl)[S]([O-])(=O)=O,Cc1cc(S(=O)(=O)[O-])c(N/N=C2/C(=O)C(C(=O)[O-])=Cc3ccccc32)cc1Cl.[Ba+2],-5.745185694400001
[Ba++].[O-][S](=O)(=O)c1c(N\N=C\2C(=O)C=Cc3ccccc23)ccc4ccccc14.[O-][S](=O)(=O)c5c(N\N=C\6C(=O)C=Cc7ccccc67)ccc8ccccc58,O=C1C=Cc2ccccc2/C1=N/Nc1ccc2ccccc2c1S(=O)(=O)[O-].O=C1C=Cc2ccccc2/C1=N/Nc1ccc2ccccc2c1S(=O)(=O)[O-].[Ba+2],-5.9504281438
CC(C)CCCCCCCCCCOC(=O)c1ccccc1C(=O)OCCCCCCCCCCC(C)C,CC(C)CCCCCCCCCCOC(=O)c1ccccc1C(=O)OCCCCCCCCCCC(C)C,-5.724958731699999
[Ca++].[O-][S](=O)(=O)c1c(N\N=C\2C(=O)C=Cc3ccccc23)ccc4ccccc14.[O-][S](=O)(=O)c5c(N\N=C\6C(=O)C=Cc7ccccc67)ccc8ccccc58,O=C1C=Cc2ccccc2/C1=N/Nc1ccc2ccccc2c1S(=O)(=O)[O-].O=C1C=Cc2ccccc2/C1=N/Nc1ccc2ccccc2c1S(=O)(=O)[O-].[Ca+2],-5.9003015698
[O--].[O--].[O--].[In+3].[In+3],[In+3].[In+3].[O-2].[O-2].[O-2],-5.443471085900001
CC(C)CCCCCCCCCCOC(=O)CCCCC(=O)OCCCCCCCCCCC(C)C,CC(C)CCCCCCCCCCOC(=O)CCCCC(=O)OCCCCCCCCCCC(C)C,-5.708288296799999
CCCCCCCCCCCCCCCCCCCCCCO,CCCCCCCCCCCCCCCCCCCCCCO,-5.5140281479
CCCCCCCCCCCCOC(=O)CCSCCC(=O)OCCCCCCCCCCCC,CCCCCCCCCCCCOC(=O)CCSCCC(=O)OCCCCCCCCCCCC,-5.711686621799999
CCOC(=O)c1ccc(cc1)N=CN(C)c2ccccc2,CCOC(=O)c1ccc(N=CN(C)c2ccccc2)cc1,-5.4507770249
CCCCCCCCCCCCCCCCOC(=O)OOC(=O)OCCCCCCCCCCCCCCCC,CCCCCCCCCCCCCCCCOC(=O)OOC(=O)OCCCCCCCCCCCCCCCC,-5.7565570001
CCCCCCCCCCCCCCCC[Si](OC)(OC)OC,CCCCCCCCCCCCCCCC[Si](OC)(OC)OC,-5.5398636413
CCCCCC=O.CCCCC=O.O=CCC=O,CCCCC=O.CCCCCC=O.O=CCC=O,-5.4122219139
[O--].[O--].[K+].[Fe+3],[Fe+3].[K+].[O-2].[O-2],-5.1036019152
[Li].O.[K].[Ti],O.[K+].[Li+].[Ti],-5.0489115819
CCCCCCCCCCCCCCCCCCCCO,CCCCCCCCCCCCCCCCCCCCO,-5.4750243489
[NH4+].[Mn+3].[O-][P]([O-])(=O)O[P]([O-])([O-])=O,O=P([O-])([O-])OP(=O)([O-])[O-].[Mn+3].[NH4+],-5.392552750599999
CCCCCCCCCCCCCCCCCCO,CCCCCCCCCCCCCCCCCCO,-5.432168875
CCCCCCCCCCCC(=O)OC(C)C,CCCCCCCCCCCC(=O)OC(C)C,-5.384537990399999
CCCCCCCCCCCCCCCCCCCCCCCCO,CCCCCCCCCCCCCCCCCCCCCCCCO,-5.549815883300001
CCCCCCC\C=C\CC,CC/C=C/CCCCCCC,-5.1883574821
CCCCCCCCCCCC(=O)OC=C,C=COC(=O)CCCCCCCCCCC,-5.3547996853
[Zn++].CCCCN(CCCC)C([S-])=S.CCCCN(CCCC)C([S-])=S,CCCCN(CCCC)C(=S)[S-].CCCCN(CCCC)C(=S)[S-].[Zn+2],-5.6759230824
COC(OC)c1ccc(cc1)C(=O)OC.COC(=O)c2ccccc2.COC(=O)c3ccc(C)cc3.COC(=O)c4ccc(CO)cc4.COC(=O)c5ccc(COC(=O)c6ccc(C)cc6)cc5.COC(=O)c7ccc(COC(=O)c8ccc(cc8)C(=O)OC)cc7.COC(=O)c9ccc(C=O)cc9.COC(=O)c%10ccc(cc%10)C(O)=O.COC(=O)c%11ccc(cc%11)C(=O)OC.COC(=O)c%12ccc(cc%12)C(=O)OCc%13ccc(C)cc%13.COC(=O)c%14ccc(cc%14)c%15ccc(cc%15)C(=O)OC.COC(=O)c%16ccc(cc%16)c%17cccc(c%17)C(=O)OC.COC(=O)c%18ccc(cc%18)c%19ccccc%19C(=O)OC.COC(=O)c%20ccc(cc%20)c%21cc(C)ccc%21C(=O)OC.COC(=O)c%22ccc(cc%22)c%23cc(ccc%23C(=O)OC)C(=O)OC.COC(=O)c%24cccc(c%24)C(=O)OC.COC(=O)c%25ccc(C(=O)OC)c(c%25)C(=O)OC.COC(=O)c%26ccc%27c(c%26)C(=O)c%28ccc(cc%27%28)C(=O)OC.COC(=O)c%29ccc(C)c%30c%29OC(=O)c%31ccccc%30%31.COC(=O)c%32ccccc%32C(=O)OC.COC(=O)c%33ccc(C)cc%33C(=O)OC.Cc%34ccc(C)cc%34.Cc%35ccc(cc%35)C(O)=O.OC(=O)c%36ccccc%36,COC(=O)c1ccc(-c2cc(C(=O)OC)ccc2C(=O)OC)cc1.COC(=O)c1ccc(-c2cc(C)ccc2C(=O)OC)cc1.COC(=O)c1ccc(-c2ccc(C(=O)OC)cc2)cc1.COC(=O)c1ccc(-c2cccc(C(=O)OC)c2)cc1.COC(=O)c1ccc(-c2ccccc2C(=O)OC)cc1.COC(=O)c1ccc(C(=O)O)cc1.COC(=O)c1ccc(C(=O)OC)c(C(=O)OC)c1.COC(=O)c1ccc(C(=O)OC)cc1.COC(=O)c1ccc(C(=O)OCc2ccc(C)cc2)cc1.COC(=O)c1ccc(C(OC)OC)cc1.COC(=O)c1ccc(C)c2c1oc(=O)c1ccccc12.COC(=O)c1ccc(C)cc1.COC(=O)c1ccc(C)cc1C(=O)OC.COC(=O)c1ccc(C=O)cc1.COC(=O)c1ccc(CO)cc1.COC(=O)c1ccc(COC(=O)c2ccc(C(=O)OC)cc2)cc1.COC(=O)c1ccc(COC(=O)c2ccc(C)cc2)cc1.COC(=O)c1ccc2c(c1)C(=O)c1ccc(C(=O)OC)cc1-2.COC(=O)c1cccc(C(=O)OC)c1.COC(=O)c1ccccc1.COC(=O)c1ccccc1C(=O)OC.Cc1ccc(C(=O)O)cc1.Cc1ccc(C)cc1.O=C(O)c1ccccc1,-6.7316777728
CCCCC(CC)C1CCON1CCOC(=O)NCCCCCCNC(=O)OCCN2OCCC2C(CC)CCCC,CCCCC(CC)C1CCON1CCOC(=O)NCCCCCCNC(=O)OCCN1OCCC1C(CC)CCCC,-5.7905608237
COC(=O)CCc1cc(n2nc3ccccc3n2)c(O)c(c1)C(C)(C)C,COC(=O)CCc1cc(-n2nc3ccccc3n2)c(O)c(C(C)(C)C)c1,-6.849323575900001
CCCCCCCCCCCCCCCCCCNC(=O)Nc1ccc(Cc2ccc(NC(=O)NCCCCCCCCCCCCCCCCCC)cc2)cc1,CCCCCCCCCCCCCCCCCCNC(=O)Nc1ccc(Cc2ccc(NC(=O)NCCCCCCCCCCCCCCCCCC)cc2)cc1,-5.9429946413
CC(C)CCC[C@@H](C)CCC[C@@H](C)CCC[C@]1(C)CCc2c(C)c(OC(C)=O)c(C)c(C)c2O1,CC(=O)Oc1c(C)c(C)c2c(c1C)CC[C@@](C)(CCC[C@H](C)CCC[C@H](C)CCCC(C)C)O2,-5.7715452251
ICC1CCC(CI)CC1,ICC1CCC(CI)CC1,-5.7481975718
CC(C)(C)OOC(C)(C)c1ccc(cc1)C(C)(C)OOC(C)(C)C,CC(C)(C)OOC(C)(C)c1ccc(C(C)(C)OOC(C)(C)C)cc1,-5.7371515873000005
[OH-].[O--].[Al+3],[Al+3].[O-2].[OH-],-5.0252479516
CCCCCCCCCCCCCCCCCCSSCCCCCCCCCCCCCCCCCC,CCCCCCCCCCCCCCCCCCSSCCCCCCCCCCCCCCCCCC,-6.057758885499999
CCCCCCCCCCCCC(CCCCCCCCCC)C(O)=O,CCCCCCCCCCCCC(CCCCCCCCCC)C(=O)O,-5.867639521599999
[Zr],[Zr],-5.35804912
C[Si](C)(C)O[Si](C)(O[Si](C)(C)C)O[Si](C)(C)C,C[Si](C)(C)O[Si](C)(O[Si](C)(C)C)O[Si](C)(C)C,-5.9360261722
CCOc1ccccc1NC(=O)C(=O)Nc2ccc(CCCCCCCCCC(C)C)cc2,CCOc1ccccc1NC(=O)C(=O)Nc1ccc(CCCCCCCCCC(C)C)cc1,-6.0994494699
N12[Si]34N5[Si]16N3[Si]25N46,N12[Si]34N5[Si]16N3[Si]25N46,-5.6698930776
CCCCC(CC)COC(=O)CC(C)CC(C)(C)C,CCCCC(CC)COC(=O)CC(C)CC(C)(C)C,-5.9549769717
[O--].[O--].[O--].[Ca++].[Ti+4],[Ca+2].[O-2].[O-2].[O-2].[Ti+4],-5.6562324003
CCC(C)CCCOC(=O)CCc1cc(n2nc3ccccc3n2)c(O)c(c1)C(C)(C)C,CCC(C)CCCOC(=O)CCc1cc(-n2nc3ccccc3n2)c(O)c(C(C)(C)C)c1,-6.1639401792
[Ca++].[Ca++].[O-][P]([O-])(=O)O[P]([O-])([O-])=O,O=P([O-])([O-])OP(=O)([O-])[O-].[Ca+2].[Ca+2],-5.998459357100001
C[S](=O)(=O)Oc1ccc(Nc2ccc(O)c3C(=O)c4ccccc4C(=O)c23)cc1,CS(=O)(=O)Oc1ccc(Nc2ccc(O)c3c2C(=O)c2ccccc2C3=O)cc1,-6.214227984500001
[Ni++].CCCCN.CC(C)(C)CC(C)(C)c1ccc([O-])c(Sc2cc(ccc2[O-])C(C)(C)CC(C)(C)C)c1,CC(C)(C)CC(C)(C)c1ccc([O-])c(Sc2cc(C(C)(C)CC(C)(C)C)ccc2[O-])c1.CCCCN.[Ni+2],-6.4460405944
CC(Cc1cccc(CC(C)c2ccc(O)cc2)c1)c3ccc(O)cc3,CC(Cc1cccc(CC(C)c2ccc(O)cc2)c1)c1ccc(O)cc1,-6.238635640399999
Cc1cccc(c1)N(c2ccccc2)c3ccc(cc3)c4ccc(cc4)N(c5ccccc5)c6cccc(C)c6,Cc1cccc(N(c2ccccc2)c2ccc(-c3ccc(N(c4ccccc4)c4cccc(C)c4)cc3)cc2)c1,-6.4121983796
CN(C(=S)SSC(=S)N(C)c1ccccc1)c2ccccc2,CN(C(=S)SSC(=S)N(C)c1ccccc1)c1ccccc1,-6.2607699922
CCN(CC)c1ccc(N=Nc2c(cc(cc2[N+]([O-])=O)[N+]([O-])=O)C#N)c(NC(C)=O)c1,CCN(CC)c1ccc(N=Nc2c(C#N)cc([N+](=O)[O-])cc2[N+](=O)[O-])c(NC(C)=O)c1,-6.327772594400001
CC(C)=C.Cc1ccc(O)cc1.C2C=CC3C4CC(C=C4)C23,C1=CC2C3C=CC(C3)C2C1.C=C(C)C.Cc1ccc(O)cc1,-6.1709273189
CCCCCCCCCCCC(=O)OCCOCC(OCCO)C1OCC(OCCO)C1OCCO,CCCCCCCCCCCC(=O)OCCOCC(OCCO)C1OCC(OCCO)C1OCCO,-6.417202563200001
CC(C)CCCCCCCCCCCCCCCO,CC(C)CCCCCCCCCCCCCCCO,-6.256077615900001
CCCCCCCCCCCC(=O)OCC(COC(C)=O)OC(C)=O,CCCCCCCCCCCC(=O)OCC(COC(C)=O)OC(C)=O,-6.378367614400001
CCCCCCCCCCCCCCCOC(=O)/C=C/C(=O)OCCCCCCCCCCCCCCC,CCCCCCCCCCCCCCCOC(=O)/C=C/C(=O)OCCCCCCCCCCCCCCC,-6.5537875846
CCCCCCCCOC(=O)\C=C\C(=O)OCCCCCCCC,CCCCCCCCOC(=O)/C=C/C(=O)OCCCCCCCC,-6.356030959
O=C=Nc1ccc(O[P](=S)(Oc2ccc(cc2)N=C=O)Oc3ccc(cc3)N=C=O)cc1,O=C=Nc1ccc(OP(=S)(Oc2ccc(N=C=O)cc2)Oc2ccc(N=C=O)cc2)cc1,-6.4917192558000005
CC(C)CCCCCCCOC(=O)\C=C\C(=O)OCCCCCCCC(C)C,CC(C)CCCCCCCOC(=O)/C=C/C(=O)OCCCCCCCC(C)C,-6.4222745911
CCCCCCCCCCCCOC(=O)\C=C\C(=O)OCCCCCCCCCCCC,CCCCCCCCCCCCOC(=O)/C=C/C(=O)OCCCCCCCCCCCC,-6.4797384219000005
CCCCCCCC\C=C/CCCCCCCC(=O)OC(C)C,CCCCCCCC/C=C\CCCCCCCC(=O)OC(C)C,-6.3351890163
CCCCCCCCCC(O)=O.CCCCCCCC(O)=O.CCCCCCC(O)=O.OCC(CO)(CO)CO,CCCCCCC(=O)O.CCCCCCCC(=O)O.CCCCCCCCCC(=O)O.OCC(CO)(CO)CO,-6.6194034302
[N-]=[N+]=C1C=Cc2c(cccc2[S](=O)(=O)Oc3ccc(C(=O)c4ccccc4)c(O[S](=O)(=O)c5cccc6C(=O)C(C=Cc56)=[N+]=[N-])c3O[S](=O)(=O)c7cccc8C(=O)C(C=Cc78)=[N+]=[N-])C1=O,[N-]=[N+]=C1C=Cc2c(cccc2S(=O)(=O)Oc2ccc(C(=O)c3ccccc3)c(OS(=O)(=O)c3cccc4c3C=CC(=[N+]=[N-])C4=O)c2OS(=O)(=O)c2cccc3c2C=CC(=[N+]=[N-])C3=O)C1=O,-6.820895006900001
CCCCCCCC[Si](OCC)(OCC)OCC,CCCCCCCC[Si](OCC)(OCC)OCC,-6.327740788400001
CCCCCCC(O)CCCCCCCCCCC(=O)NCCNC(=O)CCCCCCCCCCC(O)CCCCCC,CCCCCCC(O)CCCCCCCCCCC(=O)NCCNC(=O)CCCCCCCCCCC(O)CCCCCC,-6.7352071916
O=C1OC(=Nc2ccccc12)c3ccc(cc3)C4=Nc5ccccc5C(=O)O4,O=c1oc(-c2ccc(-c3nc4ccccc4c(=O)o3)cc2)nc2ccccc12,-6.5170402935
CCCCCCCC\C=C/CCCCCCCCCCCC(N)=O,CCCCCCCC/C=C\CCCCCCCCCCCC(N)=O,-6.5283921465
O=C=Nc1ccc(cc1)C(c2ccc(cc2)N=C=O)c3ccc(cc3)N=C=O,O=C=Nc1ccc(C(c2ccc(N=C=O)cc2)c2ccc(N=C=O)cc2)cc1,-6.5650965952
CC(C)CCCCCCOC(=O)c1ccccc1C(=O)OCCCCCCC(C)C,CC(C)CCCCCCOC(=O)c1ccccc1C(=O)OCCCCCCC(C)C,-6.6218178985
CCCCC(CC)COC(=O)CCCCC(=O)OCC(CC)CCCC,CCCCC(CC)COC(=O)CCCCC(=O)OCC(CC)CCCC,-6.5688749453
CC(C)CCCCCCCOC(=O)CCCCC(=O)OCCCCCCCC(C)C,CC(C)CCCCCCCOC(=O)CCCCC(=O)OCCCCCCCC(C)C,-6.6301043221
CC(C)CCCCCCOC(=O)CCCCC(=O)OCCCCCCC(C)C,CC(C)CCCCCCOC(=O)CCCCC(=O)OCCCCCCC(C)C,-6.6005678007
CCCCCCCCOCCCCCCCC,CCCCCCCCOCCCCCCCC,-6.3846168146
CCCCCCCCCCCCCCCCCCOC=C,C=COCCCCCCCCCCCCCCCCCC,-6.4720818187
CC(C)CCCCCCCCCCCCCCC(O)=O.OC[C@H](O)[C@@H](O)[C@H](O)C(O)O,CC(C)CCCCCCCCCCCCCCC(=O)O.OC[C@H](O)[C@@H](O)[C@H](O)C(O)O,-6.6557423758
CCCCC(CC)COC(=O)C(C#N)=C(c1ccccc1)c2ccccc2,CCCCC(CC)COC(=O)C(C#N)=C(c1ccccc1)c1ccccc1,-6.5580902807
CCCC1CCC(CC1)C2CCC(CC2)c3ccc(c(F)c3)c4cc(F)c(F)c(F)c4,CCCC1CCC(C2CCC(c3ccc(-c4cc(F)c(F)c(F)c4)c(F)c3)CC2)CC1,-6.6360312962
CCCCCCCCCCC(CO)CCCCCCCC,CCCCCCCCCCC(CO)CCCCCCCC,-6.4750243489
O=C1OC(=O)c2cccc3cccc1c23,O=C1OC(=O)c2cccc3cccc1c23,-6.2970532498
CC(C)(C)c1cc(CCC(=O)OCC(COC(=O)CCc2cc(c(O)c(c2)C(C)(C)C)C(C)(C)C)(COC(=O)CCc3cc(c(O)c(c3)C(C)(C)C)C(C)(C)C)COC(=O)CCc4cc(c(O)c(c4)C(C)(C)C)C(C)(C)C)cc(c1O)C(C)(C)C,CC(C)(C)c1cc(CCC(=O)OCC(COC(=O)CCc2cc(C(C)(C)C)c(O)c(C(C)(C)C)c2)(COC(=O)CCc2cc(C(C)(C)C)c(O)c(C(C)(C)C)c2)COC(=O)CCc2cc(C(C)(C)C)c(O)c(C(C)(C)C)c2)cc(C(C)(C)C)c1O,-7.0710180803
CC(C)(C)CC(C)(C)c1ccc(Nc2ccc(cc2)C(C)(C)CC(C)(C)C)cc1,CC(C)(C)CC(C)(C)c1ccc(Nc2ccc(C(C)(C)CC(C)(C)C)cc2)cc1,-6.5951201849
CCCCCCCCC(C)C(CC)CCCCCCC.CCCCCCCCC(C)C(CCC)CCCCCC,CCCCCCCCC(C)C(CC)CCCCCCC.CCCCCCCCC(C)C(CCC)CCCCCC,-6.7521345295
CCCCCCCCCCCCCCCCCC(=O)NCCNCCNC(=O)CCCCCCCCCCCCCCCCC.CCCCCCCCCCCCCCCCCC(=O)NCCN1CCN=C1CCCCCCCCCCCCCCCCC.CC(O)=O.CC(O)=O,CC(=O)O.CC(=O)O.CCCCCCCCCCCCCCCCCC(=O)NCCN1CCN=C1CCCCCCCCCCCCCCCCC.CCCCCCCCCCCCCCCCCC(=O)NCCNCCNC(=O)CCCCCCCCCCCCCCCCC,-7.138082494500001
CCCCCCCCCCCCCCCCCCCCCC(=O)NCCCN(C)C,CCCCCCCCCCCCCCCCCCCCCC(=O)NCCCN(C)C,-6.6281415672
CCCCCCCCCCCCCCCCCCOCC[O],CCCCCCCCCCCCCCCCCCOCC[O],-6.4963012647000005
[Mg++].[Mg++].[Mg++].O[Si]([O-])=O.O[Si]([O-])=O.[O-][Si]([O-])=O.[O-][Si]([O-])=O,O=[Si]([O-])O.O=[Si]([O-])O.O=[Si]([O-])[O-].O=[Si]([O-])[O-].[Mg+2].[Mg+2].[Mg+2],-6.5789404760000005
Cc1cc(C)c(c(C)c1)C(=O)[P](=O)(C(=O)c2c(C)cc(C)cc2C)c3ccccc3,Cc1cc(C)c(C(=O)P(=O)(C(=O)c2c(C)cc(C)cc2C)c2ccccc2)c(C)c1,-6.6216674424
[O--].[O--].[O--].[O--].[O--].[Al+3].[Al+3].[Ca++].[Ca++],[Al+3].[Al+3].[Ca+2].[Ca+2].[O-2].[O-2].[O-2].[O-2].[O-2],-6.3306470932000005
CO[Si](OC)(C(C)C)C(C)C,CO[Si](OC)(C(C)C)C(C)C,-6.2463311334
CCCCCCCCCCCC(=O)OOC(=O)CCCCCCCCCCC,CCCCCCCCCCCC(=O)OOC(=O)CCCCCCCCCCC,-6.6005678007
CCCCCCCCOC(=O)[C@@H](C)Oc1ccc(Cl)cc1C,CCCCCCCCOC(=O)[C@@H](C)Oc1ccc(Cl)cc1C,-6.5143670911000005
[Ag+].[C-]#N,[Ag+].[C-]#N,-6.1267351667
[Ti++].[H-].[H-],[H-].[H-].[Ti+2],-5.6979525644
[Ti+4].[O-][Si]([O-])=O.[O-][Si]([O-])=O,O=[Si]([O-])[O-].O=[Si]([O-])[O-].[Ti+4],-6.3011016483
CCCCCCCCC(=O)OCC(CC)(COC(=O)CCCCCCCC)COC(=O)CCCCCCCC,CCCCCCCCC(=O)OCC(CC)(COC(=O)CCCCCCCC)COC(=O)CCCCCCCC,-6.8410879515
CCC(C)(C)c1cc(O)c(cc1O)C(C)(C)CC,CCC(C)(C)c1cc(O)c(C(C)(C)CC)cc1O,-6.495513117200001
[O--].[O--].[O--].[O--].[O--].[Fe+3].[Fe+3].[Sr++].[Sr++],[Fe+3].[Fe+3].[O-2].[O-2].[O-2].[O-2].[O-2].[Sr+2].[Sr+2],-6.6614873159000005
[H-].[H-].[Zr++],[H-].[H-].[Zr+2],-6.066512277899999
CC1(OCCO1)C2CCC3C4=CC=C5CC6(CCC5(C)C4CCC23C)OCCO6,CC1(C2CCC3C4=CC=C5CC6(CCC5(C)C4CCC32C)OCCO6)OCCO1,-6.7001197149000005
CC(C)[C@H]1CC[C@H](C)C[C@@H]1OC(C)=O,CC(=O)O[C@H]1C[C@@H](C)CC[C@@H]1C(C)C,-4.0668869332
[Zn++].[n-]1c2nc3[n-]c(nc4nc(nc5nc(nc1c6ccccc26)c7ccccc57)c8ccccc48)c9ccccc39,[Zn+2].c1ccc2c(c1)-c1nc3nc(nc4[n-]c(nc5[n-]c(nc-2n1)c1ccccc51)c1ccccc41)-c1ccccc1-3,-6.9837209828
CC(=O)Nc1cc(ccc1N=Nc2ccc(cc2Cl)[N+]([O-])=O)N(CCOC(C)=O)CCOC(C)=O,CC(=O)Nc1cc(N(CCOC(C)=O)CCOC(C)=O)ccc1N=Nc1ccc([N+](=O)[O-])cc1Cl,-6.963714866599999
CCCCCCCCCCCCCCCCCC(=O)OCC(OC(=O)CCCCCCCCCCCCCCCCC)[C@H]1OC[C@@H](O)[C@@H]1OC(=O)CCCCCCCCCCCCCCCCC,CCCCCCCCCCCCCCCCCC(=O)OCC(OC(=O)CCCCCCCCCCCCCCCCC)[C@H]1OC[C@@H](O)[C@@H]1OC(=O)CCCCCCCCCCCCCCCCC,-7.284910561499999
CCCCCCCCCCCCCCCC(=O)OCC(O)[C@H]1OC[C@@H](O)[C@@H]1O,CCCCCCCCCCCCCCCC(=O)OCC(O)[C@H]1OC[C@@H](O)[C@@H]1O,-6.9058735609
CC(C)CCCCCCCCCCOC(=O)c1ccc(C(=O)OCCCCCCCCCCC(C)C)c(c1)C(=O)OCCCCCCCCCCC(C)C,CC(C)CCCCCCCCCCOC(=O)c1ccc(C(=O)OCCCCCCCCCCC(C)C)c(C(=O)OCCCCCCCCCCC(C)C)c1,-7.180237159600001
CCCCCCC(=O)OCC(COC(=O)CCCCCC)OC(=O)CCCCCC,CCCCCCC(=O)OCC(COC(=O)CCCCCC)OC(=O)CCCCCC,-6.9330922951
CCCCCCC(O)CCCCCCCCCCC(=O)OCC(COC(=O)CCCCCCCCCCC(O)CCCCCC)OC(=O)CCCCCCCCCCC(O)CCCCCC,CCCCCCC(O)CCCCCCCCCCC(=O)OCC(COC(=O)CCCCCCCCCCC(O)CCCCCC)OC(=O)CCCCCCCCCCC(O)CCCCCC,-7.273925855599999
CCCCC(CC)C(=O)OCC(COC(=O)C(CC)CCCC)OC(=O)C(CC)CCCC,CCCCC(CC)C(=O)OCC(COC(=O)C(CC)CCCC)OC(=O)C(CC)CCCC,-6.97376589
CCCCCCCC\C=C/CCCCCCCC(=O)OCC(COC(=O)CCCCCCC\C=C/CCCCCCCC)OC(=O)CCCCCCC\C=C/CCCCCCCC,CCCCCCCC/C=C\CCCCCCCC(=O)OCC(COC(=O)CCCCCCC/C=C\CCCCCCCC)OC(=O)CCCCCCC/C=C\CCCCCCCC,-7.2481955094
CC(C)CCCCCOC(=O)CCCCC(=O)OCCCCCC(C)C,CC(C)CCCCCOC(=O)CCCCC(=O)OCCCCCC(C)C,-6.869904941000001
CCCCCCCCCCCCCCCCCCOCCCCCCCCCCCCCCCCCC,CCCCCCCCCCCCCCCCCCOCCCCCCCCCCCCCCCCCC,-7.0195208893
CCCCCCC(=O)OCC(CC)(COC(=O)CCCCCC)COC(=O)CCCCCC,CCCCCCC(=O)OCC(CC)(COC(=O)CCCCCC)COC(=O)CCCCCC,-6.97376589
CCCCCCCC\C=C/CCCCCCCC(=O)OCC(C)(C)COC(=O)CCCCCCC\C=C/CCCCCCCC,CCCCCCCC/C=C\CCCCCCCC(=O)OCC(C)(C)COC(=O)CCCCCCC/C=C\CCCCCCCC,-7.102471438899999
CCCCCCCC(=O)OCC(C)(C)COC(=O)CCCCCCC,CCCCCCCC(=O)OCC(C)(C)COC(=O)CCCCCCC,-6.8531467823000005
CCCCCCCCCCCCCCCCCOC(=O)/C=C/C(=O)OCCCCCCCCCCCCCCCCC,CCCCCCCCCCCCCCCCCOC(=O)/C=C/C(=O)OCCCCCCCCCCCCCCCCC,-7.0740773653
Clc1ccc(NC(=O)CBr)c(c1)C(=O)c2ccccc2Cl,O=C(CBr)Nc1ccc(Cl)cc1C(=O)c1ccccc1Cl,-6.8888082879
CCC(COC(=O)CCCCCCCCCCCCCCC(C)C)(COC(=O)CCCCCCCCCCCCCCC(C)C)COC(=O)CCCCCCCCCCCCCCC(C)C,CCC(COC(=O)CCCCCCCCCCCCCCC(C)C)(COC(=O)CCCCCCCCCCCCCCC(C)C)COC(=O)CCCCCCCCCCCCCCC(C)C,-7.2711824653
CCCCCCCCCCCCCCCCCC(=O)OCCCCCCCC,CCCCCCCCCCCCCCCCCC(=O)OCCCCCCCC,-6.8994921961
CCCCCCCCCCCCCCC1CO1,CCCCCCCCCCCCCCC1CO1,-6.6820204584
CC(C)(C)c1cc(CCC(=O)NNC(=O)CCc2cc(c(O)c(c2)C(C)(C)C)C(C)(C)C)cc(c1O)C(C)(C)C,CC(C)(C)c1cc(CCC(=O)NNC(=O)CCc2cc(C(C)(C)C)c(O)c(C(C)(C)C)c2)cc(C(C)(C)C)c1O,-7.04359803
CCCCCCC(=O)OCC(COC(=O)CCCCCC)(COC(=O)CCCCCC)COC(=O)CCCCCC,CCCCCCC(=O)OCC(COC(=O)CCCCCC)(COC(=O)CCCCCC)COC(=O)CCCCCC,-7.0680633512
CCCCCCCC\C=C/CCCCCCCC(=O)OCC(COC(=O)CCCCCCC\C=C/CCCCCCCC)(COC(=O)CCCCCCC\C=C/CCCCCCCC)COC(=O)CCCCCCC\C=C/CCCCCCCC,CCCCCCCC/C=C\CCCCCCCC(=O)OCC(COC(=O)CCCCCCC/C=C\CCCCCCCC)(COC(=O)CCCCCCC/C=C\CCCCCCCC)COC(=O)CCCCCCC/C=C\CCCCCCCC,-7.378019409199999
CC(C)CCCCCCCCCCCCCCC(=O)OCC(COC(=O)CCCCCCCCCCCCCCC(C)C)(COC(=O)CCCCCCCCCCCCCCC(C)C)COC(=O)CCCCCCCCCCCCCCC(C)C,CC(C)CCCCCCCCCCCCCCC(=O)OCC(COC(=O)CCCCCCCCCCCCCCC(C)C)(COC(=O)CCCCCCCCCCCCCCC(C)C)COC(=O)CCCCCCCCCCCCCCC(C)C,-7.3809427734
CCCCCCC(O)=O.CC(C)(CO)CO,CC(C)(CO)CO.CCCCCCC(=O)O,-6.6708690081
CCCCCCCC/C=C/CCCCCCCC(=O)OCC(CO)(CO)COC(=O)CCCCCCC\C=C\CCCCCCCC,CCCCCCCC/C=C/CCCCCCCC(=O)OCC(CO)(CO)COC(=O)CCCCCCC/C=C/CCCCCCCC,-7.1238862525
CCCCCCCCCCCC(=O)OCCC(C)C,CCCCCCCCCCCC(=O)OCCC(C)C,-6.733128222
CCCCCCCCCC(O)=O.CCCCCCCC(O)=O.CC(O)CO,CC(O)CO.CCCCCCCC(=O)O.CCCCCCCCCC(=O)O,-6.8949548476
CCCCCCCCCC(O)=O.CCCCCCCC(O)=O.OCC(CO)(CO)CO,CCCCCCCC(=O)O.CCCCCCCCCC(=O)O.OCC(CO)(CO)CO,-6.9567723715
CCCCC(=O)OCC(CO)(CO)COCC(CO)(CO)CO,CCCCC(=O)OCC(CO)(CO)COCC(CO)(CO)CO,-6.8304564999
CC(C)c1cccc(C(C)C)c1N=C=Nc2c(cccc2C(C)C)C(C)C,CC(C)c1cccc(C(C)C)c1N=C=Nc1c(C(C)C)cccc1C(C)C,-6.8604110817
CCCCCCCCCCCCCCCCCC(=O)OCCCC.CCCCCCCCCCCCCCCC(=O)OCCCC,CCCCCCCCCCCCCCCC(=O)OCCCC.CCCCCCCCCCCCCCCCCC(=O)OCCCC,-7.116029628200001
CC(C)CCCCCCCOC(=O)CCCCCCCC(=O)OCCCCCCCC(C)C,CC(C)CCCCCCCOC(=O)CCCCCCCC(=O)OCCCCCCCC(C)C,-6.971983320700001
CCCCCCCCCCCCCCOC(=O)\C=C\C(=O)OCCCCCCCCCCCCCC,CCCCCCCCCCCCCCOC(=O)/C=C/C(=O)OCCCCCCCCCCCCCC,-7.0076009975
CCCCCCCCCCCCCCCCCCCCCC(N)=O,CCCCCCCCCCCCCCCCCCCCCC(N)=O,-6.8320079078
CCCCCCCCCCCCCCCCCCCCCCOC(=O)CCCCCCCCCCCCCCCCCCCCC,CCCCCCCCCCCCCCCCCCCCCCOC(=O)CCCCCCCCCCCCCCCCCCCCC,-7.1133991412
CCCCCCCCCCCCOC(=O)CCCCCCC\C=C\CCCCCCCC,CCCCCCCC/C=C/CCCCCCCC(=O)OCCCCCCCCCCCC,-6.9550061959
CCCCCCCCCCCCCCCC(=O)OCC.CCCCCCCCCCCCCC(=O)OCC.CCCCCCCC\C=C/CCCCCCCC(=O)OCC.CCCCCC\C=C/CCCCCCCC(=O)OCC,CCCCCC/C=C\CCCCCCCC(=O)OCC.CCCCCCCC/C=C\CCCCCCCC(=O)OCC.CCCCCCCCCCCCCC(=O)OCC.CCCCCCCCCCCCCCCC(=O)OCC,-7.355606282999999
CCCCCCCCCCCCCCCCOC(=O)C(CC)CCCC,CCCCCCCCCCCCCCCCOC(=O)C(CC)CCCC,-6.867639521599999
CCCCCCCCCCCC(=O)OCCCCCC,CCCCCCCCCCCC(=O)OCCCCCC,-6.7550878414
CC(C)CCCCCCCCCCCCCCC(=O)OC(CO)CO,CC(C)CCCCCCCCCCCCCCC(=O)OC(CO)CO,-6.855595468500001
[O--].[O--].[O--].[O--].[O--].[O--].[O--].[Mg++].[Mg++].[Nb+5].[Nb+5],[Mg+2].[Mg+2].[Nb+5].[Nb+5].[O-2].[O-2].[O-2].[O-2].[O-2].[O-2].[O-2],-6.8406266847
CCCCCCCC\C=C/CCCCCCCCCCCC(=O)OCCCCCCCC\C=C/CCCCCCCC,CCCCCCCC/C=C\CCCCCCCCCCCC(=O)OCCCCCCCC/C=C\CCCCCCCC,-7.071179206900001
CCCCCCCCC\C=C/CCCCCCC(=O)OCCCCCCCC\C=C/CCCCCCCC,CCCCCCCC/C=C\CCCCCCCCOC(=O)CCCCCC/C=C\CCCCCCCCC,-7.0277066834
CCCCCCCCOC(=O)CCCCCCC,CCCCCCCCOC(=O)CCCCCCC,-6.709998828
CCCCCCCCCCCCCCOC(=O)CCCCCCC\C=C/CCCCCCCC,CCCCCCCC/C=C\CCCCCCCC(=O)OCCCCCCCCCCCCCC,-6.9812258596
CCCCC(CC)COC(=O)CC(CC(=O)OCC(CC)CCCC)(OC(C)=O)C(=O)OCC(CC)CCCC,CCCCC(CC)COC(=O)CC(CC(=O)OCC(CC)CCCC)(OC(C)=O)C(=O)OCC(CC)CCCC,-7.057520046900001
CC(C)(c1ccccc1)c2cc(n3nc4ccccc4n3)c(O)c(c2)C(C)(C)c5ccccc5,CC(C)(c1ccccc1)c1cc(-n2nc3ccccc3n2)c(O)c(C(C)(C)c2ccccc2)c1,-7.0488126213
CC(CC(c1cc(c(O)cc1C)C(C)(C)C)c2cc(c(O)cc2C)C(C)(C)C)c3cc(c(O)cc3C)C(C)(C)C,Cc1cc(O)c(C(C)(C)C)cc1C(C)CC(c1cc(C(C)(C)C)c(O)cc1C)c1cc(C(C)(C)C)c(O)cc1C,-7.1341930505
CCCCC(CC)CNC(=O)c1ccc(N\N=C2\C(=C(C#N)C(=O)N(C)C2=O)C)cc1,CCCCC(CC)CNC(=O)c1ccc(N/N=C2\C(=O)N(C)C(=O)C(C#N)=C2C)cc1,-7.0248108563
CN1C(=O)C(=N/Nc2ccc(Cl)c(Cl)c2)/C(=C(C#N)C1=O)C,CC1=C(C#N)C(=O)N(C)C(=O)/C1=N/Nc1ccc(Cl)c(Cl)c1,-6.9257837823
CC(C)(C)c1cc(CN2C(=O)N(Cc3cc(c(O)c(c3)C(C)(C)C)C(C)(C)C)C(=O)N(Cc4cc(c(O)c(c4)C(C)(C)C)C(C)(C)C)C2=O)cc(c1O)C(C)(C)C,CC(C)(C)c1cc(Cn2c(=O)n(Cc3cc(C(C)(C)C)c(O)c(C(C)(C)C)c3)c(=O)n(Cc3cc(C(C)(C)C)c(O)c(C(C)(C)C)c3)c2=O)cc(C(C)(C)C)c1O,-7.2923086931
OC(COc1ccc(c(O)c1)C(=O)c2ccccc2)COc3ccc(c(O)c3)C(=O)c4ccccc4,O=C(c1ccccc1)c1ccc(OCC(O)COc2ccc(C(=O)c3ccccc3)c(O)c2)cc1O,-7.1387547034
CCCCCCCCCCCCCNCCCCCCCCCCCCC.CCCCCCCCCCCCCNCC(C)CCCCCCCCCC,CCCCCCCCCCCCCNCC(C)CCCCCCCCCC.CCCCCCCCCCCCCNCCCCCCCCCCCCC,-7.4056684463
CN(C\C=C\C#CC(C)(C)C)Cc1cccc2ccccc12,CN(C/C=C/C#CC(C)(C)C)Cc1cccc2ccccc12,-4.4645461779
CCCCCCCCCC(C)(C)SSC(C)(C)CCCCCCCCC,CCCCCCCCCC(C)(C)SSC(C)(C)CCCCCCCCC,-7.1279660508000005
CCCCC(CC)COC(=O)OCC(CC)CCCC,CCCCC(CC)COC(=O)OCC(CC)CCCC,-6.979936668500001
O=[P](OCc1ccccc1)(OCc2ccccc2)O[P](=O)(OCc3ccccc3)OCc4ccccc4,O=P(OCc1ccccc1)(OCc1ccccc1)OP(=O)(OCc1ccccc1)OCc1ccccc1,-7.2540426772
CC(C)(c1ccc(Oc2ccc(N)cc2)cc1)c3ccc(Oc4ccc(N)cc4)cc3,CC(C)(c1ccc(Oc2ccc(N)cc2)cc1)c1ccc(Oc2ccc(N)cc2)cc1,-7.191727219600001
CCCCCCCCCCCCCCCCCC(=O)O[Al](O)OC(=O)c1ccccc1,CCCCCCCCCCCCCCCCCC(=O)[O-].O=C([O-])c1ccccc1.[Al+3].[OH-],-7.253899897899999
CCN(CC)c1ccc2C=C3C(=C(C#N)C(=O)n4c5ccccc5nc34)Oc2c1,CCN(CC)c1ccc2cc3c(oc2c1)c(C#N)c(=O)n1c2ccccc2nc31,-7.2023327624
CCN(CC)c1ccc(N=Nc2c(cc(C)cc2C#N)C#N)c(N[S](C)(=O)=O)c1,CCN(CC)c1ccc(N=Nc2c(C#N)cc(C)cc2C#N)c(NS(C)(=O)=O)c1,-7.2331050936
CCCCCCCCCCCCCCCCCC(=O)OC.CCCCCCCCCCCCCCCC(=O)OC.CCCCCCCC\C=C/CCCCCCCC(=O)OC.CCCCC/C=C\C\C=C/CCCCCCCC(=O)OC.CC/C=C/C/C=C/C/C=C/CCCCCCCC(=O)OC,CC/C=C/C/C=C/C/C=C/CCCCCCCC(=O)OC.CCCCC/C=C\C/C=C\CCCCCCCC(=O)OC.CCCCCCCC/C=C\CCCCCCCC(=O)OC.CCCCCCCCCCCCCCCC(=O)OC.CCCCCCCCCCCCCCCCCC(=O)OC,-7.800359899299999
CC(=O)OCCN(CCOC(C)=O)c1ccc(cc1)N=Nc2ccc(cc2C#N)[N+]([O-])=O,CC(=O)OCCN(CCOC(C)=O)c1ccc(N=Nc2ccc([N+](=O)[O-])cc2C#N)cc1,-7.300465045499999
FC(F)(F)C(F)(F)C(F)(F)C(F)(F)C(F)(F)C(F)(F)C(F)(F)C(F)(F)Br,FC(F)(F)C(F)(F)C(F)(F)C(F)(F)C(F)(F)C(F)(F)C(F)(F)C(F)(F)Br,-7.3970339946
CCN(CCC#N)c1ccc(cc1)N=Nc2ccc(cc2)[N+]([O-])=O,CCN(CCC#N)c1ccc(N=Nc2ccc([N+](=O)[O-])cc2)cc1,-7.208650928200001
Cc1cc(C)cc(c1)N2C(=O)c3ccc4c5ccc6C(=O)N(c7cc(C)cc(C)c7)C(=O)c8ccc(c9ccc(C2=O)c3c49)c5c68,Cc1cc(C)cc(N2C(=O)c3ccc4c5ccc6c7c(ccc(c8ccc(c3c48)C2=O)c75)C(=O)N(c2cc(C)cc(C)c2)C6=O)c1,-7.4761487948
[NH4+].[Fe++].[Fe+3].[C-]#N.[C-]#N.[C-]#N.[C-]#N.[C-]#N.[C-]#N,[C-]#N.[C-]#N.[C-]#N.[C-]#N.[C-]#N.[C-]#N.[Fe+2].[Fe+3].[NH4+],-7.155088449400001
CCN(CCC(=O)OC)c1ccc(cc1)N=Nc2snc3ccc(cc23)[N+]([O-])=O,CCN(CCC(=O)OC)c1ccc(N=Nc2snc3ccc([N+](=O)[O-])cc23)cc1,-7.315402454199999
CCCCCCCCCCCCCCOC(=O)CCCCCCCCCCCCC,CCCCCCCCCCCCCCOC(=O)CCCCCCCCCCCCC,-7.3271074817
CCCC1CCC(CC1)c2ccc(cc2)c3ccc(CC)cc3,CCCC1CCC(c2ccc(-c3ccc(CC)cc3)cc2)CC1,-7.1853905644000005
Cc1cc(C)cc(O[P](=O)(Oc2cc(C)cc(C)c2)Oc3cc(C)cc(C)c3)c1,Cc1cc(C)cc(OP(=O)(Oc2cc(C)cc(C)c2)Oc2cc(C)cc(C)c2)c1,-7.312230264299999
CC1=C(\C=C\C(C)=C\C=C\C(C)=C\C=C\C=C(C)\C=C\C=C(C)\C=C\C2=C(C)CCCC2(C)C)C(C)(C)CCC1,CC1=C(/C=C/C(C)=C/C=C/C(C)=C/C=C/C=C(C)/C=C/C=C(C)/C=C/C2=C(C)CCCC2(C)C)C(C)(C)CCC1,-7.5537924381
[Hf],[Hf],-7.1724326435000005
[O--].[O--].[Hf+4],[Hf+4].[O-2].[O-2],-7.2440460955
CCCCCCCCCCCCCCCCCCNC(=O)CCCCCCCCCCC\C=C/CCCCCCCC,CCCCCCCC/C=C\CCCCCCCCCCCC(=O)NCCCCCCCCCCCCCCCCCC,-7.770909422999999
NC(Cc1ccccc1)=CC(=O)[C@@H](Cc2ccccc2)N(Cc3ccccc3)Cc4ccccc4,NC(=CC(=O)[C@@H](Cc1ccccc1)N(Cc1ccccc1)Cc1ccccc1)Cc1ccccc1,-7.6633437338
CCCCCCCCCCCCCCCC(=O)NCCCCCCCC\C=C/CCCCCCCC,CCCCCCCC/C=C\CCCCCCCCNC(=O)CCCCCCCCCCCCCCC,-7.7040784145
[H+].[Cl-].NC(N)=N.OC(=O)C1=NN(c2ccc(cc2)[S](O)(=O)=O)C(=O)C1N=Nc3ccc(cc3)[S](O)(=O)=O,N=C(N)N.O=C(O)C1=NN(c2ccc(S(=O)(=O)O)cc2)C(=O)C1N=Nc1ccc(S(=O)(=O)O)cc1.[Cl-].[H+],-7.751246761699999
CCCCCCCCCCCCCCCCCCNC(=O)CCc1cc(c(O)c(c1)C(C)(C)C)C(C)(C)C,CCCCCCCCCCCCCCCCCCNC(=O)CCc1cc(C(C)(C)C)c(O)c(C(C)(C)C)c1,-7.724189002
CC(C)(C)c1cc(CCC(=O)NCCCCCCNC(=O)CCc2cc(c(O)c(c2)C(C)(C)C)C(C)(C)C)cc(c1O)C(C)(C)C,CC(C)(C)c1cc(CCC(=O)NCCCCCCNC(=O)CCc2cc(C(C)(C)C)c(O)c(C(C)(C)C)c2)cc(C(C)(C)C)c1O,-7.8041135239
Nc1ccc(Cl)cc1C(=O)c2ccccc2Cl,Nc1ccc(Cl)cc1C(=O)c1ccccc1Cl,-7.4250889383
O=[P](Oc1ccccc1)(Oc2ccccc2)Oc3ccc(cc3)c4ccc(O[P](=O)(Oc5ccccc5)Oc6ccccc6)cc4,O=P(Oc1ccccc1)(Oc1ccccc1)Oc1ccc(-c2ccc(OP(=O)(Oc3ccccc3)Oc3ccccc3)cc2)cc1,-7.813287357
O=C1N(c2ccc(cc2)N=Nc3ccccc3)C(=O)c4ccc5c6ccc7C(=O)N(c8ccc(cc8)N=Nc9ccccc9)C(=O)c%10ccc(c%11ccc1c4c5%11)c6c7%10,O=C1c2ccc3c4ccc5c6c(ccc(c7ccc(c2c37)C(=O)N1c1ccc(N=Nc2ccccc2)cc1)c64)C(=O)N(c1ccc(N=Nc2ccccc2)cc1)C5=O,-7.8755092242
CCOc1cc2N=C3C(=C4Oc5cc(NC(=O)c6ccccc6)c(OCC)cc5N=C4C(=C3Oc2cc1NC(=O)c7ccccc7)NC(C)=O)NC(C)=O,CCOc1cc2c(cc1NC(=O)c1ccccc1)Oc1c(NC(C)=O)c3c(c(NC(C)=O)c1=N2)Oc1cc(NC(=O)c2ccccc2)c(OCC)cc1N=3,-7.8613826501
CCCCCCCCCCCCCCCCCCNC(=O)CCCCCCCCCCCCCCCCC,CCCCCCCCCCCCCCCCCCNC(=O)CCCCCCCCCCCCCCCCC,-7.729153446000001
[Al+3].[O-]B([O-])[O-],[Al+3].[O-]B([O-])[O-],-6.9334417301
B#N,B#N,-6.394784279
Cc1c(Cc2cc(c(O)c(c2)C(C)(C)C)C(C)(C)C)c(C)c(Cc3cc(c(O)c(c3)C(C)(C)C)C(C)(C)C)c(C)c1Cc4cc(c(O)c(c4)C(C)(C)C)C(C)(C)C,Cc1c(Cc2cc(C(C)(C)C)c(O)c(C(C)(C)C)c2)c(C)c(Cc2cc(C(C)(C)C)c(O)c(C(C)(C)C)c2)c(C)c1Cc1cc(C(C)(C)C)c(O)c(C(C)(C)C)c1,-7.9814736459
CC(C)(c1ccccc1)c2ccc(Nc3ccc(cc3)C(C)(C)c4ccccc4)cc2,CC(C)(c1ccccc1)c1ccc(Nc2ccc(C(C)(C)c3ccccc3)cc2)cc1,-7.782007082100001
CCN(CC)c1ccc2C=C(C(=O)Oc2c1)c3oc4ccc(cc4n3)[S](N)(=O)=O,CCN(CC)c1ccc2cc(-c3nc4cc(S(N)(=O)=O)ccc4o3)c(=O)oc2c1,-7.8310984133
O=C1c2ccccc2C(=O)c3c4Nc5ccc6C(=O)c7ccccc7C(=O)c6c5Nc4ccc13,O=c1c2ccccc2c(=O)c2c1ccc1[nH]c3c(ccc4c(=O)c5ccccc5c(=O)c43)[nH]c12,-7.946874563300001
CCCCC(CC)COCCCNC(=O)Nc1cccc2c(NC(=O)NCCCOCC(CC)CCCC)cccc12,CCCCC(CC)COCCCNC(=O)Nc1cccc2c(NC(=O)NCCCOCC(CC)CCCC)cccc12,-8.0680715196
Cc1cc(CCC(=O)OCC(C)(C)[CH]2OC[C]3(CO2)CO[CH](OC3)C(C)(C)COC(=O)CCc4cc(C)c(O)c(c4)C(C)(C)C)cc(c1O)C(C)(C)C,Cc1cc(CCC(=O)OCC(C)(C)C2OCC3(CO2)COC(C(C)(C)COC(=O)CCc2cc(C)c(O)c(C(C)(C)C)c2)OC3)cc(C(C)(C)C)c1O,-8.2677435641
[Ti+4].Fc1ccc(N2C=C[C-]=C2)c(F)c1.Fc3ccc(N4C=C[C-]=C4)c(F)c3.[cH-]5cccc5.[cH-]6cccc6,Fc1ccc(-n2c[c-]cc2)c(F)c1.Fc1ccc(-n2c[c-]cc2)c(F)c1.[Ti+4].c1cc[cH-]c1.c1cc[cH-]c1,-8.1257893916
CCN(CC)c1ccc2c(OC(=O)C(=C2C#N)c3sc4ccccc4n3)c1,CCN(CC)c1ccc2c(C#N)c(-c3nc4ccccc4s3)c(=O)oc2c1,-8.0974343241
N#Cc1ccc(C=Cc2ccc(cc2)C=Cc3cccc(c3)C#N)cc1,N#Cc1ccc(C=Cc2ccc(C=Cc3cccc(C#N)c3)cc2)cc1,-8.123728845599999
COc1cc(ccc1N=NC(C(C)=O)C(=O)Nc2ccccc2)c3ccc(N=NC(C(C)=O)C(=O)Nc4ccccc4)c(OC)c3,COc1cc(-c2ccc(N=NC(C(C)=O)C(=O)Nc3ccccc3)c(OC)c2)ccc1N=NC(C(C)=O)C(=O)Nc1ccccc1,-8.6167666964
CCCCC(CC)CO[P](=O)(OCC(CC)CCCC)OCC(CC)CCCC,CCCCC(CC)COP(=O)(OCC(CC)CCCC)OCC(CC)CCCC,-8.85998044
CCCCCCOc1ccc(c(O)c1)c2nc(nc(n2)c3ccccc3)c4ccccc4,CCCCCCOc1ccc(-c2nc(-c3ccccc3)nc(-c3ccccc3)n2)c(O)c1,-9.1518109699
CCCCCCCCCCCCCCCCCCCC\C=C\C\C=C\CCCCCCCCCCCNCCCCCCCCCCCCCCCCCCCC\C=C\C\C=C\CCCCCCCCCCC,CCCCCCCCCCC/C=C/C/C=C/CCCCCCCCCCCCCCCCCCCCNCCCCCCCCCCC/C=C/C/C=C/CCCCCCCCCCCCCCCCCCCC,-9.7071062552
CCCCCC(CCC)COC(=O)c1ccccc1C(=O)OCC(CCC)CCCCC,CCCCCC(CCC)COC(=O)c1ccccc1C(=O)OCC(CCC)CCCCC,-9.6499887292
CC1COc2ccccc2N1C(=O)C(Cl)Cl,CC1COc2ccccc2N1C(=O)C(Cl)Cl,-3.8353901487
[H+].[Cl-].Fc1ccc(cc1)C(=O)C2CCNCC2,O=C(c1ccc(F)cc1)C1CCNCC1.[Cl-].[H+],0.5890195686999999
OCC(=O)CO,O=C(CO)CO,1.0138642136
[Na+].[Na+].Oc1cc(cc2cc(cc(N=Nc3cc(N=Nc4cc(cc(c4O)[N+]([O-])=O)[N+]([O-])=O)c(O)c(N=Nc5ccc(cc5)[N+]([O-])=O)c3O)c12)[S]([O-])(=O)=O)[S]([O-])(=O)=O,O=[N+]([O-])c1ccc(N=Nc2c(O)c(N=Nc3cc([N+](=O)[O-])cc([N+](=O)[O-])c3O)cc(N=Nc3cc(S(=O)(=O)[O-])cc4cc(S(=O)(=O)[O-])cc(O)c34)c2O)cc1.[Na+].[Na+],-0.9675670249
[Na+].[Na+].Oc1c2ccc(NC(=O)Nc3ccc4c(O)c(N=Nc5ccccc5)c(cc4c3)[S]([O-])(=O)=O)cc2cc(c1N=Nc6ccccc6)[S]([O-])(=O)=O,O=C(Nc1ccc2c(O)c(N=Nc3ccccc3)c(S(=O)(=O)[O-])cc2c1)Nc1ccc2c(O)c(N=Nc3ccccc3)c(S(=O)(=O)[O-])cc2c1.[Na+].[Na+],-1.8872466915
[Cl-].C[N+](C)(C)CC1CO1,C[N+](C)(C)CC1CO1.[Cl-],0.749634411
CC(C)c1ccc(cc1)[S](O)(=O)=O,CC(C)c1ccc(S(=O)(=O)O)cc1,0.6127511139
[Na+].[Na+].COc1cc(c(C)cc1NC(=O)C(N=Nc2ccc(cc2)c3sc4c(ccc(C)c4[S]([O-])(=O)=O)n3)C(C)=O)[S]([O-])(=O)=O,COc1cc(S(=O)(=O)[O-])c(C)cc1NC(=O)C(N=Nc1ccc(-c2nc3ccc(C)c(S(=O)(=O)[O-])c3s2)cc1)C(C)=O.[Na+].[Na+],-0.9163461364
[Na+].[Na+].[O-][S](=O)(=O)c1cc(N\N=C2/C(=O)C=Cc3ccccc23)ccc1c4ccc(N\N=C5/C(=O)C=Cc6ccccc56)cc4[S]([O-])(=O)=O,O=C1C=Cc2ccccc2/C1=N/Nc1ccc(-c2ccc(N/N=C3\C(=O)C=Cc4ccccc43)cc2S(=O)(=O)[O-])c(S(=O)(=O)[O-])c1.[Na+].[Na+],-1.8973139062
Nc1ccc(cc1)C#N,N#Cc1ccc(N)cc1,-1.1429743647
[K+].[O-]C(=O)CS,O=C([O-])CS.[K+],0.7806710209000001
[Na+].OC(COCC=C)C[S]([O-])(=O)=O,C=CCOCC(O)CS(=O)(=O)[O-].[Na+],0.5538399496
O=C1OCCO1,O=C1OCCO1,0.9461910524
OC(=O)CC(=C)C(O)=O,C=C(CC(=O)O)C(=O)O,-0.2250282975
[Cl-].N[C@@H](CCCN=C(N)N)C(O)=O.[H+],NC(N)=NCCC[C@H](N)C(=O)O.[Cl-].[H+],0.5397304724
[Na+].CC(Nc1ccc(N\N=C\2C=C(c3ccccc3C2=O)[S]([O-])(=O)=O)c(C)c1)C(=O)c4ccccc4,Cc1cc(NC(C)C(=O)c2ccccc2)ccc1N/N=C1\C=C(S(=O)(=O)[O-])c2ccccc2C1=O.[Na+],-1.8129006218
ClCC1CO1,ClCC1CO1,-0.1473736792
[Na+].[Na+].[Na+].[O-]C(=O)CN(CC([O-])=O)CC([O-])=O,O=C([O-])CN(CC(=O)[O-])CC(=O)[O-].[Na+].[Na+].[Na+],0.3961032361
[Na+].Nc1cc(N)c(cc1N=Nc2cc(ccc2O)[N+]([O-])=O)[S]([O-])(=O)=O,Nc1cc(N)c(S(=O)(=O)[O-])cc1N=Nc1cc([N+](=O)[O-])ccc1O.[Na+],-0.7639420940999999
N=C(c1ccccc1)c2ccccc2,N=C(c1ccccc1)c1ccccc1,-2.7811280063
[Na+].[O-]C(=O)CS,O=C([O-])CS.[Na+],0.7273991488
[K+].CC(CC([O-])=O)CC(C)(C)C,CC(CC(=O)[O-])CC(C)(C)C.[K+],0.4851623717
[Na].[Na+].[Fe].Nc1cc(ccc1O)[N+]([O-])=O.Nc2cc(cc(c2O)[S]([O-])(=O)=O)[N+]([O-])=O.Oc3cccc(O)c3,Nc1cc([N+](=O)[O-])cc(S(=O)(=O)[O-])c1O.Nc1cc([N+](=O)[O-])ccc1[O-].Oc1cccc(O)c1.[Fe].[Na+].[Na+],-0.9940566873
[Na+].[Na+].COc1cc(N=Nc2ccc(cc2)[S]([O-])(=O)=O)c(C)cc1N\N=C/3C(=O)c4ccc(Nc5ccccc5)cc4C=C3[S]([O-])(=O)=O,COc1cc(N=Nc2ccc(S(=O)(=O)[O-])cc2)c(C)cc1N/N=C1/C(=O)c2ccc(Nc3ccccc3)cc2C=C1S(=O)(=O)[O-].[Na+].[Na+],-2.0454014742
[Na+].[Na+].Cc1ccccc1Oc2ccccc2N\N=C/3C(=O)c4c(NC(=O)c5ccccc5)cc(cc4C=C3[S]([O-])(=O)=O)[S]([O-])(=O)=O,Cc1ccccc1Oc1ccccc1N/N=C1/C(=O)c2c(cc(S(=O)(=O)[O-])cc2NC(=O)c2ccccc2)C=C1S(=O)(=O)[O-].[Na+].[Na+],-2.0506714672
[O-][S](=O)(=O)CCC[NH+]1CCOCC1,O=S(=O)([O-])CCC[NH+]1CCOCC1,0.4557825074
[Na+].[Na+].[Na+].[Na+].[Na+].[Na+].[Na+].[Na+].NC(=O)Nc1cc(Nc2nc(Cl)nc(Nc3ccc(c4ccc(Nc5nc(Cl)nc(Nc6ccc(N=Nc7cc8c(cc(cc8[S]([O-])(=O)=O)[S]([O-])(=O)=O)cc7[S]([O-])(=O)=O)c(NC(N)=O)c6)n5)cc4[S]([O-])(=O)=O)c(c3)[S]([O-])(=O)=O)n2)ccc1N=Nc9cc%10c(cc(cc%10[S]([O-])(=O)=O)[S]([O-])(=O)=O)cc9[S]([O-])(=O)=O,NC(=O)Nc1cc(Nc2nc(Cl)nc(Nc3ccc(-c4ccc(Nc5nc(Cl)nc(Nc6ccc(N=Nc7cc8c(S(=O)(=O)[O-])cc(S(=O)(=O)[O-])cc8cc7S(=O)(=O)[O-])c(NC(N)=O)c6)n5)cc4S(=O)(=O)[O-])c(S(=O)(=O)[O-])c3)n2)ccc1N=Nc1cc2c(S(=O)(=O)[O-])cc(S(=O)(=O)[O-])cc2cc1S(=O)(=O)[O-].[Na+].[Na+].[Na+].[Na+].[Na+].[Na+].[Na+].[Na+],-1.4981682805
[Li+].[Cl-],[Cl-].[Li+],1.1343979721
OCC[C@@H]1CCCC[NH2+]1,OCC[C@@H]1CCCC[NH2+]1,0.6427483546
[H+].[Cl-].NC(CO)(CO)CO,NC(CO)(CO)CO.[Cl-].[H+],0.5514149152000001
CC(C)COC(=O)[C@@H](C)O,CC(C)COC(=O)[C@@H](C)O,-0.4128573351
[Ca++].[O-]C(=O)CS,O=C([O-])CS.[Ca+2],-0.3838981351
CC1(C)CC(O)CC(C)(CN)C1,CC1(C)CC(O)CC(C)(CN)C1,0.488999371
[Na+].CC(=C)C[S]([O-])(=O)=O,C=C(C)CS(=O)(=O)[O-].[Na+],0.5194215084
[K+].[K+].[O-][S](=O)(=O)OO[S]([O-])(=O)=O,O=S(=O)([O-])OOS(=O)(=O)[O-].[K+].[K+],-0.6537301416
O[C@@H](CNc1ccccc1)C[S]([O-])(=O)=O,O=S(=O)([O-])C[C@@H](O)CNc1ccccc1,0.1187844902
CN(CCC#N)c1ccc(cc1)C=CC2=[N+](C)c3ccccc3C2(C)C.O[P](O)([O-])=O,CN(CCC#N)c1ccc(C=CC2=[N+](C)c3ccccc3C2(C)C)cc1.O=P([O-])(O)O,-0.9304018204
[Na+].CCCCCCCC1N(CCO)C=CN1CCC([O-])=O,CCCCCCCC1N(CCO)C=CN1CCC(=O)[O-].[Na+],0.2127067575
[Na+].[Na+].[Na+].[Na+].[O-]C(=O)CN(CCN(CC([O-])=O)CC([O-])=O)CC([O-])=O,O=C([O-])CN(CCN(CC(=O)[O-])CC(=O)[O-])CC(=O)[O-].[Na+].[Na+].[Na+].[Na+],0.1189898767999999
[F].[F].[F].[Cr],[Cr].[F].[F].[F],-0.3384166482
CC(=C)C(=O)OCC1CO1,C=C(C)C(=O)OCC1CO1,-0.4537890803
[O-][N+](=O)c1[nH]ncc1,O=[N+]([O-])c1ccn[nH]1,-1.2854728211
[Na+].[Co+3].CC(=O)/C(=N/Nc1cc(ccc1[O-])[S](N)(=O)=O)C(=O)[N-]c2ccccc2.CC(=O)/C(=N/Nc3cc(ccc3[O-])[S](N)(=O)=O)C(=O)[N-]c4ccccc4,CC(=O)/C(=N/Nc1cc(S([NH-])(=O)=O)ccc1O)C(=O)[N-]c1ccccc1.CC(=O)/C(=N/Nc1cc(S([NH-])(=O)=O)ccc1O)C(=O)[N-]c1ccccc1.[Co+3].[Na+],-2.2084701124
CCCCCCOC(CO)CO,CCCCCCOC(CO)CO,-1.0558122117
[Br-].CC[N+]1(C)CCCC1,CC[N+]1(C)CCCC1.[Br-],1.4101871429
[K+].[O-]C(=O)c1ccccc1,O=C([O-])c1ccccc1.[K+],0.4872673501
[Cl-].NC(=O)c1ccc[n+](Cc2ccccc2)c1,NC(=O)c1ccc[n+](Cc2ccccc2)c1.[Cl-],0.2936103731
CC(C)=CCC[C@@](C)(C=C)\C=C\c1ccc(O)cc1,C=C[C@@](C)(/C=C/c1ccc(O)cc1)CCC=C(C)C,-6.3370173812
O.[Na+].[O-]OB=O,O.O=BO[O-].[Na+],-0.8231002009999999
COC(C)(C)CCOC(C)=O,COC(C)(C)CCOC(C)=O,-0.4390291979
[Cr+3].[O-][P]([O-])([O-])=O,O=P([O-])([O-])[O-].[Cr+3],0.4859956397
[Na+].[Na+].[Fe].Nc1ccc(cc1)[N+]([O-])=O.Nc2cc(cc(c2O)[N+]([O-])=O)[N+]([O-])=O.OC/3=CC(=O)C=CC3=N/Nc4cc(cc5cc(cc(O)c45)[S]([O-])(=O)=O)[S]([O-])(=O)=O,Nc1cc([N+](=O)[O-])cc([N+](=O)[O-])c1O.Nc1ccc([N+](=O)[O-])cc1.O=C1C=C/C(=N\Nc2cc(S(=O)(=O)[O-])cc3cc(S(=O)(=O)[O-])cc(O)c23)C(O)=C1.[Fe].[Na+].[Na+],-1.3075465248
[Na+].[Na+].[Na+].[Na+].[Na+].[Na+].[Na+].[Na+].Oc1c(Nc2nc(Cl)nc(Nc3ccc(Nc4nc(Cl)nc(Nc5c(O)c6c(cc(cc6N=Nc7ccc8c(cccc8[S]([O-])(=O)=O)c7[S]([O-])(=O)=O)[S]([O-])(=O)=O)cc5[S]([O-])(=O)=O)n4)cc3)n2)c(cc9cc(cc(N=Nc%10ccc%11c(cccc%11[S]([O-])(=O)=O)c%10[S]([O-])(=O)=O)c19)[S]([O-])(=O)=O)[S]([O-])(=O)=O,O=S(=O)([O-])c1cc(N=Nc2ccc3c(S(=O)(=O)[O-])cccc3c2S(=O)(=O)[O-])c2c(O)c(Nc3nc(Cl)nc(Nc4ccc(Nc5nc(Cl)nc(Nc6c(S(=O)(=O)[O-])cc7cc(S(=O)(=O)[O-])cc(N=Nc8ccc9c(S(=O)(=O)[O-])cccc9c8S(=O)(=O)[O-])c7c6O)n5)cc4)n3)c(S(=O)(=O)[O-])cc2c1.[Na+].[Na+].[Na+].[Na+].[Na+].[Na+].[Na+].[Na+],-0.634868411
[Cl-].CCCCCCCCCCCCCC[N+](C)(C)Cc1ccccc1,CCCCCCCCCCCCCC[N+](C)(C)Cc1ccccc1.[Cl-],-0.9531217854
[F-].[F-].[Ni++],[F-].[F-].[Ni+2],-0.3833170773
NC(=O)NC1NC(=O)NC1=O,NC(=O)NC1NC(=O)NC1=O,-1.5087824856999998
[Na+].[Na+].[O-][S](=O)(=O)c1ccc(cc1)N=Nc2ccc(N\N=C\3C(=O)c4ccc(NC(=O)c5ccccc5)cc4C=C3[S]([O-])(=O)=O)cc2,O=C(Nc1ccc2c(c1)C=C(S(=O)(=O)[O-])/C(=N/Nc1ccc(N=Nc3ccc(S(=O)(=O)[O-])cc3)cc1)C2=O)c1ccccc1.[Na+].[Na+],-2.1566764476
[Na+].[O-][S](=O)(=O)C1=CC(=O)C2=C(NNc3ccccc3[S](=O)(=O)c4ccccc4)C(=N)C=CC2=C1,N=C1C=CC2=CC(S(=O)(=O)[O-])=CC(=O)C2=C1NNc1ccccc1S(=O)(=O)c1ccccc1.[Na+],-2.0888316761000003
OC[P+](CO)(CO)CO.OC[P+](CO)(CO)CO.[O-][S]([O-])(=O)=O,O=S(=O)([O-])[O-].OC[P+](CO)(CO)CO.OC[P+](CO)(CO)CO,1.9675126996
O=C1CCO1,O=C1CCO1,0.7104893861
[K+].CC(C)CCOC([S-])=S,CC(C)CCOC(=S)[S-].[K+],0.2378897232
CCC(=O)N(C1CC[NH2+]CC1)c2ccccc2,CCC(=O)N(c1ccccc1)C1CC[NH2+]CC1,-0.8352255084
[Na+].[O-][S](=O)(=O)CCN1CCOCC1,O=S(=O)([O-])CCN1CCOCC1.[Na+],0.1885297454
CCCCCCCC(=O)OCC(O)CO,CCCCCCCC(=O)OCC(O)CO,0.1794741305
[Na+].[Na+].[Na+].[Co+3].CC(=O)\C(=N/Nc1cc(cc(c1[O-])[S]([O-])(=O)=O)[N+]([O-])=O)C(=O)[N-]c2ccccc2.CC(=O)\C(=N/Nc3cc(cc(c3[O-])[S]([O-])(=O)=O)[N+]([O-])=O)C(=O)[N-]c4ccccc4,CC(=O)/C(=N\Nc1cc([N+](=O)[O-])cc(S(=O)(=O)[O-])c1[O-])C(=O)[N-]c1ccccc1.CC(=O)/C(=N\Nc1cc([N+](=O)[O-])cc(S(=O)(=O)[O-])c1[O-])C(=O)[N-]c1ccccc1.[Co+3].[Na+].[Na+].[Na+],-0.4747040271
[Na+].[Na+].Nc1c(N=Nc2ccc(cc2)[N+]([O-])=O)c(cc3C=C(\C(=N/Nc4ccccc4)C(=O)c13)[S]([O-])(=O)=O)[S]([O-])(=O)=O,Nc1c(N=Nc2ccc([N+](=O)[O-])cc2)c(S(=O)(=O)[O-])cc2c1C(=O)/C(=N/Nc1ccccc1)C(S(=O)(=O)[O-])=C2.[Na+].[Na+],-1.2800595004000002
[Li+].[O-]C(=O)c1ccccc1,O=C([O-])c1ccccc1.[Li+],0.3909106219
CN(C)C(=O)NC[C@@]1(C)C[C@@H](CC(C)(C)C1)NC(=O)N(C)C,CN(C)C(=O)NC[C@@]1(C)C[C@H](NC(=O)N(C)C)CC(C)(C)C1,-1.8938187529
[Na+].[Na+].Nc1ccc2C(=O)C(=N/Nc3ccc4C(=O)C(=N/Nc5ccccc5)\C(=Cc4c3)[S]([O-])(=O)=O)/C(=Cc2c1)[S]([O-])(=O)=O,Nc1ccc2c(c1)C=C(S(=O)(=O)[O-])/C(=N\Nc1ccc3c(c1)C=C(S(=O)(=O)[O-])/C(=N/Nc1ccccc1)C3=O)C2=O.[Na+].[Na+],-2.2101305551
NC(=O)C[NH+](CC([O-])=O)CC([O-])=O,NC(=O)C[NH+](CC(=O)[O-])CC(=O)[O-],-1.7635818574000002
[Ca++].NC#N,N#CN.[Ca+2],-0.4460963217
OC(=O)CCSCCC(O)=O,O=C(O)CCSCCC(=O)O,-0.7991431977
CCCCN[P](N)(N)=S,CCCCNP(N)(N)=S,-0.7730339165000001
[Na+].[Na+].[Na+].Cc1ccccc1Nc2nc(Cl)nc(Nc3cc(cc4C=C(/C(=N/Nc5ccccc5[S]([O-])(=O)=O)C(=O)c34)[S]([O-])(=O)=O)[S]([O-])(=O)=O)n2,Cc1ccccc1Nc1nc(Cl)nc(Nc2cc(S(=O)(=O)[O-])cc3c2C(=O)/C(=N\Nc2ccccc2S(=O)(=O)[O-])C(S(=O)(=O)[O-])=C3)n1.[Na+].[Na+].[Na+],-0.4572403676
[H+].[Cl-].NN,NN.[Cl-].[H+],1.5956288145
[Na+].Oc1ccc2ccccc2c1N=Nc3ccc(cc3)[S]([O-])(=O)=O,O=S(=O)([O-])c1ccc(N=Nc2c(O)ccc3ccccc23)cc1.[Na+],-1.1158578961
[Na+].[Na+].[Na+].[Na+].[Cu++].[Cu++].[O-]c1cc(ccc1N=Nc2c([O-])c(cc3cc(ccc23)[S]([O-])(=O)=O)[S]([O-])(=O)=O)c4ccc(N=Nc5c([O-])c(cc6cc(ccc56)[S]([O-])(=O)=O)[S]([O-])(=O)=O)c([O-])c4,O=S(=O)([O-])c1ccc2c(N=Nc3ccc(-c4ccc(N=Nc5c([O-])c(S(=O)(=O)[O-])cc6cc(S(=O)(=O)[O-])ccc56)c([O-])c4)cc3[O-])c([O-])c(S(=O)(=O)[O-])cc2c1.[Cu+2].[Cu+2].[Na+].[Na+].[Na+].[Na+],-1.6074287478
CO[S]([O-])(=O)=O.CC(C)N(C(C)C)c1sc(N=Nc2ccc(cc2)N(C)C)[n+](C)n1,CC(C)N(c1n[n+](C)c(N=Nc2ccc(N(C)C)cc2)s1)C(C)C.COS(=O)(=O)[O-],-1.2596984381
[Na+].[Na+].[O-][S](=O)(=O)c1cccc2c(cccc12)N=Nc3ccc(N=Nc4ccc(Nc5ccccc5)c6c4cccc6[S]([O-])(=O)=O)c7ccccc37,O=S(=O)([O-])c1cccc2c(N=Nc3ccc(N=Nc4ccc(Nc5ccccc5)c5c(S(=O)(=O)[O-])cccc45)c4ccccc34)cccc12.[Na+].[Na+],-1.4631185388
[Li+].CC1=NN(C(=N)/C1=N/Nc2cc(Cl)c(cc2Cl)[S]([O-])(=O)=O)c3ccccc3,CC1=NN(c2ccccc2)C(=N)/C1=N/Nc1cc(Cl)c(S(=O)(=O)[O-])cc1Cl.[Li+],-1.2370685249
CC(C)CC1CC(C)(O)CCO1,CC(C)CC1CC(C)(O)CCO1,2.1376816201
[Na+].[Na+].Cc1ccc(cc1)[S](=O)(=O)Oc2ccc(cc2)N=Nc3ccc(N=Nc4ccc(Nc5ccc(cc5[S]([O-])(=O)=O)[N+]([O-])=O)cc4)c6ccc(cc36)[S]([O-])(=O)=O,Cc1ccc(S(=O)(=O)Oc2ccc(N=Nc3ccc(N=Nc4ccc(Nc5ccc([N+](=O)[O-])cc5S(=O)(=O)[O-])cc4)c4ccc(S(=O)(=O)[O-])cc34)cc2)cc1.[Na+].[Na+],-1.5709847474
Cc1cc(C)c(N)c(C)c1N,Cc1cc(C)c(N)c(C)c1N,-0.8207163555
[Na+].[Na+].Nc1ccc(N=Nc2ccc(N\N=C\3C(=O)c4c(N)c(N=Nc5ccc(cc5)N=Nc6ccc(N)cc6N)c(cc4C=C3[S]([O-])(=O)=O)[S]([O-])(=O)=O)cc2)c(N)c1,Nc1ccc(N=Nc2ccc(N=Nc3c(S(=O)(=O)[O-])cc4c(c3N)C(=O)/C(=N\Nc3ccc(N=Nc5ccc(N)cc5N)cc3)C(S(=O)(=O)[O-])=C4)cc2)c(N)c1.[Na+].[Na+],-1.5687181444
CC1(C)CC(=O)CC(C)(C)N1[O],CC1(C)CC(=O)CC(C)(C)N1[O],0.1034125496
[Na+].[Na+].Nc1ccc(N=Nc2ccc(cc2)[S](=O)(=O)Nc3ccc(cc3)N=Nc4c(N)c5c(O)c(N=Nc6ccccc6)c(cc5cc4[S]([O-])(=O)=O)[S]([O-])(=O)=O)c(N)c1,Nc1ccc(N=Nc2ccc(S(=O)(=O)Nc3ccc(N=Nc4c(S(=O)(=O)[O-])cc5cc(S(=O)(=O)[O-])c(N=Nc6ccccc6)c(O)c5c4N)cc3)cc2)c(N)c1.[Na+].[Na+],-0.6029811942000001
Cc1ccc(O)cc1,Cc1ccc(O)cc1,-0.7015479053
[Na+].Nc1c(cc(NC2CCCCC2)c3C(=O)c4ccccc4C(=O)c13)[S]([O-])(=O)=O,Nc1c(S(=O)(=O)[O-])cc(NC2CCCCC2)c2c1C(=O)c1ccccc1C2=O.[Na+],-1.2963650985
NC1=NC(=O)N(C=C1)C2OC(CO[P](O)(O)=O)C(O)C2O,Nc1ccn(C2OC(COP(=O)(O)O)C(O)C2O)c(=O)n1,-1.1987753523
[Na+].[O-][N+](=O)c1ccc(Nc2ccc(Nc3ccccc3)c(c2)[S]([O-])(=O)=O)c(c1)[N+]([O-])=O,O=[N+]([O-])c1ccc(Nc2ccc(Nc3ccccc3)c(S(=O)(=O)[O-])c2)c([N+](=O)[O-])c1.[Na+],-2.1991373631
COC(=O)c1ccccc1N,COC(=O)c1ccccc1N,-1.7338470451
[Na+].Nc1c(cc(Nc2ccccc2)c3C(=O)c4ccccc4C(=O)c13)[S]([O-])(=O)=O,Nc1c(S(=O)(=O)[O-])cc(Nc2ccccc2)c2c1C(=O)c1ccccc1C2=O.[Na+],-2.1738960877
[Na+].CC1=NN(C(=O)C1N=Nc2cc(Cl)ccc2Oc3ccccc3Cl)c4cc(ccc4Cl)[S]([O-])(=O)=O,CC1=NN(c2cc(S(=O)(=O)[O-])ccc2Cl)C(=O)C1N=Nc1cc(Cl)ccc1Oc1ccccc1Cl.[Na+],-2.3162215849
CCNC(=S)OC(C)C,CCNC(=S)OC(C)C,-1.7447887835
CCOC(=O)c1ccc(O)c(O)c1,CCOC(=O)c1ccc(O)c(O)c1,-1.8556550616
OC(=O)c1cc(cc(c1)C(O)=O)C(O)=O,O=C(O)c1cc(C(=O)O)cc(C(=O)O)c1,-1.9422995529
COc1ccc(CCC#N)cc1OC,COc1ccc(CCC#N)cc1OC,-1.9013447833
[Na+].CC1=NN(C(=O)C1N=Nc2cccc(c2)[S](=O)(=O)NCCc3ccccc3)c4cc(Cl)c(cc4Cl)[S]([O-])(=O)=O,CC1=NN(c2cc(Cl)c(S(=O)(=O)[O-])cc2Cl)C(=O)C1N=Nc1cccc(S(=O)(=O)NCCc2ccccc2)c1.[Na+],-2.4299809947
[Na+].[Na+].Cc1ccc(cc1)[S](=O)(=O)Nc2cc(cc3C=C(C(=N/Nc4ccc(Oc5ccccc5C)cc4Oc6ccccc6C)\C(=O)c23)[S]([O-])(=O)=O)[S]([O-])(=O)=O,Cc1ccc(S(=O)(=O)Nc2cc(S(=O)(=O)[O-])cc3c2C(=O)/C(=N/Nc2ccc(Oc4ccccc4C)cc2Oc2ccccc2C)C(S(=O)(=O)[O-])=C3)cc1.[Na+].[Na+],-2.5669690772
[Na+].[Na+].[Na+].[Na+].COc1cc(N=Nc2cc(cc3cc(cc(O)c23)[S]([O-])(=O)=O)[S]([O-])(=O)=O)c(C)cc1NC(=O)Nc4cc(C)c(cc4OC)N=Nc5cc(cc6cc(cc(O)c56)[S]([O-])(=O)=O)[S]([O-])(=O)=O,COc1cc(N=Nc2cc(S(=O)(=O)[O-])cc3cc(S(=O)(=O)[O-])cc(O)c23)c(C)cc1NC(=O)Nc1cc(C)c(N=Nc2cc(S(=O)(=O)[O-])cc3cc(S(=O)(=O)[O-])cc(O)c23)cc1OC.[Na+].[Na+].[Na+].[Na+],-2.6903136873
O=C1NC(=O)C2CCCC12,O=C1NC(=O)C2CCCC12,0.1553573817
[Na+].[O-][S](=O)(=O)CCNC1CCCCC1,O=S(=O)([O-])CCNC1CCCCC1.[Na+],-0.0784185571
[Na+].[Na+].[O-][S]([O-])(=O)=O,O=S(=O)([O-])[O-].[Na+].[Na+],0.1263337648
C[C@]12CC[C@H]3[C@@H](CCC4=C3CCC(=O)C4)[C@@H]1CC[C@@H]2O,C[C@]12CC[C@@H]3C4=C(CC[C@H]3[C@@H]1CC[C@@H]2O)CC(=O)CC4,-4.947028744
OCC(CO)(CBr)CBr,OCC(CO)(CBr)CBr,-1.1304017512
[Na+].[Na+].[Na+].[Na+].[Na+].[Na+].[O-]C(=O)c1ccc[n+](c1)c2nc(NCCNc3ccc4N=C5C(=C6Oc7c(ccc(NCCNc8nc(Nc9cc(ccc9[S]([O-])(=O)=O)[S]([O-])(=O)=O)nc(n8)[n+]%10cccc(c%10)C([O-])=O)c7[S]([O-])(=O)=O)N=C6C(=C5Oc4c3[S]([O-])(=O)=O)Cl)Cl)nc(Nc%11cc(ccc%11[S]([O-])(=O)=O)[S]([O-])(=O)=O)n2,O=C([O-])c1ccc[n+](-c2nc(NCCNc3ccc4c(c3S(=O)(=O)[O-])Oc3c(Cl)c5c(c(Cl)c3=N4)Oc3c(ccc(NCCNc4nc(Nc6cc(S(=O)(=O)[O-])ccc6S(=O)(=O)[O-])nc(-[n+]6cccc(C(=O)[O-])c6)n4)c3S(=O)(=O)[O-])N=5)nc(Nc3cc(S(=O)(=O)[O-])ccc3S(=O)(=O)[O-])n2)c1.[Na+].[Na+].[Na+].[Na+].[Na+].[Na+],-0.9522048024
[Na+].Nc1ccc(N\N=C\2C=Cc3c(cccc3[S]([O-])(=O)=O)C2=O)cc1,Nc1ccc(N/N=C2\C=Cc3c(cccc3S(=O)(=O)[O-])C2=O)cc1.[Na+],-1.2915600389
C/C=C(\C)/C(=O)OC1C(C2(C(CC1(C)C)C3=CCC4C5(CCC(C(C5CCC4(C3(CC2O)C)C)(C)CO)OC6C(C(C(C(O6)C(=O)O)OC7C(C(C(C(O7)CO)O)O)O)O)OC8C(C(C(C(O8)CO)O)O)O)C)CO)OC(=O)C,C/C=C(\C)C(=O)OC1C(OC(C)=O)C2(CO)C(O)CC3(C)C(=CCC4C5(C)CCC(OC6OC(C(=O)O)C(OC7OC(CO)C(O)C(O)C7O)C(O)C6OC6OC(CO)C(O)C(O)C6O)C(C)(CO)C5CCC43C)C2CC1(C)C,-1.1031036675
[Cl-].[Cl-].[Sn++],[Cl-].[Cl-].[Sn+2],-0.0274572689
[K+].OP(O)O,OP(O)O.[K+],1.1524094081999998
[Na+].[Na+].[Cu].COc1ccc(cc1N)[S]([O-])(=O)=O.Nc2ccc(c(N)c2)[N+]([O-])=O.Oc3cccc([O-])c3,COc1ccc(S(=O)(=O)[O-])cc1N.Nc1ccc([N+](=O)[O-])c(N)c1.[Cu].[Na+].[Na+].[O-]c1cccc(O)c1,-1.5043501961
[Na+].[Na+].[Na+].[Na+].COc1ccc(N\N=C\2C(=O)c3ccc(Nc4nc(Nc5ccc6C(=O)C(=N/Nc7ccc(OC)cc7[S]([O-])(=O)=O)/C(=Cc6c5)[S]([O-])(=O)=O)nc(n4)N8CCOCC8)cc3C=C2[S]([O-])(=O)=O)c(c1)[S]([O-])(=O)=O,COc1ccc(N/N=C2/C(=O)c3ccc(Nc4nc(Nc5ccc6c(c5)C=C(S(=O)(=O)[O-])/C(=N/Nc5ccc(OC)cc5S(=O)(=O)[O-])C6=O)nc(N5CCOCC5)n4)cc3C=C2S(=O)(=O)[O-])c(S(=O)(=O)[O-])c1.[Na+].[Na+].[Na+].[Na+],-1.8252827514
[Na+].[Na+].[Na+].[O-]C(=O)C1=NN(c2ccc(cc2)[S]([O-])(=O)=O)C(=O)C1N=Nc3ccc(cc3)[S]([O-])(=O)=O,O=C([O-])C1=NN(c2ccc(S(=O)(=O)[O-])cc2)C(=O)C1N=Nc1ccc(S(=O)(=O)[O-])cc1.[Na+].[Na+].[Na+],-0.5049964012
CC(N)C(O)=O,CC(N)C(=O)O,0.2678986156
[Na+].[Na+].Cc1ccc(cc1)[S](=O)(=O)Nc2cc(cc3C=C(C(=N/Nc4cc(Cl)ccc4Oc5ccccc5)\C(=O)c23)[S]([O-])(=O)=O)[S]([O-])(=O)=O,Cc1ccc(S(=O)(=O)Nc2cc(S(=O)(=O)[O-])cc3c2C(=O)/C(=N/Nc2cc(Cl)ccc2Oc2ccccc2)C(S(=O)(=O)[O-])=C3)cc1.[Na+].[Na+],-0.6679306861
[H+].[Cl-].CC(C)(C)N(CC(=O)c1ccc(O)c(CO)c1)Cc2ccccc2,CC(C)(C)N(CC(=O)c1ccc(O)c(CO)c1)Cc1ccccc1.[Cl-].[H+],-1.3487765491
[Cl-].CN(N=CC1=[N+](C)c2ccccc2C1(C)C)c3ccc(C)cc3,Cc1ccc(N(C)N=CC2=[N+](C)c3ccccc3C2(C)C)cc1.[Cl-],-1.3292188053
ON=C1CCCCC1,ON=C1CCCCC1,-0.8495729560999999
[Na+].[Na+].[Na+].[Na+].[Na+].[Na+].Nc1c(N=Nc2cc(Nc3nc(Cl)nc(Nc4cccc(c4)[S]([O-])(=O)=O)n3)ccc2[S]([O-])(=O)=O)c(cc5C=C(/C(=N/Nc6cc(Nc7nc(Cl)nc(Nc8cccc(c8)[S]([O-])(=O)=O)n7)ccc6[S]([O-])(=O)=O)C(=O)c15)[S]([O-])(=O)=O)[S]([O-])(=O)=O,Nc1c(N=Nc2cc(Nc3nc(Cl)nc(Nc4cccc(S(=O)(=O)[O-])c4)n3)ccc2S(=O)(=O)[O-])c(S(=O)(=O)[O-])cc2c1C(=O)/C(=N\Nc1cc(Nc3nc(Cl)nc(Nc4cccc(S(=O)(=O)[O-])c4)n3)ccc1S(=O)(=O)[O-])C(S(=O)(=O)[O-])=C2.[Na+].[Na+].[Na+].[Na+].[Na+].[Na+],-0.9572055168
OC(=O)C1CCCN1,O=C(O)C1CCCN1,1.1291356492
[Ca++].[O-]P=O.[O-]P=O,O=P[O-].O=P[O-].[Ca+2],-0.0326449205
[NH4+].[Fe+3].[O-]C(=O)CN(CCCN(CC([O-])=O)CC([O-])=O)CC([O-])=O,O=C([O-])CN(CCCN(CC(=O)[O-])CC(=O)[O-])CC(=O)[O-].[Fe+3].[NH4+],0.1050056219999999
[Na+].[Na+].COc1nc(Nc2ccccc2)nc(Nc3ccc(\C=C\c4ccc(Nc5nc(Nc6ccccc6)nc(OC)n5)cc4[S]([O-])(=O)=O)c(c3)[S]([O-])(=O)=O)n1,COc1nc(Nc2ccccc2)nc(Nc2ccc(/C=C/c3ccc(Nc4nc(Nc5ccccc5)nc(OC)n4)cc3S(=O)(=O)[O-])c(S(=O)(=O)[O-])c2)n1.[Na+].[Na+],-1.7615101482
[Na+].Cc1ccc(N[S](=O)(=O)c2cc(NNC3=C4C(=O)C=C(C=C4C=CC3=N)[S]([O-])(=O)=O)ccc2Cl)c(C)c1,Cc1ccc(NS(=O)(=O)c2cc(NNC3=C4C(=O)C=C(S(=O)(=O)[O-])C=C4C=CC3=N)ccc2Cl)c(C)c1.[Na+],-0.6308713175
[Na+].Cc1cc(ccc1N\N=C2\C(=O)C=Cc3ccccc23)[S]([O-])(=O)=O,Cc1cc(S(=O)(=O)[O-])ccc1N/N=C1/C(=O)C=Cc2ccccc21.[Na+],-0.4366004304
[Na+].[Na+].CC(=O)Nc1cc(cc2C=C(\C(=N/Nc3ccccc3)C(=O)c12)[S]([O-])(=O)=O)[S]([O-])(=O)=O,CC(=O)Nc1cc(S(=O)(=O)[O-])cc2c1C(=O)/C(=N/Nc1ccccc1)C(S(=O)(=O)[O-])=C2.[Na+].[Na+],-0.5866084475
CN(C)C1CCCCC1,CN(C)C1CCCCC1,-0.9774881423
[Li+].[Li+].[O-]C([O-])=O,O=C([O-])[O-].[Li+].[Li+],-0.7546423143000001
[Na+].[Na+].CC(=O)Nc1ccc2C=C(\C(=N/Nc3ccc(cc3)[S](=O)(=O)CCO[S]([O-])(=O)=O)C(=O)c2c1)[S]([O-])(=O)=O,CC(=O)Nc1ccc2c(c1)C(=O)/C(=N/Nc1ccc(S(=O)(=O)CCOS(=O)(=O)[O-])cc1)C(S(=O)(=O)[O-])=C2.[Na+].[Na+],-0.6794075026
[Na+].CCN(CC)c1ccc(cc1)[C+](c2ccc(cc2)N(CC)Cc3cccc(c3)[S]([O-])(=O)=O)c4ccc(cc4)N(CC)Cc5cccc(c5)[S]([O-])(=O)=O,CCN(CC)c1ccc([C+](c2ccc(N(CC)Cc3cccc(S(=O)(=O)[O-])c3)cc2)c2ccc(N(CC)Cc3cccc(S(=O)(=O)[O-])c3)cc2)cc1.[Na+],-0.7717026898999999
NCCCCCCNC(O)=O,NCCCCCCNC(=O)O,-0.0952988049
[Li].O[S](=O)(=O)C(F)(F)F,O=S(=O)([O-])C(F)(F)F.[Li+],0.9030401981
NC(N)=N.O[N+]([O-])=O,N=C(N)N.O=[N+]([O-])O,0.0102512628
CCOCCOCCOC(=O)C=C,C=CC(=O)OCCOCCOCC,-0.181251006
N#CCCC#N,N#CCCC#N,0.1752408894
[Na+].[Na+].Cc1cc(ccc1NNC2=C(C=C3C=CC(=O)C=C3C2=O)[S]([O-])(=O)=O)C4(CCCCC4)c5ccc(NNC6=C(C=C7C=CC(=O)C=C7C6=O)[S]([O-])(=O)=O)c(C)c5,Cc1cc(C2(c3ccc(NNC4=C(S(=O)(=O)[O-])C=C5C=CC(=O)C=C5C4=O)c(C)c3)CCCCC2)ccc1NNC1=C(S(=O)(=O)[O-])C=C2C=CC(=O)C=C2C1=O.[Na+].[Na+],-0.8547884607999999
O[S](=O)(=O)c1ccccc1,O=S(=O)(O)c1ccccc1,0.8489070931
Cc1cccc(c1C)[S](O)(=O)=O,Cc1cccc(S(=O)(=O)O)c1C,0.7779988658
[Na+].Nc1cc(cc2cc(cc(O)c12)[S]([O-])(=O)=O)[S](O)(=O)=O,Nc1cc(S(=O)(=O)O)cc2cc(S(=O)(=O)[O-])cc(O)c12.[Na+],-1.476228892
OC(=O)C(O)=O,O=C(O)C(=O)O,0.0790172102
[K].OC(=O)C(O)=O.OC(=O)C(O)=O,O=C(O)C(=O)O.O=C([O-])C(=O)O.[K+],-0.3073494259
[Li+].[O-][N+]([O-])=O,O=[N+]([O-])[O-].[Li+],1.1700973958
CCCCNCCO,CCCCNCCO,0.931102034
CNCCO,CNCCO,1.1242964559
NCCO,NCCO,1.2140725315
CN(C)C=O,CN(C)C=O,1.1361123296
[OH-].[Cr+3].[O-][S]([O-])(=O)=O,O=S(=O)([O-])[O-].[Cr+3].[OH-],0.7823423727
[Na+].S,S.[Na+],1.2435692985
[Na+].CCN(CC)[S](=O)(=O)c1ccc(OC)c(N\N=C\2C=C(c3ccccc3C2=O)[S]([O-])(=O)=O)c1,CCN(CC)S(=O)(=O)c1ccc(OC)c(N/N=C2\C=C(S(=O)(=O)[O-])c3ccccc3C2=O)c1.[Na+],-2.4667539114
CCOC(=O)N(CC)c1ccccc1,CCOC(=O)N(CC)c1ccccc1,0.8673994761
Oc1ccc(cc1)[S](=O)(=O)c2ccc(O)cc2,O=S(=O)(c1ccc(O)cc1)c1ccc(O)cc1,-2.3570247849
OC[C@H]1O[C@@H](Oc2cc(O)cc(O)c2C(=O)CCc3ccc(O)cc3)[C@H](O)[C@@H](O)[C@@H]1O,O=C(CCc1ccc(O)cc1)c1c(O)cc(O)cc1O[C@@H]1O[C@H](CO)[C@@H](O)[C@H](O)[C@H]1O,-2.639897679
Cc1c(N)cccc1Cl,Cc1c(N)cccc1Cl,-2.1510663204
CC(=O)OCCc1ccccc1,CC(=O)OCCc1ccccc1,-2.2317574452
OC(=O)CCCCC1CCSS1,O=C(O)CCCCC1CCSS1,-2.3750473352
Cc1ccccc1OCC2CO2,Cc1ccccc1OCC1CO1,-2.2911044462
CCCCCCCCCCCCCC[N+](C)(C)C.CCCCCCCCCCCCCC[N+](C)(C)C.[O-]C(=O)C([O-])=O,CCCCCCCCCCCCCC[N+](C)(C)C.CCCCCCCCCCCCCC[N+](C)(C)C.O=C([O-])C(=O)[O-],-2.8980709963
[Na+].O[S](=O)(=O)CCN1CCN(CC1)CC[S]([O-])(=O)=O,O=S(=O)([O-])CCN1CCN(CCS(=O)(=O)O)CC1.[Na+],-2.7475939424
Clc1ccc2N(C3CC[NH2+]CC3)C(=O)Nc2c1,O=c1[nH]c2cc(Cl)ccc2n1C1CC[NH2+]CC1,-2.6630758608
CC(CC=O)CC(C)(C)C,CC(CC=O)CC(C)(C)C,-2.6759065954
Clc1ccccc1Cl,Clc1ccccc1Cl,-3.0533857998
COc1ccc(\C=C\C)cc1,C/C=C/c1ccc(OC)cc1,-3.1255398769
[Cl-].[Cl-].[Cl-].[Cr+3],[Cl-].[Cl-].[Cl-].[Cr+3],-3.1996317806
NC1=Nc2[nH]cc(CCc3ccc(cc3)C(O)=O)c2C(=O)N1,Nc1nc2[nH]cc(CCc3ccc(C(=O)O)cc3)c2c(=O)[nH]1,-3.5742890365
C.[Mo].[Mo],C.[Mo].[Mo],-3.4202754414
[Na+].CCCCCCCCCCCCCCCC(=O)N1[C@@H](CCC1=O)C([O-])=O,CCCCCCCCCCCCCCCC(=O)N1C(=O)CC[C@H]1C(=O)[O-].[Na+],-4.0223191178
CCOC(=O)N(c1ccccc1)c2ccccc2,CCOC(=O)N(c1ccccc1)c1ccccc1,-3.9692395593
[O--].[O--].[O--].[O--].[O--].[O--].[Al+3].[Al+3].[Ca++].[Ca++].[Ca++].[Ca++].[Ca++].[Ca++].[O-][S]([O-])(=O)=O.[O-][S]([O-])(=O)=O.[O-][S]([O-])(=O)=O,O=S(=O)([O-])[O-].O=S(=O)([O-])[O-].O=S(=O)([O-])[O-].[Al+3].[Al+3].[Ca+2].[Ca+2].[Ca+2].[Ca+2].[Ca+2].[Ca+2].[O-2].[O-2].[O-2].[O-2].[O-2].[O-2],-3.0742274262
Nc1ccc(OCc2cccc(F)c2)c(Cl)c1,Nc1ccc(OCc2cccc(F)c2)c(Cl)c1,-4.6932923336000005
Oc1c(Br)c2ccccc2nc1C3C(=O)c4ccccc4C3=O,O=C1c2ccccc2C(=O)C1c1nc2ccccc2c(Br)c1O,-4.8670972664
CC(C)CCCC(C)CCCC(C)CCCCC(C)CCCC(C)CCCC(C)C,CC(C)CCCC(C)CCCC(C)CCCCC(C)CCCC(C)CCCC(C)C,-5.1490404299
[Ca++].[O-][Sn]([O-])=O,[Ca+2].[O-2].[O-2].[O-2].[Sn+4],-5.616551128099999
CCCCCCCCCCCCCCC/C=C/CC(CC(O)=O)C(O)=O,CCCCCCCCCCCCCCC/C=C/CC(CC(=O)O)C(=O)O,-6.9644458512
CCCCCCCCCCCCCCCCOc1ccccc1C(=O)CC(=O)Nc2scc(n2)c3ccccc3,CCCCCCCCCCCCCCCCOc1ccccc1C(=O)CC(=O)Nc1nc(-c2ccccc2)cs1,-4.8472795348
CC(C)OCCOC(C)=O,CC(=O)OCCOC(C)C,-0.1657752416
[NH4+].[NH4+].[NH4+].[Cl-].[Cl-].[Cl-].[Cl-].[Cl-].[Cl-].[Rh+3],[Cl-].[Cl-].[Cl-].[Cl-].[Cl-].[Cl-].[NH4+].[NH4+].[NH4+].[Rh+3],-0.5687670702000001
CC(CC(O)=O)CC(C)(C)C(O)=O,CC(CC(=O)O)CC(C)(C)C(=O)O,-0.2790374966
OC(=O)c1cc(ccc1O)[S](O)(=O)=O,O=C(O)c1cc(S(=O)(=O)O)ccc1O,0.6554902722
N[S](O)(=O)=O.C1COCCN1,C1COCCN1.NS(=O)(=O)O,0.727886015
[F-].[K+],[F-].[K+],1.2284072863
OCCN1CCNC1=O,O=C1NCCN1CCO,0.8776773261
Nc1ccc(OCCO)c(N)c1,Nc1ccc(OCCO)c(N)c1,-0.2337041755
CC(=C)C(O)=O,C=C(C)C(=O)O,0.0562733679
CC(=C)C(=O)OC(=O)C(C)=C,C=C(C)C(=O)OC(=O)C(=C)C,-0.1967597116
CC[N+](CC)(CC)CC.[O-]C(=O)c1ccccc1,CC[N+](CC)(CC)CC.O=C([O-])c1ccccc1,0.583312842
[Na+].[O-]C#N,N#C[O-].[Na+],0.1711169096
[Na+].OC([O-])=O,O=C([O-])O.[Na+],0.0579609271
OCCNCCO,OCCNCCO,0.9577927941
C=CC(=O)OCCOCCOCCOCCOC(=O)C=C,C=CC(=O)OCCOCCOCCOCCOC(=O)C=C,-0.5000132962
[Na+].CCN(CC)c1cc2[o+]c3cc(N(CC)CC)c(C)cc3c(c2cc1C)c4ccc(cc4[S]([O-])(=O)=O)[S]([O-])(=O)=O,CCN(CC)c1cc2[o+]c3cc(N(CC)CC)c(C)cc3c(-c3ccc(S(=O)(=O)[O-])cc3S(=O)(=O)[O-])c2cc1C.[Na+],-0.8053203897
[Na+].[Br-],[Br-].[Na+],0.9635010857
COCCOCCOC,COCCOCCOC,0.8454562496
C/C=C/C(O)=O,C/C=C/C(=O)O,0.0381751458
[Ba++].[O-][N+]([O-])=O.[O-][N+]([O-])=O,O=[N+]([O-])[O-].O=[N+]([O-])[O-].[Ba+2],-0.4440713859
[Zn++].[O-]C(=O)C1CCC(=O)N1.[O-]C(=O)C2CCC(=O)N2,O=C1CCC(C(=O)[O-])N1.O=C1CCC(C(=O)[O-])N1.[Zn+2],-0.5341935881000001
[Ca++].O[P](O)([O-])=O.O[P](O)([O-])=O,O=P([O-])(O)O.O=P([O-])(O)O.[Ca+2],-0.3966430532
[K+].CN(C)CC([O-])=O,CN(C)CC(=O)[O-].[K+],0.8091728638
[K+].OC([O-])=O,O=C([O-])O.[K+],0.9537476957
CC(=C)CCO,C=C(C)CCO,0.0190678934
[Na+].CCC(C)c1cc(cc(n2nc3ccccc3n2)c1O)[S]([O-])(=O)=O,CCC(C)c1cc(S(=O)(=O)[O-])cc(-n2nc3ccccc3n2)c1O.[Na+],-1.5762449498
Cc1ccc(N)cc1,Cc1ccc(N)cc1,-1.0477452605
[Na+].[Na+].Cc1ccc(cc1[S]([O-])(=O)=O)[S](=O)(=O)c2cc(NC(=O)C(Br)=C)ccc2N=Nc3c(N)ccc4cc(ccc34)[S]([O-])(=O)=O,C=C(Br)C(=O)Nc1ccc(N=Nc2c(N)ccc3cc(S(=O)(=O)[O-])ccc23)c(S(=O)(=O)c2ccc(C)c(S(=O)(=O)[O-])c2)c1.[Na+].[Na+],-1.8948362305
CCOc1ccccc1O,CCOc1ccccc1O,-1.1714515037
CCC1(COCOC1)COC(=O)C=C,C=CC(=O)OCC1(CC)COCOC1,-1.3330548746
COc1cc(C=O)ccc1O,COc1cc(C=O)ccc1O,-1.2280265929
BrCBr,BrCBr,-1.2858947125
[Na+].[Na+].[O-][Se]([O-])=O,O=[Se]([O-])[O-].[Na+].[Na+],0.7153884158
[Na+].[Cl-].[O-]C(=O)c1ccc[n+](Cc2ccccc2)c1,O=C([O-])c1ccc[n+](Cc2ccccc2)c1.[Cl-].[Na+],0.5192202667
CC(C)(N)C#C,C#CC(C)(C)N,1.0316559884
[Na+].[O-][V](=O)=O,[Na+].[O-2].[O-2].[O-2].[V+6],0.2664613742
[Na+].[Na+].CCN1C(=O)C(=N/Nc2cc(Nc3nc(F)nc(Nc4cc(ccc4Cl)[S]([O-])(=O)=O)n3)ccc2[S]([O-])(=O)=O)\C(=C(C(N)=O)C1=O)C,CCN1C(=O)C(C(N)=O)=C(C)/C(=N/Nc2cc(Nc3nc(F)nc(Nc4cc(S(=O)(=O)[O-])ccc4Cl)n3)ccc2S(=O)(=O)[O-])C1=O.[Na+].[Na+],-0.9210343837
CC(O)CNCC(C)O,CC(O)CNCC(C)O,0.815044373
C1N2CN3CN1CN(C2)C3,C1N2CN3CN1CN(C2)C3,0.7924026819
O.O.O.O.O.O.O.[Cl-].[Cl-].[Cl-].[La+3],O.O.O.O.O.O.O.[Cl-].[Cl-].[Cl-].[La+3],0.3652265972
CCC1CO1,CCC1CO1,0.080542298
[Al+3].[O-]C=O.[O-]C=O.[O-]C=O,O=C[O-].O=C[O-].O=C[O-].[Al+3],-0.2746003214999999
O=C1CCCCC1,O=C1CCCCC1,-0.0573697280999999
[NH4+].[NH4+].[O-][S](=O)(=O)OO[S]([O-])(=O)=O,O=S(=O)([O-])OOS(=O)(=O)[O-].[NH4+].[NH4+],0.5710956732
[Cl-].C[N+](C)(C)CC(O)CCl,C[N+](C)(C)CC(O)CCl.[Cl-],0.6474063078
CC(C)(CO)CO,CC(C)(CO)CO,0.901422988
CCOC(C)=O,CCOC(C)=O,-0.025404461
[Cl].[Cl].[Rh].[Rh].C\1C\C=C/CC\C=C1.C\2C\C=C/CC\C=C2,C1=C\CC/C=C\CC/1.C1=C\CC/C=C\CC/1.[Cl-].[Cl-].[Rh].[Rh],-2.4997980736
[K+].OC(=O)c1ccccc1C([O-])=O,O=C([O-])c1ccccc1C(=O)O.[K+],-0.3910244327
[Na+].[Na+].[Na+].[Na+].[Na+].[Na+].[O-][W]([O-])(=O)=O.[O-][W]([O-])(=O)=O.[O-][W]([O-])(=O)=O.O=[W](=O)=O.O=[W](=O)=O.O=[W](=O)=O.O=[W](=O)=O.O=[W](=O)=O.O=[W](=O)=O.O=[W](=O)=O.O=[W](=O)=O.O=[W](=O)=O,[Na+].[Na+].[Na+].[Na+].[Na+].[Na+].[O-2].[O-2].[O-2].[O-2].[O-2].[O-2].[O-2].[O-2].[O-2].[O-2].[O-2].[O-2].[O-2].[O-2].[O-2].[O-2].[O-2].[O-2].[O-2].[O-2].[O-2].[O-2].[O-2].[O-2].[O-2].[O-2].[O-2].[O-2].[O-2].[O-2].[O-2].[O-2].[O-2].[O-2].[O-2].[O-2].[O-2].[O-2].[O-2].[W+6].[W+6].[W+6].[W+6].[W+6].[W+6].[W+6].[W+6].[W+6].[W+8].[W+8].[W+8],-0.4724611164
[Na+].[O-]C(=O)CCl,O=C([O-])CCl.[Na+],0.8486241841
O=C1CCCCCN1,O=C1CCCCCN1,0.8601209136
[Na+].[O-]N=O,O=N[O-].[Na+],1.0749962334
[Na+].Cc1ccc(cc1)[S]([O-])(=O)=O,Cc1ccc(S(=O)(=O)[O-])cc1.[Na+],0.6245331513
COc1ccc([NH2+]CCO)cc1[NH3+].[O-][S]([O-])(=O)=O,COc1ccc([NH2+]CCO)cc1[NH3+].O=S(=O)([O-])[O-],-0.5343422948
C=CCNCC=C,C=CCNCC=C,-0.0790069571
CO[P](=O)(CCC(=O)NCO)OC,COP(=O)(CCC(=O)NCO)OC,1.5784906741
OCCN(CCO)c1nc(Nc2ccccc2)nc(Nc3ccc(\C=C\c4ccc(Nc5nc(Nc6ccccc6)nc(n5)N(CCO)CCO)cc4[S](O)(=O)=O)c(c3)[S](O)(=O)=O)n1,O=S(=O)(O)c1cc(Nc2nc(Nc3ccccc3)nc(N(CCO)CCO)n2)ccc1/C=C/c1ccc(Nc2nc(Nc3ccccc3)nc(N(CCO)CCO)n2)cc1S(=O)(=O)O,-1.0592793487
N#CCCCCC#N,N#CCCCCC#N,-0.1309124421
CC(=O)CC(=O)Nc1ccccc1,CC(=O)CC(=O)Nc1ccccc1,-1.2990810635
CO[S]([O-])(=O)=O.CN(N=CC1=[N+](C)c2ccccc2C1(C)C)c3ccc(C)cc3,COS(=O)(=O)[O-].Cc1ccc(N(C)N=CC2=[N+](C)c3ccccc3C2(C)C)cc1,-1.6762060534999998
COc1ccc(cc1)N(C)N=CC2=[N+](C)c3ccccc3C2(C)C.CO[S]([O-])(=O)=O,COS(=O)(=O)[O-].COc1ccc(N(C)N=CC2=[N+](C)c3ccccc3C2(C)C)cc1,-1.6925364836
CCCCC(CC)(CO)CO,CCCCC(CC)(CO)CO,-1.2603343364
CI,CI,-1.2145838492
CC\C=C(/C)C=O,CC/C=C(\C)C=O,-1.0573697281
O=C1OC(=O)c2cc3C(=O)OC(=O)c3cc12,O=c1oc(=O)c2cc3c(=O)oc(=O)c3cc12,-1.4062217243
CCCCOC(=O)CCC(C)=O,CCCCOC(=O)CCC(C)=O,-1.306674746
CC1CCC2C(C1)C(=O)OC2=O,CC1CCC2C(=O)OC(=O)C2C1,-1.3015260488
[Ca++].CCCCC(CC)C([O-])=O.CCCCC(CC)C([O-])=O,CCCCC(CC)C(=O)[O-].CCCCC(CC)C(=O)[O-].[Ca+2],-1.5917155587
Cc1cccc(C)c1N,Cc1cccc(C)c1N,-1.167514488
COC(=O)C1CCC(CC1)C(=O)OC,COC(=O)C1CCC(C(=O)OC)CC1,-1.3871946661
[Na+].CCCCC(CC)COC(=O)CC(C(=O)OCC(CC)CCCC)[S]([O-])(=O)=O,CCCCC(CC)COC(=O)CC(C(=O)OCC(CC)CCCC)S(=O)(=O)[O-].[Na+],-1.7357141887
NC(=O)c1ccc(N)cc1,NC(=O)c1ccc(N)cc1,-1.2255453859
CN1C(=O)N(C)c2nc[nH]c2C1=O,Cn1c(=O)c2[nH]cnc2n(C)c1=O,-1.3525852601
CC(CC#N)CC(C)(C)C#N.CC(CC(C)(C)CC#N)C#N,CC(C#N)CC(C)(C)CC#N.CC(CC#N)CC(C)(C)C#N,-1.5746822213999998
CN(C)Cc1ccccc1,CN(C)Cc1ccccc1,-1.2279188258
ClC(Cl)Cl,ClC(Cl)Cl,-1.1738343117
[NH4+].[Br-],[Br-].[NH4+],1.908299785
C=CC(=O)OCC1CCCO1,C=CC(=O)OCC1CCCO1,-0.2954517157
[K+].CC(=O)CC(=O)Nc1ccc(cc1)[S]([O-])(=O)=O,CC(=O)CC(=O)Nc1ccc(S(=O)(=O)[O-])cc1.[K+],0.4217473345
CCOC1=C(O)C(=O)O[C@@H]1[C@@H](O)CO,CCOC1=C(O)C(=O)O[C@@H]1[C@@H](O)CO,0.5809706515999999
[Na+].[Na+].[Na+].[Na+].CC(O)([P]([O-])([O-])=O)[P]([O-])([O-])=O,CC(O)(P(=O)([O-])[O-])P(=O)([O-])[O-].[Na+].[Na+].[Na+].[Na+],0.4204601089999999
COC(=O)\C=C/C(=O)OC,COC(=O)/C=C\C(=O)OC,-0.2672048758999999
Cc1cc(O)ccc1O,Cc1cc(O)ccc1O,-0.2074175173999999
CNC(=O)NC,CNC(=O)NC,0.9386362339
[NH4+].[NH4+].[NH4+].[NH4+].[O-][Mo]([O-])(=O)=O.[O-][Mo]([O-])(=O)=O,[Mo+8].[Mo+8].[NH4+].[NH4+].[NH4+].[NH4+].[O-2].[O-2].[O-2].[O-2].[O-2].[O-2].[O-2].[O-2],-2.5804798622
[Na+].CCCCC(CC)CN(CCC(O)=O)CCC([O-])=O,CCCCC(CC)CN(CCC(=O)[O-])CCC(=O)O.[Na+],0.4104692649
[Cu++].CC([O-])=O.CC([O-])=O,CC(=O)[O-].CC(=O)[O-].[Cu+2],-0.3755357121
[H+].[Cl-].CN(C)C,CN(C)C.[Cl-].[H+],0.8993339870999999
CNC.OC(=O)COc1ccc(Cl)cc1Cl,CNC.O=C(O)COc1ccc(Cl)cc1Cl,0.4499772209
COCCC(=O)OC,COCCC(=O)OC,0.8026937067000001
[K+].[O-]C#N,N#C[O-].[K+],0.9659600909
OCCCCOC=C,C=COCCCCO,-0.18999534
[K+].[O-]P=O,O=P[O-].[K+],0.8626748208
O.[Na+].[O-]P=O,O.O=P[O-].[Na+],0.8546356528
CCCCOCC1CO1.CC(C)N.FB(F)F,CC(C)N.CCCCOCC1CO1.FB(F)F,-0.5379542498
[Cl-].C(c1ccccc1)[P+](c2ccccc2)(c3ccccc3)c4ccccc4,[Cl-].c1ccc(C[P+](c2ccccc2)(c2ccccc2)c2ccccc2)cc1,-0.7188245606999999
[Na+].[O-][S](=O)(=O)C(CC(=O)OC1CCCCC1)C(=O)OC2CCCCC2,O=C(CC(C(=O)OC1CCCCC1)S(=O)(=O)[O-])OC1CCCCC1.[Na+],-0.7147015973999999
CN(CCC#N)c1ccc(cc1)C=CC2=[N+](C)c3ccccc3C2(C)C.[O-][S]([O-])(=O)=O,CN(CCC#N)c1ccc(C=CC2=[N+](C)c3ccccc3C2(C)C)cc1.O=S(=O)([O-])[O-],-0.7741720686
[Na+].[Na+].[O-][S](=O)(=O)OO[S]([O-])(=O)=O,O=S(=O)([O-])OOS(=O)(=O)[O-].[Na+].[Na+],0.4865525209
[Na+].CC1=NN(C(=O)C1N=Nc2ccc(C)c(c2)[S](=O)(=O)Nc3ccccc3)c4ccc(cc4)[S]([O-])(=O)=O,CC1=NN(c2ccc(S(=O)(=O)[O-])cc2)C(=O)C1N=Nc1ccc(C)c(S(=O)(=O)Nc2ccccc2)c1.[Na+],-0.8725523685
OC(=O)C=C,C=CC(=O)O,0.0059673299
CN,CN,1.3686434782
[Na+].[Fe+3].[O-]C(=O)CN(CCN(CC([O-])=O)CC([O-])=O)CC([O-])=O,O=C([O-])CN(CCN(CC(=O)[O-])CC(=O)[O-])CC(=O)[O-].[Fe+3].[Na+],-0.7073891823999999
C=CC(=O)OC1C=CC2C3CCC(C3)C12,C=CC(=O)OC1C=CC2C3CCC(C3)C12,-3.7081424715
[Na+].[O-][S](=O)(=O)CC=C,C=CCS(=O)(=O)[O-].[Na+],0.6949528649
[Na+].[Na+].[Na+].[Na+].Cc1cc(Nc2nc(NCCO)nc(Nc3ccc(N=Nc4cc5c(cccc5[S]([O-])(=O)=O)c(c4)[S]([O-])(=O)=O)c(C)c3)n2)ccc1N=Nc6cc7c(cccc7[S]([O-])(=O)=O)c(c6)[S]([O-])(=O)=O,Cc1cc(Nc2nc(NCCO)nc(Nc3ccc(N=Nc4cc(S(=O)(=O)[O-])c5cccc(S(=O)(=O)[O-])c5c4)c(C)c3)n2)ccc1N=Nc1cc(S(=O)(=O)[O-])c2cccc(S(=O)(=O)[O-])c2c1.[Na+].[Na+].[Na+].[Na+],-1.1748734719
COc1ccc2cc(oc2c1)C3N(C)c4cc(ccc4[NH+]3C)[S](C)(=O)=O.CC([O-])=O,CC(=O)[O-].COc1ccc2cc(C3N(C)c4cc(S(C)(=O)=O)ccc4[NH+]3C)oc2c1,0.2125744685999999
[Na+].OCCN1CCN(CC1)CC[S]([O-])(=O)=O,O=S(=O)([O-])CCN1CCN(CCO)CC1.[Na+],0.4318666789
NC(=O)[C@@H]1CCC[NH2+]1,NC(=O)[C@@H]1CCC[NH2+]1,0.7853597575
[nH]1cncn1,c1nc[nH]n1,1.0058274476
[H+].[Br-],[Br-].[H+],1.3775443727
[Na+].[O-]C=O,O=C[O-].[Na+],1.0125444228
Oc1ccc(O)cc1,Oc1ccc(O)cc1,-0.1967366109
NC(CC(O)=O)C(O)=O,NC(CC(=O)O)C(=O)O,-1.2293181874
[I-].CC[P+](c1ccccc1)(c2ccccc2)c3ccccc3,CC[P+](c1ccccc1)(c1ccccc1)c1ccccc1.[I-],-1.7271281938
[V],[V],-0.8144249576
Nc1ccc(Nc2ccc(cc2[S](O)(=O)=O)[N+]([O-])=O)cc1,Nc1ccc(Nc2ccc([N+](=O)[O-])cc2S(=O)(=O)O)cc1,-1.5982895297
[Cl-].Cn1c2ccccc2c(C=CC3=[N+](C)c4ccccc4C3(C)C)c1c5ccccc5,Cn1c(-c2ccccc2)c(C=CC2=[N+](C)c3ccccc3C2(C)C)c2ccccc21.[Cl-],-1.743927996
C1COC=CC1,C1=COCCC1,-1.0383982131
CCCCCCC(O)CO,CCCCCCC(O)CO,-1.2899752166
CCN(C(C)C)C(C)C,CCN(C(C)C)C(C)C,-1.2416022633
[Na].Nc1cc(c(O)c2C(=O)c3c(N)cc(c(O)c3C(=O)c12)[S](O)(=O)=O)[S](O)(=O)=O,Nc1cc(S(=O)(=O)[O-])c(O)c2c1C(=O)c1c(O)c(S(=O)(=O)O)cc(N)c1C2=O.[Na+],-1.7991126191
CC(C)OC(=O)C(F)(F)F,CC(C)OC(=O)C(F)(F)F,-1.336078753
[Na+].[Na+].CN=C1C=CC2=CC(=CC(=O)C2=C1NNc3ccc(NC(=O)C(Br)=C)cc3[S]([O-])(=O)=O)[S]([O-])(=O)=O,C=C(Br)C(=O)Nc1ccc(NNC2=C3C(=O)C=C(S(=O)(=O)[O-])C=C3C=CC2=NC)c(S(=O)(=O)[O-])c1.[Na+].[Na+],-1.9476532093
[Na+].CCOc1ccc(C)cc1N=Nc2ccc(N=Nc3cccc(c3)[S]([O-])(=O)=O)c4ccccc24,CCOc1ccc(C)cc1N=Nc1ccc(N=Nc2cccc(S(=O)(=O)[O-])c2)c2ccccc12.[Na+],-1.8471355444
OC(=O)\C=C\C(O)=O,O=C(O)/C=C/C(=O)O,-1.2196294277
CC(O)CN(CC(C)O)c1ccc(C)cc1,Cc1ccc(N(CC(C)O)CC(C)O)cc1,-1.5038218002
CCO[S](=O)(=O)OCC,CCOS(=O)(=O)OCC,-1.3429497185
[Na+].CN(Cc1ccc(Nc2cc(c(N)c3C(=O)c4ccccc4C(=O)c23)[S]([O-])(=O)=O)cc1)[S](=O)(=O)c5ccc(C)cc5,Cc1ccc(S(=O)(=O)N(C)Cc2ccc(Nc3cc(S(=O)(=O)[O-])c(N)c4c3C(=O)c3ccccc3C4=O)cc2)cc1.[Na+],-1.9428219908
[K+].[O-]C(=O)C(F)(F)F,O=C([O-])C(F)(F)F.[K+],0.6610693015
[Na+].[Na+].[O-][P]([O-])(F)=O,O=P([O-])([O-])F.[Na+].[Na+],0.6844005874
OC=O,O=CO,1.1758552936
[NH4+].[NH4+].OC(=O)CN(CCN(CC(O)=O)CC([O-])=O)CC([O-])=O,O=C([O-])CN(CCN(CC(=O)[O-])CC(=O)O)CC(=O)O.[NH4+].[NH4+],0.3226990562
CCCCCCCCCCCC[N+](C)(C)CC(O)C[S]([O-])(=O)=O,CCCCCCCCCCCC[N+](C)(C)CC(O)CS(=O)(=O)[O-],0.2865181043
[K+].[Br-],[Br-].[K+],0.7556754335
Cc1ccc(cc1[S](O)(=O)=O)[N+]([O-])=O,Cc1ccc([N+](=O)[O-])cc1S(=O)(=O)O,0.4924399529
[Cr+3].CC([O-])=O.CC([O-])=O.CC([O-])=O,CC(=O)[O-].CC(=O)[O-].CC(=O)[O-].[Cr+3],0.4692256086
O[C@@H](C(O)=O)c1ccccc1Cl,O=C(O)[C@H](O)c1ccccc1Cl,-0.4390279004999999
[Na+].[Na+].[O-][S](=O)(=O)c1ccc2c(C=CC(=O)/C2=N/Nc3ccc(N=Nc4ccc(Nc5ccccc5)c(c4)[S]([O-])(=O)=O)c6ccccc36)c1,O=C1C=Cc2cc(S(=O)(=O)[O-])ccc2/C1=N\Nc1ccc(N=Nc2ccc(Nc3ccccc3)c(S(=O)(=O)[O-])c2)c2ccccc12.[Na+].[Na+],-1.0156300044
[I-].[Cs+],[Cs+].[I-],0.4112261076
[Cl-].CN1C[NH+](C=C)C=C1,C=C[NH+]1C=CN(C)C1.[Cl-],0.6585802853
[Cl-].N[C@@H](CS)C(O)=O.[H+],N[C@@H](CS)C(=O)O.[Cl-].[H+],0.6219271018
[Ru+3].[Ru+3].[Ru+3].CC([O-])=O.CC([O-])=O.CC([O-])=O.CC([O-])=O.CC([O-])=O.CC([O-])=O.CC([O-])=O,CC(=O)[O-].CC(=O)[O-].CC(=O)[O-].CC(=O)[O-].CC(=O)[O-].CC(=O)[O-].CC(=O)[O-].[Ru+3].[Ru+3].[Ru+3],-0.0356831695
CCCCO,CCCCO,-0.0504090528
[Na+].[Na+].[O-][Mo]([O-])(=O)=O,[Mo+8].[Na+].[Na+].[O-2].[O-2].[O-2].[O-2],0.5020204465
[Cl].[Fe].[O-][S]([O-])(=O)=O,O=S(=O)([O-])[O-].[Cl-].[Fe],0.540234161
[Cl-].[Cl-].[Cl-].[Fe+3],[Cl-].[Cl-].[Cl-].[Fe+3],0.6028517968
[Fe++].[O-][S]([O-])(=O)=O,O=S(=O)([O-])[O-].[Fe+2],0.6313327107
[Na+].COc1ccc(cc1)N=Nc2ccc(cc2OC)N=Nc3cccc(c3)[S]([O-])(=O)=O,COc1ccc(N=Nc2ccc(N=Nc3cccc(S(=O)(=O)[O-])c3)cc2OC)cc1.[Na+],-0.8354591701
[Na+].[O-]N1C=CC=CC1=S,[Na+].[O-]n1ccccc1=S,0.6370124426
[Na+].OC[C@H](O)C1OC(=O)[C-](O)C1=O,O=C1OC([C@@H](O)C[O-])C(=O)C1O.[Na+],0.5110430921
[Cl-].[Cl-].[Ni++],[Cl-].[Cl-].[Ni+2],0.6949333776000001
[Na+].Cc1c(CNC(=O)CCl)c(C)c(Nc2cc(c(N)c3C(=O)c4ccccc4C(=O)c23)[S]([O-])(=O)=O)c(C)c1CNC(=O)CCl,Cc1c(CNC(=O)CCl)c(C)c(Nc2cc(S(=O)(=O)[O-])c(N)c3c2C(=O)c2ccccc2C3=O)c(C)c1CNC(=O)CCl.[Na+],-1.0175519333
CC(C)=CCO,CC(C)=CCO,-0.128994642
[Ca++].N[S]([O-])(=O)=O.N[S]([O-])(=O)=O,NS(=O)(=O)[O-].NS(=O)(=O)[O-].[Ca+2],0.4388612161999999
NCCCCCCN,NCCCCCCN,0.7389034055
[Na+].OC[S]([O-])=O,O=S([O-])CO.[Na+],0.731520726
[nH]1ccnc1,c1c[nH]cn1,0.9683905422
[Na+].N[C@@H](CC(O)=O)C([O-])=O,N[C@@H](CC(=O)O)C(=O)[O-].[Na+],0.6099273323
[Mn++].[O-][P]([O-])([O-])=O.[O-][P]([O-])([O-])=O,O=P([O-])([O-])[O-].O=P([O-])([O-])[O-].[Mn+2],0.4103907799
CCC(C)(C)OO,CCC(C)(C)OO,-0.2165945745
NCCc1ccccc1,NCCc1ccccc1,-0.2823811698
CC1(C)CC(O)CC(C)(C)N1[O],CC1(C)CC(O)CC(C)(C)N1[O],0.5627035438
[Na+].Cc1cccc2n[n-]nc12,Cc1cccc2n[n-]nc12.[Na+],0.6051674279
O=C1CCC(=O)O1,O=C1CCC(=O)O1,-0.2016662739
[Ca++].CCC([O-])=O.CCC([O-])=O,CCC(=O)[O-].CCC(=O)[O-].[Ca+2],-0.4769347221
OCC(CO)(CO)CO,OCC(CO)(CO)CO,-0.3416163866
CC(C)C(=O)OC(=O)C(C)C,CC(C)C(=O)OC(=O)C(C)C,0.5917902317
[Na+].[O-]C(=O)[C@@H]1CCC(=O)N1,O=C1CC[C@@H](C(=O)[O-])N1.[Na+],0.6082046329
[Na+].[Na+].CCN(Cc1cccc(c1)[S]([O-])(=O)=O)c2ccc(cc2)[C+](c3ccc(cc3)N(CC)Cc4cccc(c4)[S]([O-])(=O)=O)c5ccccc5[S]([O-])(=O)=O,CCN(Cc1cccc(S(=O)(=O)[O-])c1)c1ccc([C+](c2ccc(N(CC)Cc3cccc(S(=O)(=O)[O-])c3)cc2)c2ccccc2S(=O)(=O)[O-])cc1.[Na+].[Na+],-0.1131580367
[Na+].[Na+].[O-][P](=O)=O,O=[P+]([O-])[O-].[Na+].[Na+],0.6893014740000001
CC1(C)C(O)C(C)(C)C1O,CC1(C)C(O)C(C)(C)C1O,-0.3736775878
[K+].[K+].[K+].OC(CC([O-])=O)(CC([O-])=O)C([O-])=O,O=C([O-])CC(O)(CC(=O)[O-])C(=O)[O-].[K+].[K+].[K+],0.2961937852
OCCOCCOCCCNc1ccc(NCCCOCCOCCO)c2C(=O)c3ccccc3C(=O)c12,O=C1c2ccccc2C(=O)c2c(NCCCOCCOCCO)ccc(NCCCOCCOCCO)c21,0.0571886956
CC(O)=O,CC(=O)O,1.0017178079
OC(=O)CCC(=O)C(O)=O,O=C(O)CCC(=O)C(=O)O,0.6148800726
[Na+].[Na+].[O-][S](=O)(=O)CCCSSCCC[S]([O-])(=O)=O,O=S(=O)([O-])CCCSSCCCS(=O)(=O)[O-].[Na+].[Na+],0.2286526355
CC(=C)C=O,C=C(C)C=O,-0.0675110058
CC(C)C=O,CC(C)C=O,-0.0798261768
CC(C)O[P](S)(=S)OC(C)C,CC(C)OP(=S)(S)OC(C)C,-0.5528547078
CNC(=O)C(C)(C(C)C)C(C)C,CNC(=O)C(C)(C(C)C)C(C)C,-1.3948677058
ClC(Cl)=O,O=C(Cl)Cl,-1.1608458422
OC(=O)CC1(CCCCC1)CC(O)=O,O=C(O)CC1(CC(=O)O)CCCCC1,-1.4722340504
[Sr],[Sr],-1.1139433523
NC(=O)CC[C@H](NC(=O)C[NH3+])C([O-])=O,NC(=O)CC[C@H](NC(=O)C[NH3+])C(=O)[O-],-0.194310278
[Li].[Na].[K].CC(C)(C)c1ccc(cc1)[S](=O)(=O)Nc2ccc3cc(ccc3c2)[S](=O)(=O)c4cc5N=C6C(=C7Oc8c(ccc(N)c8[S](O)(=O)=O)N=C7C(=C6Oc5c(c4N)[S](O)(=O)=O)Cl)Cl,[CH2-]C(C)(C)c1ccc(S(=O)(=O)Nc2ccc3cc(S(=O)(=O)c4cc5c(c(S(=O)(=O)[O-])c4N)Oc4c(Cl)c6c(c(Cl)c4=N5)Oc4c(ccc(N)c4S(=O)(=O)[O-])N=6)ccc3c2)cc1.[K+].[Li+].[Na+],-2.1807658976
CCSC,CCSC,-1.0569732819
O=Cc1ccccc1,O=Cc1ccccc1,-1.2095723109
CCC(C)(OO)OOC(C)(CC)OO,CCC(C)(OO)OOC(C)(CC)OO,-1.5077732457
CN[C@@H](C)[C@@H](O)c1ccccc1,CN[C@@H](C)[C@@H](O)c1ccccc1,-1.4051913165
CCOC(=O)C(C)C,CCOC(=O)C(C)C,-1.2554968887
S=[Sr],[S]=[Sr],0.0036602887
O=C1OC(=O)c2ccccc12,O=C1OC(=O)c2ccccc21,-1.3644249332
Cl\C=C\Cl,Cl/C=C/Cl,-1.1871803856999998
c1ccc2ncccc2c1,c1ccc2ncccc2c1,-1.325093551
CC(=O)c1ccccc1.CC(C)(O)c2ccccc2.Oc3ccccc3,CC(=O)c1ccccc1.CC(C)(O)c1ccccc1.Oc1ccccc1,-1.7593061432
[Na+].[Na+].Nc1c2C(=O)c3ccccc3C(=O)c2c(cc1[S]([O-])(=O)=O)c4cc(c(N)c5C(=O)c6ccccc6C(=O)c45)[S]([O-])(=O)=O,Nc1c(S(=O)(=O)[O-])cc(-c2cc(S(=O)(=O)[O-])c(N)c3c2C(=O)c2ccccc2C3=O)c2c1C(=O)c1ccccc1C2=O.[Na+].[Na+],-2.0301800533
CCN1CCCCC1,CCN1CCCCC1,-1.2757105223
Cc1ccc(N)c(c1)[S](O)(=O)=O,Cc1ccc(N)c(S(=O)(=O)O)c1,-1.4942009905000002
OC(=O)c1cc(C(O)=O)c(cc1C(O)=O)C(O)=O.C2CN=C(N2)c3ccccc3.C4CN=C(N4)c5ccccc5,O=C(O)c1cc(C(=O)O)c(C(=O)O)cc1C(=O)O.c1ccc(C2=NCCN2)cc1.c1ccc(C2=NCCN2)cc1,-1.9594675236
O=C1NCCN1,O=C1NCCN1,0.8402733738
[O--].[O--].[O--].[Fe+3].[Fe+3],[Fe+3].[Fe+3].[O-2].[O-2].[O-2],-3.7261483073
[NH3+]O.[NH3+]O.[O-][S]([O-])(=O)=O,O=S(=O)([O-])[O-].[NH3+]O.[NH3+]O,0.553426318
[Cl-].[Cl-].[Co++],[Cl-].[Cl-].[Co+2],0.654418336
[K+].O[P](O)(O)=O,O=P(O)(O)O.[K+],0.6286564425
[K+].CCCCCCCCCCCCCC(=O)N[C@@H](CCC(O)=O)C([O-])=O,CCCCCCCCCCCCCC(=O)N[C@@H](CCC(=O)O)C(=O)[O-].[K+],-0.8308225768999999
CC(=O)OCC(COC(C)=O)OC(C)=O,CC(=O)OCC(COC(C)=O)OC(C)=O,-0.5754367043
CC1(C)CO1,CC1(C)CO1,-0.0945494336
CCCCCCOC1O[C@H](CO)[C@@H](O)[C@H](O)[C@H]1O,CCCCCCOC1O[C@H](CO)[C@@H](O)[C@H](O)[C@H]1O,-0.6586987459
OC(=O)CC(O)(CC(O)=O)C(O)=O,O=C(O)CC(O)(CC(=O)O)C(=O)O,0.4768431239
Nc1[nH]ncn1,Nc1ncn[nH]1,0.8326929954000001
OCCN1C(=O)N(CCO)C(=O)N(CCO)C1=O,O=c1n(CCO)c(=O)n(CCO)c(=O)n1CCO,0.3403663284
[Na+].OC(=O)CC(O)(CC(O)=O)C([O-])=O,O=C(O)CC(O)(CC(=O)O)C(=O)[O-].[Na+],0.4252480461999999
[Na+].[Na+].Nc1c2C(=O)c3ccccc3C(=O)c2c(Nc4ccc(NC(=O)C(Br)=C)cc4[S]([O-])(=O)=O)cc1[S]([O-])(=O)=O,C=C(Br)C(=O)Nc1ccc(Nc2cc(S(=O)(=O)[O-])c(N)c3c2C(=O)c2ccccc2C3=O)c(S(=O)(=O)[O-])c1.[Na+].[Na+],-1.0618038915
[Na+].[Na+].NC(=O)CCN(CCO)c1nc(Nc2ccccc2)nc(Nc3ccc(\C=C\c4ccc(Nc5nc(Nc6ccccc6)nc(n5)N(CCO)CCC(N)=O)cc4[S]([O-])(=O)=O)c(c3)[S]([O-])(=O)=O)n1,NC(=O)CCN(CCO)c1nc(Nc2ccccc2)nc(Nc2ccc(/C=C/c3ccc(Nc4nc(Nc5ccccc5)nc(N(CCO)CCC(N)=O)n4)cc3S(=O)(=O)[O-])c(S(=O)(=O)[O-])c2)n1.[Na+].[Na+],-1.2475609958
OC1COC(O)C(O)C1O,OC1COC(O)C(O)C1O,0.5778808511
CC(C)(CO)C(O)C(=O)NCCCO,CC(C)(CO)C(O)C(=O)NCCCO,0.4376764540999999
OC(C(O)C(O)=O)C(O)=O,O=C(O)C(O)C(O)C(=O)O,0.5718478438
O[P](O)(=O)CN(CCCCCCN(C[P](O)(O)=O)C[P](O)(O)=O)CCCCCCN(C[P](O)(O)=O)C[P](O)(O)=O,O=P(O)(O)CN(CCCCCCN(CP(=O)(O)O)CP(=O)(O)O)CCCCCCN(CP(=O)(O)O)CP(=O)(O)O,-0.0877655775
[K+].O[C@H]([C@@H](O)C([O-])=O)C(O)=O,O=C([O-])[C@H](O)[C@@H](O)C(=O)O.[K+],0.4736237943999999
COC(=O)CC(C(C)=O)C(=O)OC,COC(=O)CC(C(C)=O)C(=O)OC,-0.5248348408
N.N.N.N.[Pd++].OC([O-])=O.OC([O-])=O,N.N.N.N.O=C([O-])O.O=C([O-])O.[Pd+2],-0.7223996879000001
C(CCOCC1CO1)COCC2CO2,C(CCOCC1CO1)COCC1CO1,-0.5608137387
[Cl-].[Cl-].[Pd++],[Cl-].[Cl-].[Pd+2],-0.5036976261
[Na+].[SH-],[Na+].[SH-],0.990088732
NCCC(O)=O,NCCC(=O)O,0.7865480445999999
[H+].[H+].[Cl-].[Cl-].CNc1nc(OC)ccc1N,CNc1nc(OC)ccc1N.[Cl-].[Cl-].[H+].[H+],0.3819230911
CCC(C)NCCO,CCC(C)NCCO,0.6667009336999999
OC(=O)CC(O)(CC(O)=O)C(O)=O.C1CNCCN1,C1CNCCN1.O=C(O)CC(O)(CC(=O)O)C(=O)O,0.2879414183
[Na+].[Na+].[O-][S](=O)O[S]([O-])=O,O=S([O-])OS(=O)[O-].[Na+].[Na+],0.4533910824
CN=C(NCC1CCOC1)N[N+]([O-])=O,CN=C(NCC1CCOC1)N[N+](=O)[O-],-0.5694147178
CCOCCC(=O)OCC,CCOCCC(=O)OCC,-0.4317085178
CNC1CCCCC1,CNC1CCCCC1,-0.3214680129
COC(=O)CC#N,COC(=O)CC#N,-0.2636316857
[Na+].OCC[S]([O-])(=O)=O,O=S(=O)([O-])CCO.[Na+],0.5569422141
CC[N+](CC)(CC)CC.[O-][S](=O)(=O)C(F)(F)C(F)(F)C(F)(F)C(F)(F)C(F)(F)C(F)(F)C(F)(F)C(F)(F)F,CC[N+](CC)(CC)CC.O=S(=O)([O-])C(F)(F)C(F)(F)C(F)(F)C(F)(F)C(F)(F)C(F)(F)C(F)(F)C(F)(F)F,-0.0721808988
[Na+].[Na+].CCCCCCCC/C=C/CCCCCCCCOC(=O)C(CC([O-])=O)[S]([O-])(=O)=O,CCCCCCCC/C=C/CCCCCCCCOC(=O)C(CC(=O)[O-])S(=O)(=O)[O-].[Na+].[Na+],-0.962426912
CCOC(=O)CC#N,CCOC(=O)CC#N,-0.3276124069
[Na+].[Na+].COc1cc(c(OC)cc1N=NC2C(=NN(C2=O)c3ccc(cc3)[S]([O-])(=O)=O)C)[S](=O)(=O)CCO[S]([O-])(=O)=O,COc1cc(S(=O)(=O)CCOS(=O)(=O)[O-])c(OC)cc1N=NC1C(=O)N(c2ccc(S(=O)(=O)[O-])cc2)N=C1C.[Na+].[Na+],-0.0898430335
[Na+].[Na+].OC(=O)C(O)(CC([O-])=O)CC([O-])=O,O=C([O-])CC(O)(CC(=O)[O-])C(=O)O.[Na+].[Na+],0.3454130072
CC(CCC#N)C#N,CC(C#N)CCC#N,-0.3155007402
CCCCOCC(C)O,CCCCOCC(C)O,-0.4052379668
O=C1OC=CO1,O=c1occo1,0.7770765429000001
[Na+].CCC(C)OC(S)=S,CCC(C)OC(=S)S.[Na+],0.4688768793
CC(O)c1cc(N)ccc1N.[O-][S]([O-])(=O)=O,CC(O)c1cc(N)ccc1N.O=S(=O)([O-])[O-],-0.6856367901
Cc1ncoc1C#N,Cc1ncoc1C#N,-0.324555733
[Cd++].O[N+]([O-])=O.O[N+]([O-])=O,O=[N+]([O-])O.O=[N+]([O-])O.[Cd+2],0.3276361318
[Na+].CCOC([S-])=S,CCOC(=S)[S-].[Na+],0.5443381649
[Cl-].[Cl-].[NH3+]CCCCCCCC[NH3+],[Cl-].[Cl-].[NH3+]CCCCCCCC[NH3+],0.3621421768
CC(C)(C)NC(=O)[C@@H]1C[C@@H]2CCCC[C@H]2C[NH2+]1,CC(C)(C)NC(=O)[C@@H]1C[C@@H]2CCCC[C@H]2C[NH2+]1,-2.1616093611
OCCCCCCO,OCCCCCCO,1.6264407184
CN(C)CCOC(=O)C(C)=C,C=C(C)C(=O)OCCN(C)C,0.5024815492
[Na+].[Na+].OC(C(O)C([O-])=O)C([O-])=O,O=C([O-])C(O)C(O)C(=O)[O-].[Na+].[Na+],0.4110563572999999
CCO[P](=O)(OCC)OCC,CCOP(=O)(OCC)OCC,0.4385265234
OC(=O)C1CCC(=O)N1,O=C1CCC(C(=O)O)N1,-0.4042589172
CCCC=O,CCCC=O,-0.1590074228
C1CCSC1,C1CCSC1,-1.1819174748
CC(=O)Oc1ccccc1,CC(=O)Oc1ccccc1,-1.3735951622999998
CCCl,CCCl,-1.0507488092
Clc1cc(Cl)ncn1,Clc1cc(Cl)ncn1,-1.4172531143
[Na+].[Na+].[Na+].CC(=O)C(N=Nc1ccc(cc1)N=Nc2c(N)c3c(cc2[S]([O-])(=O)=O)C=C(\C(=N/Nc4ccc(c5ccccc45)[S]([O-])(=O)=O)C3=O)[S]([O-])(=O)=O)C(=O)Nc6ccccc6,CC(=O)C(N=Nc1ccc(N=Nc2c(S(=O)(=O)[O-])cc3c(c2N)C(=O)/C(=N/Nc2ccc(S(=O)(=O)[O-])c4ccccc24)C(S(=O)(=O)[O-])=C3)cc1)C(=O)Nc1ccccc1.[Na+].[Na+].[Na+],-2.2180283184
Cc1ccc(N)c(C)c1,Cc1ccc(N)c(C)c1,-1.3352536727
Nc1ccccc1Cl,Nc1ccccc1Cl,-1.3575741458
N[P](N)(=O)Oc1ccccc1,NP(N)(=O)Oc1ccccc1,-1.4876534031
[Na+].CCOc1cccc2C(=O)c3c(Nc4ccccc4[S]([O-])(=O)=O)ccc(NC5CCCCC5)c3C(=O)c12,CCOc1cccc2c1C(=O)c1c(NC3CCCCC3)ccc(Nc3ccccc3S(=O)(=O)[O-])c1C2=O.[Na+],-1.9878367861
CC(CN)CCCN,CC(CN)CCCN,-1.3272487005
CN1C(=CC(=O)N(C)C1=O)N,Cn1c(N)cc(=O)n(C)c1=O,-1.4535787311
C/C=C/CCC1CCCC(=O)O1,C/C=C/CCC1CCCC(=O)O1,-1.4887262913
[K+].F[B-](F)(F)F,F[B-](F)(F)F.[K+],-1.3676388693
CCCOC(=O)C(/O)=C/Oc1ccccc1,CCCOC(=O)/C(O)=C/Oc1ccccc1,-1.6225463588
NC1=CC(=O)N=C(N)N1,Nc1cc(=O)nc(N)[nH]1,-1.378146596
Cc1ccc(N)c(Cl)c1O,Cc1ccc(N)c(Cl)c1O,-1.4815528695
[N-]=[N+]=C1C(=O)NC(=O)NC1=O,[N-]=[N+]=C1C(=O)NC(=O)NC1=O,-1.4717570191
CC(COCC(C)OC(=O)C=C)OC(=O)C=C,C=CC(=O)OC(C)COCC(C)OC(=O)C=C,-1.6682980883
OC(=O)c1ccncc1,O=C(O)c1ccncc1,-1.3759670992
OC1CSC(O)CS1,OC1CSC(O)CS1,-1.4690382322
CC(=O)CCCCCl,CC(=O)CCCCCl,-1.4155738757
CC1=NN(C(=O)C1)c2ccc(cc2)[S](O)(=O)=O,CC1=NN(c2ccc(S(=O)(=O)O)cc2)C(=O)C1,-1.6926402974
Cc1ccccc1[S](N)(=O)=O,Cc1ccccc1S(N)(=O)=O,-1.5259868531
CC1CC(NC(N)=O)NC(=O)N1,CC1CC(NC(N)=O)NC(=O)N1,-1.5314234319
Cc1cc(N)ccc1N.O[S](O)(=O)=O,Cc1cc(N)ccc1N.O=S(=O)(O)O,-1.641347932
Nc1cccc(c1)C(F)(F)F,Nc1cccc(C(F)(F)F)c1,-1.5081956214
NC1CCC(CC1)CC2CCC(N)CC2,NC1CCC(CC2CCC(N)CC2)CC1,-1.6240034803
COc1ccc(OC)c(NC(C)=O)c1,COc1ccc(OC)c(NC(C)=O)c1,-1.5915498548
[K+].CC(C)c1ccc(cc1)[S]([O-])(=O)=O,CC(C)c1ccc(S(=O)(=O)[O-])cc1.[K+],0.3208872115
[NH4+].O.NC([O-])=O,NC(=O)[O-].O.[NH4+],0.7115939977
[Na+].CC(C)c1ccc(cc1)[S]([O-])(=O)=O,CC(C)c1ccc(S(=O)(=O)[O-])cc1.[Na+],0.3460227367
CO[S]([O-])(=O)=O.C[N+](C)(C)CCCNC(=O)CCCCCCCCC=C,C=CCCCCCCCCC(=O)NCCC[N+](C)(C)C.COS(=O)(=O)[O-],0.0940632128999999
O.O.O.O.O.O.O.O.O.O.[Na+].[Na+].[O-]B(OB=O)OB([O-])OB=O,O.O.O.O.O.O.O.O.O.O.O=BOB([O-])OB([O-])OB=O.[Na+].[Na+],-0.8846418846999999
Nc1ncccc1O,Nc1ncccc1O,-0.3461061519
C=CN1CCCCCC1=O,C=CN1CCCCCC1=O,-0.4507860761
CC(=O)OC\C=C(/C)C=O,CC(=O)OC/C=C(\C)C=O,-0.4607939818
OB(O)O,OB(O)O,-0.0992552152
[Ca++].[Ca++].[Ca++].[O-]B([O-])[O-].[O-]B([O-])[O-],[Ca+2].[Ca+2].[Ca+2].[O-]B([O-])[O-].[O-]B([O-])[O-],-0.6843417048
[K].OB(O)O,[K+].[O-]B(O)O,-0.3120594734
CCC(CO)(CO)C(O)=O,CCC(CO)(CO)C(=O)O,0.5168038544
[Pb++].[O-][N+]([O-])=O.[O-][N+]([O-])=O,O=[N+]([O-])[O-].O=[N+]([O-])[O-].[Pb+2],0.1665354510999999
[Na+].[Na+].[Na+].OCCN(CCN(CC([O-])=O)CC([O-])=O)CC([O-])=O,O=C([O-])CN(CCO)CCN(CC(=O)[O-])CC(=O)[O-].[Na+].[Na+].[Na+],0.1444215392
[Na+].[Na+].OCCN(CCO)c1nc(Nc2ccccc2)nc(Nc3ccc(\C=C\c4ccc(Nc5nc(Nc6ccccc6)nc(n5)N(CCO)CCO)cc4[S]([O-])(=O)=O)c(c3)[S]([O-])(=O)=O)n1,O=S(=O)([O-])c1cc(Nc2nc(Nc3ccccc3)nc(N(CCO)CCO)n2)ccc1/C=C/c1ccc(Nc2nc(Nc3ccccc3)nc(N(CCO)CCO)n2)cc1S(=O)(=O)[O-].[Na+].[Na+],-1.29966008
[Zn++].CC(O)C([O-])=O.CC(O)C([O-])=O,CC(O)C(=O)[O-].CC(O)C(=O)[O-].[Zn+2],-0.7035054304999999
CC(C)CC(O)=O,CC(C)CC(=O)O,-0.3279248515
[Li+].[Li+].[Li+].O.O.O.O.OC(CC([O-])=O)(CC([O-])=O)C([O-])=O,O.O.O.O.O=C([O-])CC(O)(CC(=O)[O-])C(=O)[O-].[Li+].[Li+].[Li+],0.2218764714
CCCCC(=O)N(Cc1ccc(cc1)c2ccccc2c3n[nH]nn3)[C@@H](C(C)C)C(O)=O,CCCCC(=O)N(Cc1ccc(-c2ccccc2-c2nn[nH]n2)cc1)[C@H](C(=O)O)C(C)C,-2.7359260939
OCCN(CCO)c1ccccc1,OCCN(CCO)c1ccccc1,-0.5833809314
CCOC(=O)OC,CCOC(=O)OC,-0.3444506814
[Mg++].[Cl-].[Cl-],[Cl-].[Cl-].[Mg+2],0.6922078268999999
NCCCCCCN.OC(=O)CCCCC(O)=O,NCCCCCCN.O=C(O)CCCCC(=O)O,0.2513647845
[O-][S]([O-])(=O)=O.O=[V++],O=S(=O)([O-])[O-].[O-2].[V+4],0.4571186188
[Li+].O.O.O.[O-][Cl](=O)(=O)=O,O.O.O.[Li+].[O-][Cl+3]([O-])([O-])[O-],0.4612188619
[K+].[O-][S](=O)(=O)C(F)(F)C(F)(F)C(F)(F)C(F)(F)F,O=S(=O)([O-])C(F)(F)C(F)(F)C(F)(F)C(F)(F)F.[K+],-0.8645162178
[Cl-].CCN(CCO)c1ccc(cc1)N=Nc2sc3cc(OC)ccc3[n+]2C,CCN(CCO)c1ccc(N=Nc2sc3cc(OC)ccc3[n+]2C)cc1.[Cl-],-0.9467714818
CCN(CCO)c1ccc(cc1)N=Nc2sc3cc(OC)ccc3[n+]2C.CO[S]([O-])(=O)=O,CCN(CCO)c1ccc(N=Nc2sc3cc(OC)ccc3[n+]2C)cc1.COS(=O)(=O)[O-],-1.0208150872
CCCCOC(=O)CO,CCCCOC(=O)CO,-0.4583389122
COC(=O)CCl,COC(=O)CCl,-0.372767961
[Cl-].[Cl-].[Cd++],[Cd+2].[Cl-].[Cl-],0.3967110896
[Na+].[O-][S](=O)(=O)CCBr,O=S(=O)([O-])CCBr.[Na+],0.332748699
Oc1ccccc1O,Oc1ccccc1O,0.6123418909
CCN(O)CC,CCN(O)CC,0.7036319098
NC(N)=N.NC(N)=N.OC(O)=O,N=C(N)N.N=C(N)N.O=C(O)O,0.3975348561999999
[Li+].CC([O-])=O,CC(=O)[O-].[Li+],0.8337672926999999
CC(=C)C(=O)OCCOC(=O)CCC(O)=O,C=C(C)C(=O)OCCOC(=O)CCC(=O)O,-0.706708916
[Cl-].CN(C)[C@H]1[C@@H]2C[C@@H]3[C@H](O)c4c(Cl)ccc(O)c4C(=C3C(=O)[C@]2(O)C(=O)\C(=C(N)/O)C1=O)O.[H+],CN(C)[C@@H]1C(=O)/C(=C(\N)O)C(=O)[C@@]2(O)C(=O)C3=C(O)c4c(O)ccc(Cl)c4[C@@H](O)[C@H]3C[C@@H]12.[Cl-].[H+],-1.0469016509
CCC(C)C(O)=O,CCC(C)C(=O)O,-0.3559535751
[Fe+3].[Fe+3].[O-][S]([O-])(=O)=O.[O-][S]([O-])(=O)=O.[O-][S]([O-])(=O)=O,O=S(=O)([O-])[O-].O=S(=O)([O-])[O-].O=S(=O)([O-])[O-].[Fe+3].[Fe+3],1.0415240791
[Zn++].[Br-].[Br-],[Br-].[Br-].[Zn+2],1.2977429939
[Na+].[Na+].[Na+].[Na+].[Na+].[Cr+3].Nc1nc(Cl)nc(Nc2cc(cc3cc(c(N=Nc4cc(ccc4[O-])[N+]([O-])=O)c([O-])c23)[S]([O-])(=O)=O)[S]([O-])(=O)=O)n1.Nc5nc(Cl)nc(Nc6cc(cc7cc(c(N=Nc8cc(ccc8[O-])[N+]([O-])=O)c([O-])c67)[S]([O-])(=O)=O)[S]([O-])(=O)=O)n5,Nc1nc(Cl)nc(Nc2cc(S(=O)(=O)[O-])cc3cc(S(=O)(=O)[O-])c(N=Nc4cc([N+](=O)[O-])ccc4[O-])c([O-])c23)n1.Nc1nc(Cl)nc(Nc2cc(S(=O)(=O)[O-])cc3cc(S(=O)(=O)[O-])c(N=Nc4cc([N+](=O)[O-])ccc4[O-])c([O-])c23)n1.[Cr+3].[Na+].[Na+].[Na+].[Na+].[Na+],-0.4949751746
[Na+].Cc1ccc(OCCC[S]([O-])(=O)=O)c(c1)[N+]([O-])=O,Cc1ccc(OCCCS(=O)(=O)[O-])c([N+](=O)[O-])c1.[Na+],0.1703103591
Cl.Cl.CCCCC1=NC2(CCCC2)C(=O)N1.CCCCC3=NC(=O)C4(CCCC4)N3,CCCCC1=NC(=O)C2(CCCC2)N1.CCCCC1=NC2(CCCC2)C(=O)N1.Cl.Cl,-1.019613944
[Na+].[Na+].[Na+].CCN(c1ccccc1)c2nc(Cl)nc(Nc3cc(cc4C=C(\C(=N/Nc5ccccc5[S]([O-])(=O)=O)C(=O)c34)[S]([O-])(=O)=O)[S]([O-])(=O)=O)n2,CCN(c1ccccc1)c1nc(Cl)nc(Nc2cc(S(=O)(=O)[O-])cc3c2C(=O)/C(=N/Nc2ccccc2S(=O)(=O)[O-])C(S(=O)(=O)[O-])=C3)n1.[Na+].[Na+].[Na+],-0.2667452841
[Cl-].[Cl-].[Zn++],[Cl-].[Cl-].[Zn+2],0.5010006364
CC1=CN(C2CC(O)C(CO)O2)C(=O)NC1=O,Cc1cn(C2CC(O)C(CO)O2)c(=O)[nH]c1=O,-0.7420620876999999
CCN(CC)c1ccc(cc1)C=CC2=[N+](C)c3ccccc3C2(C)C.CC([O-])=O,CC(=O)[O-].CCN(CC)c1ccc(C=CC2=[N+](C)c3ccccc3C2(C)C)cc1,-0.9604187817
CCN(CC)c1ccc(cc1)C=CC2=[N+](C)c3ccccc3C2(C)C.O[P](O)([O-])=O,CCN(CC)c1ccc(C=CC2=[N+](C)c3ccccc3C2(C)C)cc1.O=P([O-])(O)O,-1.0004895677
[Na].OC(=O)c1cc2ccccc2c(Cc3c(O)c(cc4ccccc34)C(O)=O)c1O,O=C([O-])c1cc2ccccc2c(Cc2c(O)c(C(=O)O)cc3ccccc23)c1O.[Na+],-0.9807588825
N.N.O[C@H]([C@@H](O)C(O)=O)C(O)=O,N.N.O=C(O)[C@H](O)[C@@H](O)C(=O)O,0.3662767625999999
Cc1ncc(CN)c(N)n1,Cc1ncc(CN)c(N)n1,0.4903065627
[Mn++].[O-][N+]([O-])=O.[O-][N+]([O-])=O,O=[N+]([O-])[O-].O=[N+]([O-])[O-].[Mn+2],1.377095201
CN(C)CCCNCCCN(C)C,CN(C)CCCNCCCN(C)C,0.3558508036
[H+].[H+].[Cl-].[Cl-].Nc1ccc(OCCO)c(N)c1,Nc1ccc(OCCO)c(N)c1.[Cl-].[Cl-].[H+].[H+],0.2461592973999999
[Na+].[Na+].[Na+].OC(CC([O-])=O)(CC([O-])=O)C([O-])=O,O=C([O-])CC(O)(CC(=O)[O-])C(=O)[O-].[Na+].[Na+].[Na+],0.2166530911
O.O.O.O.O.O.O.O.O.[Al+3].[O-][N+]([O-])=O.[O-][N+]([O-])=O.[O-][N](=O)=O,O.O.O.O.O.O.O.O.O.O=[N+]([O-])[O-].O=[N+]([O-])[O-].O=[N+]([O-])[O-].[Al+3],-0.9408131942
[F-].[Na+],[F-].[Na+],-0.0021872624
C[C@H](N)c1ccccc1,C[C@H](N)c1ccccc1,-0.4601924093
[Na+].COC(=O)c1ccc([O-])cc1,COC(=O)c1ccc([O-])cc1.[Na+],0.3803001877
[Na+].NC(CCC(O)=O)C([O-])=O,NC(CCC(=O)O)C(=O)[O-].[Na+],0.3919616292
[Na+].[N-]=[N+]=[N-],[N-]=[N+]=[N-].[Na+],0.8040134946999999
[Na+].[Na+].[Mn++].[O-]C(=O)CN(CCN(CC([O-])=O)CC([O-])=O)CC([O-])=O,O=C([O-])CN(CCN(CC(=O)[O-])CC(=O)[O-])CC(=O)[O-].[Mn+2].[Na+].[Na+],0.024802502
[NH4+].[NH4+].[O-]C(=O)C([O-])=O,O=C([O-])C(=O)[O-].[NH4+].[NH4+],-0.4725815013
N[C@@H](CCC(N)=O)C(O)=O,NC(=O)CC[C@H](N)C(=O)O,-0.5483114193999999
CC[C@H](C)[C@H](N)C(O)=O,CC[C@H](C)[C@H](N)C(=O)O,-0.5029538568
[H+].[Cl-].OCCNc1ccc2OCOc2c1,OCCNc1ccc2c(c1)OCO2.[Cl-].[H+],0.2728975009
O=C1OC(=O)C=C1,O=C1C=CC(=O)O1,0.6181158071
[Na+].[Na+].[O-]C([O-])=O,O=C([O-])[O-].[Na+].[Na+],0.581124668
[Na+].[Na+].OCCNc1nc(NCCO)nc(Nc2ccc3C(=O)C(=N/Nc4ccc(cc4)N=Nc5ccc(cc5)[S]([O-])(=O)=O)\C(=Cc3c2)[S]([O-])(=O)=O)n1,O=C1/C(=N\Nc2ccc(N=Nc3ccc(S(=O)(=O)[O-])cc3)cc2)C(S(=O)(=O)[O-])=Cc2cc(Nc3nc(NCCO)nc(NCCO)n3)ccc21.[Na+].[Na+],-0.2836980196999999
C[C@H]1CO1,C[C@H]1CO1,0.8380333836
[Na+].[Na+].Cc1ccc2nc(sc2c1[S]([O-])(=O)=O)c3ccc(cc3)N=Nc4ccc(cc4)c5sc6c(ccc(C)c6[S]([O-])(=O)=O)n5,Cc1ccc2nc(-c3ccc(N=Nc4ccc(-c5nc6ccc(C)c(S(=O)(=O)[O-])c6s5)cc4)cc3)sc2c1S(=O)(=O)[O-].[Na+].[Na+],-1.2223096235
CCOCCCC(C)OCCOCC(C)CO,CCOCCCC(C)OCCOCC(C)CO,-0.790860844
CC(N)c1ccccc1,CC(N)c1ccccc1,-0.4813817083
[K+].[K+].[Zn++].[O-]C(=O)CN(CCN(CC([O-])=O)CC([O-])=O)CC([O-])=O,O=C([O-])CN(CCN(CC(=O)[O-])CC(=O)[O-])CC(=O)[O-].[K+].[K+].[Zn+2],0.237458201
CCCCNC(=O)OCCOC(=O)C=C,C=CC(=O)OCCOC(=O)NCCCC,-1.6348405969
[H+].[Cl-].NNc1ccc(Cl)cc1,NNc1ccc(Cl)cc1.[Cl-].[H+],-1.5636654662
Cc1cc(C)cc(N)c1,Cc1cc(C)cc(N)c1,-1.4022004623
[Na+].[Co+3].N[S](=O)(=O)c1ccc([O-])c(c1)N=Nc2c([O-])ccc3ccccc23.N[S](=O)(=O)c4ccc([O-])c(c4)N=Nc5c([O-])ccc6ccccc56,[Co+3].[NH-]S(=O)(=O)c1ccc(O)c(N=Nc2c(O)ccc3ccccc23)c1.[NH-]S(=O)(=O)c1ccc([O-])c(N=Nc2c([O-])ccc3ccccc23)c1.[Na+],-2.2022038482
CC1(C)CC(=O)CC(C)(C1)C#N,CC1(C)CC(=O)CC(C)(C#N)C1,-1.5404977204
[H+].[Cl-].OC1(CCNCC1)c2ccc(Cl)cc2,OC1(c2ccc(Cl)cc2)CCNCC1.[Cl-].[H+],-1.7207775313
[NH3+][C@@H](C([O-])=O)c1ccccc1,[NH3+][C@@H](C(=O)[O-])c1ccccc1,-1.5082784056999998
CCCCCCCCN.CCCCO[P](S)(=O)OCCCC,CCCCCCCCN.CCCCOP(=O)(S)OCCCC,-1.8796973024
CC(C)C1=NN(C(=O)NC(C)(C)C)C(=O)N1N,CC(C)c1nn(C(=O)NC(C)(C)C)c(=O)n1N,-1.7188473974
CC(=O)CCc1ccc(O)cc1,CC(=O)CCc1ccc(O)cc1,-1.5520409413
ClC(Cl)(Cl)[2H],[2H]C(Cl)(Cl)Cl,-1.417811305
Nc1cc(Cl)nc(C(O)=O)c1Cl,Nc1cc(Cl)nc(C(=O)O)c1Cl,-0.0042500518
OCCNc1ccc(cc1[N+]([O-])=O)N(CCO)CCO,O=[N+]([O-])c1cc(N(CCO)CCO)ccc1NCCO,-1.7953855716
[F-].[Al+3].[K+],[Al+3].[F-].[K+],-1.269901072
[Al+3].CCCC[O-].CCCC[O-].CCCC[O-],CCCC[O-].CCCC[O-].CCCC[O-].[Al+3],-1.7373354758
Oc1ccc(Cl)cc1Cl,Oc1ccc(Cl)cc1Cl,-1.5589830837
[Na+].[Na+].[Na+].[Na+].Nc1ccc(cc1[S]([O-])(=O)=O)N=Nc2ccc(N=Nc3ccc(N\N=C/4C(=O)c5ccc(NC(=O)c6ccccc6)cc5C=C4[S]([O-])(=O)=O)c7ccc(cc37)[S]([O-])(=O)=O)c8ccc(cc28)[S]([O-])(=O)=O,Nc1ccc(N=Nc2ccc(N=Nc3ccc(N/N=C4/C(=O)c5ccc(NC(=O)c6ccccc6)cc5C=C4S(=O)(=O)[O-])c4ccc(S(=O)(=O)[O-])cc34)c3ccc(S(=O)(=O)[O-])cc23)cc1S(=O)(=O)[O-].[Na+].[Na+].[Na+].[Na+],-2.3935953584
COC(=O)C=C(C)C,COC(=O)C=C(C)C,-1.4140004112
[Na+].[Na+].[Na+].[Na+].[Na+].COc1cc(N=Nc2cc(cc3cc(cc(O)c23)[S]([O-])(=O)=O)[S]([O-])(=O)=O)c(C)cc1N=Nc4c(O)c5c(Nc6nc(Nc7ccccc7)nc(Nc8ccc(cc8)N=Nc9ccc(O)c(c9)C([O-])=O)n6)cc(cc5cc4[S]([O-])(=O)=O)[S]([O-])(=O)=O,COc1cc(N=Nc2cc(S(=O)(=O)[O-])cc3cc(S(=O)(=O)[O-])cc(O)c23)c(C)cc1N=Nc1c(S(=O)(=O)[O-])cc2cc(S(=O)(=O)[O-])cc(Nc3nc(Nc4ccccc4)nc(Nc4ccc(N=Nc5ccc(O)c(C(=O)[O-])c5)cc4)n3)c2c1O.[Na+].[Na+].[Na+].[Na+].[Na+],-2.4833879664
CC1=NN(C(=O)C1)c2cccc(c2)[S](O)(=O)=O,CC1=NN(c2cccc(S(=O)(=O)O)c2)C(=O)C1,-1.7718215434
CC(=O)OCC=C(C)C,CC(=O)OCC=C(C)C,-1.4743213171
CCCCCCCC(=O)N(C)C,CCCCCCCC(=O)N(C)C,-1.6002483409
CCCCCC(C)=O,CCCCCC(C)=O,-1.4333383705
CCCC(C)C=O,CCCC(C)C=O,-1.3774493615
O=C1OC(=O)C2CCCCC12,O=C1OC(=O)C2CCCCC12,-1.5647364969
CCC(CO)(COCC=C)COCC=C,C=CCOCC(CC)(CO)COCC=C,-1.7182484471
CCCCNCCCC,CCCCNCCCC,-1.5039654481
CC(COCC(C)OC(=O)C=C)OCC(C)OC(=O)C=C,C=CC(=O)OC(C)COCC(C)OCC(C)OC(=O)C=C,-1.8755690909
C[C@@H]1CO1,C[C@@H]1CO1,0.8380333836
CCCCN(CCO)CCCC,CCCCN(CCO)CCCC,-1.6367385713999998
[Na+].CN(C)C(=S)SCCC[S]([O-])(=O)=O,CN(C)C(=S)SCCCS(=O)(=O)[O-].[Na+],0.1779035996
[Na+].[Na+].[Na+].[Na+].COc1ccc(cc1N\N=C/2C(=O)c3c(N)c(N=Nc4ccc(cc4)[S](=O)(=O)CCO[S]([O-])(=O)=O)c(cc3C=C2[S]([O-])(=O)=O)[S]([O-])(=O)=O)[S](=O)(=O)CCO[S]([O-])(=O)=O,COc1ccc(S(=O)(=O)CCOS(=O)(=O)[O-])cc1N/N=C1/C(=O)c2c(cc(S(=O)(=O)[O-])c(N=Nc3ccc(S(=O)(=O)CCOS(=O)(=O)[O-])cc3)c2N)C=C1S(=O)(=O)[O-].[Na+].[Na+].[Na+].[Na+],-0.4161044822999999
Cc1ccc(cc1N)C(N)=O,Cc1ccc(C(N)=O)cc1N,-0.5767319197
OCc1scnc1,OCc1cncs1,0.5257355357
CC(=O)N1C[C@@H](O)C[C@H]1C([O-])=O,CC(=O)N1C[C@@H](O)C[C@H]1C(=O)[O-],0.3449927217
[Na+].[Na+].[Na+].[Na+].[O-][S](=O)(=O)OCC[S](=O)(=O)c1ccc2c(ccc(N\N=C/3C(=O)c4c(NC(=O)c5ccccc5)cc(cc4C=C3[S]([O-])(=O)=O)[S]([O-])(=O)=O)c2[S]([O-])(=O)=O)c1,O=C(Nc1cc(S(=O)(=O)[O-])cc2c1C(=O)/C(=N/Nc1ccc3cc(S(=O)(=O)CCOS(=O)(=O)[O-])ccc3c1S(=O)(=O)[O-])C(S(=O)(=O)[O-])=C2)c1ccccc1.[Na+].[Na+].[Na+].[Na+],-0.3893149412
[Na].[Na].[Na].[Na].CNc1ccc(/C=C/c2ccc(Nc3nc(Nc4ccc(cc4)[S]([O-])(=O)=O)nc(n3)N5CCOCC5)cc2[S]([O-])(=O)=O)c(c1)[S]([O-])(=O)=O.Cc6nc(Nc7ccc(cc7)[S]([O-])(=O)=O)nc(n6)N8CCOCC8,CNc1ccc(/C=C/c2ccc(Nc3nc(Nc4ccc(S(=O)(=O)[O-])cc4)nc(N4CCOCC4)n3)cc2S(=O)(=O)[O-])c(S(=O)(=O)[O-])c1.Cc1nc(Nc2ccc(S(=O)(=O)[O-])cc2)nc(N2CCOCC2)n1.[Na+].[Na+].[Na+].[Na+],-0.4843358104999999
[I-].C[S+](C)(C)=O,C[S+](C)(C)=O.[I-],-0.7568844320999999
Cc1ccc(N)cc1N,Cc1ccc(N)cc1N,-0.5071845321
Cc1cc(N)ccc1N,Cc1cc(N)ccc1N,-0.5071845321
O.O.O.O.O.O.O.[Co++].[O-][S]([O-])(=O)=O,O.O.O.O.O.O.O.O=S(=O)([O-])[O-].[Co+2],0.1271332296
[Na+].CN(C)C([S-])=S,CN(C)C(=S)[S-].[Na+],0.4168921924
CCN(CC)c1ccc(cc1)[C+](c2ccc(cc2)N(CC)CC)c3ccc(cc3)N(CC)CC.CC([O-])=O,CC(=O)[O-].CCN(CC)c1ccc([C+](c2ccc(N(CC)CC)cc2)c2ccc(N(CC)CC)cc2)cc1,-0.1395608978999999
[NH4+].[Cl-],[Cl-].[NH4+],0.8422541039
[Cl-].Nc1cn(n[o+]1)N2CCOCC2,Nc1cn(N2CCOCC2)n[o+]1.[Cl-],0.1471983169
CCCCOC(=O)\C=C/C(O)=O,CCCCOC(=O)/C=C\C(=O)O,-0.6677809794
Cc1ccc(NCCO)cc1O,Cc1ccc(NCCO)cc1O,-0.6550553282
[Na+].[Na+].COc1cc(c(C)cc1N=NC2C(=NN(C2=O)c3ccc(cc3)[S]([O-])(=O)=O)C)[S](=O)(=O)CCO[S]([O-])(=O)=O,COc1cc(S(=O)(=O)CCOS(=O)(=O)[O-])c(C)cc1N=NC1C(=O)N(c2ccc(S(=O)(=O)[O-])cc2)N=C1C.[Na+].[Na+],-0.2390039262
OC1CNC(C1)C(O)=O,O=C(O)C1CC(O)CN1,0.4399221153
[Na+].Cc1ccc(cc1N)C(=O)Nc2ccc(cc2)[S]([O-])(=O)=O,Cc1ccc(C(=O)Nc2ccc(S(=O)(=O)[O-])cc2)cc1N.[Na+],-0.9492775868
CCOC(=O)C(C)C=C,C=CC(C)C(=O)OCC,-1.5763108556999998
CNC(=S)NN,CNC(=S)NN,-0.465572855
[Cl-].[K+],[Cl-].[K+],0.6777748798000001
O[S](=O)(=O)c1ccc2ccccc2c1,O=S(=O)(O)c1ccc2ccccc2c1,0.230443278
COC(=O)CC(=C)C(=O)OC,C=C(CC(=O)OC)C(=O)OC,-0.653770318
OCCOCCOc1ccccc1,OCCOCCOc1ccccc1,-0.7165256146
CC(CCCC(C)(C)O)CC=O,CC(CC=O)CCCC(C)(C)O,-0.6921365673000001
CCCNCCC,CCCNCCC,-0.461082427
Nc1ccccc1,Nc1ccccc1,-0.4250168953
[Na+].OC(=O)c1cc(cc(c1)[S]([O-])(=O)=O)C(O)=O,O=C(O)c1cc(C(=O)O)cc(S(=O)(=O)[O-])c1.[Na+],0.1093959475
[Na+].[Na+].[Na+].[Na+].[Na+].[Na+].[O-][S](=O)(=O)c1cc(Nc2nc(Cl)nc(Nc3ccc(Nc4nc(Cl)nc(Nc5cc(cc6C=C(/C(=N/Nc7ccccc7[S]([O-])(=O)=O)C(=O)c56)[S]([O-])(=O)=O)[S]([O-])(=O)=O)n4)cc3)n2)c8C(=O)C(=N/Nc9ccccc9[S]([O-])(=O)=O)\C(=Cc8c1)[S]([O-])(=O)=O,O=C1/C(=N\Nc2ccccc2S(=O)(=O)[O-])C(S(=O)(=O)[O-])=Cc2cc(S(=O)(=O)[O-])cc(Nc3nc(Cl)nc(Nc4ccc(Nc5nc(Cl)nc(Nc6cc(S(=O)(=O)[O-])cc7c6C(=O)/C(=N\Nc6ccccc6S(=O)(=O)[O-])C(S(=O)(=O)[O-])=C7)n5)cc4)n3)c21.[Na+].[Na+].[Na+].[Na+].[Na+].[Na+],-0.6303809029
[Br-].C[P+](c1ccccc1)(c2ccccc2)c3ccccc3,C[P+](c1ccccc1)(c1ccccc1)c1ccccc1.[Br-],-0.0189230333
[Cl-].C[n+]1ccccc1,C[n+]1ccccc1.[Cl-],0.4201828890999999
[Na+].[Na+].[Na+].NC(=O)Nc1cc(Nc2nc(F)nc(NCCOCC[S](=O)(=O)C=C)n2)ccc1N=Nc3cc4c(cc(cc4[S]([O-])(=O)=O)[S]([O-])(=O)=O)cc3[S]([O-])(=O)=O,C=CS(=O)(=O)CCOCCNc1nc(F)nc(Nc2ccc(N=Nc3cc4c(S(=O)(=O)[O-])cc(S(=O)(=O)[O-])cc4cc3S(=O)(=O)[O-])c(NC(N)=O)c2)n1.[Na+].[Na+].[Na+],-0.4145597239
CCc1nccnc1C,CCc1nccnc1C,0.4445107882999999
[H+].[Cl-].NO,NO.[Cl-].[H+],0.6895503556999999
C=CC(=O)NCNC(=O)C=C,C=CC(=O)NCNC(=O)C=C,-0.6552426764
OC[C@H](O)[C@@H](O)[C@H](O)C(=O)C(O)=O,O=C(O)C(=O)[C@@H](O)[C@H](O)[C@@H](O)CO,0.2373207652
C[N+]1([O-])CCOCC1,C[N+]1([O-])CCOCC1,0.4563099285
[NH3+]CCO.[NH3+]CCO.[NH3+]CCO.OC(CC([O-])=O)(CC([O-])=O)C([O-])=O,O=C([O-])CC(O)(CC(=O)[O-])C(=O)[O-].[NH3+]CCO.[NH3+]CCO.[NH3+]CCO,-0.0501601163999999
[Na+].NCCNCC[S]([O-])(=O)=O,NCCNCCS(=O)(=O)[O-].[Na+],0.2445359542
[Na+].[Na+].[Na+].Cc1cc(N=Nc2cc(ccc2[S]([O-])(=O)=O)[S]([O-])(=O)=O)c(C)cc1N=Nc3ccc(Nc4nc(N)nc(Cl)n4)c5c3cccc5[S]([O-])(=O)=O,Cc1cc(N=Nc2ccc(Nc3nc(N)nc(Cl)n3)c3c(S(=O)(=O)[O-])cccc23)c(C)cc1N=Nc1cc(S(=O)(=O)[O-])ccc1S(=O)(=O)[O-].[Na+].[Na+].[Na+],-0.3869456913
[K+].[O-][S](=O)(=O)CCCOC(=O)C=C,C=CC(=O)OCCCS(=O)(=O)[O-].[K+],1.1562683245
[Na+].[Na+].[Na+].Cc1c(Nc2nc(Cl)nc(Nc3cccc(c3)[S]([O-])(=O)=O)n2)c(C)c(c(C)c1Nc4cc(c(N)c5C(=O)c6ccccc6C(=O)c45)[S]([O-])(=O)=O)[S]([O-])(=O)=O,Cc1c(Nc2nc(Cl)nc(Nc3cccc(S(=O)(=O)[O-])c3)n2)c(C)c(S(=O)(=O)[O-])c(C)c1Nc1cc(S(=O)(=O)[O-])c(N)c2c1C(=O)c1ccccc1C2=O.[Na+].[Na+].[Na+],-0.4244279852
[Na+].[Na+].[Na+].Cc1c(Nc2nc(Cl)nc(Nc3ccccc3[S]([O-])(=O)=O)n2)c(C)c(c(C)c1Nc4cc(c(N)c5C(=O)c6ccccc6C(=O)c45)[S]([O-])(=O)=O)[S]([O-])(=O)=O,Cc1c(Nc2nc(Cl)nc(Nc3ccccc3S(=O)(=O)[O-])n2)c(C)c(S(=O)(=O)[O-])c(C)c1Nc1cc(S(=O)(=O)[O-])c(N)c2c1C(=O)c1ccccc1C2=O.[Na+].[Na+].[Na+],-0.4244279852
Nc1ccc(F)cc1,Nc1ccc(F)cc1,-0.5272743845000001
C1N(CCOC1)C2=NC(=NC(=N2)NC3=C4C(=O)/C(=N/NC5=CC=CC=C5)/C(=CC4=CC(=C3)S(=O)(=O)[O-])S(=O)(=O)[O-])NC6=CC(=C(C=C6)/C=C/C7=C(C=C(C=C7)NC8=NC(=NC(=N8)N9CCOCC9)NC1=C2C(=O)/C(=N/NC3=CC=CC=C3)/C(=CC2=CC(=C1)S(=O)(=O)[O-])S(=O)(=O)[O-])S(=O)(=O)[O-])S(=O)(=O)[O-].[Na+].[Na+].[Na+].[Na+].[Na+].[Na+],O=C1/C(=N/Nc2ccccc2)C(S(=O)(=O)[O-])=Cc2cc(S(=O)(=O)[O-])cc(Nc3nc(Nc4ccc(/C=C/c5ccc(Nc6nc(Nc7cc(S(=O)(=O)[O-])cc8c7C(=O)/C(=N/Nc7ccccc7)C(S(=O)(=O)[O-])=C8)nc(N7CCOCC7)n6)cc5S(=O)(=O)[O-])c(S(=O)(=O)[O-])c4)nc(N4CCOCC4)n3)c21.[Na+].[Na+].[Na+].[Na+].[Na+].[Na+],-1.144796153
CC(=O)C1CCOC1=O,CC(=O)C1CCOC1=O,0.3975093207
[Na+].COC(=O)c1cc(cc(c1)[S]([O-])(=O)=O)C(=O)OC,COC(=O)c1cc(C(=O)OC)cc(S(=O)(=O)[O-])c1.[Na+],-0.9664819924
[Na+].[Cl-],[Cl-].[Na+],0.7343267611
[Li+].[Li+].[O-]C(=O)CCCC([O-])=O,O=C([O-])CCCC(=O)[O-].[Li+].[Li+],0.3427540765999999
CC1OC(=C(O)C1=O)C,CC1=C(O)C(=O)C(C)O1,0.3906698962
[Na+].COc1cc(O)c(cc1[S]([O-])(=O)=O)C(=O)c2ccccc2,COc1cc(O)c(C(=O)c2ccccc2)cc1S(=O)(=O)[O-].[Na+],-0.022384851
CC(C)C(O)C(C)(C)CO,CC(C)C(O)C(C)(C)CO,-0.6667259261999999
CCCCC(CC)COC(=O)[C@H](C)O,CCCCC(CC)COC(=O)[C@H](C)O,-2.6735257097
O=C1CCCC1,O=C1CCCC1,0.5536775573
[H+].[Cl-].CNC,CNC.[Cl-].[H+],1.5657185919
S.[Mn],S.[Mn],-4.1599117564
COC=O,COC=O,0.6985937788
[Na+].[Na+].[Na+].Oc1cc(c2ccc3c4c(ccc1c24)c(cc3[S]([O-])(=O)=O)[S]([O-])(=O)=O)[S]([O-])(=O)=O,O=S(=O)([O-])c1cc(O)c2ccc3c(S(=O)(=O)[O-])cc(S(=O)(=O)[O-])c4ccc1c2c34.[Na+].[Na+].[Na+],-0.242535631
CC1C=CCC2C1C(=O)OC2=O,CC1C=CCC2C(=O)OC(=O)C12,-0.7362684615999999
CC(C)NC(=O)C(C)=C,C=C(C)C(=O)NC(C)C,-0.6201428843
[Na+].[Na+].OCCNc1nc(Nc2ccccc2)nc(Nc3ccc(\C=C\c4ccc(Nc5nc(NCCO)nc(Nc6ccccc6)n5)cc4[S]([O-])(=O)=O)c(c3)[S]([O-])(=O)=O)n1,O=S(=O)([O-])c1cc(Nc2nc(NCCO)nc(Nc3ccccc3)n2)ccc1/C=C/c1ccc(Nc2nc(NCCO)nc(Nc3ccccc3)n2)cc1S(=O)(=O)[O-].[Na+].[Na+],-1.4592143997
CCOCCOC(C)(C)C,CCOCCOC(C)(C)C,-0.6879152253
COC(C)CCOC(C)=O,COC(C)CCOC(C)=O,-0.6877845281999999
[Na+].CCCCCCCCCCCCCCCO[S]([O-])(=O)=O,CCCCCCCCCCCCCCCOS(=O)(=O)[O-].[Na+],-1.042005529
NC(=N)[S](O)=O,N=C(N)S(=O)O,-0.5567928158
CC(C)C(=O)OOC(C)(C)C,CC(C)C(=O)OOC(C)(C)C,-1.6070025668
COC(Cc1ccccc1)OC,COC(Cc1ccccc1)OC,-1.6296186709
Nc1nc(N)nc(N)n1.O[P](O)(O)=O,Nc1nc(N)nc(N)n1.O=P(O)(O)O,-1.7594101934
C1OCC2Cc3ccccc3C2O1,c1ccc2c(c1)CC1COCOC21,-1.6560932729
COc1cc(CC(C(C)=O)C(C)=O)ccc1O,COc1cc(CC(C(C)=O)C(C)=O)ccc1O,-1.7863659491
OC[C@H]1NC[C@H](O)[C@@H](O)[C@@H]1O,OC[C@H]1NC[C@H](O)[C@@H](O)[C@@H]1O,0.4043520428
CCOC(=O)C(Cl)C(=O)OCC,CCOC(=O)C(Cl)C(=O)OCC,-1.7209723549
[Na+].[O-][S](=O)(=O)C1=CC(=O)C2=C(NNc3ccccc3C(F)(F)F)C(=N)C=CC2=C1,N=C1C=CC2=CC(S(=O)(=O)[O-])=CC(=O)C2=C1NNc1ccccc1C(F)(F)F.[Na+],-2.0686300615
CC(=C)C(=O)OCCOCCOCCOC(=O)C(C)=C,C=C(C)C(=O)OCCOCCOCCOC(=O)C(=C)C,-1.9005552518
CC1CC(CCC1N)CC2CCC(N)C(C)C2,CC1CC(CC2CCC(N)C(C)C2)CCC1N,-1.8210383613
Cc1ccc(C)c(O)c1,Cc1ccc(C)c(O)c1,-1.5375827569
Nc1ncnc2n(cnc12)C3OC(CO[P](O)(O)=O)C(O)C3O,Nc1ncnc2c1ncn2C1OC(COP(=O)(O)O)C(O)C1O,-1.9953026194
ClCC(Cl)Cl,ClCC(Cl)Cl,-1.5811040628
Cc1cc(O)c(C)c(C)c1O,Cc1cc(O)c(C)c(C)c1O,-1.6383266335
Nc1ccc(cc1)[S](=O)(=O)CCO[S](O)(=O)=O,Nc1ccc(S(=O)(=O)CCOS(=O)(=O)O)cc1,-1.9051186702
C=CCN1C(=O)N(CC=C)C(=O)N(CC=C)C1=O,C=CCn1c(=O)n(CC=C)c(=O)n(CC=C)c1=O,-1.8526019693
COC(=O)c1nccnc1N,COC(=O)c1nccnc1N,-1.6422660516999998
Nc1nc(N)nc(N)n1,Nc1nc(N)nc(N)n1,-1.5592150485
NC(N)=N[N+]([O-])=O,NC(N)=N[N+](=O)[O-],-1.4858424644
Nc1ccccc1C(F)(F)F,Nc1ccccc1C(F)(F)F,-1.6756867087
CC(=O)N1CCN(CC1)c2ccc(O)cc2,CC(=O)N1CCN(c2ccc(O)cc2)CC1,-1.817914488
C1OC1COc2ccc(cc2)N(CC3CO3)CC4CO4,c1cc(N(CC2CO2)CC2CO2)ccc1OCC1CO1,-1.9192347247
NN=C(N)N.OC(O)=O,NN=C(N)N.O=C(O)O,-1.6153792849000002
CNCc1cccc2ccccc12,CNCc1cccc2ccccc12,-1.7150988877000002
COc1ccccc1NC(=O)CC(C)=O,COc1ccccc1NC(=O)CC(C)=O,-1.8059055211
CC(C)OC(C)C,CC(C)OC(C)C,-1.5165927583
CC(C)Br,CC(C)Br,-1.598518701
Cc1ccc(cc1)[S](N)(=O)=O,Cc1ccc(S(N)(=O)=O)cc1,-1.7421953353
CCSCC,CCSCC,-1.4680248268
CC(C)=CCCC(C)=O,CC(=O)CCC=C(C)C,-1.6210489706
CCCCOCCOCCOCCCC,CCCCOCCOCCOCCCC,-1.862006084
CC1CCC(C(O)C1)C(C)=C,C=C(C)C1CCC(C)CC1O,-1.7111123645
COc1ccc(C)cc1N,COc1ccc(C)cc1N,-1.6601758755
OC(=O)c1cc(C(O)=O)c(cc1C(O)=O)C(O)=O.C2CN=C(N2)c3ccccc3,O=C(O)c1cc(C(=O)O)c(C(=O)O)cc1C(=O)O.c1ccc(C2=NCCN2)cc1,-2.1253109845
Nc1ccc(Cl)cc1,Nc1ccc(Cl)cc1,-1.628640918
CCC(C)CC(=O)CC,CCC(=O)CC(C)CC,-1.630817582
[Al+3].CC([O-])=CC(C)=O.CC([O-])=CC(C)=O.CC([O-])=CC(C)=O,CC(=O)C=C(C)[O-].CC(=O)C=C(C)[O-].CC(=O)C=C(C)[O-].[Al+3],-2.0338377464
FC(F)Cl,FC(F)Cl,-1.4597341592
[Na+].[K+].CC1=NN(C(O)C1N=Nc2ccc3c(cccc3[S]([O-])(=O)=O)c2[S](O)(=O)=O)c4ccc(cc4)[S](=O)(=O)CCO[S]([O-])(=O)=O,CC1=NN(c2ccc(S(=O)(=O)CCOS(=O)(=O)[O-])cc2)C(O)C1N=Nc1ccc2c(S(=O)(=O)[O-])cccc2c1S(=O)(=O)O.[K+].[Na+],-0.3928398265
OCC#CCO,OCC#CCO,1.5363390032
[Na+].[Na+].[Na+].CCN(c1ccccc1)c2nc(Cl)nc(Nc3cc(cc4C=C(\C(=N/Nc5ccc6ccccc6c5[S]([O-])(=O)=O)C(=O)c34)[S]([O-])(=O)=O)[S]([O-])(=O)=O)n2,CCN(c1ccccc1)c1nc(Cl)nc(Nc2cc(S(=O)(=O)[O-])cc3c2C(=O)/C(=N/Nc2ccc4ccccc4c2S(=O)(=O)[O-])C(S(=O)(=O)[O-])=C3)n1.[Na+].[Na+].[Na+],-0.4592355493
[Na+].Oc1ccc(cc1NNC2=CC=C3C(=O)C=CC=C3C2=O)[S]([O-])(=O)=O,O=C1C=CC=C2C(=O)C(NNc3cc(S(=O)(=O)[O-])ccc3O)=CC=C12.[Na+],-0.9011960035
OC(=O)CCC(N(CC(O)=O)CC(O)=O)C(O)=O,O=C(O)CCC(C(=O)O)N(CC(=O)O)CC(=O)O,0.0436038038999999
CC(=C)OC(C)=O,C=C(C)OC(C)=O,-0.5277513782
O=C1OC(=O)C2CC=CCC12,O=C1OC(=O)C2CC=CCC12,-0.7139217719
Cc1[nH]nc(C)c1,Cc1cc(C)[nH]n1,-0.5204744976
[K+].[K+].CCCCCCCCCCCCCC(=O)NCC([O-])=O.CCCCCCCCCCCC(=O)NCC([O-])=O,CCCCCCCCCCCC(=O)NCC(=O)[O-].CCCCCCCCCCCCCC(=O)NCC(=O)[O-].[K+].[K+],-0.3429717
CCC12CC[C@H]3[C@@H](CCC4=CC(=O)CC[C@H]34)[C@@H]1CCC2=O,CCC12CC[C@H]3[C@@H](CCC4=CC(=O)CC[C@@H]43)[C@@H]1CCC2=O,-3.7327198893
N[C@@H](CO[P](O)(O)=O)C(O)=O,N[C@@H](COP(=O)(O)O)C(=O)O,-0.8149408723
[Na+].CCCCC(CC)CCCCCc1ccc(cc1)[S]([O-])(=O)=O,CCCCC(CC)CCCCCc1ccc(S(=O)(=O)[O-])cc1.[Na+],-0.0969056512
[Na+].[Na+].[Na+].[Na+].[Na+].[Na+].OCCN(CCO)c1nc(Nc2ccc(\C=C\c3ccc(Nc4nc(Nc5cc(ccc5[S]([O-])(=O)=O)[S]([O-])(=O)=O)nc(n4)N(CCO)CCO)cc3[S]([O-])(=O)=O)c(c2)[S]([O-])(=O)=O)nc(Nc6cc(ccc6[S]([O-])(=O)=O)[S]([O-])(=O)=O)n1,O=S(=O)([O-])c1ccc(S(=O)(=O)[O-])c(Nc2nc(Nc3ccc(/C=C/c4ccc(Nc5nc(Nc6cc(S(=O)(=O)[O-])ccc6S(=O)(=O)[O-])nc(N(CCO)CCO)n5)cc4S(=O)(=O)[O-])c(S(=O)(=O)[O-])c3)nc(N(CCO)CCO)n2)c1.[Na+].[Na+].[Na+].[Na+].[Na+].[Na+],-0.6924056004000001
[Cs+].[Cs+].[O-]C([O-])=O,O=C([O-])[O-].[Cs+].[Cs+],0.9300687552
CC(C)(C)C(O)=O,CC(C)(C)C(=O)O,-0.5635618856
CC1(C)CC(O)CC(C)(C)N1CCO,CC1(C)CC(O)CC(C)(C)N1CCO,-0.8598205529
CCN(CC)CC#C,C#CCN(CC)CC,-0.6020131225
[Co++].OC(=O)CC(O)(CC([O-])=O)C([O-])=O,O=C([O-])CC(O)(CC(=O)O)C(=O)[O-].[Co+2],-0.954573972
[Co++].[Co++].[Co++].OC(CC([O-])=O)(CC([O-])=O)C([O-])=O.OC(CC([O-])=O)(CC([O-])=O)C([O-])=O,O=C([O-])CC(O)(CC(=O)[O-])C(=O)[O-].O=C([O-])CC(O)(CC(=O)[O-])C(=O)[O-].[Co+2].[Co+2].[Co+2],-1.3025954999
O.O.[Cl-].[Cl-].[Ba++],O.O.[Ba+2].[Cl-].[Cl-],0.0418928153
OCC(Br)(CO)[N+]([O-])=O,O=[N+]([O-])C(Br)(CO)CO,0.1271308568
[SH--].[Cu+].[Cu+],[Cu+].[Cu+].[SH-2],-4.2045730411
Cc1[nH]ccn1,Cc1ncc[nH]1,0.5121363664999999
[Na+].[Na+].[Na+].[O-][P]1(=O)O[P]([O-])(=O)O[P]([O-])(=O)O1,O=P1([O-])OP(=O)([O-])OP(=O)([O-])O1.[Na+].[Na+].[Na+],-0.062309467
O=[Se]=O,O=[Se]=O,1.3647745033
C1CCOCOC1,C1CCOCOC1,0.4107896597
[Na+].[Na+].[Na+].[Na+].[Na+].Nc1nc(Cl)nc(Nc2ccc(c(N\N=C/3C(=O)c4c(N)c(N=Nc5cc(ccc5[S]([O-])(=O)=O)[S]([O-])(=O)=O)c(cc4C=C3[S]([O-])(=O)=O)[S]([O-])(=O)=O)c2)[S]([O-])(=O)=O)n1,Nc1nc(Cl)nc(Nc2ccc(S(=O)(=O)[O-])c(N/N=C3/C(=O)c4c(cc(S(=O)(=O)[O-])c(N=Nc5cc(S(=O)(=O)[O-])ccc5S(=O)(=O)[O-])c4N)C=C3S(=O)(=O)[O-])c2)n1.[Na+].[Na+].[Na+].[Na+].[Na+],-0.5908005839
CC(C)=CC(C)=O,CC(=O)C=C(C)C,-0.560826234
[Na+].[Na+].Oc1ccc(Cl)cc1N\N=C/2C(=O)c3c(O)cc(cc3C=C2[S]([O-])(=O)=O)[S]([O-])(=O)=O,O=C1/C(=N/Nc2cc(Cl)ccc2O)C(S(=O)(=O)[O-])=Cc2cc(S(=O)(=O)[O-])cc(O)c21.[Na+].[Na+],-1.2898086582
[Cl-].CCOC(=O)c1ccccc1c2c3ccc(cc3[o+]c4cc(ccc24)N(CC)CC)N(CC)CC,CCOC(=O)c1ccccc1-c1c2ccc(N(CC)CC)cc2[o+]c2cc(N(CC)CC)ccc12.[Cl-],-1.2801897062
Oc1ccc(Cl)cc1,Oc1ccc(Cl)cc1,-0.6876597172
CC(=C)C#N,C=C(C)C#N,-0.4067085165999999
Cc1ccccc1O,Cc1ccccc1O,-0.6190130172999999
[Li+].[Li+].[O-][S]([O-])(=O)=O,O=S(=O)([O-])[O-].[Li+].[Li+],0.3921242805
CC(=C)C(=O)OCC[N+](C)(C)CCC[S]([O-])(=O)=O,C=C(C)C(=O)OCC[N+](C)(C)CCCS(=O)(=O)[O-],0.9627399696
[Na+].[Na+].CN(CC[S]([O-])(=O)=O)c1ccc(cc1)/C=C(C#N)/C(=O)Nc2ccc(cc2)c3sc4c(ccc(C)c4[S]([O-])(=O)=O)n3,Cc1ccc2nc(-c3ccc(NC(=O)/C(C#N)=C/c4ccc(N(C)CCS(=O)(=O)[O-])cc4)cc3)sc2c1S(=O)(=O)[O-].[Na+].[Na+],-0.415949942
OCCOc1ccccc1,OCCOc1ccccc1,-0.742461176
[K+].OC(=O)C([O-])=O,O=C([O-])C(=O)O.[K+],-0.7096904801
[Na+].[Na+].CC(=O)Nc1ccc2C(=O)C(=N/Nc3ccc(cc3)[S](=O)(=O)CCO[S]([O-])(=O)=O)\C(=Cc2c1)[S]([O-])(=O)=O,CC(=O)Nc1ccc2c(c1)C=C(S(=O)(=O)[O-])/C(=N/Nc1ccc(S(=O)(=O)CCOS(=O)(=O)[O-])cc1)C2=O.[Na+].[Na+],-0.3963934895
CC(=O)NNC(C)=O,CC(=O)NNC(C)=O,0.3286681761
CCOC(=O)C(C)C1CCCCC1,CCOC(=O)C(C)C1CCCCC1,-3.3274567494
[Ca++].[O-]C(=O)C1CCC(=O)N1,O=C1CCC(C(=O)[O-])N1.[Ca+2],0.1651478476
[Na+].[Na+].Cc1cc(Oc2cc(C)cc(c2)[S]([O-])(=O)=O)cc(c1)[S]([O-])(=O)=O,Cc1cc(Oc2cc(C)cc(S(=O)(=O)[O-])c2)cc(S(=O)(=O)[O-])c1.[Na+].[Na+],-0.2207961953999999
CN(C)CCOC(=O)C=C,C=CC(=O)OCCN(C)C,0.2243106848
CC1COC(=O)O1,CC1COC(=O)O1,0.371232292
COc1ccc(CO)cc1,COc1ccc(CO)cc1,-0.7447271456
Nc1ccccc1.C=O,C=O.Nc1ccccc1,-2.0040922179
OC1(CCCCC1)C#C,C#CC1(O)CCCCC1,-0.7048960629000001
OC(=O)c1ccc2C(=O)OC(=O)c2c1,O=C(O)c1ccc2c(c1)C(=O)OC2=O,-0.8961963145999999
[Cs],[Cs],0.255764198
CC(C)(CO)COC(=O)C(C)(C)CO,CC(C)(CO)COC(=O)C(C)(C)CO,0.0682018165
[Na+].[Na+].[Na+].[Na+].[Cu++].Nc1nc(Cl)nc(Nc2cc(cc3cc(c(N=Nc4cc(c5cccc(c5c4[O-])[S]([O-])(=O)=O)[S]([O-])(=O)=O)c([O-])c23)[S]([O-])(=O)=O)[S]([O-])(=O)=O)n1,Nc1nc(Cl)nc(Nc2cc(S(=O)(=O)[O-])cc3cc(S(=O)(=O)[O-])c(N=Nc4cc(S(=O)(=O)[O-])c5cccc(S(=O)(=O)[O-])c5c4[O-])c([O-])c23)n1.[Cu+2].[Na+].[Na+].[Na+].[Na+],-0.5907814418999999
NNC(=O)NN,NNC(=O)NN,0.4145585536
CCCC(C)O,CCCC(C)O,-0.2541408245
[Na+].CC(=O)[C-]1C(=O)OC(=CC1=O)C,CC(=O)[c-]1c(=O)cc(C)oc1=O.[Na+],0.0845613317
Cc1cccc(O)c1,Cc1cccc(O)c1,-0.662918503
CS,CS,-0.3148794359
CCCC1CO1,CCCC1CO1,-0.57344678
[K+].O[B-](O)(F)F,O[B-](O)(F)F.[K+],-0.724347118
[Na+].CC(=O)Nc1ccc(NNC2=C3C(=O)C=C(C=C3C=CC2=N)[S]([O-])(=O)=O)c(c1)C(F)(F)F,CC(=O)Nc1ccc(NNC2=C3C(=O)C=C(S(=O)(=O)[O-])C=C3C=CC2=N)c(C(F)(F)F)c1.[Na+],-1.3288181975
N[C+](N)N.[O-]C(=O)c1ccccc1,NC(N)=[NH2+].O=C([O-])c1ccccc1,0.0050162556
O.O.O.O.[Na+].[Na+].[O-]B([O-])[O-].[O-]B([O-])[O-].[O-]B([O-])[O-].[O-]B([O-])[O-].[O-]B([O-])[O-].[O-]B([O-])[O-].[O-]B([O-])[O-].[O-]B([O-])[O-],O.O.O.O.[Na+].[Na+].[O-]B([O-])[O-].[O-]B([O-])[O-].[O-]B([O-])[O-].[O-]B([O-])[O-].[O-]B([O-])[O-].[O-]B([O-])[O-].[O-]B([O-])[O-].[O-]B([O-])[O-],-0.4201864202
[Na+].[O-]C(=O)COc1ccccc1,O=C([O-])COc1ccccc1.[Na+],0.1085957051
[Na+].CCN(CC)c1ccc(cc1)[C+](c2ccc(cc2)N(CC)CC)c3ccc(cc3[S]([O-])(=O)=O)[S]([O-])(=O)=O,CCN(CC)c1ccc([C+](c2ccc(N(CC)CC)cc2)c2ccc(S(=O)(=O)[O-])cc2S(=O)(=O)[O-])cc1.[Na+],-0.4066892685
Oc1ccccc1Cl,Oc1ccccc1Cl,-0.7538392019
Clc1ccc(Br)cc1Cl,Clc1ccc(Br)cc1Cl,-1.0114935501
CCCC[NH+](C)C,CCCC[NH+](C)C,-0.6670324644
[Na+].[Na+].[Na+].[Na+].[O-][S](=O)(=O)c1cccc2cc(NNC3=CC(=O)C4=CC(C=CC4=C3[S]([O-])(=O)=O)=NC(=O)Nc5ccc6C(=O)C(=N/Nc7ccc8cccc(c8c7)[S]([O-])(=O)=O)/C(=Cc6c5)[S]([O-])(=O)=O)ccc12,O=C(N=C1C=CC2=C(S(=O)(=O)[O-])C(NNc3ccc4c(S(=O)(=O)[O-])cccc4c3)=CC(=O)C2=C1)Nc1ccc2c(c1)C=C(S(=O)(=O)[O-])/C(=N\Nc1ccc3cccc(S(=O)(=O)[O-])c3c1)C2=O.[Na+].[Na+].[Na+].[Na+],-0.6872171371
[H+].[Cl-].NCC1(CCCCC1)CC(O)=O,NCC1(CC(=O)O)CCCCC1.[Cl-].[H+],0.0190211463
[H+].[Cl-].NC(N)=N,N=C(N)N.[Cl-].[H+],1.3522850438999998
CC(=O)CC(=O)OCCOC(=O)CC(C)=O,CC(=O)CC(=O)OCCOC(=O)CC(C)=O,-0.0337559002999999
[Na+].Nc1ccc(cc1)[S]([O-])(=O)=O,Nc1ccc(S(=O)(=O)[O-])cc1.[Na+],0.0379554154
C1OCOCO1,C1OCOCO1,0.3717171259
[Mn++].O[P]([O-])([O-])=O,O=P([O-])([O-])O.[Mn+2],0.1455471695
O.[Zn++].[O-][S]([O-])(=O)=O,O.O=S(=O)([O-])[O-].[Zn+2],0.0702954323
[Na+].[Na+].[O-][Si]([O-])=O,O=[Si]([O-])[O-].[Na+].[Na+],0.2356352551
[Na+].[O-]C(=O)Cc1ccccc1Nc2c(Cl)cccc2Cl,O=C([O-])Cc1ccccc1Nc1c(Cl)cccc1Cl.[Na+],-1.1742318477
[Na+].[Na+].COc1cc(ccc1Nc2nc(Nc3ccc(cc3OC)N=Nc4cccc(c4)[S]([O-])(=O)=O)nc(n2)N(CCO)CCO)N=Nc5cccc(c5)[S]([O-])(=O)=O,COc1cc(N=Nc2cccc(S(=O)(=O)[O-])c2)ccc1Nc1nc(Nc2ccc(N=Nc3cccc(S(=O)(=O)[O-])c3)cc2OC)nc(N(CCO)CCO)n1.[Na+].[Na+],-1.6008155248
CCC(CO)(CO)COCC(CC)(CO)CO,CCC(CO)(CO)COCC(CC)(CO)CO,-1.076302279
COC(=O)CCS,COC(=O)CCS,-0.7575876082999999
[Na+].Cc1ccc(cc1[N+]([O-])=O)C(=O)Nc2ccc(cc2)[S]([O-])(=O)=O,Cc1ccc(C(=O)Nc2ccc(S(=O)(=O)[O-])cc2)cc1[N+](=O)[O-].[Na+],-1.232035998
Cc1[nH]cnc1CO,Cc1[nH]cnc1CO,0.2683337666
[K+].O[P](O)([O-])=O,O=P([O-])(O)O.[K+],0.1842562687
C=CC=O,C=CC=O,0.5693792548
O.O.O.O.[Ce+3].O[S]([O-])(=O)=O.[O-][S]([O-])(=O)=O,O.O.O.O.O=S(=O)([O-])O.O=S(=O)([O-])[O-].[Ce+3],-0.2918169735
N.N.N.N.N.N.O.O.O.O.O.O.O.O.O.O.O.O.O.O.O.O.O.O.O.O.O.O.O.O.[Mo].[Mo].[Mo].[Mo].[Mo].[Mo].[Mo],N.N.N.N.N.N.O.O.O.O.O.O.O.O.O.O.O.O.O.O.O.O.O.O.O.O.O.O.O.O.[Mo].[Mo].[Mo].[Mo].[Mo].[Mo].[Mo],-0.7664726234999999
[NH4+].[O-][Cl](=O)(=O)=O,[NH4+].[O-][Cl+3]([O-])([O-])[O-],0.2436628357999999
[Na+].[Na+].[Na+].[Na+].[Na+].[Cu++].[O-]C(=O)c1cc(ccc1NNC(=N/Nc2cc(cc([N-]c3nc(Cl)nc(n3)N=C4C=C(C(C=C4[S]([O-])(=O)=O)=Nc5nc(Cl)nc(Nc6cccc(c6)[S]([O-])(=O)=O)n5)[S]([O-])(=O)=O)c2[O-])[S]([O-])(=O)=O)\c7ccccc7)[S]([O-])(=O)=O.[H+],O=C([O-])c1cc(S(=O)(=O)[O-])ccc1NN/C(=N\Nc1cc(S(=O)(=O)[O-])cc([N-]c2nc(Cl)nc(N=C3C=C(S(=O)(=O)[O-])C(=Nc4nc(Cl)nc(Nc5cccc(S(=O)(=O)[O-])c5)n4)C=C3S(=O)(=O)[O-])n2)c1[O-])c1ccccc1.[Cu+2].[H+].[Na+].[Na+].[Na+].[Na+].[Na+],-0.8254112341
CC(=C)C(N)=O,C=C(C)C(N)=O,0.3753911904
[Na+].[Na+].[Na+].[Na+].[Na+].[Na+].CCN(CC)c1nc(Nc2ccc(\C=C\c3ccc(Nc4nc(Nc5cc(ccc5[S]([O-])(=O)=O)[S]([O-])(=O)=O)nc(n4)N(CC)CC)cc3[S]([O-])(=O)=O)c(c2)[S]([O-])(=O)=O)nc(Nc6cc(ccc6[S]([O-])(=O)=O)[S]([O-])(=O)=O)n1,CCN(CC)c1nc(Nc2ccc(/C=C/c3ccc(Nc4nc(Nc5cc(S(=O)(=O)[O-])ccc5S(=O)(=O)[O-])nc(N(CC)CC)n4)cc3S(=O)(=O)[O-])c(S(=O)(=O)[O-])c2)nc(Nc2cc(S(=O)(=O)[O-])ccc2S(=O)(=O)[O-])n1.[Na+].[Na+].[Na+].[Na+].[Na+].[Na+],-0.8122490226000001
[Cl-].CN[C@@H](C)[C@H](O)c1ccccc1.[H+],CN[C@@H](C)[C@H](O)c1ccccc1.[Cl-].[H+],-0.003669443
[Na+].[O-][N+](=O)c1cccc(c1)[S]([O-])(=O)=O,O=[N+]([O-])c1cccc(S(=O)(=O)[O-])c1.[Na+],-0.0514554578
CC1=CC(=O)CC(C)(C)C1=O,CC1=CC(=O)CC(C)(C)C1=O,-0.8779041501
OCCOCC#CCOCCO,OCCOCC#CCOCCO,0.7589618218
OC(=O)c1cc(cc(c1O)[N+]([O-])=O)[N+]([O-])=O,O=C(O)c1cc([N+](=O)[O-])cc([N+](=O)[O-])c1O,-1.057125752
OCCc1ccccc1,OCCc1ccccc1,-0.7859239136
CC(=O)OC=C,C=COC(C)=O,-0.6339227122
Oc1ccccc1C#N,N#Cc1ccccc1O,-0.7749656265
[Na+].Nc1c(cc(Br)c2C(=O)c3ccccc3C(=O)c12)[S]([O-])(=O)=O,Nc1c(S(=O)(=O)[O-])cc(Br)c2c1C(=O)c1ccccc1C2=O.[Na+],-1.3055373023
C[Si](C)C,C[Si](C)C,-0.5634276852000001
OCCOCCO.O=C1OC(=O)c2ccccc12,O=C1OC(=O)c2ccccc21.OCCOCCO,-1.4052404634
[Na+].[Na+].[Fe].Nc1ccc(cc1)[N+]([O-])=O.Nc2cccc(c2)[S]([O-])(=O)=O.Nc3ccc(Nc4ccccc4)c(c3)[S]([O-])(=O)=O.OC\5=CC(=O)C=CC5=N/Nc6cc(cc(c6O)[N+]([O-])=O)[N+]([O-])=O,Nc1ccc(Nc2ccccc2)c(S(=O)(=O)[O-])c1.Nc1ccc([N+](=O)[O-])cc1.Nc1cccc(S(=O)(=O)[O-])c1.O=C1C=C/C(=N/Nc2cc([N+](=O)[O-])cc([N+](=O)[O-])c2O)C(O)=C1.[Fe].[Na+].[Na+],-2.5268154232
OC(=O)c1ccccc1,O=C(O)c1ccccc1,-1.619929844
OC1=CC(=O)NC=N1,O=c1cc(O)nc[nH]1,-1.5871611222
O=COCc1ccccc1,O=COCc1ccccc1,-1.6731198028999998
CCCCOCC,CCCCOCC,-1.5499606595
CCOC(=O)C(=N/Nc1ccc(cc1)[N+]([O-])=O)/C(=O)C2=NN3C(=NC(=O)c4ccccc34)S2,CCOC(=O)/C(=N/Nc1ccc([N+](=O)[O-])cc1)C(=O)c1nn2c(nc(=O)c3ccccc32)s1,-2.2216330999
Cc1ccccc1N=C(N)N=C(N)N,Cc1ccccc1N=C(N)N=C(N)N,-1.8422414993
CC(C)(O)C1CCC(C)(O1)C=C,C=CC1(C)CCC(C(C)(C)O)O1,-1.7997284582
CC(=O)CC(=O)Nc1ccccc1C,CC(=O)CC(=O)Nc1ccccc1C,-1.8501922609
CC(C)C(NC(N)=O)NC(N)=O,CC(C)C(NC(N)=O)NC(N)=O,-1.8096943587
FC(F)CCl,FC(F)CCl,-0.9229632085
CC(C)(O)c1cccc(c1)C(C)(C)O,CC(C)(O)c1cccc(C(C)(C)O)c1,-1.8635330455
CCc1cccc(C)c1N,CCc1cccc(C)c1N,-1.7061271762
[Ca++].[O-][S]([O-])(=O)=O,O=S(=O)([O-])[O-].[Ca+2],-1.715687645
COc1ccc(NC(=O)CC(C)=O)cc1,COc1ccc(NC(=O)CC(C)=O)cc1,-1.9014771833
CC1OCC(O1)c2ccccc2,CC1OCC(c2ccccc2)O1,-1.805450609
CCCC1CC(=CC(=O)C1)C,CCCC1CC(=O)C=C(C)C1,-1.7725870938
CC(=O)Oc1ccc(cc1)C#N,CC(=O)Oc1ccc(C#N)cc1,-1.7990172934
OC(=O)CC[C@H](N1C(=O)c2ccccc2C1=O)C(O)=O,O=C(O)CC[C@@H](C(=O)O)N1C(=O)c2ccccc2C1=O,-1.4463316859
CC(C)C1CCC(=CC1)C.CC(C)C2CCC(=CC2)C,CC1=CCC(C(C)C)CC1.CC1=CCC(C(C)C)CC1,-5.495255435900001
ClC(Cl)=C,C=C(Cl)Cl,-1.5885809265000002
CC(C)[C@H]1CCC(=CC1=O)C,CC1=CC(=O)[C@@H](C(C)C)CC1,-1.7882436903
CC1(C)S[C@@H]2[C@H](N)C(=O)N2[C@H]1C(O)=O,CC1(C)S[C@@H]2[C@H](N)C(=O)N2[C@H]1C(=O)O,-1.9440451079
[B+3].[Cl-].[Cl-].[Cl-].CCCCCCCCN(C)C,CCCCCCCCN(C)C.[B+3].[Cl-].[Cl-].[Cl-],-5.4653701933
Sc1ccccc1Cl,Sc1ccccc1Cl,-1.7800351331
Nc1nccnc1C(O)=O,Nc1nccnc1C(=O)O,-1.7631595965
CN(C)Cc1ccccc1Cl,CN(C)Cc1ccccc1Cl,-1.8493554218
[Ca++].CCO[P]([O-])(=O)Cc1cc(c(O)c(c1)C(C)(C)C)C(C)(C)C.CCO[P]([O-])(=O)Cc2cc(c(O)c(c2)C(C)(C)C)C(C)(C)C,CCOP(=O)([O-])Cc1cc(C(C)(C)C)c(O)c(C(C)(C)C)c1.CCOP(=O)([O-])Cc1cc(C(C)(C)C)c(O)c(C(C)(C)C)c1.[Ca+2],-2.4616735699000003
C=CCOC(=O)OCCOCCOC(=O)OCC=C,C=CCOC(=O)OCCOCCOC(=O)OCC=C,-2.0652647201
OCCCCCCC=C,C=CCCCCCCO,-1.7442328638
Cl[S](=O)(=O)c1ccccc1,O=S(=O)(Cl)c1ccccc1,-1.88532188
CC(C)C1CCC(C)CC1OCC(O)CO,CC1CCC(C(C)C)C(OCC(O)CO)C1,-2.0063585886
COc1ccc(C=O)cc1O,COc1ccc(C=O)cc1O,-1.8262432451
Cc1ccc(C=O)cc1,Cc1ccc(C=O)cc1,-1.7237015325
Nc1ccc(O)cc1[N+]([O-])=O,Nc1ccc(O)cc1[N+](=O)[O-],-1.8337646505
Oc1ccccc1[N+]([O-])=O,O=[N+]([O-])c1ccccc1O,-1.8029142358
CC1CC(=CC(C)C1C=O)C,CC1=CC(C)C(C=O)C(C)C1,-1.8440637235
CCCCC[C@H]1CCC(=O)O1,CCCCC[C@H]1CCC(=O)O1,-1.8552940397
CC(=O)COc1c(C)cccc1C,CC(=O)COc1c(C)cccc1C,-1.9185447839
COc1ccc(OC)c(N)c1,COc1ccc(OC)c(N)c1,-1.8588690394
CC(=O)CC(=O)Nc1ccc(C)cc1C,CC(=O)CC(=O)Nc1ccc(C)cc1C,-1.9900786823
COc1ccc(C)cc1NC(C)=O,COc1ccc(C)cc1NC(C)=O,-1.931164755
CC1=NN(C(=O)C1)c2ccccc2,CC1=NN(c2ccccc2)C(=O)C1,-1.9250852844
CCCCCCC=O,CCCCCCC=O,-1.7501244285
CC(C)(C)OC(=O)C=C,C=CC(=O)OC(C)(C)C,-1.8045937153
CC(O)C(=O)N(C)C,CC(O)C(=O)N(C)C,1.6302351258
[NH4+].OCC([O-])=O,O=C([O-])CO.[NH4+],1.7009159091
OC(=O)c1cccc2cccc(c3cccc4cccc(C(O)=O)c34)c12,O=C(O)c1cccc2cccc(-c3cccc4cccc(C(=O)O)c34)c12,-2.2334403365
CC(C)COC(=O)C=C,C=CC(=O)OCC(C)C,-1.8067597771
CC(CC=O)c1ccccc1,CC(CC=O)c1ccccc1,-1.86983286
Cc1cc(O)ccc1N,Cc1cc(O)ccc1N,-1.7894220529
COC(=O)C(=O)c1ccccc1,COC(=O)C(=O)c1ccccc1,-1.9142373478
[Na+].[Na+].Nc1ccc2c([O-])c(N=Nc3ccc(cc3)N=Nc4ccc(cc4)[S]([O-])(=O)=O)c(cc2c1)[S](O)(=O)=O,Nc1ccc2c(O)c(N=Nc3ccc(N=Nc4ccc(S(=O)(=O)[O-])cc4)cc3)c(S(=O)(=O)[O-])cc2c1.[Na+].[Na+],-0.4603540840999999
[Cl].COc1cc(CN)ccc1O,COc1cc(CN)ccc1O.[Cl-],0.0188462521
[Na+].[Na+].CC1=NN(C(=O)C1N=Nc2cc(NC(=O)C(Br)=C)ccc2[S]([O-])(=O)=O)c3cc(Cl)c(cc3Cl)[S]([O-])(=O)=O,C=C(Br)C(=O)Nc1ccc(S(=O)(=O)[O-])c(N=NC2C(=O)N(c3cc(Cl)c(S(=O)(=O)[O-])cc3Cl)N=C2C)c1.[Na+].[Na+],-0.5501699754
[Na+].[Na+].[Na+].[Na+].[Na+].[Na+].[O-][S](=O)(=O)c1ccc(Nc2nc(Cl)nc(NCCNc3ccc4N=C5C(=C6Oc7c(ccc(NCCNc8nc(Cl)nc(Nc9ccc(cc9[S]([O-])(=O)=O)[S]([O-])(=O)=O)n8)c7[S]([O-])(=O)=O)N=C6C(=C5Oc4c3[S]([O-])(=O)=O)Cl)Cl)n2)c(c1)[S]([O-])(=O)=O,O=S(=O)([O-])c1ccc(Nc2nc(Cl)nc(NCCNc3ccc4c(c3S(=O)(=O)[O-])Oc3c(Cl)c5c(c(Cl)c3=N4)Oc3c(ccc(NCCNc4nc(Cl)nc(Nc6ccc(S(=O)(=O)[O-])cc6S(=O)(=O)[O-])n4)c3S(=O)(=O)[O-])N=5)n2)c(S(=O)(=O)[O-])c1.[Na+].[Na+].[Na+].[Na+].[Na+].[Na+],-0.8795540191
CC(O)CN.OC(=O)CC(O)(CC(O)=O)C(O)=O,CC(O)CN.O=C(O)CC(O)(CC(=O)O)C(=O)O,0.8629201268000001
Cc1c(O)cccc1O,Cc1c(O)cccc1O,0.1927727267
CC(C)(O)C=C,C=CC(C)(C)O,0.351057238
[Li+].[Li+].[O-]C(=O)CCCCC([O-])=O,O=C([O-])CCCCC(=O)[O-].[Li+].[Li+],0.0846221527
[Li+].[Li+].[O-]C(=O)CCCCCCCCC([O-])=O,O=C([O-])CCCCCCCCC(=O)[O-].[Li+].[Li+],-0.0473478928
[Li+].[Li+].[O-]C(=O)CCCCCCCC([O-])=O,O=C([O-])CCCCCCCC(=O)[O-].[Li+].[Li+],-0.017921985
Nc1ccc2C(=O)C(=N/Nc3ccc(cc3)N=Nc4ccc(cc4)[S](O)(=O)=O)\C(=Cc2c1)[S](O)(=O)=O.OCCN(CCO)CCO.OCCN(CCO)CCO,Nc1ccc2c(c1)C=C(S(=O)(=O)O)/C(=N/Nc1ccc(N=Nc3ccc(S(=O)(=O)O)cc3)cc1)C2=O.OCCN(CCO)CCO.OCCN(CCO)CCO,-0.6359046156
[Na+].[Na+].Oc1c2ccc(Nc3nc(Cl)nc(Cl)n3)cc2cc(c1N=Nc4ccc(cc4)[S](=O)(=O)CCO[S]([O-])(=O)=O)[S]([O-])(=O)=O,O=S(=O)([O-])OCCS(=O)(=O)c1ccc(N=Nc2c(S(=O)(=O)[O-])cc3cc(Nc4nc(Cl)nc(Cl)n4)ccc3c2O)cc1.[Na+].[Na+],-1.5783823574
CCN(CC)CCCNc1nc(NCCCN(CC)CC)nc(Nc2ccc3c(O)c(N=Nc4ccc5NC(=O)Nc5c4)c(cc3c2)[S](O)(=O)=O)n1.CC(O)C(O)=O,CC(O)C(=O)O.CCN(CC)CCCNc1nc(NCCCN(CC)CC)nc(Nc2ccc3c(O)c(N=Nc4ccc5[nH]c(=O)[nH]c5c4)c(S(=O)(=O)O)cc3c2)n1,-0.64043406
[Sn++].[O-][S]([O-])(=O)=O,O=S(=O)([O-])[O-].[Sn+2],-0.0578238563
COc1cc(Nc2c(cnc3cc(OCCCN4CCN(C)CC4)c(OC)cc23)C#N)c(Cl)cc1Cl,COc1cc(Nc2c(C#N)cnc3cc(OCCCN4CCN(C)CC4)c(OC)cc23)c(Cl)cc1Cl,-4.8795513261000005
C/C=N/O,C/C=N/O,0.4958194622
[Li+].[Br-],[Br-].[Li+],1.3237062702
CCC(OCCCOC)OC(C)=O,CCC(OCCCOC)OC(C)=O,-0.0168484647
[Na+].[Na+].[O-][S](=O)[S]([O-])=O,O=S([O-])S(=O)[O-].[Na+].[Na+],0.0182921287
C\C=C/C=O,C/C=C\C=O,0.4120163187
CC1OC1C,CC1OC1C,0.3972950779
[Na+].CCCCCCCCCO[S]([O-])(=O)=O,CCCCCCCCCOS(=O)(=O)[O-].[Na+],-0.1361989598
[Cl-].CCNc1cc2[o+]c3cc(NCC)c(C)cc3c(c2cc1C)c4ccccc4C(=O)OC,CCNc1cc2[o+]c3cc(NCC)c(C)cc3c(-c3ccccc3C(=O)OC)c2cc1C.[Cl-],-1.3909846109
CCOc1ccc(N)cc1,CCOc1ccc(N)cc1,-0.8608353259999999
Clc1ccccc1C(=O)CC#N,N#CCC(=O)c1ccccc1Cl,-2.1751395948
CC(=O)CC(=O)OCCOC(=O)C(C)=C,C=C(C)C(=O)OCCOC(=O)CC(C)=O,-1.0636822045
O=C1OCc2ccccc12,O=C1OCc2ccccc21,-0.8627210528
CC1=NN(C(=N)C1)c2cccc(c2)[S](O)(=O)=O,CC1=NN(c2cccc(S(=O)(=O)O)c2)C(=N)C1,-1.1387882185
O=C1CCN(CC1)Cc2ccccc2,O=C1CCN(Cc2ccccc2)CC1,-1.0169828584
COC(=O)\C=C(/C)N,COC(=O)/C=C(\C)N,-0.8059235439
F.[Na].[MgH2].O=[Si]=O,F.O=[Si]=O.[MgH2].[Na+],-0.8566651273999999
Nc1ccc(cc1)N(CCO)CCO.O[S](O)(=O)=O,Nc1ccc(N(CCO)CCO)cc1.O=S(=O)(O)O,-0.2184130526
[NH4+].[NH4+].[Zn++].[Zn++].[O-]C([O-])=O.[O-]C([O-])=O.[O-]C([O-])=O,O=C([O-])[O-].O=C([O-])[O-].O=C([O-])[O-].[NH4+].[NH4+].[Zn+2].[Zn+2],-0.2897617622
[Na+].[Na+].[SH-],[Na+].[Na+].[SH-],0.3524906593
[Ni++].CC([O-])=O.CC([O-])=O,CC(=O)[O-].CC(=O)[O-].[Ni+2],0.0005376801
OC(C(F)(F)F)C(F)(F)F,OC(C(F)(F)F)C(F)(F)F,0.020110333
[Na+].[Na+].[Na+].OC(=O)C1=CC(CC=C1O)(Nc2nc(NC3(CC=C(O)C(=C3)C(O)=O)[S]([O-])(=O)=O)nc(NC4(CC=C(O)C(=C4)C(O)=O)[S]([O-])(=O)=O)n2)[S]([O-])(=O)=O,O=C(O)C1=CC(Nc2nc(NC3(S(=O)(=O)[O-])C=C(C(=O)O)C(O)=CC3)nc(NC3(S(=O)(=O)[O-])C=C(C(=O)O)C(O)=CC3)n2)(S(=O)(=O)[O-])CC=C1O.[Na+].[Na+].[Na+],-0.6896460114
[Ca++].[O-]C=O.[O-]C=O,O=C[O-].O=C[O-].[Ca+2],0.1212110943
CC(=O)OCCOC(C)=O,CC(=O)OCCOC(C)=O,0.068474963
[Na+].[Na+].Nc1c2C(=O)c3ccccc3C(=O)c2c(Nc4ccc(cc4)[S](=O)(=O)CCO[S]([O-])(=O)=O)cc1[S]([O-])(=O)=O,Nc1c(S(=O)(=O)[O-])cc(Nc2ccc(S(=O)(=O)CCOS(=O)(=O)[O-])cc2)c2c1C(=O)c1ccccc1C2=O.[Na+].[Na+],-0.5639623965
[O--].[O--].[O--].[As+3].[As+3],[As+3].[As+3].[O-2].[O-2].[O-2],-1.0458962962
[Na+].[Na+].[O-][S](=O)(=O)c1ccccc1\C=C/c2ccc(cc2)c3ccc(cc3)\C=C/c4ccccc4[S]([O-])(=O)=O,O=S(=O)([O-])c1ccccc1/C=C\c1ccc(-c2ccc(/C=C\c3ccccc3S(=O)(=O)[O-])cc2)cc1.[Na+].[Na+],-1.504668533
ClC(Cl)(Cl)C(=O)C(Cl)(Cl)Cl,O=C(C(Cl)(Cl)Cl)C(Cl)(Cl)Cl,-1.1797979201
CCCCO[P](O)(=O)OCCCC,CCCCOP(=O)(O)OCCCC,-1.0872511921
COC=C,C=COC,-0.5310304973
CCOCCOC(=O)C(C)=C,C=C(C)C(=O)OCCOCC,-0.9674738601
CCOC(=O)C(Cl)C(C)=O,CCOC(=O)C(Cl)C(C)=O,-0.9859492465
[Na+].[Na+].[Na+].CCN1C(=O)C(=N/Nc2cc(Nc3nc(Cl)nc(Nc4ccc(c(Nc5nc(N)nc(Cl)n5)c4)[S]([O-])(=O)=O)n3)c(cc2[S]([O-])(=O)=O)[S]([O-])(=O)=O)\C(=C(C(N)=O)C1=O)C,CCN1C(=O)C(C(N)=O)=C(C)/C(=N/Nc2cc(Nc3nc(Cl)nc(Nc4ccc(S(=O)(=O)[O-])c(Nc5nc(N)nc(Cl)n5)c4)n3)c(S(=O)(=O)[O-])cc2S(=O)(=O)[O-])C1=O.[Na+].[Na+].[Na+],-0.7590012125
CCN(CC)CC(C)O,CCN(CC)CC(C)O,0.1021113643
CC(N)=S,CC(N)=S,0.3363395335
COCC(C)OC(C)=O,COCC(C)OC(C)=O,0.0830232388
[NH4+].[Na+].COc1cc(c(C)cc1NC(=O)C(N=Nc2ccc(cc2)c3sc4c(ccc(C)c4[S]([O-])(=O)=O)n3)C(C)=O)[S]([O-])(=O)=O,COc1cc(S(=O)(=O)[O-])c(C)cc1NC(=O)C(N=Nc1ccc(-c2nc3ccc(C)c(S(=O)(=O)[O-])c3s2)cc1)C(C)=O.[NH4+].[Na+],-0.6230624777
CCCCOCCOCCOCOCCOCCOCCCC,CCCCOCCOCCOCOCCOCCOCCCC,-1.3016357757
CC1OC(=O)C(C)OC1=O,CC1OC(=O)C(C)OC1=O,-0.9360258625
ClCBr,ClCBr,-0.8891641024
NC(=O)c1ccccc1N,NC(=O)c1ccccc1N,-0.9139223167
CC\C=C/CCO,CC/C=C\CCO,-0.7858548038
COC1CCC=CO1,COC1CCC=CO1,-0.853333105
[H+].[Cl-].Cc1ncc(CO)c(CO)c1O,Cc1ncc(CO)c(CO)c1O.[Cl-].[H+],-0.1117125827999999
[Na+].[Na+].[Na+].[Na+].OO.OO.OO.[O-]C([O-])=O.[O-]C([O-])=O,O=C([O-])[O-].O=C([O-])[O-].OO.OO.OO.[Na+].[Na+].[Na+].[Na+],-0.3094338224
CCCCCCCCCc1ccc(OCCOCCO)cc1,CCCCCCCCCc1ccc(OCCOCCO)cc1,-0.3045102393
NC(N)=N.SC#N,N#CS.N=C(N)N,1.106488088
[Na+].CCCCCCCCCCCCO[S]([O-])(=O)=O,CCCCCCCCCCCCOS(=O)(=O)[O-].[Na+],-0.2838814082999999
CC(C)C(N1CCCNC1=O)C(O)=O,CC(C)C(C(=O)O)N1CCCNC1=O,-1.1028619258
CC(=O)OC(C=C)C#N,C=CC(C#N)OC(C)=O,-0.8986939452
CC1CCCCC1O,CC1CCCCC1O,-0.864495868
CC(O)COc1ccccc1,CC(O)COc1ccccc1,-1.0034177306
CN(CC(O)=O)C(N)=N,CN(CC(=O)O)C(=N)N,-0.9387416733
Cc1ccccc1N,Cc1ccccc1N,-0.8539252345
CCCCC(CC)COCCCN,CCCCC(CC)COCCCN,-1.096509119
CC(C)CC=O,CC(C)CC=O,-0.7590833569
[Cl-].N[C@@H](Cc1[nH]cnc1)C(O)=O.[H+],N[C@@H](Cc1cnc[nH]1)C(=O)O.[Cl-].[H+],-0.1076498856
[Na+].[Na+].[Na+].[Na+].[Na+].[O-][P]([O-])(=O)O[P]([O-])(=O)O[P]([O-])([O-])=O,O=P([O-])([O-])OP(=O)([O-])OP(=O)([O-])[O-].[Na+].[Na+].[Na+].[Na+].[Na+],-0.3954232123
[Na+].O[C@H](C[O-])[C@H]1OC(=C(O)C1=O)O,O=C1C(O)=C(O)O[C@@H]1[C@H](O)C[O-].[Na+],-0.1325447734
COCCOC(=O)C=C,C=CC(=O)OCCOC,0.0439416783999999
[H+].[Cl-].NNc1ccc(cc1)[S](N)(=O)=O,NNc1ccc(S(N)(=O)=O)cc1.[Cl-].[H+],-0.1912743698
CN(C)C(N)=O,CN(C)C(N)=O,0.2124315669
[K+].[Au+].[C-]#N.[C-]#N,[Au+].[C-]#N.[C-]#N.[K+],-0.3042087283
[Na+].[Na+].[Na+].[Na+].[Na+].[Na+].[Na+].[Na+].[Na+].[Na+].[O-][S](=O)(=O)c1ccc(cc1)N=Nc2ccc(cc2)N=Nc3ccc(\C=C\c4ccc(cc4[S]([O-])(=O)=O)N=Nc5ccc(cc5)N=Nc6ccc(cc6)[S]([O-])(=O)=O)c(c3)[S]([O-])(=O)=O.[O-][S](=O)(=O)c7ccc(cc7)N=Nc8ccc(cc8)N=Nc9ccc(/C=C/c%10ccc(cc%10[S]([O-])(=O)=O)N=Nc%11ccc(\C=C\c%12ccc(cc%12[S]([O-])(=O)=O)N=Nc%13ccc(cc%13)N=Nc%14ccc(cc%14)[S]([O-])(=O)=O)c(c%11)[S]([O-])(=O)=O)c(c9)[S]([O-])(=O)=O,O=S(=O)([O-])c1ccc(N=Nc2ccc(N=Nc3ccc(/C=C/c4ccc(N=Nc5ccc(/C=C/c6ccc(N=Nc7ccc(N=Nc8ccc(S(=O)(=O)[O-])cc8)cc7)cc6S(=O)(=O)[O-])c(S(=O)(=O)[O-])c5)cc4S(=O)(=O)[O-])c(S(=O)(=O)[O-])c3)cc2)cc1.O=S(=O)([O-])c1ccc(N=Nc2ccc(N=Nc3ccc(/C=C/c4ccc(N=Nc5ccc(N=Nc6ccc(S(=O)(=O)[O-])cc6)cc5)cc4S(=O)(=O)[O-])c(S(=O)(=O)[O-])c3)cc2)cc1.[Na+].[Na+].[Na+].[Na+].[Na+].[Na+].[Na+].[Na+].[Na+].[Na+],-1.2315456851
OC(C(O)=O)c1ccccc1,O=C(O)C(O)c1ccccc1,-0.0321269405
CC1(C)NC(=O)NC1=O,CC1(C)NC(=O)NC1=O,0.0384738201
[Na+].[Na+].[Na+].[Na+].OCCNc1nc(Nc2cccc(c2)[S](O)(=O)=O)nc(Nc3ccc(\C=C\c4ccc(Nc5nc(NCCO)nc(Nc6cccc(c6)[S](O)(=O)=O)n5)cc4[S](O)(=O)=O)c(c3)[S](O)(=O)=O)n1,O=S(=O)(O)c1cccc(Nc2nc(NCCO)nc(Nc3ccc(/C=C/c4ccc(Nc5nc(NCCO)nc(Nc6cccc(S(=O)(=O)O)c6)n5)cc4S(=O)(=O)O)c(S(=O)(=O)O)c3)n2)c1.[Na+].[Na+].[Na+].[Na+],-0.8876904267
O[P](O)(=O)c1ccccc1,O=P(O)(O)c1ccccc1,-1.0269230581
[Na+].[Na+].CC1=NN(C(=O)C1N=Nc2ccccc2C([O-])=O)c3ccc(cc3)[S]([O-])(=O)=O,CC1=NN(c2ccc(S(=O)(=O)[O-])cc2)C(=O)C1N=Nc1ccccc1C(=O)[O-].[Na+].[Na+],-1.491314993
[Na+].[O-][S](=O)(=O)c1ccc(Nc2nc(Cl)nc(Cl)n2)cc1,O=S(=O)([O-])c1ccc(Nc2nc(Cl)nc(Cl)n2)cc1.[Na+],-1.3810309201
CCCCCCCCCc1ccccc1O.CC2CO2.OCCNCCO.C=O,C=O.CC1CO1.CCCCCCCCCc1ccccc1O.OCCNCCO,-1.4630694907
[Cl-].CCN(CC)c1ccc2C=C(C(=O)Oc2c1)c3n(C)c4ccccc4[n+]3C,CCN(CC)c1ccc2cc(-c3n(C)c4ccccc4[n+]3C)c(=O)oc2c1.[Cl-],-1.4505613752000002
CC(C)CC(C)=O,CC(=O)CC(C)C,-0.8514795392
COc1ccccc1N,COc1ccccc1N,-0.9443240129
C=COCCOCCOC=C,C=COCCOCCOC=C,-1.0530702077
[Na+].[Na+].[Na+].CN(c1ccc2c(c1)C=C(/C(=N/Nc3ccccc3[S]([O-])(=O)=O)C2=O)[S]([O-])(=O)=O)c4nc(Cl)nc(Nc5cccc(c5)[S]([O-])(=O)=O)n4,CN(c1ccc2c(c1)C=C(S(=O)(=O)[O-])/C(=N/Nc1ccccc1S(=O)(=O)[O-])C2=O)c1nc(Cl)nc(Nc2cccc(S(=O)(=O)[O-])c2)n1.[Na+].[Na+].[Na+],-0.7520299872
[Cu++].[O-][N+]([O-])=O.[O-][N+]([O-])=O,O=[N+]([O-])[O-].O=[N+]([O-])[O-].[Cu+2],0.8661228867
[nH]1cccn1,c1cn[nH]c1,1.2878896498
CCN(CC[N+](C)(C)CC(C)O)c1ccc(cc1)N=Nc2ccc(cc2Cl)[N+]([O-])=O.CC([O-])=O,CC(=O)[O-].CCN(CC[N+](C)(C)CC(C)O)c1ccc(N=Nc2ccc([N+](=O)[O-])cc2Cl)cc1,-0.5731459846
[Cl-].CCN(CC[N+](C)(C)CC(C)O)c1ccc(cc1)N=Nc2ccc(cc2Cl)[N+]([O-])=O,CCN(CC[N+](C)(C)CC(C)O)c1ccc(N=Nc2ccc([N+](=O)[O-])cc2Cl)cc1.[Cl-],-0.5518943050999999
[Cu++].[O-]C(=O)C1CCC(=O)N1.[O-]C(=O)C2CCC(=O)N2,O=C1CCC(C(=O)[O-])N1.O=C1CCC(C(=O)[O-])N1.[Cu+2],-0.384250204
[Na+].[Na+].COc1cc(ccc1NC(=O)Nc2ccc(cc2OC)N=Nc3cccc(c3)[S]([O-])(=O)=O)N=Nc4cccc(c4)[S]([O-])(=O)=O,COc1cc(N=Nc2cccc(S(=O)(=O)[O-])c2)ccc1NC(=O)Nc1ccc(N=Nc2cccc(S(=O)(=O)[O-])c2)cc1OC.[Na+].[Na+],-0.714875651
CC(CO)OC(=O)C(C)=C,C=C(C)C(=O)OC(C)CO,-0.0449315461
Cc1ccc2OCC(=O)COc2c1,Cc1ccc2c(c1)OCC(=O)CO2,-1.1141554489
CCOC(=O)c1ccnc(c1)C(=O)OCC,CCOC(=O)c1ccnc(C(=O)OCC)c1,-1.2184148997
[Na+].[Na+].[K].[K].OCCN(CCO)c1nc(Nc2ccccc2)nc(Nc3ccc(\C=C\c4ccc(Nc5nc(Nc6ccccc6)nc(n5)N(CCO)CCO)cc4[S]([O-])(=O)=O)c(c3)[S]([O-])(=O)=O)n1,O=S(=O)([O-])c1cc(Nc2nc(Nc3ccccc3)nc(N(CC[O-])CC[O-])n2)ccc1/C=C/c1ccc(Nc2nc(Nc3ccccc3)nc(N(CCO)CCO)n2)cc1S(=O)(=O)[O-].[K+].[K+].[Na+].[Na+],-1.8879601369
CC(C)(O)C(=O)c1ccccc1,CC(C)(O)C(=O)c1ccccc1,-1.0915320913
CC1=CCC2C(C1)C(=O)OC2=O,CC1=CCC2C(=O)OC(=O)C2C1,-1.0999943697
CCCCC(CC)CO.O[P](O)(O)=O,CCCCC(CC)CO.O=P(O)(O)O,-1.2377892845
CCC(C)C=O,CCC(C)C=O,-0.8212312637000001
CC(C)CN(CC(C)C)C=O,CC(C)CN(C=O)CC(C)C,-1.082666634
CN1C(=C(NC=O)C(=O)N(C)C1=O)N,Cn1c(N)c(NC=O)c(=O)n(C)c1=O,-1.1831208545999998
[Na+].[Na+].[Na+].CCN(c1ccccc1)c2nc(Cl)nc(Nc3cc(cc4C=C(\C(=N/Nc5ccc(C)cc5[S]([O-])(=O)=O)C(=O)c34)[S]([O-])(=O)=O)[S]([O-])(=O)=O)n2,CCN(c1ccccc1)c1nc(Cl)nc(Nc2cc(S(=O)(=O)[O-])cc3c2C(=O)/C(=N/Nc2ccc(C)cc2S(=O)(=O)[O-])C(S(=O)(=O)[O-])=C3)n1.[Na+].[Na+].[Na+],-0.8004343948
C=CCOCC1CO1,C=CCOCC1CO1,0.049756882
CCOC(=O)CC1(C)OCCO1,CCOC(=O)CC1(C)OCCO1,-0.1448235929
[Li+].[Li+].[Na+].[Na+].COc1cc(ccc1N\N=C/2C(=O)c3c(O)cc(cc3C=C2[S]([O-])(=O)=O)[S]([O-])(=O)=O)N(O)\N=C\4C=CC(=N\N=C\5C(=O)c6c(O)cc(cc6C=C5[S]([O-])(=O)=O)[S]([O-])(=O)=O)\C(=C4)OC,COC1=C/C(=N/N(O)c2ccc(N/N=C3/C(=O)c4c(O)cc(S(=O)(=O)[O-])cc4C=C3S(=O)(=O)[O-])c(OC)c2)C=C/C1=N/N=C1\C(=O)c2c(O)cc(S(=O)(=O)[O-])cc2C=C1S(=O)(=O)[O-].[Li+].[Li+].[Na+].[Na+],-0.9094796777
[K+].[O-][V](=O)=O,[K+].[O-2].[O-2].[O-2].[V+6],-0.0465738269
[La],[La],0.9471841061
[Li+].[Li+].[Na+].[Na+].Nc1c(N=Nc2ccc(cc2)[S](=O)(=O)CCO[S]([O-])(=O)=O)c(cc3C=C(\C(=N/Nc4cc(Nc5nc(F)nc(F)c5Cl)ccc4[S]([O-])(=O)=O)C(=O)c13)[S]([O-])(=O)=O)[S]([O-])(=O)=O,Nc1c(N=Nc2ccc(S(=O)(=O)CCOS(=O)(=O)[O-])cc2)c(S(=O)(=O)[O-])cc2c1C(=O)/C(=N/Nc1cc(Nc3nc(F)nc(F)c3Cl)ccc1S(=O)(=O)[O-])C(S(=O)(=O)[O-])=C2.[Li+].[Li+].[Na+].[Na+],-0.9138010179
[Na+].[Na+].[Na+].[Na+].[O-][S](=O)(=O)OCC[S](=O)(=O)c1ccc(N\N=C/2C(=O)c3c(Nc4nc(Cl)nc(Nc5cccc(c5)[S]([O-])(=O)=O)n4)cc(cc3C=C2[S]([O-])(=O)=O)[S]([O-])(=O)=O)cc1,O=C1/C(=N/Nc2ccc(S(=O)(=O)CCOS(=O)(=O)[O-])cc2)C(S(=O)(=O)[O-])=Cc2cc(S(=O)(=O)[O-])cc(Nc3nc(Cl)nc(Nc4cccc(S(=O)(=O)[O-])c4)n3)c21.[Na+].[Na+].[Na+].[Na+],-0.903187957
COC(=O)CCC(=O)OC,COC(=O)CCC(=O)OC,-0.0752231636
O=C(OCC1CO1)C2CC=CCC2C(=O)OCC3CO3,O=C(OCC1CO1)C1CC=CCC1C(=O)OCC1CO1,-1.3401088604
[Ca++].CC(=O)[CH-]C(C)=O.CC(=O)[CH-]C(C)=O,[CH2-]C(=O)CC(C)=O.[CH2-]C(=O)CC(C)=O.[Ca+2],-1.2665270421
[Na+].[Na+].[O-][S](=O)(=O)C1=CC(=O)C2=C(NNc3ccc(NC(=O)C(Br)=C)cc3[S]([O-])(=O)=O)C(=N)C=CC2=C1,C=C(Br)C(=O)Nc1ccc(NNC2=C3C(=O)C=C(S(=O)(=O)[O-])C=C3C=CC2=N)c(S(=O)(=O)[O-])c1.[Na+].[Na+],-1.6785332004
Oc1ccc(cc1O)C#N,N#Cc1ccc(O)c(O)c1,-1.0235160951
CC(=C)C(=O)OCCOCCOCCOCCOC(=O)C(C)=C,C=C(C)C(=O)OCCOCCOCCOCCOC(=O)C(=C)C,-1.4186392601
Nc1ccc(cc1)[S](O)(=O)=O,Nc1ccc(S(=O)(=O)O)cc1,-1.1412730253
COC1CCCC1,COC1CCCC1,-0.9037886388
Nc1ccc(cc1N)[S](O)(=O)=O,Nc1ccc(S(=O)(=O)O)cc1N,-1.1812163945
O=N\C=C/1NC=CC=C1,O=N/C=C1\C=CC=CN1,-1.0004518583
O=C1NC(=O)C2CC=CCC12,O=C1NC(=O)C2CC=CCC12,-1.0930914177
CC1=CC(=O)CC(C)(C)C1,CC1=CC(=O)CC(C)(C)C1,-1.0613582209
Cc1cccc(N)c1,Cc1cccc(N)c1,-0.9508352475
CCN(CC)c1ccc(cc1)C(c2ccc(cc2)N(CC)CC)c3c4cc(ccc4ccc3[S](O)(=O)=O)[S](O)(=O)=O,CCN(CC)c1ccc(C(c2ccc(N(CC)CC)cc2)c2c(S(=O)(=O)O)ccc3ccc(S(=O)(=O)O)cc23)cc1,-0.6984761494
CCC(C)(C)O,CCC(C)(C)O,0.1266596907
[Rh+3].[O-][N+]([O-])=O.[O-][N+]([O-])=O.[O-][N+]([O-])=O,O=[N+]([O-])[O-].O=[N+]([O-])[O-].O=[N+]([O-])[O-].[Rh+3],0.6074112618999999
NC(N)=S,NC(N)=S,0.188516266
[Li+].[Na+].[Na+].[O-][S](=O)(=O)c1cc(NC(=O)c2ccccc2)c3C(=O)C(=N/Nc4ccc5c(CNc6nc(F)nc(F)c6Cl)cccc5c4[S]([O-])(=O)=O)/C(=Cc3c1)[S]([O-])(=O)=O,O=C(Nc1cc(S(=O)(=O)[O-])cc2c1C(=O)/C(=N/Nc1ccc3c(CNc4nc(F)nc(F)c4Cl)cccc3c1S(=O)(=O)[O-])C(S(=O)(=O)[O-])=C2)c1ccccc1.[Li+].[Na+].[Na+],-0.8900865081
Oc1cccc(O)c1,Oc1cccc(O)c1,1.0034883278
[Cl-].CCCCCCCCCCCCCCCC[n+]1ccccc1,CCCCCCCCCCCCCCCC[n+]1ccccc1.[Cl-],-0.4861495515
CCC(CO)(CO)COCC=C,C=CCOCC(CC)(CO)CO,-0.1997551773
CSCCC(O)C#N,CSCCC(O)C#N,-0.0765411499
CC(C)=CC=O,CC(C)=CC=O,0.1165037469
[Li+].[OH-],[Li+].[OH-],0.6621234357
CC(C)CC(C)(O)C#C,C#CC(C)(O)CC(C)C,-1.0365979243
O=CC1CCC=CC1,O=CC1CC=CCC1,-0.9775501681
O=C1CC(=O)NC(=O)N1,O=C1CC(=O)NC(=O)N1,-1.0486616392
OCCCCCCCl,OCCCCCCCl,-1.0824421952
N#CCCCCCCC#N,N#CCCCCCCC#N,-1.0810922867
CC(C)C1(C)N=C(NC1=O)c2ncccc2C(O)=O,CC(C)C1(C)N=C(c2ncccc2C(=O)O)NC1=O,-1.3640293861
CC\C=C/C#N,CC/C=C\C#N,-0.8598992117
C1C[NH+]=C(N1)c2ccccc2,c1ccc(C2=[NH+]CCN2)cc1,-1.1265180752
OCC1CCC2C3CC(CC3CO)C12,OCC1CC2CC1C1CCC(CO)C21,-1.2515054899
O[C@@H](C(O)=O)c1ccccc1,O=C(O)[C@H](O)c1ccccc1,-0.1416667622
COC1OC(CO)C(O)C(O)C1O,COC1OC(CO)C(O)C(O)C1O,0.7452125491
OCC#CCO.ClCC1CO1,ClCC1CO1.OCC#CCO,0.7778715429
CC1CCOC1,CC1CCOC1,0.0901312493
[Cr+3].[O-][N+]([O-])=O.[O-][N+]([O-])=O.[O-][N+]([O-])=O,O=[N+]([O-])[O-].O=[N+]([O-])[O-].O=[N+]([O-])[O-].[Cr+3],0.6456305496
CC(O)SC=C,C=CSC(C)O,0.0054931194
[Na+].[Na+].Nc1ccc(N=Nc2ccc(cc2)N=Nc3c(N)c4C(=O)C(=N/Nc5ccccc5)/C(=Cc4cc3[S]([O-])(=O)=O)[S]([O-])(=O)=O)c(N)c1,Nc1ccc(N=Nc2ccc(N=Nc3c(S(=O)(=O)[O-])cc4c(c3N)C(=O)/C(=N/Nc3ccccc3)C(S(=O)(=O)[O-])=C4)cc2)c(N)c1.[Na+].[Na+],-0.827397585
[Na+].[Na+].OC(=O)CN(CCN(CC(O)=O)CC([O-])=O)CC([O-])=O,O=C([O-])CN(CCN(CC(=O)[O-])CC(=O)O)CC(=O)O.[Na+].[Na+],-0.5054187441
C[N+]([O-])=O,C[N+](=O)[O-],0.2335017655
[Sm+3].[O-][N+]([O-])=O.[O-][N+]([O-])=O.[O-][N+]([O-])=O,O=[N+]([O-])[O-].O=[N+]([O-])[O-].O=[N+]([O-])[O-].[Sm+3],0.4860173873
CCC(C)(O)C#C,C#CC(C)(O)CC,0.0167319924
NNC(=O)CCCCC(=O)NN,NNC(=O)CCCCC(=O)NN,-0.2324579511
COCCOC,COCCOC,1.0451691789
C1COCCO1,C1COCCO1,1.0549945152
CN1CCCC1=O,CN1CCCC1=O,1.0037817508
CNC(N)=O,CNC(N)=O,1.1302814392
OCCSCCO,OCCSCCO,0.9129678895
O.OC(=O)CC(O)(CC(O)=O)C(O)=O,O.O=C(O)CC(O)(CC(=O)O)C(=O)O,0.6774954055
OCCOCCO,OCCOCCO,0.9741986662
CC(=C)C(=O)OCCN1CCNC1=O,C=C(C)C(=O)OCCN1CCNC1=O,0.7028481462999999
[H+].[Cl-].CN(C)C(C)(C)CO,CN(C)C(C)(C)CO.[Cl-].[H+],0.8134589559000001
NCCNCCO,NCCNCCO,0.9823282162
CN(CCO)CCO,CN(CCO)CCO,0.9238549272
OCCOCCOCCO,OCCOCCOCCO,0.8234052513
OCCN(CCO)CCO,OCCN(CCO)CCO,0.8262602859999999
OCCCl,OCCCl,1.0941285967
OC(=O)CC#N,N#CCC(=O)O,1.0702644103
OCCOC(=O)C=C,C=CC(=O)OCCO,0.9351079333
CC(O)C#N,CC(O)C#N,1.1482586908
CC(C)(O)C#C,C#CC(C)(C)O,1.0751110617
CC(C)(C)N,CC(C)(C)N,1.1358509819
CC(C)(C)O,CC(C)(C)O,1.1300470117
Cc1ccccn1,Cc1ccccn1,1.0309150604
OCCS,OCCS,1.1071488253
CN(C)CCCO,CN(C)CCCO,0.9864676175
CO[S]([O-])(=O)=O.C[n+]1ccn(C=C)c1,C=Cn1cc[n+](C)c1.COS(=O)(=O)[O-],0.6570840829
Oc1ccc(cc1)[S](O)(=O)=O,O=S(=O)(O)c1ccc(O)cc1,0.7590091939
OCCCCOC(=O)C=C,C=CC(=O)OCCCCO,0.8411251015000001
CN(C)C(C)=O,CC(=O)N(C)C,1.0598721633
CC(NC=O)C#N,CC(C#N)NC=O,1.0083088579
CCNCC,CCNCC,1.1358509819
CNC(C)=O,CNC(C)=O,1.1361123296
C1CN1,C1CN1,1.3658352118
CCC(O)CO,CCC(O)CO,1.0451691789
C[C@@H](O)[C@H](C)O,C[C@H](O)[C@@H](C)O,1.0451691789
NC1CCCCC1,NC1CCCCC1,1.0035890328
NC1CC1,NC1CC1,1.2433943163
ClC(=O)C(Cl)=O,O=C(Cl)C(=O)Cl,0.8964494062999999
NC=O,NC=O,1.3463919758
C[S](O)(=O)=O,CS(=O)(=O)O,1.0172449791
COC(=O)COCO,COC(=O)COCO,0.9204425284
CNN,CNN,1.3365535082
O=C1CCCCO1,O=C1CCCCO1,0.9994921725
CCCC(O)CO,CCCC(O)CO,0.9823448956
OCCCCCO,OCCCCCO,0.9823448956
CC(N)CN,CC(N)CN,1.1300235759
CCC(O)=O,CCC(=O)O,1.1303048889
[Na+].[O-]C(=O)C(Cl)(Cl)Cl,O=C([O-])C(Cl)(Cl)Cl.[Na+],0.7319628929
[Na+].[Na+].[Na+].[Na+].CC(O)CN(CC(C)O)c1nc(Nc2ccc(cc2)[S]([O-])(=O)=O)nc(Nc3ccc(/C=C/c4ccc(Nc5nc(Nc6ccc(cc6)[S]([O-])(=O)=O)nc(n5)N(CC(C)O)CC(C)O)cc4[S]([O-])(=O)=O)c(c3)[S]([O-])(=O)=O)n1,CC(O)CN(CC(C)O)c1nc(Nc2ccc(S(=O)(=O)[O-])cc2)nc(Nc2ccc(/C=C/c3ccc(Nc4nc(Nc5ccc(S(=O)(=O)[O-])cc5)nc(N(CC(C)O)CC(C)O)n4)cc3S(=O)(=O)[O-])c(S(=O)(=O)[O-])c2)n1.[Na+].[Na+].[Na+].[Na+],-0.0867739927999999
[I-].CCCC[N+](C)(CCCC)CCCC,CCCC[N+](C)(CCCC)CCCC.[I-],0.4850619562
OC(=O)C(F)(F)F,O=C(O)C(F)(F)F,0.9430113455
O=[S]1(=O)CCCO1,O=S1(=O)CCCO1,-0.0868756938
[Na+].[Na+].Nc1ccc(\C=C\c2ccc(N)cc2[S]([O-])(=O)=O)c(c1)[S]([O-])(=O)=O,Nc1ccc(/C=C/c2ccc(N)cc2S(=O)(=O)[O-])c(S(=O)(=O)[O-])c1.[Na+].[Na+],-0.6173904015
[Y+3].CC([O-])=O.CC([O-])=O.CC([O-])=O,CC(=O)[O-].CC(=O)[O-].CC(=O)[O-].[Y+3],-0.4249436743
Nc1cccc(c1)[S](O)(=O)=O,Nc1cccc(S(=O)(=O)O)c1,-1.2051065795
COc1ccc2nccc(C(O)C3CC4CCN3CC4C=C)c2c1.O[S](O)(=O)=O,C=CC1CN2CCC1CC2C(O)c1ccnc2ccc(OC)cc12.O=S(=O)(O)O,-1.5924060415
OC(=O)c1cc(Br)nn1c2ncccc2Cl,O=C(O)c1cc(Br)nn1-c1ncccc1Cl,-1.4489346424
CCC(C)(C)OC,CCC(C)(C)OC,-0.9795636765
CC(=O)C(O)c1ccccc1,CC(=O)C(O)c1ccccc1,-1.1766034244
N.N.OC(O)=O,N.N.O=C(O)O,-0.9826601144
COC(OC)OC,COC(OC)OC,-1.0258013338
OCC(CBr)(CBr)CBr,OCC(CBr)(CBr)CBr,-2.2261095189
Nc1cc(Cl)c(Cl)cc1[S](O)(=O)=O,Nc1cc(Cl)c(Cl)cc1S(=O)(=O)O,-2.1052106917
[nH]1ccnc1c2ccccc2,c1ccc(-c2ncc[nH]2)cc1,-1.8893830404
[Sr].OC(C(O)C(O)=O)C(O)=O,O=C(O)C(O)C(O)C(=O)O.[Sr],-2.1065271998
OCCNc1ccccc1[N+]([O-])=O,O=[N+]([O-])c1ccccc1NCCO,-1.9933265855
Cc1oncc1C([O-])=O,Cc1oncc1C(=O)[O-],-1.0553611102
CC1CC=C(C)C(=O)C1C,CC1=CCC(C)C(C)C1=O,-1.8852669619
[Mn++].CCCCC(CC)C(O)=O,CCCCC(CC)C(=O)O.[Mn+2],-2.0439121671
CCCCC(CC)COCC(O)CO,CCCCC(CC)COCC(O)CO,-2.0550171187
NC(=O)c1ccc(Cl)c(N)c1,NC(=O)c1ccc(Cl)c(N)c1,-1.976703976
COc1cc(N[S](=O)(=O)c2ccccc2)c3C(=O)c4ccccc4C(=O)c3c1N,COc1cc(NS(=O)(=O)c2ccccc2)c2c(c1N)C(=O)c1ccccc1C2=O,-2.3558504459000003
C1OC1COc2cccc(c2)N(CC3CO3)CC4CO4,c1cc(OCC2CO2)cc(N(CC2CO2)CC2CO2)c1,-2.1925611892
c1ccccc1,c1ccccc1,-1.6423088751
CC1(C)CC(CC(C)(C)N1)NCCCCCCNC2CC(C)(C)NC(C)(C)C2,CC1(C)CC(NCCCCCCNC2CC(C)(C)NC(C)(C)C2)CC(C)(C)N1,-2.350745656
CC(C)CC(C)(O)C#CC(C)(O)CC(C)C,CC(C)CC(C)(O)C#CC(C)(O)CC(C)C,-2.1243507639
CCCCOC(=O)C=C,C=CC(=O)OCCCC,-1.8773408513
CCCCOCc1ccc(O)c(OC)c1,CCCCOCc1ccc(O)c(OC)c1,-2.0948968063
[H+].[Cl-].Nc1cc(Cl)ccc1Cl,Nc1cc(Cl)ccc1Cl.[Cl-].[H+],-2.0750002801
[Na+].[Na+].CCCCCCCCCCCC(=O)O[C@@H](C)C[S]([O-])(=O)=O.CCCCCCCCCCCC(=O)O[C@H](C)C[S]([O-])(=O)=O,CCCCCCCCCCCC(=O)O[C@@H](C)CS(=O)(=O)[O-].CCCCCCCCCCCC(=O)O[C@H](C)CS(=O)(=O)[O-].[Na+].[Na+],-2.6180468359
Nc1scc(CC(O)=O)n1,Nc1nc(CC(=O)O)cs1,-1.9816731181
N#CC1(CC[NH+](CC1)Cc2ccccc2)[NH+]3CCCCC3,N#CC1([NH+]2CCCCC2)CC[NH+](Cc2ccccc2)CC1,-2.2459922106
CCN(CC)c1cccc(O)c1,CCN(CC)c1cccc(O)c1,-2.0112787971
[O-][N+](=O)OCC(CO[N+]([O-])=O)O[N+]([O-])=O,O=[N+]([O-])OCC(CO[N+](=O)[O-])O[N+](=O)[O-],-2.1520684654
COC(=O)C=C1CCCC1,COC(=O)C=C1CCCC1,-1.9425722692
C[P](=O)(Oc1ccccc1)Oc2ccccc2,CP(=O)(Oc1ccccc1)Oc1ccccc1,-2.2017086736
Fc1ccccc1,Fc1ccccc1,-1.7924097659
[Na+].CCCCCCCCCCCCCCCCCO[S]([O-])(=O)=O,CCCCCCCCCCCCCCCCCOS(=O)(=O)[O-].[Na+],-2.3669926669
NCC(F)F,NCC(F)F,0.5225303771
CC(=O)OCC1OC(OC(C)=O)C(OC(C)=O)C(OC(C)=O)C1OC(C)=O,CC(=O)OCC1OC(OC(C)=O)C(OC(C)=O)C(OC(C)=O)C1OC(C)=O,-2.4153529113
CC(C)(CO)Cc1ccccc1,CC(C)(CO)Cc1ccccc1,-2.0423138216
C1OC1c2ccccc2,c1ccc(C2CO2)cc1,-1.9065411213
CC(C)(C)OOC(=O)C(C)(C)C,CC(C)(C)OOC(=O)C(C)(C)C,-2.067961594
CCO[Si](OCC)(OCC)OCC,CCO[Si](OCC)(OCC)OCC,-2.1455655454
CC\C=C/CC1=C(C)CCC1=O,CC/C=C\CC1=C(C)CCC1=O,-2.0452383746
Clc1ccccc1C=O,O=Cc1ccccc1Cl,-1.9805722205
CCC(C)c1ccccc1O,CCC(C)c1ccccc1O,-2.0123777929
CCCCCCCCN(CCO)CCO,CCCCCCCCN(CCO)CCO,-2.1910376032
OC(=O)c1cc(cc(c1)[N+]([O-])=O)C(O)=O,O=C(O)c1cc(C(=O)O)cc([N+](=O)[O-])c1,-2.178419855
[Na+].Cc1ccc(cc1)[S](=O)(=O)Oc2ccc(Nc3cc(c(N)c4C(=O)c5ccccc5C(=O)c34)[S]([O-])(=O)=O)cc2,Cc1ccc(S(=O)(=O)Oc2ccc(Nc3cc(S(=O)(=O)[O-])c(N)c4c3C(=O)c3ccccc3C4=O)cc2)cc1.[Na+],-2.6221984752000003
CCOC(=O)N[S](=O)(=O)c1ccc(C)cc1,CCOC(=O)NS(=O)(=O)c1ccc(C)cc1,-2.2430987475
[Ca++].CCCCCCCCC([O-])=O.CCCCCCCCC([O-])=O,CCCCCCCCC(=O)[O-].CCCCCCCCC(=O)[O-].[Ca+2],-2.412949573
CCOC(OCC)OCC,CCOC(OCC)OCC,-2.040520296
[Li+].[F-],[F-].[Li+],-1.2901015882
CCCCCCCCC(=O)N(C)C,CCCCCCCCC(=O)N(C)C,-2.1440495587
Cc1cc(ccc1N=C=O)c2ccc(N=C=O)c(C)c2,Cc1cc(-c2ccc(N=C=O)c(C)c2)ccc1N=C=O,-2.308127519
CC(=O)\C=C\c1ccccc1,CC(=O)/C=C/c1ccccc1,-2.050971343
Oc1ccc(cc1)C2NC(=O)NC2=O,O=C1NC(=O)C(c2ccc(O)cc2)N1,-2.1731049195
[Na+].CCCCCCCCCCCC(=O)OCC[S]([O-])(=O)=O,CCCCCCCCCCCC(=O)OCCS(=O)(=O)[O-].[Na+],-2.4084792453
Nc1ccc(NCCO)c(c1)[N+]([O-])=O,Nc1ccc(NCCO)c([N+](=O)[O-])c1,-2.1910899756
CC(O)CC(C)(C)c1ccccc1,CC(O)CC(C)(C)c1ccccc1,-2.1472867242
Oc1cccc2ccccc12,Oc1cccc2ccccc12,-2.0619739225
Nc1cccc(Cl)c1Cl,Nc1cccc(Cl)c1Cl,-2.1303847013
Cc1ccc(Cl)cc1N,Cc1ccc(Cl)cc1N,-2.0718850743
CC(=O)N(CCN(C(C)=O)C(C)=O)C(C)=O,CC(=O)N(CCN(C(C)=O)C(C)=O)C(C)=O,-2.2792257347
CC(C)C1CCC(C)CC12OCC(CO)O2,CC1CCC(C(C)C)C2(C1)OCC(CO)O2,-2.2793855347
[Na+].[Na+].CC(C)(c1ccc(O[S](=O)(=O)c2cccc(NNC3=C4C(=O)C=C(C=C4C=CC3=N)[S](O)(=O)=O)c2)cc1)c5ccc(O[S](=O)(=O)c6cccc(NNC7=C8C(=O)C=C(C=C8C=CC7=N)[S](O)(=O)=O)c6)cc5,CC(C)(c1ccc(OS(=O)(=O)c2cccc(NNC3=C4C(=O)C=C(S(=O)(=O)O)C=C4C=CC3=N)c2)cc1)c1ccc(OS(=O)(=O)c2cccc(NNC3=C4C(=O)C=C(S(=O)(=O)O)C=C4C=CC3=N)c2)cc1.[Na+].[Na+],-2.9562873167
CCOC(=O)Cc1ccccc1,CCOC(=O)Cc1ccccc1,-2.1362024863
[N-]=[N+]=O,[N-]=[N+]=O,-1.5643997258000002
[Na+].Cc1cc(Nc2cc(c(N)c3C(=O)c4ccccc4C(=O)c23)[S]([O-])(=O)=O)cc(c1C)[S](=O)(=O)NCCO,Cc1cc(Nc2cc(S(=O)(=O)[O-])c(N)c3c2C(=O)c2ccccc2C3=O)cc(S(=O)(=O)NCCO)c1C.[Na+],-2.6748435421
CCCCc1[nH]c(Cl)c(C=O)n1,CCCCc1nc(C=O)c(Cl)[nH]1,-2.1991273723
CC\C=C/CCOC(C)=O,CC/C=C\CCOC(C)=O,-2.111500803
CCCCN1C(=O)C=C(C)C(=C1O)C#N,CCCCn1c(O)c(C#N)c(C)cc1=O,-2.2729907436000003
CCCc1ccc(O)c(OC)c1,CCCc1ccc(O)c(OC)c1,-2.1792905928
ClCC(Cl)C=C,C=CC(Cl)CCl,-2.0555103791
[Li+].[Li+].[Li+].[F-].[F-].[F-].[F-].[F-].[F-].[Al+3],[Al+3].[F-].[F-].[F-].[F-].[F-].[F-].[Li+].[Li+].[Li+],-2.1675670427
CCCCCCCCN1CCCC1=O,CCCCCCCCN1CCCC1=O,-2.2577490108
CCC(C)C\C(CC)=N\O,CC/C(CC(C)CC)=N\O,-2.1307281267
[Br-].C[N+](C)=C1OCCC1(c2ccccc2)c3ccccc3,C[N+](C)=C1OCCC1(c1ccccc1)c1ccccc1.[Br-],-2.5265751338
FC(F)(F)C(Br)=C,C=C(Br)C(F)(F)F,-2.2385851258
COc1ccc(CC(C)C=O)cc1,COc1ccc(CC(C)C=O)cc1,-2.24666187
CC(C)(C)CC(C)(C)NC(=O)C=C,C=CC(=O)NC(C)(C)CC(C)(C)C,-2.2588292445
FCC(F)(F)F,FCC(F)(F)F,-2.0087278867
Cc1cc(N)c(cc1Cl)[S](O)(=O)=O,Cc1cc(N)c(S(=O)(=O)O)cc1Cl,-2.3456971252
CCOC(=O)C1OC1(C)c2ccccc2,CCOC(=O)C1OC1(C)c1ccccc1,-2.3143750058
O=[Mo](=O)=O,[Mo+6].[O-2].[O-2].[O-2],-2.1581724467
[Na+].CCC(=O)Nc1cccc(Nc2cc(c(N)c3C(=O)c4ccccc4C(=O)c23)[S]([O-])(=O)=O)c1,CCC(=O)Nc1cccc(Nc2cc(S(=O)(=O)[O-])c(N)c3c2C(=O)c2ccccc2C3=O)c1.[Na+],-2.6879470025
Nc1ccc(Cl)cc1C(F)(F)F,Nc1ccc(Cl)cc1C(F)(F)F,-2.2934813757
C[Si](C)(C)N[Si](C)(C)C,C[Si](C)(C)N[Si](C)(C)C,-2.2100723772
CC(C)(C)c1ccccc1O,CC(C)(C)c1ccccc1O,-2.1899589144
CC(CCCC(C)(C)O)C=C,C=CC(C)CCCC(C)(C)O,-2.2212072407
CC(Cc1ccc2OCOc2c1)C=O,CC(C=O)Cc1ccc2c(c1)OCO2,-2.3134381403
CCC(C)Cl,CCC(C)Cl,-2.0012638712
[Pd++].CC([O-])=O.CC([O-])=O,CC(=O)[O-].CC(=O)[O-].[Pd+2],-2.3865009
CC1CCOC(C1)C=C(C)C,CC(C)=CC1CC(C)CCO1,-2.2244457918
CCCCC(CC)CO,CCCCC(CC)CO,-2.1604718659
CC\C(C)=C\CCC(C)=O,CC/C(C)=C/CCC(C)=O,-2.1925860364
[Na+].CC/1=CC(=O)C=CC1=N/Nc2ccc(Nc3ccc(cc3[N+]([O-])=O)[S]([O-])(=O)=O)cc2,CC1=CC(=O)C=C/C1=N\Nc1ccc(Nc2ccc(S(=O)(=O)[O-])cc2[N+](=O)[O-])cc1.[Na+],-2.6993635863
OC(=O)c1oc(cc1)C(O)=O,O=C(O)c1ccc(C(=O)O)o1,-2.2396237358
OC(=O)c1cccc(Cl)c1Cl,O=C(O)c1cccc(Cl)c1Cl,-2.3316729189
Cc1cc(c(N)cc1Cl)[S](O)(=O)=O,Cc1cc(S(=O)(=O)O)c(N)cc1Cl,-2.4061778726
CC(=O)CC(=O)Nc1ccccc1Cl,CC(=O)CC(=O)Nc1ccccc1Cl,-2.4065360765
CC(=O)Oc1ccc(Br)cc1,CC(=O)Oc1ccc(Br)cc1,-2.4166041571
CCCCC(CC)CO.CCCCC(CC)CC(CC)CO.CCCC(O)C(CC)CO.CCCC(C(CC)CO)C(CC)CO,CCCC(C(CC)CO)C(CC)CO.CCCC(O)C(CC)CO.CCCCC(CC)CC(CC)CO.CCCCC(CC)CO,-2.9252846689
Nc1cccc2cccc(N)c12,Nc1cccc2cccc(N)c12,-2.3071228572
C=CC=C,C=CC=C,-1.8668457003
[O-][N+](=O)c1cc(ccc1C#N)C(F)(F)F,N#Cc1ccc(C(F)(F)F)cc1[N+](=O)[O-],-2.4707735629
[Pb++].[O-]c1c(cc(c([O-])c1[N+]([O-])=O)[N+]([O-])=O)[N+]([O-])=O,O=[N+]([O-])c1cc([N+](=O)[O-])c([O-])c([N+](=O)[O-])c1[O-].[Pb+2],-2.8083913688
CCC\C=C(/CC)C=O,CCC/C=C(/C=O)CC,-2.2559578736000003
CCCCC(CC)C=O,CCCCC(C=O)CC,-2.2628407967
CC(CC(O)=O)CC(C)(C)C,CC(CC(=O)O)CC(C)(C)C,-2.3542209788
CC(=O)CC(=O)Nc1ccc2NC(=O)Nc2c1,CC(=O)CC(=O)Nc1ccc2[nH]c(=O)[nH]c2c1,-2.522680786
Nc1ccc2NC(=O)Nc2c1,Nc1ccc2[nH]c(=O)[nH]c2c1,-2.3347829023
CCCCC1OC(C)CC(C)(C)O1,CCCCC1OC(C)CC(C)(C)O1,-2.4532973596
CC(C)C(=O)c1ccccc1,CC(C)C(=O)c1ccccc1,-2.35661526
Nc1cc(cc(C(O)=O)c1O)[N+]([O-])=O,Nc1cc([N+](=O)[O-])cc(C(=O)O)c1O,-2.4907790333
N.N.[Cl-].[Cl-].[Pd++],N.N.[Cl-].[Cl-].[Pd+2],-2.5257397803
CO[Si](CCC(F)(F)C(F)(F)C(F)(F)C(F)(F)C(F)(F)C(F)(F)F)(OC)OC,CO[Si](CCC(F)(F)C(F)(F)C(F)(F)C(F)(F)C(F)(F)C(F)(F)F)(OC)OC,-2.8923562141000003
CN[S](=O)(=O)c1cc(OC)c(N)cc1C,CNS(=O)(=O)c1cc(OC)c(N)cc1C,-2.5769433589
CC(C)(C)c1ccc(O)cc1,CC(C)(C)c1ccc(O)cc1,-2.3914008137
ClCC(Cl)C(Cl)=C,C=C(Cl)C(Cl)CCl,-2.4244542069
CCOC(=O)C(C)CC,CCOC(=O)C(C)CC,-2.3364163689
CC(C)(C)C1CCC(=O)CC1,CC(C)(C)C1CCC(=O)CC1,-2.4173816076
CC1(C)[C@@H]2CC[C@]1(C)[C@H](O)C2,CC1(C)[C@@H]2CC[C@]1(C)[C@H](O)C2,-2.4205583952
Nc1ccc(Cl)c(Cl)c1,Nc1ccc(Cl)c(Cl)c1,-2.4461379538
[Mg++].O[P]([O-])([O-])=O,O=P([O-])([O-])O.[Mg+2],0.2641880223
CCCCOCCOCCOC(=O)CCCCC(=O)OCCOCCOCCCC,CCCCOCCOCCOC(=O)CCCCC(=O)OCCOCCOCCCC,-2.8821848864
COc1ccc(C)cc1,COc1ccc(C)cc1,-2.3395421013
C(CNc1cccc2ccccc12)CN3CCOCC3,c1ccc2c(NCCCN3CCOCC3)cccc2c1,-2.702803349
Oc1ccccc1c2ccccc2,Oc1ccccc1-c1ccccc1,-2.5067117536000003
CCC(C)(C)c1ccccc1O,CCC(C)(C)c1ccccc1O,-2.4912242204
CO[Si](CCCCCC[Si](OC)(OC)OC)(OC)OC,CO[Si](CCCCCC[Si](OC)(OC)OC)(OC)OC,-2.7929479843
C[C@@H]1[C@@H](CN)C[C@H]2C[C@@H]1C2(C)C,C[C@@H]1[C@@H](CN)C[C@H]2C[C@@H]1C2(C)C,-2.5159153811
CC(CCC=C(C)C)C=O,CC(C)=CCCC(C)C=O,-2.4478585415
OC(=O)CN(CCN(CC(O)=O)CC(O)=O)CC(O)=O,O=C(O)CN(CCN(CC(=O)O)CC(=O)O)CC(=O)O,-2.7667755992000003
COc1ccc2nccc([C@@H](O)[C@@H]3CC4CCN3C[C@@H]4C=C)c2c1,C=C[C@H]1CN2CCC1C[C@H]2[C@H](O)c1ccnc2ccc(OC)cc12,-2.8121429703
COc1ccc2nccc([C@H](O)[C@H]3C[C@@H]4CCN3C[C@@H]4C=C)c2c1,C=C[C@H]1CN2CC[C@H]1C[C@@H]2[C@@H](O)c1ccnc2ccc(OC)cc12,-2.8121429703
CCCCCCCCCCCC(=O)N(C)CC(O)=O,CCCCCCCCCCCC(=O)N(C)CC(=O)O,-2.7346414392
CC(C)COC(=O)[C@H](C)Cl,CC(C)COC(=O)[C@H](C)Cl,-2.5175442498
C/C(C=O)=C/c1ccccc1,C/C(C=O)=C/c1ccccc1,-2.4747186153
CC(C)=CC1CC(=C)CCO1,C=C1CCOC(C=C(C)C)C1,-2.5104223592
CCCC(C)C(=O)OCC,CCCC(C)C(=O)OCC,-2.4896905423
CC(=C)C(=O)OC(C)(C)C,C=C(C)C(=O)OC(C)(C)C,-2.4863755076
CCCCOC=C,C=COCCCC,-2.3379408202
CCCCN[S](=O)(=O)c1ccccc1,CCCCNS(=O)(=O)c1ccccc1,-2.6757824138
CC1(C)CCCC(C)(O1)C=C,C=CC1(C)CCCC(C)(C)O1,-2.5359872782
CC1=Nc2ccc(cc2C1(C)C)C(O)=O,CC1=Nc2ccc(C(=O)O)cc2C1(C)C,-2.6625890537
CC1CCCCC1OC(C)=O,CC(=O)OC1CCCCC1C,-2.5502978569
[O-][N+](=O)c1ccccc1Cl,O=[N+]([O-])c1ccccc1Cl,-2.5639664909
CCCCC(CC)COC(=O)C(C)O,CCCCC(CC)COC(=O)C(C)O,-2.6735257097
Brc1ccccc1,Brc1ccccc1,-2.568561457
[F-].[F-].[F-].[F-].[F-].[F-].[Na+].[Na+].[Na+].[Al+3],[Al+3].[F-].[F-].[F-].[F-].[F-].[F-].[Na+].[Na+].[Na+],-2.6988459025
Cc1ccc(cc1)[N+]([O-])=O,Cc1ccc([N+](=O)[O-])cc1,-2.5149437885
COc1cc(CC=C)ccc1OC(C)=O,C=CCc1ccc(OC(C)=O)c(OC)c1,-2.7015911491000004
CC=C(C)C,CC=C(C)C,-2.2331509446
OC[C@@H]1CO[C@](Cn2cncn2)(O1)c3ccc(Cl)cc3Cl,OC[C@@H]1CO[C@@](Cn2cncn2)(c2ccc(Cl)cc2Cl)O1,-2.9059550684
CCCCOC(=O)C(C)=C,C=C(C)C(=O)OCCCC,-2.5443674546
COc1ccc(CCC(=O)c2c(O)cc(O[C@@H]3O[C@H](CO)[C@@H](O)[C@H](O)[C@H]3O[C@@H]4O[C@@H](C)[C@H](O)[C@@H](O)[C@H]4O)cc2O)cc1O,COc1ccc(CCC(=O)c2c(O)cc(O[C@@H]3O[C@H](CO)[C@@H](O)[C@H](O)[C@H]3O[C@@H]3O[C@@H](C)[C@H](O)[C@@H](O)[C@H]3O)cc2O)cc1O,-3.1851035311
CC(CCO)CC(C)(C)C,CC(CCO)CC(C)(C)C,-2.5570799155
Oc1cc(Cl)ccc1[N+]([O-])=O,O=[N+]([O-])c1ccc(Cl)cc1O,-2.6373771386
Clc1ccccc1,Clc1ccccc1,-2.4493202347
CCOC(=O)N1C(=O)c2ccccc2C1=O,CCOC(=O)N1C(=O)c2ccccc2C1=O,-2.7387726333
CC(CCO)CCc1ccccc1,CC(CCO)CCc1ccccc1,-2.6600258381
[Cl-].CCCCCCCCCC[N+](C)(C)CCCCCCCCCC,CCCCCCCCCC[N+](C)(C)CCCCCCCCCC.[Cl-],-2.9677471262
Fc1ccc(cc1)C([NH+]2CC[NH2+]CC2)c3ccc(F)cc3,Fc1ccc(C(c2ccc(F)cc2)[NH+]2CC[NH2+]CC2)cc1,-2.8786010762
Nc1nc(N)nc(N)n1.O[P](O)(=O)O[P](O)(O)=O,Nc1nc(N)nc(N)n1.O=P(O)(O)OP(=O)(O)O,-2.9089794399
Cc1ccc(NCCO)c(c1)[N+]([O-])=O,Cc1ccc(NCCO)c([N+](=O)[O-])c1,-2.7474051676
C=COC1CCCCC1,C=COC1CCCCC1,-2.5825419737
C=COCCCCOC=C,C=COCCCCOC=C,-2.6477435098
Nc1ccc2cc(cc(O)c2c1)[S](O)(=O)=O,Nc1ccc2cc(S(=O)(=O)O)cc(O)c2c1,-2.8833112394
[Na+].[Na+].CC1=NN(c2cccc(c2)[S]([O-])(=O)=O)C(=O)C1N=Nc3cc(Cl)c(Cl)cc3[S]([O-])(=O)=O,CC1=NN(c2cccc(S(=O)(=O)[O-])c2)C(=O)C1N=Nc1cc(Cl)c(Cl)cc1S(=O)(=O)[O-].[Na+].[Na+],-3.2642643745
CCc1ccc(CC)cc1.CC(C)c2ccccc2.Cc3ccccc3.Cc4cc(C)cc(C)c4.C5CCc6ccccc6C5.C7Cc8ccccc8C7.C9C=Cc%10ccccc9%10.c%11ccccc%11.c%12ccc%13ccccc%13c%12,C1=Cc2ccccc2C1.CC(C)c1ccccc1.CCc1ccc(CC)cc1.Cc1cc(C)cc(C)c1.Cc1ccccc1.c1ccc2c(c1)CCC2.c1ccc2c(c1)CCCC2.c1ccc2ccccc2c1.c1ccccc1,-3.5397404208
CCCCC.CCc1ccccc1.Cc2ccccc2.Cc3cccc(C)c3.C4CCCC4,C1CCCC1.CCCCC.CCc1ccccc1.Cc1cccc(C)c1.Cc1ccccc1,-3.1729559438
O[S](=O)(=O)c1ccc2nc([nH]c2c1)c3ccccc3,O=S(=O)(O)c1ccc2nc(-c3ccccc3)[nH]c2c1,-2.9611061362
Cc1ccccc1.C=Cc2ccccc2.c3ccccc3,C=Cc1ccccc1.Cc1ccccc1.c1ccccc1,-2.9612739311
[Mn++].[O-]C(=O)C([O-])=O,O=C([O-])C(=O)[O-].[Mn+2],-2.6780811331
[Li+].[Li+].[Li+].[O-][P]([O-])([O-])=O,O=P([O-])([O-])[O-].[Li+].[Li+].[Li+],-2.5909258566
COc1ccc2CCCCc2c1,COc1ccc2c(c1)CCCC2,-2.7477385243
Nc1cccc2c(N)cccc12,Nc1cccc2c(N)cccc12,-2.7678536958
CC(O)CCC1CCCCC1,CC(O)CCC1CCCCC1,-2.7673615716000004
[Ba++].OC(C(O)C([O-])=O)C([O-])=O,O=C([O-])C(O)C(O)C(=O)[O-].[Ba+2],-3.0523304042
CCCCOCOCCCC,CCCCOCOCCCC,-2.8068769998
O[C@H]([C@H]1C[C@@H]2CCN1C[C@@H]2C=C)c3ccnc4ccccc34,C=C[C@H]1CN2CC[C@H]1C[C@@H]2[C@@H](O)c1ccnc2ccccc12,-3.0887236136
[Cl-].CCCCCCCCCCCCCCCC[N+](C)(C)C,CCCCCCCCCCCCCCCC[N+](C)(C)C.[Cl-],-3.1249455224
CC1(C)COC(=O)C2CC=CCC2C(=O)OC1,CC1(C)COC(=O)C2CC=CCC2C(=O)OC1,-3.0041810563
CC(C)[C@H]1CC[C@@H](C)CC1O,CC(C)[C@H]1CC[C@@H](C)CC1O,-2.8302608531
COC(=O)C1C(=CCCC1(C)C)C,COC(=O)C1C(C)=CCCC1(C)C,-2.9085159963
CC(C)(C)C#C,C#CC(C)(C)C,-2.6135564252
[Cl-].CCCCCCCCCCCCCC[N+](C)(C)CCCCCCCCCCCCCC,CCCCCCCCCCCCCC[N+](C)(C)CCCCCCCCCCCCCC.[Cl-],-3.3750249603
CC(C)C(=O)OCCOc1ccccc1,CC(C)C(=O)OCCOc1ccccc1,-3.0263435366
CC1=C(N2C(SC1)C(N)C2=O)C(O)=O,CC1=C(C(=O)O)N2C(=O)C(N)C2SC1,-3.0453554133
Cc1ccc(C(N)=O)c(O)c1,Cc1ccc(C(N)=O)c(O)c1,-2.9170001587
Clc1ccc2CC(=O)Nc2c1,O=C1Cc2ccc(Cl)cc2N1,-2.9689885527
CC(Cc1ccccc1)(C=C)C#N,C=CC(C)(C#N)Cc1ccccc1,-3.0006167172
CCCCOC(=O)\C=C/C(=O)OCCCC,CCCCOC(=O)/C=C\C(=O)OCCCC,-3.1280341619
N[C@@H](CSSC[C@H](N)C(O)=O)C(O)=O,N[C@@H](CSSC[C@H](N)C(=O)O)C(=O)O,-3.1599219868
CCCCC(CC)C(=O)OC,CCCCC(CC)C(=O)OC,-2.9898040042000003
C1CCC=CC1,C1=CCCCC1,-2.7104664382
OCCN1C(=O)Nc2ccccc2C1=O,O=c1[nH]c2ccccc2c(=O)n1CCO,-3.1128936428
CCCCCCC[C@H]1CCC(=O)O1,CCCCCCC[C@H]1CCC(=O)O1,-3.0668187599000003
[Ca++].O[P]([O-])([O-])=O,O=P([O-])([O-])O.[Ca+2],-2.9490262679000003
CCCC=C,C=CCCC,-2.6756730859
CCCCC(CC)COCC1CO1,CCCCC(CC)COCC1CO1,-3.1148651615
O=[P]12OB(O1)O2,O=P12OB(O1)O2,-2.8690757364
OC(Cn1ccnc1)c2ccc(Cl)cc2Cl,OC(Cn1ccnc1)c1ccc(Cl)cc1Cl,-3.2640078237
CCCCC(CC)CO[P](O)(=O)OCC(CC)CCCC,CCCCC(CC)COP(=O)(O)OCC(CC)CCCC,-3.3623020198
[Na+].[Na+].[O-][S](=O)(=O)c1cc(Nc2nc(Nc3ccccc3)nc(Nc4ccccc4)n2)ccc1\C=C\c5ccc(Nc6nc(Nc7ccccc7)nc(Nc8ccccc8)n6)cc5[S]([O-])(=O)=O,O=S(=O)([O-])c1cc(Nc2nc(Nc3ccccc3)nc(Nc3ccccc3)n2)ccc1/C=C/c1ccc(Nc2nc(Nc3ccccc3)nc(Nc3ccccc3)n2)cc1S(=O)(=O)[O-].[Na+].[Na+],-3.8255874528
[NH3+]CCCCCCCCCCCC([O-])=O,[NH3+]CCCCCCCCCCCC(=O)[O-],-3.1963980912
CC(C)CC1CC(C)CCO1,CC(C)CC1CC(C)CCO1,-3.0799294807
C1CN(CCO1)SSN2CCOCC2,C1CN(SSN2CCOCC2)CCO1,-3.2596343038
Fc1cc(Br)cc(F)c1F,Fc1cc(Br)cc(F)c1F,-3.2102979357
S=C(SN1CCOCC1)N2CCOCC2,S=C(SN1CCOCC1)N1CCOCC1,-3.2913006621
CCC(=O)N(C1CCN(CC1)Cc2ccccc2)c3ccccc3,CCC(=O)N(c1ccccc1)C1CCN(Cc2ccccc2)CC1,-3.4150433898
Cc1cc(C)c(O)c(c1)C(C)(C)C,Cc1cc(C)c(O)c(C(C)(C)C)c1,-3.1719091991000004
Cc1cccc2NC(=S)Nc12,Cc1cccc2[nH]c(=S)[nH]c12,-3.13627918
[Na+].[Na+].[Na+].[Na+].[Na+].CCCCCCCCCCCC(O)=O.CCCCCCCCCCCC([O-])=O.CCCCCCCCCCCC(=O)OC(C)C([O-])=O.CCCCCCCCCC(O)=O.CCCCCCCCCC([O-])=O.CCCCCCCCCC(=O)OC(C)C([O-])=O.CC(O)C([O-])=O,CC(O)C(=O)[O-].CCCCCCCCCC(=O)O.CCCCCCCCCC(=O)OC(C)C(=O)[O-].CCCCCCCCCC(=O)[O-].CCCCCCCCCCCC(=O)O.CCCCCCCCCCCC(=O)OC(C)C(=O)[O-].CCCCCCCCCCCC(=O)[O-].[Na+].[Na+].[Na+].[Na+].[Na+],-4.0857316668
CCCCCCCCCCC=O,CCCCCCCCCCC=O,-3.1520232011
FC(F)(F)c1ccc(Cl)c(Cl)c1,FC(F)(F)c1ccc(Cl)c(Cl)c1,-3.2679824907
CC(O)COc1ccc(cc1)C(C)(C)c2ccc(OCC(C)O)cc2,CC(O)COc1ccc(C(C)(C)c2ccc(OCC(C)O)cc2)cc1,-3.499700952
CCC(C)Br,CCC(C)Br,-3.1114780979
CC(C)COC(=O)Cc1ccccc1,CC(C)COC(=O)Cc1ccccc1,-3.2710471955
C[C@]12CCC(=O)C=C1CC[C@@H]3[C@@H]2CC[C@@]4(C)[C@H]3CCC4(O)C#CCO,C[C@]12CCC(=O)C=C1CC[C@@H]1[C@@H]2CC[C@@]2(C)[C@H]1CCC2(O)C#CCO,-3.526033775
Cc1ccc(Cl)cc1,Cc1ccc(Cl)cc1,-3.1023856768
C=CC1CC2CC1C=C2,C=CC1CC2C=CC1C2,-3.0798864018
CC(C)CCC(C)(O)C#CC(C)(O)CCC(C)C,CC(C)CCC(C)(O)C#CC(C)(O)CCC(C)C,-3.4375252922
S.[Ni],S.[Ni],-3.022952972
[Fe+3].[O-][P]([O-])([O-])=O,O=P([O-])([O-])[O-].[Fe+3],-3.2614644911000004
Nc1cccc(c1)[S](=O)(=O)c2cccc(N)c2,Nc1cccc(S(=O)(=O)c2cccc(N)c2)c1,-3.5118956043000003
CCOC(=O)C1=C(C)C=CCC1(C)C,CCOC(=O)C1=C(C)C=CCC1(C)C,-3.411619706
CCCCCCCCCCCCCCCCN,CCCCCCCCCCCCCCCCN,-3.5835100427
CCCCCCCCCCCCCCCCCCN,CCCCCCCCCCCCCCCCCCN,-3.6312456144
[O-][N+](=O)c1cccc(C#N)c1C#N,N#Cc1cccc([N+](=O)[O-])c1C#N,-2.9373448418
ClCCN1C(=O)Nc2ccccc2C1=O,O=c1[nH]c2ccccc2c(=O)n1CCCl,-3.5747994393
CC1(C)CCC=C(C1)C(=O)CCC=C,C=CCCC(=O)C1=CCCC(C)(C)C1,-3.5342474855000003
CCCC[C@H](CC)COCCOCCOC(=O)C=C.CCCC[C@@H](CC)COCCOCCOC(=O)C=C,C=CC(=O)OCCOCCOC[C@@H](CC)CCCC.C=CC(=O)OCCOCCOC[C@H](CC)CCCC,-3.9942741056
[Na+].[Na+].[Cr+3].Cc1nn(c([O-])c1N=Nc2cc(ccc2[O-])[S]([O-])(=O)=O)c3ccccc3.[O-]c4ccc(cc4N=Nc5c([O-])ccc6ccccc56)N=Nc7ccccc7,Cc1nn(-c2ccccc2)c([O-])c1N=Nc1cc(S(=O)(=O)[O-])ccc1[O-].[Cr+3].[Na+].[Na+].[O-]c1ccc(N=Nc2ccccc2)cc1N=Nc1c([O-])ccc2ccccc12,-2.6916066775
CCOC(=C)C1C(C)(C)CC(=O)CC1(C)C,C=C(OCC)C1C(C)(C)CC(=O)CC1(C)C,-3.6433442829
[Cl-].C[N+](C)=CCC(O)CC(N)=O,C[N+](C)=CCC(O)CC(N)=O.[Cl-],0.5931295033
[O-][N+](=O)c1cc(Cl)cc(Cl)c1,O=[N+]([O-])c1cc(Cl)cc(Cl)c1,-3.5843334863
SC1CCCCC1,SC1CCCCC1,-3.3672139557
[S--].[S--].[Sn+4],[S-2].[S-2].[Sn+4],-3.5808418514
Cc1cccc(C)c1NC(=O)C[NH+]2CC[NH2+]CC2,Cc1cccc(C)c1NC(=O)C[NH+]1CC[NH2+]CC1,0.4432827885
[Na+].[Na+].[Na+].OC([O-])=O.[O-]C([O-])=O,O=C([O-])O.O=C([O-])[O-].[Na+].[Na+].[Na+],0.0508613621999999
N[S](=O)(=O)c1sc(Cl)cc1,NS(=O)(=O)c1ccc(Cl)s1,-3.2959363681
CC(C)N(C(=O)CO)c1ccc(F)cc1,CC(C)N(C(=O)CO)c1ccc(F)cc1,-1.1786398993
[OH-].[Cu++].[Cu++].[O-][P]([O-])([O-])=O,O=P([O-])([O-])[O-].[Cu+2].[Cu+2].[OH-],-3.7450548094
CCCCCCC(=O)OCC=C,C=CCOC(=O)CCCCCC,-3.5976237668
CCCCCCCc1ccc(O)cc1,CCCCCCCc1ccc(O)cc1,-3.6597017052
CCCCCCCCCc1ccc(OCC(O)=O)cc1,CCCCCCCCCc1ccc(OCC(=O)O)cc1,-3.8425967597
[Zn++].[Zn++].[Zn++].OC(CC([O-])=O)(CC([O-])=O)C([O-])=O.OC(CC([O-])=O)(CC([O-])=O)C([O-])=O,O=C([O-])CC(O)(CC(=O)[O-])C(=O)[O-].O=C([O-])CC(O)(CC(=O)[O-])C(=O)[O-].[Zn+2].[Zn+2].[Zn+2],-2.2540402576
CCCCCCCCCC(C)(C)SSC1=NNC(=S)S1,CCCCCCCCCC(C)(C)SSc1n[nH]c(=S)s1,-3.9885639112
CC(O)C(C)\C=C/C1CC=C(C)C1(C)C,CC1=CCC(/C=C\C(C)C(C)O)C1(C)C,-3.786028703399999
[H+].[Cl-].NNC(=O)C(N)CO,NNC(=O)C(N)CO.[Cl-].[H+],0.5104628122
CC(C)(c1ccc(O)c(CC=C)c1)c2ccc(O)c(CC=C)c2,C=CCc1cc(C(C)(C)c2ccc(O)c(CC=C)c2)ccc1O,-3.9963835519
CC(C)CC1(C)OCC(CO)O1,CC(C)CC1(C)OCC(CO)O1,-0.7059803773000001
F[S](F)(F)(F)(F)F,FS(F)(F)(F)(F)F,-3.6731547352
CC(C)CCCCCN(CCCCCC(C)C)CCCCCC(C)C,CC(C)CCCCCN(CCCCCC(C)C)CCCCCC(C)C,-4.0572475801
C1CN(CCC1Nc2ccccc2)Cc3ccccc3,c1ccc(CN2CCC(Nc3ccccc3)CC2)cc1,-3.9542229462
OC(=O)C(CCBr)(c1ccccc1)c2ccccc2,O=C(O)C(CCBr)(c1ccccc1)c1ccccc1,-4.0694912575
CC12CCC(=O)C=C1C=CC3C2CCC4(C)C3CCC45CCC(=O)O5,CC12CCC(=O)C=C1C=CC1C2CCC2(C)C1CCC21CCC(=O)O1,-4.1007061575
[Na+].[Na+].CCCCCCCC\C=C/CCCCCCCCNC(=O)CC(C([O-])=O)[S]([O-])(=O)=O,CCCCCCCC/C=C\CCCCCCCCNC(=O)CC(C(=O)[O-])S(=O)(=O)[O-].[Na+].[Na+],-0.0195157831
CC(=C)C(=O)OCC(F)(F)C(F)(F)C(F)(F)C(F)F,C=C(C)C(=O)OCC(F)(F)C(F)(F)C(F)(F)C(F)F,-4.0459673488
CC(C)(C)CCCCC(O)=O,CC(C)(C)CCCCC(=O)O,-2.4750431492
COCc1ccc(cc1)c2ccc(COC)cc2,COCc1ccc(-c2ccc(COC)cc2)cc1,-4.0023686333
CCCCCCCCCCCCCCOC(=O)OOC(=O)OCCCCCCCCCCCCCC,CCCCCCCCCCCCCCOC(=O)OOC(=O)OCCCCCCCCCCCCCC,-4.3499005787
S=[Fe],[Fe+2].[S-2],-3.6218288656
C1C=CC2C3CC(C=C3)C12,C1=CC2C3C=CC(C3)C2C1,-3.8202211698
CC(C)CCCC(C)CCCC(C)=O,CC(=O)CCCC(C)CCCC(C)C,-4.0051761335
C1CCC\C=C/CC1,C1=C\CCCCCC/1,-3.770339988
CN(C)C(=S)SSC(=S)N(C)C,CN(C)C(=S)SSC(=S)N(C)C,-4.1161961212
CO[Si](CC(C)C)(OC)C(C)C,CO[Si](CC(C)C)(OC)C(C)C,-4.0243009096
CN1C(C)(C)CC(CC1(C)C)OC(=O)CC(C(CC(=O)OC2CC(C)(C)N(C)C(C)(C)C2)C(=O)OC3CC(C)(C)N(C)C(C)(C)C3)C(=O)OC4CC(C)(C)N(C)C(C)(C)C4,CN1C(C)(C)CC(OC(=O)CC(C(=O)OC2CC(C)(C)N(C)C(C)(C)C2)C(CC(=O)OC2CC(C)(C)N(C)C(C)(C)C2)C(=O)OC2CC(C)(C)N(C)C(C)(C)C2)CC1(C)C,-4.672731896
[H+].[Cl-].OC(=O)C1CCNCC1,O=C(O)C1CCNCC1.[Cl-].[H+],0.3840315922999999
CCOC(=O)C1=C(COCCN2C(=O)c3ccccc3C2=O)NC(=C(C1c4ccccc4Cl)C(=O)OC)C,CCOC(=O)C1=C(COCCN2C(=O)c3ccccc3C2=O)NC(C)=C(C(=O)OC)C1c1ccccc1Cl,-4.5011269518
C=CCOC(=O)CCC1CCCCC1,C=CCOC(=O)CCC1CCCCC1,-4.0624492536000005
CCOc1nc(NC)nc(NC(=O)N[S](=O)(=O)c2ccccc2C(=O)OC)n1,CCOc1nc(NC)nc(NC(=O)NS(=O)(=O)c2ccccc2C(=O)OC)n1,-4.387910768899999
[Ca++].[O-]C([O-])=O,O=C([O-])[O-].[Ca+2],-3.7802652447
Cc1cc(Cc2ccc(N)c(C)c2)ccc1N,Cc1cc(Cc2ccc(N)c(C)c2)ccc1N,-4.1506087086
CCCCNC(=S)N(CCCC)CCCC,CCCCNC(=S)N(CCCC)CCCC,-4.1840665057
CCCCC(CC)CNCC(CC)CCCC,CCCCC(CC)CNCC(CC)CCCC,-4.2367225564
Nc1ccc(Cc2ccc(N)c(Cl)c2)cc1Cl,Nc1ccc(Cc2ccc(N)c(Cl)c2)cc1Cl,-4.2868907228
CC(O)C(C)(C)\C=C\C1CC=C(C)C1(C)C,CC1=CCC(/C=C/C(C)(C)C(C)O)C1(C)C,-4.2167463336
CC(CC(C)(C)C)C[P](O)(=O)CC(C)CC(C)(C)C,CC(CC(C)(C)C)CP(=O)(O)CC(C)CC(C)(C)C,-4.366128471100001
N[S](=O)(=O)c1ccc(NC(=S)Nc2ccc(F)cc2)cc1,NS(=O)(=O)c1ccc(NC(=S)Nc2ccc(F)cc2)cc1,-2.9899599684
CCOC(=O)c1nn(c2ccc(OC)cc2)c3C(=O)N(CCc13)c4ccc(cc4)N5CCCCC5=O,CCOC(=O)c1nn(-c2ccc(OC)cc2)c2c1CCN(c1ccc(N3CCCCC3=O)cc1)C2=O,-4.6282058436
ON1CC(=O)N=C2C=CC(=CC2=C1c3ccccc3Cl)Cl,O=C1CN(O)C(c2ccccc2Cl)=c2cc(Cl)ccc2=N1,-4.4653328209
CCCCCC,CCCCCC,-3.9441703352
NC(NC#N)=NCCCCCCN=C(N)NC#N,N#CNC(N)=NCCCCCCN=C(N)NC#N,-4.4346903729000005
CCC(=O)OC(C)(CCC=C(C)C)C=C,C=CC(C)(CCC=C(C)C)OC(=O)CC,-4.3823578934
[Na+].[Na+].[Na+].[Cr+3].Cc1nn(c([O-])c1N=Nc2c([O-])cc(c3ccccc23)[S]([O-])(=O)=O)c4ccccc4.Cc5nn(c([O-])c5N=Nc6c([O-])cc(c7ccccc67)[S]([O-])(=O)=O)c8ccccc8,Cc1nn(-c2ccccc2)c([O-])c1N=Nc1c([O-])cc(S(=O)(=O)[O-])c2ccccc12.Cc1nn(-c2ccccc2)c([O-])c1N=Nc1c([O-])cc(S(=O)(=O)[O-])c2ccccc12.[Cr+3].[Na+].[Na+].[Na+],-1.2121028981
CCCCCCCCCCCCCCCCCCCCCC[N+](C)(C)C.CO[S]([O-])(=O)=O,CCCCCCCCCCCCCCCCCCCCCC[N+](C)(C)C.COS(=O)(=O)[O-],-4.8359730654
COC1=Cc2ccccc2Nc3ccccc13,COC1=Cc2ccccc2Nc2ccccc21,-4.5144193944
CC(C)CCCC(C)CCCC(C)CCCC(C)(O)C=C,C=CC(C)(O)CCCC(C)CCCC(C)CCCC(C)C,-4.7086538251
CCN(CC)c1ccc(cc1)[C+](c2ccccc2)c3ccc(cc3)N(CC)CC.O[S]([O-])(=O)=O,CCN(CC)c1ccc([C+](c2ccccc2)c2ccc(N(CC)CC)cc2)cc1.O=S(=O)([O-])O,-2.0572883439
CC[C@]12CCC3=C(CCc4cc(OC)ccc34)[C@@H]1CCC2=O,CC[C@]12CCC3=C(CCc4cc(OC)ccc43)[C@@H]1CCC2=O,-4.772922847
COC1=CCC2=C(CC[C@@H]3[C@@H]2CC[C@]4(C)[C@@H](O)CC[C@@H]34)C1,COC1=CCC2=C(CC[C@@H]3[C@@H]2CC[C@]2(C)[C@@H](O)CC[C@@H]32)C1,-4.7610719313
CCC1(C/C=C2/CCCc3cc(OC)ccc23)C(=O)CCC1=O,CCC1(C/C=C2/CCCc3cc(OC)ccc32)C(=O)CCC1=O,-4.838817118500001
[Mn++].[O-]C([O-])=O,O=C([O-])[O-].[Mn+2],-4.5005872378
CC(=O)OC1N=C(c2ccccc2Cl)c3cc(Cl)ccc3NC1=O,CC(=O)OC1N=C(c2ccccc2Cl)c2cc(Cl)ccc2NC1=O,-5.028666922799999
COC1=CCC2=C(CCC3C2CCC4(C)C3CCC4=O)C1,COC1=CCC2=C(CCC3C2CCC2(C)C(=O)CCC32)C1,-4.9798745042000006
N(c1ccccc1)c2cccc3ccccc23,c1ccc(Nc2cccc3ccccc23)cc1,-4.8638916314
O=C(OCCOC(=O)c1ccccc1)c2ccccc2,O=C(OCCOC(=O)c1ccccc1)c1ccccc1,-5.0700925015
O=[Ni],[Ni+2].[O-2],-4.5191656494
CC1CCC2(C)C(=CCCC2(C)C1OC=O)C,CC1=CCCC2(C)C(OC=O)C(C)CCC12C,-5.0311421132
COC(=O)CCc1cc(c(O)c(c1)C(C)(C)C)C(C)(C)C,COC(=O)CCc1cc(C(C)(C)C)c(O)c(C(C)(C)C)c1,-5.1235829068
C1CC(CC=C1)C2OCC3(CO2)COC(OC3)C4CCC=CC4,C1=CCC(C2OCC3(CO2)COC(C2CC=CCC2)OC3)CC1,-5.2397354439
CCC(C)C(C)C(C)CCc1ccc(O)cc1,CCC(C)C(C)C(C)CCc1ccc(O)cc1,-5.1824053879
CC[C@]12CC[C@H]3[C@@H](CCC4=C3CC=C(C4)OC)[C@@H]1CCC2=O,CC[C@]12CC[C@@H]3C4=C(CC[C@H]3[C@@H]1CCC2=O)CC(OC)=CC4,-5.363817292
CC(C)CCCCCCCOC(=O)c1ccc(C(=O)OCCCCCCCC(C)C)c(c1)C(=O)OCCCCCCCC(C)C,CC(C)CCCCCCCOC(=O)c1ccc(C(=O)OCCCCCCCC(C)C)c(C(=O)OCCCCCCCC(C)C)c1,-5.7065739478
[OH-].[OH-].[OH-].[Cl-].[Cu++].[Cu++],[Cl-].[Cu+2].[Cu+2].[OH-].[OH-].[OH-],-5.2539851522
[Zn++].CN(C)C([S-])=S.CN(C)C([S-])=S,CN(C)C(=S)[S-].CN(C)C(=S)[S-].[Zn+2],-5.4987140306
CC(C)CCCC(C)CCCC(C)CCCC(C)=O,CC(=O)CCCC(C)CCCC(C)CCCC(C)C,-5.4746775177
O=[Mn],[Mn+2].[O-2],-4.921453892
CC(C)C(=O)OC[C@H]1O[C@@](COC(C)=O)(O[C@H]2O[C@H](COC(C)=O)[C@@H](OC(=O)C(C)C)[C@H](OC(=O)C(C)C)[C@H]2OC(=O)C(C)C)[C@@H](OC(=O)C(C)C)[C@@H]1OC(=O)C(C)C,CC(=O)OC[C@H]1O[C@H](O[C@]2(COC(C)=O)O[C@H](COC(=O)C(C)C)[C@@H](OC(=O)C(C)C)[C@@H]2OC(=O)C(C)C)[C@H](OC(=O)C(C)C)[C@@H](OC(=O)C(C)C)[C@@H]1OC(=O)C(C)C,-6.0735348087
[Mn],[Mn],-4.894774805
[F-].[F-].[F-].[La+3],[F-].[F-].[F-].[La+3],-5.535398327699999
O=C(CC(=O)c1ccccc1)c2ccccc2,O=C(CC(=O)c1ccccc1)c1ccccc1,-5.6579029620000005
CC1=CC(=N/Nc2ccccc2[N+]([O-])=O)\C(=O)C=C1,CC1=C/C(=N\Nc2ccccc2[N+](=O)[O-])C(=O)C=C1,-5.7475958635
O=[Cu],[Cu+2].[O-2],-5.3051166643
[Fe+3].[Fe+3].[Fe+3].[Fe+3].[O-][P]([O-])(=O)O[P]([O-])([O-])=O.[O-][P]([O-])(=O)O[P]([O-])([O-])=O.[O-][P]([O-])(=O)O[P]([O-])([O-])=O,O=P([O-])([O-])OP(=O)([O-])[O-].O=P([O-])([O-])OP(=O)([O-])[O-].O=P([O-])([O-])OP(=O)([O-])[O-].[Fe+3].[Fe+3].[Fe+3].[Fe+3],-6.3076085303
CCCCCCCCCCCCS[Sn](CCCC)(CCCC)SCCCCCCCCCCCC,CCCCCCCCCCCC[S][Sn]([CH2]CCC)([CH2]CCC)[S]CCCCCCCCCCCC,-6.295424349
CCCCCCCCCCCCCCCCCCCCCCOC(=O)CCCCCCCCC(=O)OCCCCCCCCCCCCCCCCCCCCCC,CCCCCCCCCCCCCCCCCCCCCCOC(=O)CCCCCCCCC(=O)OCCCCCCCCCCCCCCCCCCCCCC,-6.405660228
CC(=O)OC1(CCC2C3CC(=C)C4=CC(=O)CCC4(C)C3CCC12C)C(C)=O,C=C1CC2C(CCC3(C)C2CCC3(OC(C)=O)C(C)=O)C2(C)CCC(=O)C=C12,-6.1077931611
CCCCN(CCCC)C(=S)SCSC(=S)N(CCCC)CCCC,CCCCN(CCCC)C(=S)SCSC(=S)N(CCCC)CCCC,-6.2405235691
CCOC(=O)c1nn(c2ccc(OC)cc2)c3C(=O)N(CCc13)c4ccc(cc4)[N+]([O-])=O,CCOC(=O)c1nn(-c2ccc(OC)cc2)c2c1CCN(c1ccc([N+](=O)[O-])cc1)C2=O,-6.6187193264
CCCCCCCCCCCCCCCCCCOCCCN(C)C,CCCCCCCCCCCCCCCCCCOCCCN(C)C,-6.852054029800001
[Ta],[Ta],-6.9291741838
COc1ccc(c(O)c1)C(=O)c2ccccc2O,COc1ccc(C(=O)c2ccccc2O)c(O)c1,-7.2738841077
O=C1CCCCCN1C(=O)Nc2ccc(Cc3ccc(NC(=O)N4CCCCCC4=O)cc3)cc2,O=C1CCCCCN1C(=O)Nc1ccc(Cc2ccc(NC(=O)N3CCCCCC3=O)cc2)cc1,-7.763261261599999
Cc1ccc(Sc2ccc(cc2)C(=O)c3ccccc3)cc1,Cc1ccc(Sc2ccc(C(=O)c3ccccc3)cc2)cc1,-7.6154082599
CC(C(C)(C)C)C(C)(C)SSSC(C)(C)C(C)C(C)(C)C,CC(C(C)(C)C)C(C)(C)SSSC(C)(C)C(C)C(C)(C)C,-9.129966133
[Zn++].[O-][N+]([O-])=O.[O-][N+]([O-])=O,O=[N+]([O-])[O-].O=[N+]([O-])[O-].[Zn+2],0.7217551526
[Ba++].CC(C)(C)CC(C)(C)CC([O-])=O.CC(C)(C)CC(C)(C)CC([O-])=O,CC(C)(C)CC(C)(C)CC(=O)[O-].CC(C)(C)CC(C)(C)CC(=O)[O-].[Ba+2],-1.698832456
[Br-].CCCC[P+](CCCC)(CCCC)CCCC,CCCC[P+](CCCC)(CCCC)CCCC.[Br-],0.41483097
NC(CO)CO,NC(CO)CO,0.9744271172
[Ag+].[Ag+].O[S](O)(=O)=O,O=S(=O)(O)O.[Ag+].[Ag+],-1.5849835397999998
O.O.O.O.[Cl-].[Cl-].[Mn++],O.O.O.O.[Cl-].[Cl-].[Mn+2],0.5826413073
NC(CO)(CO)CO,NC(CO)(CO)CO,0.7906283690000001
[Br-].CC[NH+](CC)CC,CC[NH+](CC)CC.[Br-],0.5951972853999999
CO[S]([O-])(=O)=O.C[N+](CCO)(CCO)CCO,COS(=O)(=O)[O-].C[N+](CCO)(CCO)CCO,0.3926664196
[Na+].[Na+].CCCCCCCCCCCCCCCCc1c(Oc2ccccc2[S]([O-])(=O)=O)cccc1[S]([O-])(=O)=O,CCCCCCCCCCCCCCCCc1c(Oc2ccccc2S(=O)(=O)[O-])cccc1S(=O)(=O)[O-].[Na+].[Na+],0.2227653537
[NH4+].[NH4+].[O-]C(=O)CSSCC([O-])=O,O=C([O-])CSSCC(=O)[O-].[NH4+].[NH4+],0.4596030518
OCCCOCC(OCCCO)C(OCCCO)C(OCCCO)C(COCCCO)OCCCO,OCCCOCC(OCCCO)C(OCCCO)C(OCCCO)C(COCCCO)OCCCO,0.053341445
CC1=CC(=O)N2NC=NC2=N1,Cc1cc(=O)n2[nH]cnc2n1,-1.3471955313
[Na+].[Na+].Nc1ncnc2n(cnc12)[C@@H]3O[C@H](CO[P](O)(=O)O[P]([O-])(=O)O[P](O)([O-])=O)[C@@H](O)[C@H]3O,Nc1ncnc2c1ncn2[C@@H]1O[C@H](COP(=O)(O)OP(=O)([O-])OP(=O)([O-])O)[C@@H](O)[C@H]1O.[Na+].[Na+],0.0168879621
[Na+].[Na+].CN(CC(O)=O)C(N)=N[P]([O-])([O-])=O,CN(CC(=O)[O-])C(N)=NP(=O)([O-])O.[Na+].[Na+],0.3126582838
[Ba++].CCCCC(CC)C([O-])=O.CCCCC(CC)C([O-])=O,CCCCC(CC)C(=O)[O-].CCCCC(CC)C(=O)[O-].[Ba+2],-0.905288847
[Na+].OC[C@@H](O)[C@@H](O)[C@H](O)[C@@H](O)[C@@H](O)C([O-])=O,O=C([O-])[C@H](O)[C@H](O)[C@@H](O)[C@H](O)[C@H](O)CO.[Na+],0.3170701984
[Na+].[Na+].[O-]C(=O)CCC(=O)C([O-])=O,O=C([O-])CCC(=O)C(=O)[O-].[Na+].[Na+],0.4295256052
NCCCCCCCCCCN,NCCCCCCCCCCN,1.5277010030000002
[Na+].[Na+].CC(C)CCCCCCCO.OC(=O)CC(C(O)=O)[S](O)(=O)=O,CC(C)CCCCCCCO.O=C(O)CC(C(=O)O)S(=O)(=O)O.[Na+].[Na+],0.0810654195
[Na+].[Na+].N[C@@H](CCC([O-])=O)C([O-])=O,N[C@@H](CCC(=O)[O-])C(=O)[O-].[Na+].[Na+],0.3719654625999999
[Zn++].[O-]C(=O)c1ccccc1.[O-]C(=O)c2ccccc2,O=C([O-])c1ccccc1.O=C([O-])c1ccccc1.[Zn+2],-1.8168417251
CC1CO1,CC1CO1,0.8325704879000001
CCCCOCNC(=O)C=C,C=CC(=O)NCOCCCC,-0.6536630282
[Br-],[Br-],-0.3762292432999999
[Na+].CCCCCCCCCCCCN(CCC(O)=O)CCC([O-])=O,CCCCCCCCCCCCN(CCC(=O)[O-])CCC(=O)O.[Na+],-0.0407296334
[Na+].CCCCCCCC/C=C/CCCCCCCC(=O)N(C)CC([O-])=O,CCCCCCCC/C=C/CCCCCCCC(=O)N(C)CC(=O)[O-].[Na+],-0.0975222259999999
CC(O)C(=O)NCCO,CC(O)C(=O)NCCO,1.3070323786
[Ba++].[Ba++].[Ba++].[O-][P]([O-])([O-])=O.[O-][P]([O-])([O-])=O,O=P([O-])([O-])[O-].O=P([O-])([O-])[O-].[Ba+2].[Ba+2].[Ba+2],-1.3456118943000002
OCC1CCCO1,OCC1CCCO1,0.3887739198
CC(=C)C(=O)OCCO.O[P](O)(O)=O,C=C(C)C(=O)OCCO.O=P(O)(O)O,-0.9602557176
[Na+].[O-][S](=O)(=O)c1ccc(C=C)cc1,C=Cc1ccc(S(=O)(=O)[O-])cc1.[Na+],-0.0332510813
CC(=O)CC(C)=O,CC(=O)CC(C)=O,0.1864485079
COC(=O)CC(=O)OC,COC(=O)CC(=O)OC,0.0273419683
[Mg].[Mg].[Mg].OC(=O)CC(O)(CC(O)=O)C(O)=O.OC(=O)CC(O)(CC(O)=O)C(O)=O,O=C([O-])CC(O)(CC(=O)[O-])C(=O)[O-].O=C([O-])CC(O)(CC(=O)[O-])C(=O)[O-].[Mg+2].[Mg+2].[Mg+2],-1.5461258216999998
[Na+].OC[C@@H](O)[C@@H](O)[C@H](O)[C@@H](O)C(O)C([O-])=O,O=C([O-])C(O)[C@H](O)[C@@H](O)[C@H](O)[C@H](O)CO.[Na+],0.7066663199
CN(C)C(=N)N(C)C,CN(C)C(=N)N(C)C,0.9386229258
OCC(O)COC(=O)CS,O=C(CS)OCC(O)CO,0.7793742068
OCCOCCOCCOCCO,OCCOCCOCCOCCO,0.7116903978
CC(CCO)CCO,CC(CCO)CCO,0.927470714
CC(O)=O.OCCNCCO,CC(=O)O.OCCNCCO,0.7820188759000001
CO,CO,1.4942803838999998
CC(O)=O.OCCN(CCO)CCO,CC(=O)O.OCCN(CCO)CCO,0.6793511375
O=[S]1(=O)CCCC1,O=S1(=O)CCCC1,-0.079806903
CC(=C)C(=O)OCCO,C=C(C)C(=O)OCCO,-0.1144208137
Cl.CNCC(O)c1cccc(O)c1,CNCC(O)c1cccc(O)c1.Cl,-0.308924931
COC(C)(C)CCO,COC(C)(C)CCO,-0.072529286
[Zn++].CCCCO[P]([S-])(=S)OCCCC.CCCCO[P]([S-])(=S)OCCCC,CCCCOP(=S)([S-])OCCCC.CCCCOP(=S)([S-])OCCCC.[Zn+2],-2.5083839395
[Na+].[O-][S](=O)(=O)c1ccc(N\N=C2\C(=O)C=Cc3ccccc23)c4ccccc14,O=C1C=Cc2ccccc2/C1=N\Nc1ccc(S(=O)(=O)[O-])c2ccccc12.[Na+],-2.4263930478
[Zn++].CCCCC(CC)C([O-])=O.CCCCC(CC)C([O-])=O,CCCCC(CC)C(=O)[O-].CCCCC(CC)C(=O)[O-].[Zn+2],0.4554354087
[Na+].CCC(C)O[P]([S-])(=S)OC(C)CC,CCC(C)OP(=S)([S-])OC(C)CC.[Na+],-2.4221431699
CC(C)CCCCCC(=O)NCCCCCC(O)=O,CC(C)CCCCCC(=O)NCCCCCC(=O)O,-2.7708536118
CCCCCCCCC(O)=O,CCCCCCCCC(=O)O,-2.7221977641
OC(=O)c1ccc2cc(O)ccc2c1,O=C(O)c1ccc2cc(O)ccc2c1,-3.2789428853
[Ni][Ni][Ni]=[S]=S,S=S.[Ni][Ni][Ni],-4.5143091680000005
CC(C)(C)c1ccc(C=C)cc1,C=Cc1ccc(C(C)(C)C)cc1,-4.5633510279000005
Cc1cc(C)cc(c1)C(Cl)=O,Cc1cc(C)cc(C(=O)Cl)c1,-3.3292897203
[OH-].[OH-].[Cu++].[Cu++].[O-]C([O-])=O,O=C([O-])[O-].[Cu+2].[Cu+2].[OH-].[OH-],-5.1432191168
o1c(cnc1c2ccccc2)c3ccccc3,c1ccc(-c2cnc(-c3ccccc3)o2)cc1,-5.5532102962
O=[Mn]=O,[Mn+4].[O-2].[O-2],-6.1610484037
CCC(N)(CO)CO,CCC(N)(CO)CO,0.9015785325
O[Cr](=O)(=O)O[Cr](O)(=O)=O.c1ccncc1.c2ccncc2,[Cr+6].[Cr+6].[O-2].[O-2].[O-2].[O-2].[O-2].[OH-].[OH-].c1ccncc1.c1ccncc1,0.3990871293999999
[NH3+][C@H]1CCCC[C@H]1[NH3+],[NH3+][C@@H]1CCCC[C@@H]1[NH3+],0.8890064826
[Na+].[O-]CCS,OCC[S-].[Na+],0.9537303441
O=C1N(CC2CO2)C(=O)N(CC3CO3)C(=O)N1CC4CO4,O=c1n(CC2CO2)c(=O)n(CC2CO2)c(=O)n1CC1CO1,-1.495423095
CN(C)Cc1cc(CN(C)C)c(O)c(CN(C)C)c1,CN(C)Cc1cc(CN(C)C)c(O)c(CN(C)C)c1,0.5055163708
[Cs+].OC=O,O=CO.[Cs+],0.6746872011
OC(=O)COCCOCC(O)=O,O=C(O)COCCOCC(=O)O,0.6709250275
COCNC(=O)C(C)=C,C=C(C)C(=O)NCOC,0.7919653131000001
[Na+].[Na+].[Na+].[Na+].[Na+].[O-]C(=O)CN(CCN(CC([O-])=O)CC([O-])=O)CCN(CC([O-])=O)CC([O-])=O,O=C([O-])CN(CCN(CC(=O)[O-])CC(=O)[O-])CCN(CC(=O)[O-])CC(=O)[O-].[Na+].[Na+].[Na+].[Na+].[Na+],0.2012984367
CCCCNC1CC(C)(C)NC(C)(C)C1,CCCCNC1CC(C)(C)NC(C)(C)C1,0.5746150304
NC(N)=O.OC[P+](CO)(CO)CO.O[S]([O-])(=O)=O,NC(N)=O.O=S(=O)([O-])O.OC[P+](CO)(CO)CO,0.4036921179
[Na+].[Na+].[Na+].NC(=O)Nc1cc(Nc2nc(N)nc(Cl)n2)ccc1N=Nc3cc4c(cc(cc4[S]([O-])(=O)=O)[S]([O-])(=O)=O)cc3[S]([O-])(=O)=O,NC(=O)Nc1cc(Nc2nc(N)nc(Cl)n2)ccc1N=Nc1cc2c(S(=O)(=O)[O-])cc(S(=O)(=O)[O-])cc2cc1S(=O)(=O)[O-].[Na+].[Na+].[Na+],-1.0000005869
[Na+].[Na+].[O-][Si](=O)O[Si]([O-])=O,O=[Si]([O-])O[Si](=O)[O-].[Na+].[Na+],0.5846760173
CC(C)(C)OO,CC(C)(C)OO,0.8846472262999999
[Na+].CC1=NN(C(=O)C1N\N=C\2C=C(C=C(Cl)C2=O)[N+]([O-])=O)c3ccc(cc3)[S]([O-])(=O)=O,CC1=NN(c2ccc(S(=O)(=O)[O-])cc2)C(=O)C1N/N=C1\C=C([N+](=O)[O-])C=C(Cl)C1=O.[Na+],-0.8385771725
O.O.O.O.O.O.[Co++].[O-][N+]([O-])=O.[O-][N](=O)=O,O.O.O.O.O.O.O=[N+]([O-])[O-].O=[N+]([O-])[O-].[Co+2],0.3618761934
[Cl-].NC(N)=O.OC[P+](CO)(CO)CO,NC(N)=O.OC[P+](CO)(CO)CO.[Cl-],0.4251118411999999
CC(O)CN(CC(C)O)C(=O)CCCCC(=O)N(CC(C)O)CC(C)O,CC(O)CN(CC(C)O)C(=O)CCCCC(=O)N(CC(C)O)CC(C)O,0.2109933627
OC(=O)CCS,O=C(O)CCS,0.754917543
[H+].[Cl-].COC(=O)C(N)CO,COC(=O)C(N)CO.[Cl-].[H+],0.5774207675
CC1(C)COC(=O)C1O,CC1(C)COC(=O)C1O,0.6515307225
[Na+].[Cr+3].Cc1nn(c([O-])c1N=Nc2cc(Cl)c(cc2[O-])[S](N)(=O)=O)c3ccccc3.Cc4nn(c([O-])c4N=Nc5cc(Cl)c(cc5[O-])[S](N)(=O)=O)c6ccccc6,Cc1nn(-c2ccccc2)c(O)c1N=Nc1cc(Cl)c(S([NH-])(=O)=O)cc1O.Cc1nn(-c2ccccc2)c([O-])c1N=Nc1cc(Cl)c(S([NH-])(=O)=O)cc1[O-].[Cr+3].[Na+],-2.6924708965
CN(C)CCOCCN(C)CCO,CN(C)CCOCCN(C)CCO,0.4764657364
NC#N,N#CN,1.1245149893000002
NCCN1CCNC1=O,NCCN1CCNC1=O,0.6335459397
[Na+].[Na+].[Na+].[Na+].Nc1c(N=Nc2ccc(cc2)[S](=O)(=O)CCO[S]([O-])(=O)=O)c(cc3C=C(/C(=N/Nc4ccc(cc4)[S](=O)(=O)CCO[S]([O-])(=O)=O)C(=O)c13)[S]([O-])(=O)=O)[S]([O-])(=O)=O,Nc1c(N=Nc2ccc(S(=O)(=O)CCOS(=O)(=O)[O-])cc2)c(S(=O)(=O)[O-])cc2c1C(=O)/C(=N\Nc1ccc(S(=O)(=O)CCOS(=O)(=O)[O-])cc1)C(S(=O)(=O)[O-])=C2.[Na+].[Na+].[Na+].[Na+],-0.2552865172
[Cl-].CC(C)(C)CC(C)(C)c1ccc(OCCOCC[N+](C)(C)Cc2ccccc2)cc1,CC(C)(C)CC(C)(C)c1ccc(OCCOCC[N+](C)(C)Cc2ccccc2)cc1.[Cl-],0.0729096485
CC(C)(CO)[C@@H](O)C(=O)NCCCO,CC(C)(CO)[C@@H](O)C(=O)NCCCO,0.3944261529
CN(C)CCCN1CN(CCCN(C)C)CN(CCCN(C)C)C1,CN(C)CCCN1CN(CCCN(C)C)CN(CCCN(C)C)C1,0.1642130702
[Cr].CC([O-])=O,CC(=O)[O-].[Cr],0.6534905512
C[C@@H]1O[C@@H](O[C@@H]2[C@H](C)O[C@@H](O)[C@@H](O[S](O)(=O)=O)[C@@H]2O[S](O)(=O)=O)[C@@H](O[S](O)(=O)=O)[C@H](O[C@@H]3O[C@@H](C)[C@@H](O[C@@H]4O[C@@H](C)[C@@H](O)[C@@H](O[C@@H]5O[C@@H](C)[C@@H](O)[C@@H](O[S](O)(=O)=O)[C@@H]5O[S](O)(=O)=O)[C@@H]4O[S](O)(=O)=O)[C@@H](O[S](O)(=O)=O)[C@@H]3O[S](O)(=O)=O)[C@@H]1O.OC[C@@H](O)[C@@H](O)[C@H](O)[C@H](O)CO.O[C@@H]6O[C@@H]([C@@H](O[C@@H]7O[C@@H]([C@@H](O)[C@H](O)[C@@H]7O)C(O)=O)[C@H](O)[C@@H]6O)C(O)=O,C[C@@H]1O[C@@H](O[C@H]2[C@@H](OS(=O)(=O)O)[C@H](OS(=O)(=O)O)[C@H](O)O[C@H]2C)[C@@H](OS(=O)(=O)O)[C@H](O[C@@H]2O[C@@H](C)[C@@H](O[C@@H]3O[C@@H](C)[C@@H](O)[C@@H](O[C@@H]4O[C@@H](C)[C@@H](O)[C@@H](OS(=O)(=O)O)[C@@H]4OS(=O)(=O)O)[C@@H]3OS(=O)(=O)O)[C@@H](OS(=O)(=O)O)[C@@H]2OS(=O)(=O)O)[C@@H]1O.O=C(O)[C@H]1O[C@@H](O[C@H]2[C@H](O)[C@H](O)[C@H](O)O[C@@H]2C(=O)O)[C@@H](O)[C@@H](O)[C@@H]1O.OC[C@@H](O)[C@@H](O)[C@H](O)[C@H](O)CO,-0.5892058636
CC(O)CN(CC(C)O)CC(C)O,CC(O)CN(CC(C)O)CC(C)O,0.4173208759
[Cl-].NCCCC[C@H](N)C(O)=O.[H+],NCCCC[C@H](N)C(=O)O.[Cl-].[H+],0.4373479501
[Na+].CC(C)(C[S]([O-])(=O)=O)NC(=O)C=C,C=CC(=O)NC(C)(C)CS(=O)(=O)[O-].[Na+],0.3386928662
CC1(O)CC(C)(O)OO1,CC1(O)CC(C)(O)OO1,0.5714408419
NCCNCCNCCNCCNCCN,NCCNCCNCCNCCNCCN,0.3327787326
CN(C)CCCNC1CC(C)(C)NC(C)(C)C1,CN(C)CCCNC1CC(C)(C)NC(C)(C)C1,0.316191362
[Ni++].O[P](O)([O-])=O.O[P](O)([O-])=O,O=P([O-])(O)O.O=P([O-])(O)O.[Ni+2],0.2964249182
[Na+].CC(C)COC(=O)CC(C(=O)OCC(C)C)[S]([O-])(=O)=O,CC(C)COC(=O)CC(C(=O)OCC(C)C)S(=O)(=O)[O-].[Na+],0.1773743212
[Na+].CC(C)CC(C)OC(=O)CC(C(=O)OC(C)CC(C)C)[S]([O-])(=O)=O,CC(C)CC(C)OC(=O)CC(C(=O)OC(C)CC(C)C)S(=O)(=O)[O-].[Na+],0.1096259345
[Na+].CCCCC(CC)CO[S]([O-])(=O)=O,CCCCC(CC)COS(=O)(=O)[O-].[Na+],0.3329637961
[Na+].CCC([O-])=O,CCC(=O)[O-].[Na+],0.716422901
[Na+].[Na+].[Na+].OC1=CC(=O)\C(C=C1N=Nc2ccc(N=Nc3ccc(Nc4ccc(cc4[S]([O-])(=O)=O)[N+]([O-])=O)cc3)c5c2cccc5[S]([O-])(=O)=O)=N/Nc6ccc(Nc7ccc(cc7[S]([O-])(=O)=O)[N+]([O-])=O)cc6,O=C1C=C(O)C(N=Nc2ccc(N=Nc3ccc(Nc4ccc([N+](=O)[O-])cc4S(=O)(=O)[O-])cc3)c3c(S(=O)(=O)[O-])cccc23)=C/C1=N/Nc1ccc(Nc2ccc([N+](=O)[O-])cc2S(=O)(=O)[O-])cc1.[Na+].[Na+].[Na+],-0.3225773366
Cc1ccc(cc1)[S](O)(=O)=O.CC2(C)CC(N)CC(C)(CN)C2,CC1(C)CC(N)CC(C)(CN)C1.Cc1ccc(S(=O)(=O)O)cc1,0.1572981869
[Na+].[O-]C(=O)C=C,C=CC(=O)[O-].[Na+],0.7150841112
[OH-].C[N+](C)(C)CCO,C[N+](C)(C)CCO.[OH-],0.6032053211
[Na+].[K+].Oc1ccc2ccccc2c1N=Nc3ccc(cc3)N=Nc4cccc(c4)[S](=O)(=O)Nc5ccc6cc(cc(c6c5)[S]([O-])(=O)=O)[S]([O-])(=O)=O,O=S(=O)([O-])c1cc(S(=O)(=O)[O-])c2cc(NS(=O)(=O)c3cccc(N=Nc4ccc(N=Nc5c(O)ccc6ccccc56)cc4)c3)ccc2c1.[K+].[Na+],-1.2096462437
CC(CCN)CC(C)(C)CN,CC(CCN)CC(C)(C)CN,0.4781562172999999
[Na+].CCCCCCCCO[S]([O-])(=O)=O,CCCCCCCCOS(=O)(=O)[O-].[Na+],0.2872063056
CCNc1ccc(cc1C)C(c2ccc(NCC)c(C)c2)=C3C=CC(=NCC)C(=C3)C.CC(O)=O,CC(=O)O.CCN=C1C=CC(=C(c2ccc(NCC)c(C)c2)c2ccc(NCC)c(C)c2)C=C1C,-1.0232212865
CCCCCCCCCCCC(=O)NCCC[N+](C)(C)C.CO[S]([O-])(=O)=O,CCCCCCCCCCCC(=O)NCCC[N+](C)(C)C.COS(=O)(=O)[O-],-0.011381165
[Na+].CCCCCCC(CCCC)CO[S]([O-])(=O)=O,CCCCCCC(CCCC)COS(=O)(=O)[O-].[Na+],0.142087324
[Na+].[Na+].[Na+].[Na+].[Na+].NC(=O)Nc1cc(Nc2nc(Cl)nc(Nc3cc(N)c(cc3N=Nc4ccc(cc4)[S](=O)(=O)CCO[S]([O-])(=O)=O)[S]([O-])(=O)=O)n2)ccc1N=Nc5cc6c(cc(cc6[S]([O-])(=O)=O)[S]([O-])(=O)=O)cc5[S]([O-])(=O)=O,NC(=O)Nc1cc(Nc2nc(Cl)nc(Nc3cc(N)c(S(=O)(=O)[O-])cc3N=Nc3ccc(S(=O)(=O)CCOS(=O)(=O)[O-])cc3)n2)ccc1N=Nc1cc2c(S(=O)(=O)[O-])cc(S(=O)(=O)[O-])cc2cc1S(=O)(=O)[O-].[Na+].[Na+].[Na+].[Na+].[Na+],-0.5105575438000001
[Na+].[Na+].[Na+].[Na+].[Na+].[Na+].[O-][S](=O)(=O)c1ccc(cc1)N=Nc2ccc(N\N=C\3C(=O)c4ccc(NC(=O)Nc5ccc6C(=O)C(=N/Nc7ccc(cc7[S]([O-])(=O)=O)N=Nc8ccc(cc8)[S]([O-])(=O)=O)\C(=Cc6c5)[S]([O-])(=O)=O)cc4C=C3[S]([O-])(=O)=O)c(c2)[S]([O-])(=O)=O,O=C(Nc1ccc2c(c1)C=C(S(=O)(=O)[O-])/C(=N/Nc1ccc(N=Nc3ccc(S(=O)(=O)[O-])cc3)cc1S(=O)(=O)[O-])C2=O)Nc1ccc2c(c1)C=C(S(=O)(=O)[O-])/C(=N/Nc1ccc(N=Nc3ccc(S(=O)(=O)[O-])cc3)cc1S(=O)(=O)[O-])C2=O.[Na+].[Na+].[Na+].[Na+].[Na+].[Na+],-0.5694985454
[Li+].CCCCCCCCCCCCO[S]([O-])(=O)=O,CCCCCCCCCCCCOS(=O)(=O)[O-].[Li+],0.10896299
[Na+].CCCCCCCCCCO[S]([O-])(=O)=O,CCCCCCCCCCOS(=O)(=O)[O-].[Na+],0.1029880533
[K+].[Fe+3].[O-]C(=O)CN(CCN(CC([O-])=O)CC([O-])=O)CC([O-])=O,O=C([O-])CN(CCN(CC(=O)[O-])CC(=O)[O-])CC(=O)[O-].[Fe+3].[K+],-0.0920128034
CCCCCCCC\C=C/CCCCCCCC(=O)N(C)CC(O)=O.OCCN(CCO)CCO,CCCCCCCC/C=C\CCCCCCCC(=O)N(C)CC(=O)O.OCCN(CCO)CCO,0.7757804054999999
OCC(O)=O,O=C(O)CO,0.5960163257
[H+].[Cl-].CN(C)C(=N)N=C(N)N,CN(C)C(=N)N=C(N)N.[Cl-].[H+],0.257987497
N#CCN(CC#N)CC#N,N#CCN(CC#N)CC#N,-1.6475578342
[K+].CCCCCCCC\C=C/CCCCCCCC(=O)N(C)CC([O-])=O,CCCCCCCC/C=C\CCCCCCCC(=O)N(C)CC(=O)[O-].[K+],-0.1215920041
CC(C)OC(C)=O,CC(=O)OC(C)C,-0.5467680909
CC(=O)OCC(=C)COC(C)=O,C=C(COC(C)=O)COC(C)=O,-0.7796166704
Cc1ccccc1O[P](S)(=S)Oc2ccccc2C,Cc1ccccc1OP(=S)(S)Oc1ccccc1C,-1.0605299646
CCCC(CCC)CCCC1COCCN1CCO,CCCC(CCC)CCCC1COCCN1CCO,0.9642581623
[Na+].CNCC[S]([O-])(=O)=O,CNCCS(=O)(=O)[O-].[Na+],0.1906881396
[Al+3].[Cl-].[Cl-].[Cl-].[Cl-].[Cl-].[Cl-].[Cl-].[Ti+4],[Al+3].[Cl-].[Cl-].[Cl-].[Cl-].[Cl-].[Cl-].[Cl-].[Ti+4],-0.1112894041
[Na+].[Na+].Nc1c2C(=O)c3ccccc3C(=O)c2c(Nc4cccc(c4)[S](=O)(=O)CCO[S]([O-])(=O)=O)cc1[S]([O-])(=O)=O,Nc1c(S(=O)(=O)[O-])cc(Nc2cccc(S(=O)(=O)CCOS(=O)(=O)[O-])c2)c2c1C(=O)c1ccccc1C2=O.[Na+].[Na+],-0.4545358261
O[C@@H]1CO[C@@H]2[C@@H](O)CO[C@H]12,O[C@@H]1CO[C@H]2[C@@H]1OC[C@@H]2O,1.1774501829
NCc1ccc(CN)cc1,NCc1ccc(CN)cc1,1.1750718055
COC1COC2C(COC12)OC,COC1COC2C(OC)COC12,1.0599918174
[Na+].[Na+].[O-][S](=O)(=O)c1cc2ccc(nc2c(c1)[S]([O-])(=O)=O)C3C(=O)c4ccccc4C3=O,O=C1c2ccccc2C(=O)C1c1ccc2cc(S(=O)(=O)[O-])cc(S(=O)(=O)[O-])c2n1.[Na+].[Na+],-0.3778369537
[NH4+].COc1cc(c(C)cc1NC(=O)CC(C)=O)[S]([O-])(=O)=O,COc1cc(S(=O)(=O)[O-])c(C)cc1NC(=O)CC(C)=O.[NH4+],-0.2018762227
[Na+].[Na+].[Na+].[Na+].Oc1cc(O)c(cc1N=Nc2ccc(Nc3ccc(cc3[S]([O-])(=O)=O)[N+]([O-])=O)cc2)N=Nc4cc(cc5cc(c(N=Nc6ccc(Nc7ccc(cc7[S]([O-])(=O)=O)[N+]([O-])=O)cc6)c(O)c45)[S]([O-])(=O)=O)[S]([O-])(=O)=O,O=[N+]([O-])c1ccc(Nc2ccc(N=Nc3cc(N=Nc4cc(S(=O)(=O)[O-])cc5cc(S(=O)(=O)[O-])c(N=Nc6ccc(Nc7ccc([N+](=O)[O-])cc7S(=O)(=O)[O-])cc6)c(O)c45)c(O)cc3O)cc2)c(S(=O)(=O)[O-])c1.[Na+].[Na+].[Na+].[Na+],-0.7667514499
[Na+].[Na+].[O-][S](=O)(=O)c1cccc(c1)N=Nc2ccc(N=Nc3ccc(Nc4ccccc4)c5c3cccc5[S]([O-])(=O)=O)c6ccccc26,O=S(=O)([O-])c1cccc(N=Nc2ccc(N=Nc3ccc(Nc4ccccc4)c4c(S(=O)(=O)[O-])cccc34)c3ccccc23)c1.[Na+].[Na+],-0.5325397259
CCCCCCCCCCCCN(CCCN)CCCN,CCCCCCCCCCCCN(CCCN)CCCN,-0.1977113735
COc1cc(ccc1NC(=O)c2ccc(cc2)N=Nc3c(O)nc(NC#N)nc3[O-])N=Nc4ccc5cc(cc(c5c4)[S]([O-])(=O)=O)[S]([O-])(=O)=O.OCC[NH+](CCO)CCO.OCC[NH+](CCO)CCO.OCC[NH+](CCO)CCO,COc1cc(N=Nc2ccc3cc(S(=O)(=O)[O-])cc(S(=O)(=O)[O-])c3c2)ccc1NC(=O)c1ccc(N=Nc2c([O-])nc(NC#N)nc2O)cc1.OCC[NH+](CCO)CCO.OCC[NH+](CCO)CCO.OCC[NH+](CCO)CCO,-0.8216489824
[Na+].CC(C)CCCCCCCOC(=O)CC(C(=O)OCCCCCCCC(C)C)[S]([O-])(=O)=O,CC(C)CCCCCCCOC(=O)CC(C(=O)OCCCCCCCC(C)C)S(=O)(=O)[O-].[Na+],-0.4691061177
[H+].[Cl-].CC(C)(N=NC(C)(C)C(N)=N)C(N)=N,CC(C)(N=NC(C)(C)C(=N)N)C(=N)N.[Cl-].[H+],-0.1451393328
[Cl-].COC[P+](c1ccccc1)(c2ccccc2)c3ccccc3,COC[P+](c1ccccc1)(c1ccccc1)c1ccccc1.[Cl-],0.5063442706
[NH4+].[Cl-].[Cl-].[Cl-].[Cl-].[Au+3],[Au+3].[Cl-].[Cl-].[Cl-].[Cl-].[NH4+],0.4889459304999999
[Ca++].[O-][PH]([O-])=O,O=[PH]([O-])[O-].[Ca+2],0.9487769325
N.N.N.N.[Pd++].CC([O-])=O.CC([O-])=O,CC(=O)[O-].CC(=O)[O-].N.N.N.N.[Pd+2],0.5414259625
CC(CO)(CO)C=O,CC(C=O)(CO)CO,0.9289333763
NCCNCCNCCN.NCCN(CCN)CCN,NCCN(CCN)CCN.NCCNCCNCCN,0.5339097655
NCCNCCNCCNCCN.NCCNCCN(CCN)CCN,NCCNCCN(CCN)CCN.NCCNCCNCCNCCN,0.4218033311999999
CN(C)CCCN,CN(C)CCCN,0.9906298514
[Cl-].CCN(CCC[NH+](C)C)C#N,CCN(C#N)CCC[NH+](C)C.[Cl-],0.7173642943999999
CCC1(CO)COCOC1,CCC1(CO)COCOC1,0.8350942171
CC(C)(C)CCCCCCCC(O)=O,CC(C)(C)CCCCCCCC(=O)O,-2.1113969493
CN1CCCN(C)C1=O,CN1CCCN(C)C1=O,0.8921966739
OCC1CN2CCN1CC2,OCC1CN2CCN1CC2,0.8470942954
CN1CCN(C)CC1,CN1CCN(C)CC1,0.9423643206
CCOCCOCCOC,CCOCCOCCOC,0.8291459354999999
CCN1CCCC1=O,CCN1CCCC1=O,0.9463070612
OCCCOC(=O)C=C,C=CC(=O)OCCCO,0.8855791863
Cn1ccnc1,Cn1ccnc1,1.0856251051
CC(O)CN(CCCN(C)C)CCCN(C)C,CC(O)CN(CCCN(C)C)CCCN(C)C,0.6101059749000001
NCCOCCN,NCCOCCN,0.9823282162
COCCOCCOCCOCCOC,COCCOCCOCCOCCOC,0.6530976581
COCCOCCOCCOC,COCCOCCOCCOC,0.7490240663
CC1CNCC(C)O1,CC1CNCC(C)O1,0.9386380084
NCCO.OC(=O)CS,NCCO.O=C(O)CS,0.8147327303
CC(CCC(O)=O)C(O)=O,CC(CCC(=O)O)C(=O)O,0.8352249534999999
OC(=O)CC(=O)C(O)=O,O=C(O)CC(=O)C(=O)O,0.8791925338
OCC(O)COCC(O)CO,OCC(O)COCC(O)CO,0.7794395395
Cl.CC1=C(CCCl)C(=O)N2CCCCC2=N1,Cc1nc2n(c(=O)c1CCCl)CCCC2.Cl,0.57976692
OCN1C(NC(=O)NCNC(=O)NC2N(CO)C(=O)NC2=O)C(=O)NC1=O,O=C(NCNC(=O)NC1C(=O)NC(=O)N1CO)NC1C(=O)NC(=O)N1CO,0.4108359647999999
NCC(O)CO,NCC(O)CO,1.0404339534
Cc1[nH]ncc1,Cc1ccn[nH]1,1.0856251051
CC(=O)CC(N)=O,CC(=O)CC(N)=O,0.9952273665
OCC1COC(=O)O1,O=C1OCC(CO)O1,0.9277942328
CC(=O)N1CCOCC1,CC(=O)N1CCOCC1,0.8888753261
OCCOCC(COCCO)OCCO,OCCOCC(COCCO)OCCO,0.6492617384
[Cl-].C[N+](C)(C)C,C[N+](C)(C)C.[Cl-],0.9601894459
CN(C)C(=O)CC(C)=O,CC(=O)CC(=O)N(C)C,0.8888753261
CN(C)CCCNC=O,CN(C)CCCNC=O,0.8854190372
CNC=O,CNC=O,1.2286477338
[NH4+].[O-]C(=O)CS,O=C([O-])CS.[NH4+],0.96197626
OCCN(CCO)CCO.OCCN(CCO)CCO.OC(=O)CCCCCCCCCCC(O)=O,O=C(O)CCCCCCCCCCC(=O)O.OCCN(CCO)CCO.OCCN(CCO)CCO,0.2768038328
CN(CCCN)CCCN,CN(CCCN)CCCN,0.8378838589000001
[Cl-].[Cs+],[Cl-].[Cs+],0.7737662420999999
[OH-].[Cs+],[Cs+].[OH-],0.8241636018
[Ca++].OCC1OB(O)OC1C(O)C(O)C([O-])=O.OCC2OB(O)OC2C(O)C(O)C([O-])=O,O=C([O-])C(O)C(O)C1OB(O)OC1CO.O=C([O-])C(O)C(O)C1OB(O)OC1CO.[Ca+2],0.3169727848
NCCO.NCCO.OC(O)=O,NCCO.NCCO.O=C(O)O,0.7347292364
[Cs+].[Cs+].[O-][S]([O-])(=O)=O,O=S(=O)([O-])[O-].[Cs+].[Cs+],0.4414438192
[K+].OC(=O)CCCCC(O)=O,O=C(O)CCCCC(=O)O.[K+],0.7322652276999999
[Na+].[Na+].CCN(Cc1cccc(c1)[S]([O-])(=O)=O)c2ccc(cc2)N=Nc3ccc(N=Nc4cccc(c4)[S]([O-])(=O)=O)c5ccccc35,CCN(Cc1cccc(S(=O)(=O)[O-])c1)c1ccc(N=Nc2ccc(N=Nc3cccc(S(=O)(=O)[O-])c3)c3ccccc23)cc1.[Na+].[Na+],0.1715437669999999
[Na+].[Na+].Nc1ccc(NNC2=C3C(=O)C=C(C=C3C=CC2=N)[S]([O-])(=O)=O)c(c1)[S]([O-])(=O)=O,N=C1C=CC2=CC(S(=O)(=O)[O-])=CC(=O)C2=C1NNc1ccc(N)cc1S(=O)(=O)[O-].[Na+].[Na+],0.3165863989999999
CC(=O)OCCOCCOCCOC(C)=O,CC(=O)OCCOCCOCCOC(C)=O,0.6303241084000001
CCOC(=O)N1CCC(=O)CC1,CCOC(=O)N1CCC(=O)CC1,0.7665063868
CCC[NH2+]CC,CCC[NH2+]CC,1.0546594571
[Cl-].[Cl-].[Cl-].[In+3],[Cl-].[Cl-].[Cl-].[In+3],0.6552600369
NC(=O)c1ccc[n+](c1)C2OC(CO[P]([O-])(=O)O[P](O)(=O)OCC3OC(C(O)C3O)n4cnc5c(N)ncnc45)C(O)C2O,NC(=O)c1ccc[n+](C2OC(COP(=O)([O-])OP(=O)(O)OCC3OC(n4cnc5c(N)ncnc54)C(O)C3O)C(O)C2O)c1,0.1782048937999999
O=C1CCCCCO1,O=C1CCCCCO1,0.9425469123
O=C1CCCO1,O=C1CCCO1,1.0650472922
C1CCNCC1,C1CCNCC1,1.0698153477
[K+].[S-]C#N,N#C[S-].[K+],1.0124096986
[K+].[O-][P](=O)(OCc1ccccc1)OCc2ccccc2,O=P([O-])(OCc1ccccc1)OCc1ccccc1.[K+],0.499854127
OCC#C,C#CCO,1.2513159198
OCCCO,OCCCO,1.1186438786
OCc1cccnc1,OCc1cccnc1,0.9620638041
[Na+].CCCCC(CC)C([O-])=O,CCCCC(CC)C(=O)[O-].[Na+],0.779379433
[Na+].COCCOCCOc1cc(Nc2c(C)cc(C)c(c2C)[S]([O-])(=O)=O)c3C(=O)c4ccccc4C(=O)c3c1N,COCCOCCOc1cc(Nc2c(C)cc(C)c(S(=O)(=O)[O-])c2C)c2c(c1N)C(=O)c1ccccc1C2=O.[Na+],0.2391231023999999
[Na+].CCOC(=O)c1ccc([O-])cc1,CCOC(=O)c1ccc([O-])cc1.[Na+],0.7254773119
[Na+].CCO[P]([S-])(=S)OCC,CCOP(=S)([S-])OCC.[Na+],0.6814775579000001
[Na+].CC(C)CO[P]([S-])(=S)OCC(C)C,CC(C)COP(=S)([S-])OCC(C)C.[Na+],0.5778568301
[Na+].[S-]C#N,N#C[S-].[Na+],1.0911130427
CC(C)COC(C)(C)C,CC(C)COC(C)(C)C,0.8852856245999999
C[N+](C)(C)C.OC(=O)c1ccccc1C([O-])=O,C[N+](C)(C)C.O=C([O-])c1ccccc1C(=O)O,0.6211099353
[OH-].C[N+](C)(C)C,C[N+](C)(C)C.[OH-],1.040224269
[Na+].[Na+].[Na+].Cc1cc(N\N=C\2C=CC(=O)C(=C2)C([O-])=O)c(OCCC[S]([O-])(=O)=O)cc1N=Nc3ccc(cc3[S]([O-])(=O)=O)[N+]([O-])=O,Cc1cc(N/N=C2\C=CC(=O)C(C(=O)[O-])=C2)c(OCCCS(=O)(=O)[O-])cc1N=Nc1ccc([N+](=O)[O-])cc1S(=O)(=O)[O-].[Na+].[Na+].[Na+],0.1614506128999999
[Zn++].[O-][P]([O-])([O-])=O.[O-][P]([O-])([O-])=O,O=P([O-])([O-])[O-].O=P([O-])([O-])[O-].[Zn+2],0.5928981548
CC1(C)CC(O)CC(C)(C)N1,CC1(C)CC(O)CC(C)(C)N1,-0.1966099864
NCCN1CCNCC1,NCCN1CCNCC1,-0.1112860428999999
CC(C)OCCO,CC(C)OCCO,-0.0176551044
NC(=O)CCNCCO,NC(=O)CCNCCO,-0.1211098882
CCN(CC)c1ccc(cc1)[C+](c2ccccc2)c3ccc(cc3)N(CC)CC.CC([O-])=O,CC(=O)[O-].CCN(CC)c1ccc([C+](c2ccccc2)c2ccc(N(CC)CC)cc2)cc1,-0.6479880176
CO[P](C)(=O)OC,COP(C)(=O)OC,-0.0936877841
CO[P+](=O)OC,CO[P+](=O)OC,-0.0375898256999999
CN(C)[P+](CC1CCCCC1)(N(C)C)N(C)C.F[B-](F)(F)F,CN(C)[P+](CC1CCCCC1)(N(C)C)N(C)C.F[B-](F)(F)F,-1.5071434524
FC(F)(F)C(F)(F)C(=O)C(F)(C(F)(F)F)C(F)(F)F,O=C(C(F)(F)C(F)(F)F)C(F)(C(F)(F)F)C(F)(F)F,-1.4997434273
[Cl-].[Cl-].[Cl-].[Cl-].[Pd++].[H+].[H+],[Cl-].[Cl-].[Cl-].[Cl-].[H+].[H+].[Pd+2],-1.3983706153
[Pd++].[O-][N+]([O-])=O.[O-][N+]([O-])=O,O=[N+]([O-])[O-].O=[N+]([O-])[O-].[Pd+2],-1.3625352504
[Na+].[Na+].[Na+].[Na+].[O-][S](=O)(=O)c1ccc(c(c1)N=Nc2ccc(N=Nc3ccc(N\N=C4/C(=O)C(=Cc5cc(Nc6ccccc6)ccc45)[S]([O-])(=O)=O)c7ccccc37)c8cc(ccc28)[S]([O-])(=O)=O)[S]([O-])(=O)=O,O=C1C(S(=O)(=O)[O-])=Cc2cc(Nc3ccccc3)ccc2/C1=N/Nc1ccc(N=Nc2ccc(N=Nc3cc(S(=O)(=O)[O-])ccc3S(=O)(=O)[O-])c3ccc(S(=O)(=O)[O-])cc23)c2ccccc12.[Na+].[Na+].[Na+].[Na+],-2.0236334836000003
OCCN(CCO)C(=O)CCCCCCCCC=C,C=CCCCCCCCCC(=O)N(CCO)CCO,-2.7615135856
CC(C)=CCCC(C)(OC=O)C=C,C=CC(C)(CCC=C(C)C)OC=O,-4.0405904263
O=C1NC(=CC=N1)NC(=O)c2ccccc2,O=C(Nc1ccnc(=O)[nH]1)c1ccccc1,-5.1596802151
Nc1c(I)c(C([O-])=O)c(I)c(C([O-])=O)c1I,Nc1c(I)c(C(=O)[O-])c(I)c(C(=O)[O-])c1I,-1.569622787
CCCCCCCCCCCCc1ccccc1[S](O)(=O)=O.CC(C)(N)CO,CC(C)(N)CO.CCCCCCCCCCCCc1ccccc1S(=O)(=O)O,0.2137915766
OC(=O)\C=C/C(=O)OCCOCCOCCOC(=O)\C=C/C(O)=O,O=C(O)/C=C\C(=O)OCCOCCOCCOC(=O)/C=C\C(=O)O,0.1595325622
[Na+].[Na+].CC(CCO[S](=O)(=O)c1ccccc1)[N-]c2ccc([N-]C(C)CCO[S](=O)(=O)c3ccccc3)c4C(=O)c5ccccc5C(=O)c24,CC(CCOS(=O)(=O)c1ccccc1)[N-]c1ccc([N-]C(C)CCOS(=O)(=O)c2ccccc2)c2c1C(=O)c1ccccc1C2=O.[Na+].[Na+],-0.4376461111999999
[Na+].[Cr+3].[O-]c1cc(c2ccccc2c1N=Nc3ccc4cccc(c4c3[O-])[S]([O-])(=O)=O)[S]([O-])(=O)=O,O=S(=O)([O-])c1cc([O-])c(N=Nc2ccc3cccc(S(=O)(=O)[O-])c3c2[O-])c2ccccc12.[Cr+3].[Na+],-1.171951452
Fc1cccc2CC(=O)Nc12,O=C1Cc2cccc(F)c2N1,-2.2251369084
CC(C)CCCCCCCOCCCNCCCN,CC(C)CCCCCCCOCCCNCCCN,-3.2048809276
[Na+].[Na+].Nc1ccc(N=Nc2ccc(NC(=O)c3ccc(cc3)N=Nc4c(N)c5C(=O)C(=N/Nc6ccccc6)/C(=Cc5cc4[S]([O-])(=O)=O)[S]([O-])(=O)=O)cc2)c(N)c1,Nc1ccc(N=Nc2ccc(NC(=O)c3ccc(N=Nc4c(S(=O)(=O)[O-])cc5c(c4N)C(=O)/C(=N/Nc4ccccc4)C(S(=O)(=O)[O-])=C5)cc3)cc2)c(N)c1.[Na+].[Na+],-1.3406827143
[Ce].[Ce].[O-]C(=O)C([O-])=O,O=C([O-])C(=O)[O-].[Ce].[Ce],-4.8732958362
CCCCCCC(=O)OCC(CC)(CO)COC(=O)CCCC,CCCCCCC(=O)OCC(CC)(CO)COC(=O)CCCC,-5.982567027000001
CCCCCCCC[Sn]1(CCCCCCCC)OC(=O)CS1,CCCCCCC[CH2][Sn+]([CH2]CCCCCCC)[S]CC(=O)[O-],-6.4456261549
CCOC(=O)C1CCC(CC1)C(=O)OCC,CCOC(=O)C1CCC(C(=O)OCC)CC1,-2.2512731137
[Sr++].[O-][Ti]([O-])=O,[O-2].[O-2].[O-2].[Sr+2].[Ti+6],-6.5279992996
ClCCCN1CCOCC1,ClCCCN1CCOCC1,0.7860892979999999
[Y+3].[O-][N+]([O-])=O.[O-][N+]([O-])=O.[O-][N+]([O-])=O,O=[N+]([O-])[O-].O=[N+]([O-])[O-].O=[N+]([O-])[O-].[Y+3],0.5453241375
CC1=C(C#N)C(=O)N(CCC(O)=O)C(=C1)O,Cc1cc(O)n(CCC(=O)O)c(=O)c1C#N,-1.4436540675999998
CC1=C(C(N)=O)C(=O)N(CCC(O)=O)C(=C1)O,Cc1cc(O)n(CCC(=O)O)c(=O)c1C(N)=O,-1.6024488726
CCCCCCCC(=O)NCCCC[C@H](N)C(O)=O,CCCCCCCC(=O)NCCCC[C@H](N)C(=O)O,0.0575708237
[Na+].[Na+].[Na+].[Na+].[O-][P]([O-])(=O)O[P]([O-])([O-])=O,O=P([O-])([O-])OP(=O)([O-])[O-].[Na+].[Na+].[Na+].[Na+],-0.1942710493
[Na+].[Na+].[Na+].[O-]O[P]([O-])(=O)CC([O-])=O,O=C([O-])CP(=O)([O-])O[O-].[Na+].[Na+].[Na+],0.301076949
[H+].[Cl-].CN(C\C=C\C#CC(C)(C)C)Cc1cccc2ccccc12,CN(C/C=C/C#CC(C)(C)C)Cc1cccc2ccccc12.[Cl-].[H+],-1.7198600749
[Na+].[K+].Nc1c(cc(NC2CCC(CC2)Nc3nc(F)nc(Nc4cc(ccc4[S]([O-])(=O)=O)[S]([O-])(=O)=O)n3)c5C(=O)c6ccccc6C(=O)c15)[S]([O-])(=O)=O,Nc1c(S(=O)(=O)[O-])cc(NC2CCC(Nc3nc(F)nc(Nc4cc(S(=O)(=O)[O-])ccc4S(=O)(=O)[O-])n3)CC2)c2c1C(=O)c1ccccc1C2=O.[K+].[Na+],-0.7569465698000001
[Cl-].CCN(CC)c1ccc(cc1)/C=C(C#N)/C(=O)OCCC[N+](C)(C)CCOC(=O)\C(=C\c2ccc(cc2)N(CC)CC)C#N,CCN(CC)c1ccc(/C=C(\C#N)C(=O)OCCC[N+](C)(C)CCOC(=O)/C(C#N)=C/c2ccc(N(CC)CC)cc2)cc1.[Cl-],-0.8036189217
FC(F)(F)[S](=O)(=O)N[S](=O)(=O)C(F)(F)F,O=S(=O)(NS(=O)(=O)C(F)(F)F)C(F)(F)F,0.4541441757
[Na+].[Cr+3].Cc1nn(c([O-])c1N=Nc2cc(Cl)cc(c2[O-])[S]([O-])(=O)=O)c3cccc(c3)[S]([O-])(=O)=O,Cc1nn(-c2cccc(S(=O)(=O)[O-])c2)c([O-])c1N=Nc1cc(Cl)cc(S(=O)(=O)[O-])c1[O-].[Cr+3].[Na+],-1.1331674849
CCCCCCCC\C=C/CCCCCCCCOCCO,CCCCCCCC/C=C\CCCCCCCCOCCO,-2.4949028287
CC(C)(C)c1cc(CCC(O)=O)cc(n2nc3ccccc3n2)c1O,CC(C)(C)c1cc(CCC(=O)O)cc(-n2nc3ccccc3n2)c1O,-5.53070544
CCCCCCC(O)CCCCCCCCCCC(=O)OCC(O)CO,CCCCCCC(O)CCCCCCCCCCC(=O)OCC(O)CO,-3.3974324562
CCN(CC)C1=C[C@@H]2Oc3cc(N(CC)CC)c(C)cc3C(=C2C=C1C)c4ccccc4C(=O)OC,CCN(CC)C1=C[C@@H]2Oc3cc(N(CC)CC)c(C)cc3C(c3ccccc3C(=O)OC)=C2C=C1C,-7.6872220822
CCOC(=O)CC(NC1CCC(CC1)CC2CCC(CC2)NC(CC(=O)OCC)C(=O)OCC)C(=O)OCC,CCOC(=O)CC(NC1CCC(CC2CCC(NC(CC(=O)OCC)C(=O)OCC)CC2)CC1)C(=O)OCC,-3.7440777388
CC(CC(C)(C)C)CC(C)(C)CC(C)(C)C,CC(CC(C)(C)C)CC(C)(C)CC(C)(C)C,-3.3549684893
COCC(NC(C)=O)C(=O)NCc1ccccc1,COCC(NC(C)=O)C(=O)NCc1ccccc1,-3.3984573794
CCCCOCC(C)OCC(C)O,CCCCOCC(C)OCC(C)O,-0.6530596225
CCCCCCCCCCCCCCCCCCC(O)=O,CCCCCCCCCCCCCCCCCCC(=O)O,-3.775990335
CCOC(C)(C)CC,CCOC(C)(C)CC,-1.4719350107
CC(CO)CC(C)c1ccccc1,CC(CO)CC(C)c1ccccc1,-2.3469160768
Nc1c(Oc2ccccc2)cc(O)c3C(=O)c4ccccc4C(=O)c13,Nc1c(Oc2ccccc2)cc(O)c2c1C(=O)c1ccccc1C2=O,-4.2192268325
CCn1nc2cc(cc3C(=O)c4ccccc4c1c23)c5cc6nn(CC)c7c8ccccc8C(=O)c(c5)c67,CCn1nc2cc(-c3cc4c5c(n(CC)nc5c3)-c3ccccc3C4=O)cc3c2c1-c1ccccc1C3=O,-4.3931837232
O=C1c2ccccc2C(=O)c3c4[nH]c5c6C(=O)c7ccccc7C(=O)c6c8[nH]c9c(ccc%10C(=O)c%11ccccc%11C(=O)c9%10)c8c5c4ccc13,O=c1c2ccccc2c(=O)c2c1ccc1c2[nH]c2c3c(=O)c4ccccc4c(=O)c3c3[nH]c4c(ccc5c(=O)c6ccccc6c(=O)c54)c3c12,-4.5096151077
[O-][N+](=O)c1cc2c3ccccc3C(=O)c4ccc5c6ccc7C(=O)c8ccccc8c9ccc(c6c79)c1c5c24,O=C1c2ccccc2-c2ccc3c4c([N+](=O)[O-])cc5c6c(ccc(c7ccc1c2c73)c64)C(=O)c1ccccc1-5,-4.3992383437
CCOc1ccc(Nc2ccc(cc2[N+]([O-])=O)[S](=O)(=O)N(C)C)cc1,CCOc1ccc(Nc2ccc(S(=O)(=O)N(C)C)cc2[N+](=O)[O-])cc1,-4.2617516212
O=C(Nc1cc2c([nH]c3c2cc(NC(=O)c4ccccc4)c5C(=O)c6ccccc6C(=O)c35)c7C(=O)c8ccccc8C(=O)c17)c9ccccc9,O=C(Nc1cc2c3cc(NC(=O)c4ccccc4)c4c(=O)c5ccccc5c(=O)c4c3[nH]c2c2c(=O)c3ccccc3c(=O)c12)c1ccccc1,-4.5222231174
Brc1ccc2c3cc4ccc5C(=O)c6ccccc6c7cc8ccc(C(=O)c2c1Br)c3c8c4c57,O=c1c2ccccc2c2cc3ccc4c(=O)c5c(Br)c(Br)ccc5c5cc6ccc1c2c6c3c45,-4.4504277175
COc1ccc(cc1)C(CN(C)C)C2(O)CCCCC2,COc1ccc(C(CN(C)C)C2(O)CCCCC2)cc1,0.2567187446
[Na+].[Na+].[Cr].[Cr].Oc1ccc2ccccc2c1N\N=C/3C(=O)C=C(c4cc(ccc34)[N+]([O-])=O)[S](O)(=O)=O.Oc5ccc6ccccc6c5N\N=C/7C(=O)C=C(c8cc(ccc78)[N+]([O-])=O)[S]([O-])(=O)=O.Oc9ccc%10ccccc%10c9N\N=C/%11C(=O)C=C(c%12cc(ccc%11%12)[N+]([O-])=O)[S]([O-])(=O)=O,O=C1C=C(S(=O)(=O)O)c2cc([N+](=O)[O-])ccc2/C1=N\Nc1c(O)ccc2ccccc12.O=C1C=C(S(=O)(=O)[O-])c2cc([N+](=O)[O-])ccc2/C1=N\Nc1c(O)ccc2ccccc12.O=C1C=C(S(=O)(=O)[O-])c2cc([N+](=O)[O-])ccc2/C1=N\Nc1c(O)ccc2ccccc12.[Cr].[Cr].[Na+].[Na+],-5.1661846252
CCCCCCCCCCCCOC(=O)C=C,C=CC(=O)OCCCCCCCCCCCC,-4.3809109776
[O--].[O--].[O--].[Al+3].[Y+3],[Al+3].[O-2].[O-2].[O-2].[Y+3],-4.2145392055
[Rh+3].[I-].[I-].[I-],[I-].[I-].[I-].[Rh+3],-4.6845024567
CCCCCCCCCCCCCCOC(=O)C=C,C=CC(=O)OCCCCCCCCCCCCCC,-4.428848848
ClC1=C(Cl)C2(Cl)C3C(C(=O)OC3=O)C1(Cl)C2(Cl)Cl,O=C1OC(=O)C2C1C1(Cl)C(Cl)=C(Cl)C2(Cl)C1(Cl)Cl,-5.1712348525
COc1cc(N=Nc2c(Cl)cc(cc2[N+]([O-])=O)[N+]([O-])=O)c(NC(C)=O)cc1N(CCOC(C)=O)CCOC(C)=O,COc1cc(N=Nc2c(Cl)cc([N+](=O)[O-])cc2[N+](=O)[O-])c(NC(C)=O)cc1N(CCOC(C)=O)CCOC(C)=O,-5.4630997896
COC(=O)c1sc(N)c(C#N)c1C,COC(=O)c1sc(N)c(C#N)c1C,-4.9917376214
CCCCCCCCCCCCCCCCCC[P](=O)(OC)OC,CCCCCCCCCCCCCCCCCCP(=O)(OC)OC,-5.529966163099999
CCCCCCCC\C=C/CCCCCCCC(=O)NCC(C)O,CCCCCCCC/C=C\CCCCCCCC(=O)NCC(C)O,-5.530921640800001
[Al+3].[O-][P]([O-])(=O)O[P]([O-])(=O)O[P]([O-])([O-])=O,O=P([O-])([O-])OP(=O)([O-])OP(=O)([O-])[O-].[Al+3],-5.6688423383
CC(C)(O)C(=O)c1ccc(cc1)C2(C)CC(C)(C)c3cc(ccc23)C(=O)C(C)(C)O,CC(C)(O)C(=O)c1ccc(C2(C)CC(C)(C)c3cc(C(=O)C(C)(C)O)ccc32)cc1,-5.9372904598
CC(C)(O)C(=O)c1ccc(cc1)C2(C)CC(C)(C)c3ccc(cc23)C(=O)C(C)(C)O,CC(C)(O)C(=O)c1ccc(C2(C)CC(C)(C)c3ccc(C(=O)C(C)(C)O)cc32)cc1,-5.9638494884
CC(C)=CCC\C(C)=C\CCC(=C)C=C,C=CC(=C)CC/C=C(\C)CCC=C(C)C,-6.3103895185
Cc1cccc(C)c1O[P](=O)(Oc2cccc(O[P](=O)(Oc3c(C)cccc3C)Oc4c(C)cccc4C)c2)Oc5c(C)cccc5C,Cc1cccc(C)c1OP(=O)(Oc1cccc(OP(=O)(Oc2c(C)cccc2C)Oc2c(C)cccc2C)c1)Oc1c(C)cccc1C,-6.8367531336
CCCCC1CCC(CC1)C2CCC(=O)CC2,CCCCC1CCC(C2CCC(=O)CC2)CC1,-6.3736456351
CCCCCCCC[Sn](CCCCCCCC)(CCCCCCCC)CCCCCCCC,CCCCCCC[CH2][Sn]([CH2]CCCCCCC)([CH2]CCCCCCC)[CH2]CCCCCCC,-6.7570975386
[Cl].[Rh].c1ccc(cc1)P(c2ccccc2)c3ccccc3.c4ccc(cc4)P(c5ccccc5)c6ccccc6.c7ccc(cc7)P(c8ccccc8)c9ccccc9,[Cl-].[Rh].c1ccc(P(c2ccccc2)c2ccccc2)cc1.c1ccc(P(c2ccccc2)c2ccccc2)cc1.c1ccc(P(c2ccccc2)c2ccccc2)cc1,-7.0120095436000005
CC(C)CCCCCCCCCCOC(=O)CSCc1cc(c(O)c(c1)C(C)(C)C)C(C)(C)C,CC(C)CCCCCCCCCCOC(=O)CSCc1cc(C(C)(C)C)c(O)c(C(C)(C)C)c1,-6.7895895249
[Cl-].[Cl-].[Pd++].c1ccc(cc1)P(c2ccccc2)c3ccccc3.c4ccc(cc4)P(c5ccccc5)c6ccccc6,[Cl-].[Cl-].[Pd+2].c1ccc(P(c2ccccc2)c2ccccc2)cc1.c1ccc(P(c2ccccc2)c2ccccc2)cc1,-7.0267374942
Nc1ccc(cc1Cl)C2(c3ccc(N)c(Cl)c3)c4ccccc4c5ccccc25,Nc1ccc(C2(c3ccc(N)c(Cl)c3)c3ccccc3-c3ccccc32)cc1Cl,-6.9044856274
Clc1c(Cl)c(Cl)c2C3=Nc4cccc5cccc(N3C(=O)c2c1Cl)c45,O=C1c2c(Cl)c(Cl)c(Cl)c(Cl)c2C2=Nc3cccc4cccc(c34)N12,-7.1336144776
OC1=Cc2ccccc2NC1=C3C(=O)c4ccccc4C3=O,O=C1C(=C2Nc3ccccc3C=C2O)C(=O)c2ccccc21,-7.0463600735
Cc1cc(c(O)c(C)c1CN2C(=O)N(Cc3c(C)cc(c(O)c3C)C(C)(C)C)C(=O)N(Cc4c(C)cc(c(O)c4C)C(C)(C)C)C2=O)C(C)(C)C,Cc1cc(C(C)(C)C)c(O)c(C)c1Cn1c(=O)n(Cc2c(C)cc(C(C)(C)C)c(O)c2C)c(=O)n(Cc2c(C)cc(C(C)(C)C)c(O)c2C)c1=O,-7.5440264742
CCc1cc(C)cc(CC)c1Nc2ccc(Nc3c(CC)cc(C)cc3CC)c4C(=O)c5ccccc5C(=O)c24,CCc1cc(C)cc(CC)c1Nc1ccc(Nc2c(CC)cc(C)cc2CC)c2c1C(=O)c1ccccc1C2=O,-7.423828912
CCc1cccc(C)c1Nc2ccc(Nc3c(C)cccc3CC)c4C(=O)c5ccccc5C(=O)c24,CCc1cccc(C)c1Nc1ccc(Nc2c(C)cccc2CC)c2c1C(=O)c1ccccc1C2=O,-7.3753013985
O=C1N2c3cccc4cccc(N=C2c5cccc6cccc1c56)c34,O=c1c2cccc3cccc(c32)c2nc3cccc4cccc(c43)n12,-7.204596088300001
CCCCCCCCSCc1cc(C)c(O)c(CSCCCCCCCC)c1,CCCCCCCCSCc1cc(C)c(O)c(CSCCCCCCCC)c1,-7.3271136165
CCCCCCCCSc1nc(Nc2cc(c(O)c(c2)C(C)(C)C)C(C)(C)C)nc(SCCCCCCCC)n1,CCCCCCCCSc1nc(Nc2cc(C(C)(C)C)c(O)c(C(C)(C)C)c2)nc(SCCCCCCCC)n1,-7.469064653099999
CCCCCCCCCCCCCCCCOC(C)=O,CCCCCCCCCCCCCCCCOC(C)=O,-7.397152994400001
CCCCC(CC)COC(=O)CCC(=O)OCC(CC)CCCC,CCCCC(CC)COC(=O)CCC(=O)OCC(CC)CCCC,-7.835715931
CCC(CC)CO[Si](OCC(CC)CC)(OCC(CC)CC)OCC(CC)CC,CCC(CC)CO[Si](OCC(CC)CC)(OCC(CC)CC)OCC(CC)CC,-8.1906449159
CC(C)(C)c1cc(Cc2cc(c(O)c(c2)C(C)(C)C)C(C)(C)C)cc(c1O)C(C)(C)C,CC(C)(C)c1cc(Cc2cc(C(C)(C)C)c(O)c(C(C)(C)C)c2)cc(C(C)(C)C)c1O,-8.6280505595
CCCCCCCCC(O)=O.CCCCCCCC(O)=O.CCCCC(CC)C(O)=O.OCC(CO)(CO)CO,CCCCC(CC)C(=O)O.CCCCCCCC(=O)O.CCCCCCCCC(=O)O.OCC(CO)(CO)CO,-8.7655314659
CCCCCCCC(=O)OOC(=O)CCCCCCC,CCCCCCCC(=O)OOC(=O)CCCCCCC,-7.6118931699
BrC1CC(Br)CC(Br)CC(Br)CC(Br)CC(Br)C1,BrC1CC(Br)CC(Br)CC(Br)CC(Br)CC(Br)C1,-6.9904281999
c1ccc2cc3ccccc3cc2c1,c1ccc2cc3ccccc3cc2c1,-6.4448105798
Clc1ccc(Cl)c(N\N=C2/C(=O)C(=Cc3ccccc23)C(=O)Nc4cc(Cl)c(NC(=O)C5=Cc6ccccc6C(=N/Nc7cc(Cl)ccc7Cl)\C5=O)cc4Cl)c1,O=C(Nc1cc(Cl)c(NC(=O)C2=Cc3ccccc3/C(=N\Nc3cc(Cl)ccc3Cl)C2=O)cc1Cl)C1=Cc2ccccc2/C(=N/Nc2cc(Cl)ccc2Cl)C1=O,-8.1508681249
CCCCCCCCCCCCS,CCCCCCCCCCCCS,-7.573831768200001
C.[Nb],C.[Nb],-7.6358227076
O=C1c2ccccc2C(=O)c3ccccc13,O=C1c2ccccc2C(=O)c2ccccc21,-6.0397604981
[Ca++].Cc1ccccc1NC(=O)CC(=O)CN=Nc2ccc(cc2[N+]([O-])=O)[S]([O-])(=O)=O.Cc3ccccc3NC(=O)CC(=O)CN=Nc4ccc(cc4[N+]([O-])=O)[S]([O-])(=O)=O,Cc1ccccc1NC(=O)CC(=O)CN=Nc1ccc(S(=O)(=O)[O-])cc1[N+](=O)[O-].Cc1ccccc1NC(=O)CC(=O)CN=Nc1ccc(S(=O)(=O)[O-])cc1[N+](=O)[O-].[Ca+2],-7.7398036692
CC(C)(C)CCCCC(=O)OC=C,C=COC(=O)CCCCC(C)(C)C,-7.1224610466
C[C@@H](C[C@H](c1cc(C2CCCCC2)c(O)cc1C)c3cc(C4CCCCC4)c(O)cc3C)c5cc(C6CCCCC6)c(O)cc5C,Cc1cc(O)c(C2CCCCC2)cc1C(C[C@H](C)c1cc(C2CCCCC2)c(O)cc1C)c1cc(C2CCCCC2)c(O)cc1C,-7.3965020268
O.O.O.O.O.O.O.O.O.[Al+3].[Al+3].[O-][S]([O-])(=O)=O.[O-][S]([O-])(=O)=O.[O-][S]([O-])(=O)=O,O.O.O.O.O.O.O.O.O.O=S(=O)([O-])[O-].O=S(=O)([O-])[O-].O=S(=O)([O-])[O-].[Al+3].[Al+3],-7.4985586512
FC(F)(F)C1(F)C(F)(F)C(F)(F)C(F)(F)C(F)(C(F)(F)F)C1(F)F,FC(F)(F)C1(F)C(F)(F)C(F)(F)C(F)(F)C(F)(C(F)(F)F)C1(F)F,-7.602120788300001
FC1(F)C(F)(F)C(F)(F)C2(F)C(F)(F)C(F)(F)C(F)(F)C(F)(F)C2(F)C1(F)F,FC1(F)C(F)(F)C(F)(F)C2(F)C(F)(F)C(F)(F)C(F)(F)C(F)(F)C2(F)C1(F)F,-7.6647115323
FC(F)(F)C(F)(F)C(F)(F)C(F)(F)C(F)(F)C(F)(F)C(F)(F)C(F)(F)F,FC(F)(F)C(F)(F)C(F)(F)C(F)(F)C(F)(F)C(F)(F)C(F)(F)C(F)(F)F,-7.6415256675
CC(C)(C)N(Sc1sc2ccccc2n1)Sc3sc4ccccc4n3,CC(C)(C)N(Sc1nc2ccccc2s1)Sc1nc2ccccc2s1,-8.3629378574
Clc1c(Cl)c(Br)c2C3=NC(=Nc4n5[Cu]N6C(=N3)c7c(Cl)c(Br)c(Cl)c(Br)c7C6=NC8=NC(=Nc5c9c(Br)c(Cl)c(Br)c(Cl)c49)c%10c(Cl)c(Cl)c(Br)c(Cl)c8%10)c2c1Cl,Clc1c(Cl)c(Br)c2c(c1Cl)C1=Nc3[n-]c(c4c(Br)c(Cl)c(Br)c(Cl)c34)N=C3N=C(N=c4[n-]c(c5c(Cl)c(Br)c(Cl)c(Br)c45)=NC2=N1)c1c(Cl)c(Br)c(Cl)c(Cl)c13.[Cu+2],-9.1442341106
Clc1cc(Cl)c2C3N=C(N=C4N5[Cu]N6C(N=C7N=C(N=C5c8c(Cl)c(Cl)c(Cl)c(Cl)c48)c9c(Cl)c(Cl)c(Cl)c(Cl)c79)c%10c(Cl)c(Cl)c(Cl)c(Cl)c%10C6=N3)c2c1Cl,Clc1cc(Cl)c2c(c1Cl)C1=NC2N=C2[N-]C(N=C3N=C(N=c4[n-]c(c5c(Cl)c(Cl)c(Cl)c(Cl)c45)=N1)c1c(Cl)c(Cl)c(Cl)c(Cl)c13)c1c(Cl)c(Cl)c(Cl)c(Cl)c12.[Cu+2],-9.039324078
Brc1c(Br)c(Br)c(CCc2c(Br)c(Br)c(Br)c(Br)c2Br)c(Br)c1Br,Brc1c(Br)c(Br)c(CCc2c(Br)c(Br)c(Br)c(Br)c2Br)c(Br)c1Br,-9.1299878036
CCCCC(CC)COC(=O)c1ccc(cc1)C(=O)OCC(CC)CCCC,CCCCC(CC)COC(=O)c1ccc(C(=O)OCC(CC)CCCC)cc1,-8.9896322186
[Cr],[Cr],-10.0169999307
[O--].[O--].[O--].[Sm+3].[Sm+3],[O-2].[O-2].[O-2].[Sm+3].[Sm+3],-5.5588468327
O=[W]=O,[O-2].[O-2].[W+4],-5.9557300071000006
CC(C)(C)c1ccc(O[P@]2OC[C@]3(CO2)CO[P@](OC3)Oc4ccc(cc4C(C)(C)C)C(C)(C)C)c(c1)C(C)(C)C,CC(C)(C)c1ccc(O[P@]2OCC3(CO[P@@](Oc4ccc(C(C)(C)C)cc4C(C)(C)C)OC3)CO2)c(C(C)(C)C)c1,-6.813060611
CCCCCCCCCC(O)=O.CCCCCCCC(O)=O.CC(C)(CO)CO,CC(C)(CO)CO.CCCCCCCC(=O)O.CCCCCCCCCC(=O)O,-6.6558855625
CC(C)OC(=O)c1ccc(C)c(c1)N=Nc2c(O)c(cc3ccccc23)C(=O)Nc4cc(Cl)c(NC(=O)c5cc6ccccc6c(N=Nc7cc(ccc7C)C(=O)OC(C)C)c5O)cc4Cl,Cc1ccc(C(=O)OC(C)C)cc1N=Nc1c(O)c(C(=O)Nc2cc(Cl)c(NC(=O)c3cc4ccccc4c(N=Nc4cc(C(=O)OC(C)C)ccc4C)c3O)cc2Cl)cc2ccccc12,-7.0074879806
Cc1ccccc1NC(=O)C2=Cc3ccccc3C(=N/Nc4cc(Cl)c(Cl)cc4Cl)\C2=O,Cc1ccccc1NC(=O)C1=Cc2ccccc2/C(=N\Nc2cc(Cl)c(Cl)cc2Cl)C1=O,-7.69430966
CC(=O)C(N=Nc1ccc(C)cc1[N+]([O-])=O)C(=O)Nc2ccc(Cl)cc2,CC(=O)C(N=Nc1ccc(C)cc1[N+](=O)[O-])C(=O)Nc1ccc(Cl)cc1,-7.6052980935
[S--].[Co++],[Co+2].[S-2],-5.0152501934
C.[V],C.[V],-6.2058415067
COc1cc(OC)c(NC(=O)C2=Cc3ccccc3C(=N/Nc4cc(ccc4OC)C(=O)Nc5ccc(cc5)C(N)=O)\C2=O)cc1Cl,COc1cc(OC)c(NC(=O)C2=Cc3ccccc3/C(=N\Nc3cc(C(=O)Nc4ccc(C(N)=O)cc4)ccc3OC)C2=O)cc1Cl,-7.8662401992
COc1ccc(cc1N\N=C2/C(=O)C(=Cc3ccccc23)C(=O)Nc4cc(OC)c(Cl)cc4OC)C(=O)Nc5ccccc5,COc1cc(NC(=O)C2=Cc3ccccc3/C(=N/Nc3cc(C(=O)Nc4ccccc4)ccc3OC)C2=O)c(OC)cc1Cl,-7.8465603387
Brc1c(Br)c(Br)c(COC(=O)C=C)c(Br)c1Br,C=CC(=O)OCc1c(Br)c(Br)c(Br)c(Br)c1Br,-7.806077004
COc1ccccc1N=NC(C(C)=O)C(=O)Nc2ccc3NC(=O)Nc3c2,COc1ccccc1N=NC(C(C)=O)C(=O)Nc1ccc2[nH]c(=O)[nH]c2c1,-7.6305993261
[P],[P],-6.566718008
COc1cc(NC(=O)C(N=Nc2ccc(cc2Cl)c3ccc(N=NC(C(C)=O)C(=O)Nc4cc(OC)c(Cl)cc4OC)c(Cl)c3)C(C)=O)c(OC)cc1Cl,COc1cc(NC(=O)C(N=Nc2ccc(-c3ccc(N=NC(C(C)=O)C(=O)Nc4cc(OC)c(Cl)cc4OC)c(Cl)c3)cc2Cl)C(C)=O)c(OC)cc1Cl,-8.0045326037
CC1=NN(c2ccccc2)C(=O)C1N=Nc3ccccc3,CC1=NN(c2ccccc2)C(=O)C1N=Nc1ccccc1,-7.5414466266
O=[Ti]=O,[O-2].[O-2].[Ti+4],-4.9999945622
CCCCC(CC)COC(=O)c1c(Br)c(Br)c(Br)c(Br)c1C(=O)OCC(CC)CCCC,CCCCC(CC)COC(=O)c1c(Br)c(Br)c(Br)c(Br)c1C(=O)OCC(CC)CCCC,-5.949075231
FC(F)(F)N1C(F)(F)C(F)(F)OC(F)(F)C1(F)F,FC(F)(F)N1C(F)(F)C(F)(F)OC(F)(F)C1(F)F,-5.5960586261000005
[Ag+].CCCCCCCCCCCCCCCCCCCCCC([O-])=O,CCCCCCCCCCCCCCCCCCCCCC(=O)[O-].[Ag+],-6.782690091799999
CCN(CC)[S](=O)(=O)c1ccc(OC)c(N\N=C2\C(=O)C(=Cc3ccccc23)C(=O)Nc4cc(Cl)c(OC)cc4OC)c1,CCN(CC)S(=O)(=O)c1ccc(OC)c(N/N=C2/C(=O)C(C(=O)Nc3cc(Cl)c(OC)cc3OC)=Cc3ccccc32)c1,-7.9052553562
[O--].[O--].[O--].[Nd+3].[Nd+3],[Nd+3].[Nd+3].[O-2].[O-2].[O-2],-7.6348607805
CC(=O)C(N=Nc1ccc(Cl)cc1[N+]([O-])=O)C(=O)Nc2ccccc2Cl,CC(=O)C(N=Nc1ccc(Cl)cc1[N+](=O)[O-])C(=O)Nc1ccccc1Cl,-7.721757870399999
CN[S](=O)(=O)c1cc(OC)c(N\N=C2/C(=O)C(=Cc3ccccc23)C(=O)Nc4ccc5NC(=O)Nc5c4)cc1OC,CNS(=O)(=O)c1cc(OC)c(N/N=C2\C(=O)C(C(=O)Nc3ccc4[nH]c(=O)[nH]c4c3)=Cc3ccccc32)cc1OC,-7.8916361395
O=C1n2c3ccccc3nc2c4ccc5C(=O)n6c7ccccc7nc6c8ccc1c4c58,O=c1c2ccc3c4c(ccc(c24)c2nc4ccccc4n12)c(=O)n1c2ccccc2nc31,-7.7579945848
Cc1cc(C)c(Nc2ccc(Nc3c(C)cc(C)cc3C)c4C(=O)c5ccccc5C(=O)c24)c(C)c1,Cc1cc(C)c(Nc2ccc(Nc3c(C)cc(C)cc3C)c3c2C(=O)c2ccccc2C3=O)c(C)c1,-7.8250730454
CC(C)C1CCCCC1,CC(C)C1CCCCC1,-5.3116265943
O=[Nb](=O)O[Nb](=O)=O,[Nb+5].[Nb+5].[O-2].[O-2].[O-2].[O-2].[O-2],-6.9474451591
[O--].[O--].[O--].[O--].[O--].[Al+3].[Al+3].[Zn++].[Zn++],[Al+3].[Al+3].[O-2].[O-2].[O-2].[O-2].[O-2].[Zn+2].[Zn+2],-7.6234773746
CCCCCCCCCCCCCCCCCCN1C(=O)c2ccc3Sc4ccccc4c5ccc(C1=O)c2c35,CCCCCCCCCCCCCCCCCCn1c(=O)c2ccc3sc4ccccc4c4ccc(c1=O)c2c34,-7.966789170299999
CCC(C)CCCC(C)CCCC(C)C,CCC(C)CCCC(C)CCCC(C)C,-6.61539022
CCN1C(=O)C(=N/Nc2ccccc2[N+]([O-])=O)\C(=C(C#N)C1=O)C,CCN1C(=O)C(C#N)=C(C)/C(=N/Nc2ccccc2[N+](=O)[O-])C1=O,-6.815976001
CC(=O)C(N=Nc1cc(ccc1Cl)C(=O)Nc2cc(Cl)ccc2C)C(=O)Nc3cc(C)c(NC(=O)C(N=Nc4cc(ccc4Cl)C(=O)Nc5cc(Cl)ccc5C)C(C)=O)cc3C,CC(=O)C(N=Nc1cc(C(=O)Nc2cc(Cl)ccc2C)ccc1Cl)C(=O)Nc1cc(C)c(NC(=O)C(N=Nc2cc(C(=O)Nc3cc(Cl)ccc3C)ccc2Cl)C(C)=O)cc1C,-7.263233538400001
CCCC(Cl)CCCC(Cl)CCC(Cl)CCC(Cl)CCC(Cl)CCCC(Cl)CCC,CCCC(Cl)CCCC(Cl)CCC(Cl)CCC(Cl)CCC(Cl)CCCC(Cl)CCC,-7.9658105639
Cc1ccccc1OP(Oc2ccccc2C)Oc3ccccc3C,Cc1ccccc1OP(Oc1ccccc1C)Oc1ccccc1C,-7.779843060399999
COc1ccc(NC(=O)C(N=Nc2ccc(cc2Cl)c3ccc(N=NC(C(C)=O)C(=O)Nc4ccccc4)c(Cl)c3)C(C)=O)cc1.COc5ccc(NC(=O)C(N=Nc6ccc(cc6Cl)c7ccc(N=NC(C(C)=O)C(=O)Nc8ccc(OC)cc8)c(Cl)c7)C(C)=O)cc5.CC(=O)C(N=Nc9ccc(cc9Cl)c%10ccc(N=NC(C(C)=O)C(=O)Nc%11ccccc%11)c(Cl)c%10)C(=O)Nc%12ccccc%12,CC(=O)C(N=Nc1ccc(-c2ccc(N=NC(C(C)=O)C(=O)Nc3ccccc3)c(Cl)c2)cc1Cl)C(=O)Nc1ccccc1.COc1ccc(NC(=O)C(N=Nc2ccc(-c3ccc(N=NC(C(C)=O)C(=O)Nc4ccc(OC)cc4)c(Cl)c3)cc2Cl)C(C)=O)cc1.COc1ccc(NC(=O)C(N=Nc2ccc(-c3ccc(N=NC(C(C)=O)C(=O)Nc4ccccc4)c(Cl)c3)cc2Cl)C(C)=O)cc1,-8.5404809541
Cc1ccc2Nc3cc4C(=O)c5cc(C)ccc5Nc4cc3C(=O)c2c1,Cc1ccc2[nH]c3cc4c(=O)c5cc(C)ccc5[nH]c4cc3c(=O)c2c1,-7.7837785588
Clc1ccc(Cl)c(N\N=C2\C(=O)C(=Cc3ccccc23)C(=O)Nc4ccccc4)c1,O=C(Nc1ccccc1)C1=Cc2ccccc2/C(=N\Nc2cc(Cl)ccc2Cl)C1=O,-7.9073894624
CC(=O)C(N=Nc1ccc(cc1Cl)c2ccc(N=NC(C(C)=O)C(=O)Nc3ccc(C)cc3)c(Cl)c2)C(=O)Nc4ccc(C)cc4,CC(=O)C(N=Nc1ccc(-c2ccc(N=NC(C(C)=O)C(=O)Nc3ccc(C)cc3)c(Cl)c2)cc1Cl)C(=O)Nc1ccc(C)cc1,-8.1019307222
[Dy],[Dy],-7.511883361000001
O=C(c1ccc(Oc2ccccc2)cc1)c3ccc(cc3)C(=O)c4ccc(Oc5ccccc5)cc4,O=C(c1ccc(Oc2ccccc2)cc1)c1ccc(C(=O)c2ccc(Oc3ccccc3)cc2)cc1,-7.973611776
[Al+3].O[PH]([O-])=O.O[PH]([O-])=O.O[PH]([O-])=O,O=[PH]([O-])O.O=[PH]([O-])O.O=[PH]([O-])O.[Al+3],-4.7708809717000005
COc1ccc(cc1)\C=C/2N=C(OC2=O)c3ccc(cc3)C4=NC(=C/c5ccc(OC)cc5)/C(=O)O4,COc1ccc(/C=C2/N=C(c3ccc(C4=N/C(=C/c5ccc(OC)cc5)C(=O)O4)cc3)OC2=O)cc1,-6.9835711537
CCOC(=O)c1ccc2Sc3ccccc3C(=O)c2c1,CCOC(=O)c1ccc2sc3ccccc3c(=O)c2c1,-6.756602506799999
[Cu]1N2C3=NC4=NC(=Nc5n1c(N=C6N=C(N=C2c7ccccc37)c8ccccc68)c9ccccc59)c%10ccccc4%10,[Cu+2].c1ccc2c(c1)C1=NC2=Nc2[n-]c(c3ccccc23)N=C2N=C(N=c3[n-]c(c4ccccc34)=N1)c1ccccc12,-8.1584243143
O[Co]=O,[Co+3].[O-2].[OH-],-6.275970814500001
CCCCC(CC)COC(=O)C1CCC(CC1)C(=O)OCC(CC)CCCC,CCCCC(CC)COC(=O)C1CCC(C(=O)OCC(CC)CCCC)CC1,-6.926267992300001
[Co],[Co],-5.1171460358
CC(C)CCCCCCCCCCCCCCCOC(=O)CCCCCCCCCCCCCCC(C)C,CC(C)CCCCCCCCCCCCCCCOC(=O)CCCCCCCCCCCCCCC(C)C,-7.0864973463
CC1CCCCCCCCCCCCC(=O)C1,CC1CCCCCCCCCCCCC(=O)C1,-5.7438651202
CC(C)c1ccc(cc1)C(C)C,CC(C)c1ccc(C(C)C)cc1,-6.6027992709
CC1=NN(c2ccccc2)C(=O)C1/C=C/3C(=NN(c4ccccc4)C3=O)C,CC1=NN(c2ccccc2)C(=O)/C1=C/C1C(=O)N(c2ccccc2)N=C1C,-7.8822713548
Cc1ccccc1NC(=O)C2=Cc3ccccc3C(=N/Nc4ccc(cc4C)[N+]([O-])=O)/C2=O,Cc1cc([N+](=O)[O-])ccc1N/N=C1\C(=O)C(C(=O)Nc2ccccc2C)=Cc2ccccc21,-7.981147656799999
CC\1=NN(C(=O)C1=N/Nc2ccc(cc2Cl)c3ccc(N\N=C4/C(=NN(C4=O)c5ccccc5)C)c(Cl)c3)c6ccccc6,CC1=NN(c2ccccc2)C(=O)/C1=N/Nc1ccc(-c2ccc(N/N=C3/C(=O)N(c4ccccc4)N=C3C)c(Cl)c2)cc1Cl,-8.1416267302
COC(=O)c1ccc(cc1N\N=C2/C(=O)C(=Cc3ccccc23)C(=O)Nc4ccccc4OC)C(=O)Nc5cc(Cl)ccc5Cl,COC(=O)c1ccc(C(=O)Nc2cc(Cl)ccc2Cl)cc1N/N=C1\C(=O)C(C(=O)Nc2ccccc2OC)=Cc2ccccc21,-8.1750686223
CCCCNc1ccc(NCCCC)c2C(=O)c3ccccc3C(=O)c12,CCCCNc1ccc(NCCCC)c2c1C(=O)c1ccccc1C2=O,-7.9318570783
CC(C)CCC[C@@H](C)CCC[C@@H](C)CCC/C(C)=C/CO,C/C(=C\CO)CCC[C@H](C)CCC[C@H](C)CCCC(C)C,-4.8617411072
CCCCCCCCCCCCCCCCCCCN,CCCCCCCCCCCCCCCCCCCN,-5.8571242399
S=[P](Oc1ccccc1)(Oc2ccccc2)Oc3ccccc3,S=P(Oc1ccccc1)(Oc1ccccc1)Oc1ccccc1,-6.9546943469
[O-][N+](=O)c1ncn(CC(=O)Nc2cc(ccc2Cl)C(F)(F)F)n1,O=C(Cn1cnc([N+](=O)[O-])n1)Nc1cc(C(F)(F)F)ccc1Cl,-5.968106766699999
[Al+3].[Cl-].[Cl-].[Cl-],[Al+3].[Cl-].[Cl-].[Cl-],-6.568661207100001
CC(C)(c1cc(Br)c(O)c(Br)c1)c2cc(Br)c(O)c(Br)c2.ClCC3CO3,CC(C)(c1cc(Br)c(O)c(Br)c1)c1cc(Br)c(O)c(Br)c1.ClCC1CO1,-7.2735304728
CC(C)(C)CCCCC1(OO1)C(=O)OC(C)(C)CC(C)(C)C,CC(C)(C)CCCCC1(C(=O)OC(C)(C)CC(C)(C)C)OO1,-6.9712344191
Clc1ccc2Nc3cc4C(=O)c5ccccc5Nc4cc3C(=O)c2c1Cl,O=c1c2ccccc2[nH]c2cc3c(=O)c4c(Cl)c(Cl)ccc4[nH]c3cc12,-7.0666256459
[O-][N+](=O)c1cc(Cl)c(N=Nc2ccc(cc2)N(CCC#N)CCC#N)c(Cl)c1,N#CCCN(CCC#N)c1ccc(N=Nc2c(Cl)cc([N+](=O)[O-])cc2Cl)cc1,-7.115252612100001
[Co++].[O-]C(=O)C([O-])=O,O=C([O-])C(=O)[O-].[Co+2],-4.6677879254
CCCCC(CC)C(=O)OOC(C)(C)CC(C)(C)C,CCCCC(CC)C(=O)OOC(C)(C)CC(C)(C)C,-5.9495319098
CC(C)CCC[C@@H](C)[C@H]1CC[C@H]2[C@@H]3CC=C4C[C@@H](O)CC[C@]4(C)[C@H]3CC[C@]12C,CC(C)CCC[C@@H](C)[C@H]1CC[C@H]2[C@@H]3CC=C4C[C@@H](O)CC[C@]4(C)[C@H]3CC[C@]12C,-7.1001953639
FC(F)(F)C(F)(F)C(F)(F)C(F)(F)C(F)(F)C(F)(F)CCI,FC(F)(F)C(F)(F)C(F)(F)C(F)(F)C(F)(F)C(F)(F)CCI,-7.1886381337000005
CC(C)C(C)(C)C(C)(C)C(C)(C)S,CC(C)C(C)(C)C(C)(C)C(C)(C)S,-7.7118329776
COc1ccc(cc1N\N=C2/C(=O)C(=Cc3ccccc23)C(=O)Nc4cc(Cl)ccc4OC)C(=O)Nc5ccccc5,COc1ccc(C(=O)Nc2ccccc2)cc1N/N=C1\C(=O)C(C(=O)Nc2cc(Cl)ccc2OC)=Cc2ccccc21,-8.1844134651
Nc1c(OCCOC(=O)Oc2ccccc2)cc(O)c3C(=O)c4ccccc4C(=O)c13,Nc1c(OCCOC(=O)Oc2ccccc2)cc(O)c2c1C(=O)c1ccccc1C2=O,-8.0544153113
CCCCCCCCCCCCCCCCCCCCCC(=O)OCC(CO)(CO)COC(=O)CCCCCCCCCCCCCCCCCCCCC,CCCCCCCCCCCCCCCCCCCCCC(=O)OCC(CO)(CO)COC(=O)CCCCCCCCCCCCCCCCCCCCC,-8.3487503358
Cc1ccc(cc1)N2N=C(C)C(N=Nc3ccc(cc3Cl)c4ccc(N=NC5C(=NN(c6ccc(C)cc6)C5=O)C)c(Cl)c4)C2=O,CC1=NN(c2ccc(C)cc2)C(=O)C1N=Nc1ccc(-c2ccc(N=NC3C(=O)N(c4ccc(C)cc4)N=C3C)c(Cl)c2)cc1Cl,-8.2698850372
O=C1c2ccccc2c3ccc4Sc5ccccc5c6ccc1c3c46,O=c1c2ccccc2c2ccc3sc4ccccc4c4ccc1c2c34,-7.9828073074
CC(=O)OCCOc1ccc(cc1)C(C)(C)c2ccc(OCCOC(C)=O)cc2,CC(=O)OCCOc1ccc(C(C)(C)c2ccc(OCCOC(C)=O)cc2)cc1,-8.0585030279
CN[S](=O)(=O)c1cc(OC)c(N\N=C2/C(=O)C(=Cc3ccccc23)C(=O)Nc4ccc5NC(=O)Nc5c4)cc1C,CNS(=O)(=O)c1cc(OC)c(N/N=C2\C(=O)C(C(=O)Nc3ccc4[nH]c(=O)[nH]c4c3)=Cc3ccccc32)cc1C,-8.2171679788
[O-][N+](=O)c1ccc(N\N=C2/C(=O)C=Cc3ccccc23)c(Cl)c1,O=C1C=Cc2ccccc2/C1=N/Nc1ccc([N+](=O)[O-])cc1Cl,-7.9969982826
Cc1ccc(N\N=C2/C(=O)C=Cc3ccccc23)c(c1)[N+]([O-])=O,Cc1ccc(N/N=C2\C(=O)C=Cc3ccccc32)c([N+](=O)[O-])c1,-7.9690613395
CCCCOC(=O)c1ccccc1N\N=C2/C(=O)C(=Cc3ccccc23)C(=O)Nc4ccc5NC(=O)Nc5c4,CCCCOC(=O)c1ccccc1N/N=C1\C(=O)C(C(=O)Nc2ccc3[nH]c(=O)[nH]c3c2)=Cc2ccccc21,-8.2138073561
O=[Cr]O[Cr]=O,[Cr+3].[Cr+3].[O-2].[O-2].[O-2],-7.6862678201
CC(C)CCCCCCCCCCCCCCC(=O)OCC(COC(=O)CCCCCCCCCCCCCCC(C)C)OC(=O)CCCCCCCCCCCCCCC(C)C,CC(C)CCCCCCCCCCCCCCC(=O)OCC(COC(=O)CCCCCCCCCCCCCCC(C)C)OC(=O)CCCCCCCCCCCCCCC(C)C,-8.4587601408
CCCCC(CC)COC(=O)c1ccc(C(=O)OCC(CC)CCCC)c(c1)C(=O)OCC(CC)CCCC,CCCCC(CC)COC(=O)c1ccc(C(=O)OCC(CC)CCCC)c(C(=O)OCC(CC)CCCC)c1,-8.2520983426
COc1ccccc1NC(=O)C2=Cc3ccccc3C(=N/Nc4ccc(cc4)C(N)=O)/C2=O,COc1ccccc1NC(=O)C1=Cc2ccccc2/C(=N/Nc2ccc(C(N)=O)cc2)C1=O,-8.1667842337
O=[Sn],[O-2].[Sn+2],-8.828369840499999
CCCCC(CC)C(=O)OOC(C)(C)CCC(C)(C)OOC(=O)C(CC)CCCC,CCCCC(CC)C(=O)OOC(C)(C)CCC(C)(C)OOC(=O)C(CC)CCCC,-7.188496044500001
Cc1cc(O)c(cc1Sc2cc(c(O)cc2C)C(C)(C)C)C(C)(C)C,Cc1cc(O)c(C(C)(C)C)cc1Sc1cc(C(C)(C)C)c(O)cc1C,-7.112066324
CC(C)(c1cc(Br)c(OCC2CO2)c(Br)c1)c3cc(Br)c(OCC4CO4)c(Br)c3,CC(C)(c1cc(Br)c(OCC2CO2)c(Br)c1)c1cc(Br)c(OCC2CO2)c(Br)c1,-7.3953018986
[Ca++].Cc1cc(c(N\N=C\2C(=O)C(=Cc3ccccc23)C([O-])=O)cc1Cl)[S]([O-])(=O)=O,Cc1cc(S(=O)(=O)[O-])c(N/N=C2\C(=O)C(C(=O)[O-])=Cc3ccccc32)cc1Cl.[Ca+2],-6.2637704779
[Ca++].[O-]C(=O)C1=Cc2ccccc2/C(=N/Nc3ccc4ccccc4c3[S]([O-])(=O)=O)C1=O,O=C([O-])C1=Cc2ccccc2/C(=N/Nc2ccc3ccccc3c2S(=O)(=O)[O-])C1=O.[Ca+2],-6.2793954063
CC(=O)Nc1ccc(NC(=O)C2=Cc3ccccc3C(=N/Nc4cc(ccc4Cl)C(N)=O)/C2=O)cc1,CC(=O)Nc1ccc(NC(=O)C2=Cc3ccccc3/C(=N/Nc3cc(C(N)=O)ccc3Cl)C2=O)cc1,-7.304443806799999
CCOC(=O)C(=C)C#N,C=C(C#N)C(=O)OCC,-6.717139790499999
[Zn++].CCCCCCC(O)CCCCCCCCCCC([O-])=O.CCCCCCC(O)CCCCCCCCCCC([O-])=O,CCCCCCC(O)CCCCCCCCCCC(=O)[O-].CCCCCCC(O)CCCCCCCCCCC(=O)[O-].[Zn+2],-5.4548481286
[Na+].C[O-].COC(=O)c1c(Cl)c(Cl)c(Cl)c(Cl)c1C#N.Nc2ccc(N)cc2,COC(=O)c1c(Cl)c(Cl)c(Cl)c(Cl)c1C#N.C[O-].Nc1ccc(N)cc1.[Na+],-6.3058678101
Nc1ccc(c2ccc(N)c3C(=O)c4ccccc4C(=O)c23)c5C(=O)c6ccccc6C(=O)c15,Nc1ccc(-c2ccc(N)c3c2C(=O)c2ccccc2C3=O)c2c1C(=O)c1ccccc1C2=O,-6.293710562799999
CCCCC(CC)COC(=O)OOC(C)(C)CC,CCCCC(CC)COC(=O)OOC(C)(C)CC,-6.088238680599999
CCOC(F)(C(F)(F)C(F)(F)C(F)(F)F)C(F)(C(F)(F)F)C(F)(F)F,CCOC(F)(C(F)(F)C(F)(F)C(F)(F)F)C(F)(C(F)(F)F)C(F)(F)F,-7.2887340171
[Sr++].Cc1cc(N\N=C\2C(=O)C=Cc3ccccc23)c(cc1Cl)[S]([O-])(=O)=O.Cc4cc(N\N=C\5C(=O)C=Cc6ccccc56)c(cc4Cl)[S]([O-])(=O)=O,Cc1cc(N/N=C2\C(=O)C=Cc3ccccc32)c(S(=O)(=O)[O-])cc1Cl.Cc1cc(N/N=C2\C(=O)C=Cc3ccccc32)c(S(=O)(=O)[O-])cc1Cl.[Sr+2],-7.6228592843
CCCCCCCCCCCCCCCCCCOC(=O)CCc1cc(c(O)c(c1)C(C)(C)C)C(C)(C)C,CCCCCCCCCCCCCCCCCCOC(=O)CCc1cc(C(C)(C)C)c(O)c(C(C)(C)C)c1,-8.2701498682
CC(=O)C(N=Nc1cc(Cl)c(cc1Cl)c2cc(Cl)c(cc2Cl)N=NC(C(C)=O)C(=O)Nc3ccc(C)cc3C)C(=O)Nc4ccc(C)cc4C,CC(=O)C(N=Nc1cc(Cl)c(-c2cc(Cl)c(N=NC(C(C)=O)C(=O)Nc3ccc(C)cc3C)cc2Cl)cc1Cl)C(=O)Nc1ccc(C)cc1C,-8.4626870474
COc1ccccc1NC(=O)C(N=Nc2ccc(cc2Cl)c3ccc(N=NC(C(C)=O)C(=O)Nc4ccccc4OC)c(Cl)c3)C(C)=O,COc1ccccc1NC(=O)C(N=Nc1ccc(-c2ccc(N=NC(C(C)=O)C(=O)Nc3ccccc3OC)c(Cl)c2)cc1Cl)C(C)=O,-8.4235961938
O[S](=O)(=O)c1ccccc1N=C2C=CC(C=C2)=C(c3ccc(Nc4ccccc4)cc3)c5ccc(Nc6ccccc6)cc5,O=S(=O)(O)c1ccccc1N=C1C=CC(=C(c2ccc(Nc3ccccc3)cc2)c2ccc(Nc3ccccc3)cc2)C=C1,-8.3771050883
COCCOCCCN1C(=O)c2c(N)c3C(=O)c4ccccc4C(=O)c3c(N)c2C1=O,COCCOCCCn1c(=O)c2c(N)c3c(=O)c4ccccc4c(=O)c3c(N)c2c1=O,-8.2650486602
Nc1c(Oc2ccccc2)c(Oc3ccccc3)c(N)c4C(=O)c5ccccc5C(=O)c14,Nc1c(Oc2ccccc2)c(Oc2ccccc2)c(N)c2c1C(=O)c1ccccc1C2=O,-8.2716565948
CCOC(=O)C1=NN(C(=O)C1N=Nc2ccc(cc2Cl)c3ccc(N=NC4C(=O)N(N=C4C(=O)OCC)c5ccccc5)c(Cl)c3)c6ccccc6,CCOC(=O)C1=NN(c2ccccc2)C(=O)C1N=Nc1ccc(-c2ccc(N=NC3C(=O)N(c4ccccc4)N=C3C(=O)OCC)c(Cl)c2)cc1Cl,-8.5265601286
[Se],[Se],-6.5751878449
COc1cc(NC(=O)C(N=Nc2ccc(cc2Cl)c3ccc(N=NC(C(C)=O)C(=O)Nc4ccc(C)cc4C)c(Cl)c3)C(C)=O)c(OC)cc1Cl.COc5cc(NC(=O)C(N=Nc6ccc(cc6Cl)c7ccc(N=NC(C(C)=O)C(=O)Nc8cc(OC)c(Cl)cc8OC)c(Cl)c7)C(C)=O)c(OC)cc5Cl.CC(=O)C(N=Nc9ccc(cc9Cl)c%10ccc(N=NC(C(C)=O)C(=O)Nc%11ccc(C)cc%11C)c(Cl)c%10)C(=O)Nc%12ccc(C)cc%12C,CC(=O)C(N=Nc1ccc(-c2ccc(N=NC(C(C)=O)C(=O)Nc3ccc(C)cc3C)c(Cl)c2)cc1Cl)C(=O)Nc1ccc(C)cc1C.COc1cc(NC(=O)C(N=Nc2ccc(-c3ccc(N=NC(C(C)=O)C(=O)Nc4cc(OC)c(Cl)cc4OC)c(Cl)c3)cc2Cl)C(C)=O)c(OC)cc1Cl.COc1cc(NC(=O)C(N=Nc2ccc(-c3ccc(N=NC(C(C)=O)C(=O)Nc4ccc(C)cc4C)c(Cl)c3)cc2Cl)C(C)=O)c(OC)cc1Cl,-9.052340862
CC(C)CCCCCCCOC(=O)C(C)=C,C=C(C)C(=O)OCCCCCCCC(C)C,-6.0559466089
COc1ccccc1NC(=O)C(N=Nc2ccc(Cl)cc2[N+]([O-])=O)C(C)=O,COc1ccccc1NC(=O)C(N=Nc1ccc(Cl)cc1[N+](=O)[O-])C(C)=O,-7.3063783536
[Cd]=[Te],[Cd+2].[Te-2],-7.1014793549
[Ba++].CCc1cc(N\N=C/2C(=O)C=Cc3ccccc23)c(cc1Cl)[S]([O-])(=O)=O.CCc4cc(N\N=C/5C(=O)C=Cc6ccccc56)c(cc4Cl)[S]([O-])(=O)=O,CCc1cc(N/N=C2/C(=O)C=Cc3ccccc32)c(S(=O)(=O)[O-])cc1Cl.CCc1cc(N/N=C2/C(=O)C=Cc3ccccc32)c(S(=O)(=O)[O-])cc1Cl.[Ba+2],-5.692860180299999
FC(F)(F)c1ccc(Cl)c(N\N=C2/C(=O)C(=Cc3ccccc23)C(=O)Nc4cc(Cl)c(NC(=O)C5=Cc6ccccc6C(=N/Nc7cc(ccc7Cl)C(F)(F)F)\C5=O)cc4Cl)c1,O=C(Nc1cc(Cl)c(NC(=O)C2=Cc3ccccc3/C(=N\Nc3cc(C(F)(F)F)ccc3Cl)C2=O)cc1Cl)C1=Cc2ccccc2/C(=N/Nc2cc(C(F)(F)F)ccc2Cl)C1=O,-7.6922433716
Cc1cccc(Cc2ccccc2)c1Cc3ccccc3,Cc1cccc(Cc2ccccc2)c1Cc1ccccc1,-7.179920248999999
[Co++].[O-]C([O-])=O,O=C([O-])[O-].[Co+2],-4.8375365922
CC(=O)C(N=Nc1ccccc1C(O)=O)C(=O)Nc2ccc3NC(=O)Nc3c2,CC(=O)C(N=Nc1ccccc1C(=O)O)C(=O)Nc1ccc2[nH]c(=O)[nH]c2c1,-7.330901470700001
CC(=O)C(N=Nc1ccccc1OCCOc2ccccc2N=NC(C(C)=O)C(=O)Nc3ccc4NC(=O)Nc4c3)C(=O)Nc5ccc6NC(=O)Nc6c5,CC(=O)C(N=Nc1ccccc1OCCOc1ccccc1N=NC(C(C)=O)C(=O)Nc1ccc2[nH]c(=O)[nH]c2c1)C(=O)Nc1ccc2[nH]c(=O)[nH]c2c1,-7.634485568300001
Clc1ccc(Cl)c(N\N=C2/C(=O)C(=Cc3ccccc23)C(=O)Nc4ccc5NC(=O)Nc5c4)c1,O=C(Nc1ccc2[nH]c(=O)[nH]c2c1)C1=Cc2ccccc2/C(=N/Nc2cc(Cl)ccc2Cl)C1=O,-7.461800321799999
[Ca++].CC(=O)C(N=Nc1ccc(cc1[N+]([O-])=O)[S]([O-])(=O)=O)C(=O)Nc2ccccc2Cl,CC(=O)C(N=Nc1ccc(S(=O)(=O)[O-])cc1[N+](=O)[O-])C(=O)Nc1ccccc1Cl.[Ca+2],-5.4514607628
[Fe],[Fe],-5.5190975907
C1CCCCCCCCCCC1,C1CCCCCCCCCCC1,-7.0220260604
CCCCCCOC(=O)c1ccccc1C(=O)c2ccc(cc2O)N(CC)CC,CCCCCCOC(=O)c1ccccc1C(=O)c1ccc(N(CC)CC)cc1O,-7.3952335385
[B],[B],-4.8435743389
[Co++].CCCCC(CC)C([O-])=O.CCCCC(CC)C([O-])=O,CCCCC(CC)C(=O)[O-].CCCCC(CC)C(=O)[O-].[Co+2],-5.347977516
CCCCOC(=O)C1C(C(=O)OCCCC)C2(Cl)C(=C(Cl)C1(Cl)C2(Cl)Cl)Cl,CCCCOC(=O)C1C(C(=O)OCCCC)C2(Cl)C(Cl)=C(Cl)C1(Cl)C2(Cl)Cl,-7.5095589026
O=C1N2c3cccc4cccc(N=C2c5ccccc15)c34,O=C1c2ccccc2C2=Nc3cccc4cccc(c34)N12,-7.255740326000001
Clc1ccc2Nc3cc4C(=O)c5cc(Cl)ccc5Nc4cc3C(=O)c2c1,O=c1c2cc(Cl)ccc2[nH]c2cc3c(=O)c4cc(Cl)ccc4[nH]c3cc12,-7.4198053963
CC(=O)C(N=Nc1ccccc1C(F)(F)F)C(=O)Nc2ccc3NC(=O)Nc3c2,CC(=O)C(N=Nc1ccccc1C(F)(F)F)C(=O)Nc1ccc2[nH]c(=O)[nH]c2c1,-7.455526833
Cc1ccc(cc1N\N=C2\C(=O)C(=Cc3ccccc23)C(=O)Nc4cc(C)c(NC(=O)C5=Cc6ccccc6C(=N/Nc7c(C)cccc7C(=O)OCCCl)/C5=O)cc4C)C(=O)OCCCl,Cc1ccc(C(=O)OCCCl)cc1N/N=C1/C(=O)C(C(=O)Nc2cc(C)c(NC(=O)C3=Cc4ccccc4/C(=N/Nc4c(C)cccc4C(=O)OCCCl)C3=O)cc2C)=Cc2ccccc21,-7.814241028500001
CC(=O)C(N=Nc1ccc(Cl)cc1[N+]([O-])=O)C(=O)Nc2ccc3NC(=O)Nc3c2,CC(=O)C(N=Nc1ccc(Cl)cc1[N+](=O)[O-])C(=O)Nc1ccc2[nH]c(=O)[nH]c2c1,-7.473779876699999
CC(=C)C(=O)OCCCCCCCCCCOC(=O)C(C)=C,C=C(C)C(=O)OCCCCCCCCCCOC(=O)C(=C)C,-6.3502060506
Clc1cccc2C(=O)c3cc4Nc5c(Cl)cccc5C(=O)c4cc3Nc12,O=c1c2cc3[nH]c4c(Cl)cccc4c(=O)c3cc2[nH]c2c(Cl)cccc12,-6.4573217576
CC(=O)C(N=Nc1ccc(C)cc1[N+]([O-])=O)C(=O)Nc2ccccc2,CC(=O)C(N=Nc1ccc(C)cc1[N+](=O)[O-])C(=O)Nc1ccccc1,-7.4179683662
CCCCCCCCCC(=O)OOC(=O)CCCCCCCCC,CCCCCCCCCC(=O)OOC(=O)CCCCCCCCC,-6.4497523604
Cc1ccccc1NC(=O)C2=Cc3ccccc3C(=N/Nc4ccc(Cl)cc4[N+]([O-])=O)/C2=O,Cc1ccccc1NC(=O)C1=Cc2ccccc2/C(=N/Nc2ccc(Cl)cc2[N+](=O)[O-])C1=O,-7.5632144901
[Ni++].[O-]c1ccc2ccccc2c1C=Nc3cc4NC(=O)Nc4cc3N=Cc5c([O-])ccc6ccccc56,O=c1[nH]c2cc(N=Cc3c([O-])ccc4ccccc34)c(N=Cc3c([O-])ccc4ccccc34)cc2[nH]1.[Ni+2],-7.6266942296
[O--].[O--].[Pt+4],[O-2].[O-2].[Pt+4],-7.2627495503
[Nd],[Nd],-7.0799044677
O=[Co],[Co+2].[O-2],-5.798391069
[Ca++].COc1ccc(NC(=O)C2=Cc3ccccc3/C(=N/Nc4cc(ccc4C)C(=O)Nc5cccc(c5)[S]([O-])(=O)=O)C2=O)cc1.COc6ccc(NC(=O)C7=Cc8ccccc8/C(=N/Nc9cc(ccc9C)C(=O)Nc%10cccc(c%10)[S]([O-])(=O)=O)C7=O)cc6,COc1ccc(NC(=O)C2=Cc3ccccc3/C(=N/Nc3cc(C(=O)Nc4cccc(S(=O)(=O)[O-])c4)ccc3C)C2=O)cc1.COc1ccc(NC(=O)C2=Cc3ccccc3/C(=N/Nc3cc(C(=O)Nc4cccc(S(=O)(=O)[O-])c4)ccc3C)C2=O)cc1.[Ca+2],-7.050931182699999
CCOc1ccccc1NC(=O)C2=Cc3ccccc3C(=N/Nc4ccc(cc4)C(N)=O)\C2=O,CCOc1ccccc1NC(=O)C1=Cc2ccccc2/C(=N\Nc2ccc(C(N)=O)cc2)C1=O,-7.581973548400001
Cc1ccc(cc1N\N=C2/C(=O)C(=Cc3ccccc23)C(=O)Nc4ccccc4)[N+]([O-])=O,Cc1ccc([N+](=O)[O-])cc1N/N=C1\C(=O)C(C(=O)Nc2ccccc2)=Cc2ccccc21,-7.5579677799
CC(=O)C(N=Nc1ccc(cc1)[N+]([O-])=O)C(=O)Nc2ccc3NC(=O)Nc3c2,CC(=O)C(N=Nc1ccc([N+](=O)[O-])cc1)C(=O)Nc1ccc2[nH]c(=O)[nH]c2c1,-7.5255403409
Clc1ccc(Cl)c(N\N=C2\C(=O)C(=Cc3ccccc23)C(=O)Nc4ccc(NC(=O)C5=Cc6ccccc6C(=N/Nc7cc(Cl)ccc7Cl)\C5=O)c(Cl)c4)c1,O=C(Nc1ccc(NC(=O)C2=Cc3ccccc3/C(=N\Nc3cc(Cl)ccc3Cl)C2=O)c(Cl)c1)C1=Cc2ccccc2/C(=N\Nc2cc(Cl)ccc2Cl)C1=O,-7.869298263099999
CC(=C)C(=O)OCCCCCCCCCCCCOC(=O)C(C)=C,C=C(C)C(=O)OCCCCCCCCCCCCOC(=O)C(=C)C,-7.484220297999999
CC(=O)C(N=Nc1ccc(cc1)C(=O)Nc2ccc(cc2)C(N)=O)C(=O)Nc3ccc4NC(=O)Nc4c3,CC(=O)C(N=Nc1ccc(C(=O)Nc2ccc(C(N)=O)cc2)cc1)C(=O)Nc1ccc2[nH]c(=O)[nH]c2c1,-6.672808805599999
CCOc1ccc(NC(=O)C(N=Nc2ccc(cc2Cl)c3ccc(N=NC(C(C)=O)C(=O)Nc4ccc(OCC)cc4)c(Cl)c3)C(C)=O)cc1,CCOc1ccc(NC(=O)C(N=Nc2ccc(-c3ccc(N=NC(C(C)=O)C(=O)Nc4ccc(OCC)cc4)c(Cl)c3)cc2Cl)C(C)=O)cc1,-7.830582616799999
S=C(SSSSSSC(=S)N1CCCCC1)N2CCCCC2,S=C(SSSSSSC(=S)N1CCCCC1)N1CCCCC1,-7.6317322062
O=C1c2ccccc2Nc3cc4C(=O)c5ccccc5Nc4cc13,O=c1c2ccccc2[nH]c2cc3c(=O)c4ccccc4[nH]c3cc12,-7.481773695499999
CC(=O)C(N=Nc1cc(ccc1Cl)C(=O)Nc2cccc(Cl)c2C)C(=O)Nc3cc(Cl)c(NC(=O)C(N=Nc4cc(ccc4Cl)C(=O)Nc5cccc(Cl)c5C)C(C)=O)cc3C,CC(=O)C(N=Nc1cc(C(=O)Nc2cccc(Cl)c2C)ccc1Cl)C(=O)Nc1cc(Cl)c(NC(=O)C(N=Nc2cc(C(=O)Nc3cccc(Cl)c3C)ccc2Cl)C(C)=O)cc1C,-7.9717711074
COc1ccc(cc1N\N=C2/C(=O)C(=Cc3ccccc23)C(=O)Nc4cc(Cl)ccc4C)C(=O)Nc5ccccc5,COc1ccc(C(=O)Nc2ccccc2)cc1N/N=C1\C(=O)C(C(=O)Nc2cc(Cl)ccc2C)=Cc2ccccc21,-7.7520707385
CCCCCCCCOC(=O)c1ccccc1C(=O)OCc2ccccc2,CCCCCCCCOC(=O)c1ccccc1C(=O)OCc1ccccc1,-8.2876520693
COc1ccc(N=NC(C(C)=O)C(=O)Nc2ccccc2OC)c(c1)[N+]([O-])=O,COc1ccc(N=NC(C(C)=O)C(=O)Nc2ccccc2OC)c([N+](=O)[O-])c1,-8.3082430527
COc1ccc(cc1N\N=C2/C(=O)C(=Cc3ccccc23)C(=O)Nc4ccc5NC(=O)Nc5c4)C(=O)Nc6ccccc6,COc1ccc(C(=O)Nc2ccccc2)cc1N/N=C1\C(=O)C(C(=O)Nc2ccc3[nH]c(=O)[nH]c3c2)=Cc2ccccc21,-8.4790833317
CC(C)(C)CC(C)(C)N(c1ccccc1)c2cccc3ccccc23,CC(C)(C)CC(C)(C)N(c1ccccc1)c1cccc2ccccc12,-8.2900385416
COc1ccccc1NC(=O)C2=Cc3ccccc3C(=N/Nc4cc(Cl)ccc4Cl)\C2=O,COc1ccccc1NC(=O)C1=Cc2ccccc2/C(=N\Nc2cc(Cl)ccc2Cl)C1=O,-8.4645677849
CC(C)(C)c1cc(CCC(=O)OCCNC(=O)C(=O)NCCOC(=O)CCc2cc(c(O)c(c2)C(C)(C)C)C(C)(C)C)cc(c1O)C(C)(C)C,CC(C)(C)c1cc(CCC(=O)OCCNC(=O)C(=O)NCCOC(=O)CCc2cc(C(C)(C)C)c(O)c(C(C)(C)C)c2)cc(C(C)(C)C)c1O,-8.6670954079
CCCCCCCCCCCCCCCCCC(=O)OC(CCCCCC)CCCCCCCCCCC(=O)OCCCCCCCCCCCCCC(C)C,CCCCCCCCCCCCCCCCCC(=O)OC(CCCCCC)CCCCCCCCCCC(=O)OCCCCCCCCCCCCCC(C)C,-8.755372465299999
CC(C)CCC[C@@H](C)CCC[C@@H](C)CCC[C@]1(C)CCc2c(C)c(O)c(C)c(C)c2O1,Cc1c(C)c2c(c(C)c1O)CC[C@@](C)(CCC[C@H](C)CCC[C@H](C)CCCC(C)C)O2,-8.520248661
CC(C)CCCC(C)CCCC(C)CCCC1(C)CCc2cc(O)c(C)c(C)c2O1,Cc1c(O)cc2c(c1C)OC(C)(CCCC(C)CCCC(C)CCCC(C)C)CC2,-8.5058697258
CCCCCCCC\C=C/CCCCCCCC(=O)OCC(CC)(CO)COC(=O)CCCCCCC\C=C/CCCCCCCC,CCCCCCCC/C=C\CCCCCCCC(=O)OCC(CC)(CO)COC(=O)CCCCCCC/C=C\CCCCCCCC,-8.7211960386
[O--].[Pd++],[O-2].[Pd+2],-8.0625429623
CC(=O)C(N=Nc1ccc(cc1Cl)c2ccc(N=NC(C(C)=O)C(=O)Nc3ccccc3C)c(Cl)c2)C(=O)Nc4ccccc4C,CC(=O)C(N=Nc1ccc(-c2ccc(N=NC(C(C)=O)C(=O)Nc3ccccc3C)c(Cl)c2)cc1Cl)C(=O)Nc1ccccc1C,-8.9148440789
CCCCC(CC)CN[S](=O)(=O)c1ccc(cc1)N=NC2=C(O)N(CCCC)C(=O)C(=C2C)C#N,CCCCC(CC)CNS(=O)(=O)c1ccc(N=Nc2c(C)c(C#N)c(=O)n(CCCC)c2O)cc1,-8.797313426799999
S=[SnH2],[S]=[SnH2],-8.4059550501
Clc1cccc(N\N=C2/C(=O)C(=Cc3ccccc23)C(=O)Nc4cccc5c(NC(=O)C6=Cc7ccccc7C(=N/Nc8cccc(Cl)c8Cl)\C6=O)cccc45)c1Cl,O=C(Nc1cccc2c(NC(=O)C3=Cc4ccccc4/C(=N\Nc4cccc(Cl)c4Cl)C3=O)cccc12)C1=Cc2ccccc2/C(=N/Nc2cccc(Cl)c2Cl)C1=O,-9.227651248
[S--].[S--].[S--].[Bi+3].[Bi+3],[Bi+3].[Bi+3].[S-2].[S-2].[S-2],-9.0983152748
CC(=O)C(N=Nc1ccc(cc1Cl)c2ccc(N=NC(C(C)=O)C(=O)Nc3ccccc3)c(Cl)c2)C(=O)Nc4ccccc4,CC(=O)C(N=Nc1ccc(-c2ccc(N=NC(C(C)=O)C(=O)Nc3ccccc3)c(Cl)c2)cc1Cl)C(=O)Nc1ccccc1,-9.1969385027
FC(F)(F)C(F)(F)C(F)(F)N(C(F)(F)C(F)(F)C(F)(F)F)C(F)(F)C(F)(F)C(F)(F)F,FC(F)(F)C(F)(F)C(F)(F)N(C(F)(F)C(F)(F)C(F)(F)F)C(F)(F)C(F)(F)C(F)(F)F,-9.1359660934
CC(=O)C(N=Nc1ccc(cc1Cl)c2ccc(N=NC(C(C)=O)C(=O)Nc3ccc(C)cc3C)c(Cl)c2)C(=O)Nc4ccc(C)cc4C,CC(=O)C(N=Nc1ccc(-c2ccc(N=NC(C(C)=O)C(=O)Nc3ccc(C)cc3C)c(Cl)c2)cc1Cl)C(=O)Nc1ccc(C)cc1C,-9.2920103659
CCOC(=O)OCCOc1cc(O)c2C(=O)c3ccccc3C(=O)c2c1N,CCOC(=O)OCCOc1cc(O)c2c(c1N)C(=O)c1ccccc1C2=O,-9.2195295624
C[Si](C)(C)O[Si](O[Si](C)(C)C)(O[Si](C)(C)C)O[Si](C)(C)C,C[Si](C)(C)O[Si](O[Si](C)(C)C)(O[Si](C)(C)C)O[Si](C)(C)C,-9.4071737246
CC(C)(c1cc(Br)c(OCC(Br)CBr)c(Br)c1)c2cc(Br)c(OCC(Br)CBr)c(Br)c2,CC(C)(c1cc(Br)c(OCC(Br)CBr)c(Br)c1)c1cc(Br)c(OCC(Br)CBr)c(Br)c1,-9.8164351053
[Ir],[Ir],-9.9827617991
CC(C)CCCCCCCCCCCCCCCOC(=O)CC(O)C(=O)OCCCCCCCCCCCCCCCC(C)C,CC(C)CCCCCCCCCCCCCCCOC(=O)CC(O)C(=O)OCCCCCCCCCCCCCCCC(C)C,-7.9926275988
[Co++].CCCCCCCCCCCCCCCCCC([O-])=O.CCCCCCCCCCCCCCCCCC([O-])=O,CCCCCCCCCCCCCCCCCC(=O)[O-].CCCCCCCCCCCCCCCCCC(=O)[O-].[Co+2],-5.2733987051
CCCCCCCCCCOC(=O)C(CC)CCCC,CCCCCCCCCCOC(=O)C(CC)CCCC,-8.1939864578
CC(CCOC(=O)CC(C)CC(C)(C)C)CC(C)(C)C,CC(CCOC(=O)CC(C)CC(C)(C)C)CC(C)(C)C,-8.2779665867
CCCCCCCCCCCCCCCCCC(=O)OCCCCCCCCCCCCCC,CCCCCCCCCCCCCCCCCC(=O)OCCCCCCCCCCCCCC,-8.983050454099999
C1CO[Sb]2OCCO[Sb](O1)OCCO2,C1C[O][Sb]2[O]CC[O][Sb]([O]1)[O]CC[O]2,-9.0249738719
CCCCCCCC(=O)CC(=O)c1ccccc1,CCCCCCCC(=O)CC(=O)c1ccccc1,-5.8836966949
O=[Cr]O[Cr]=O.O=[Mn]O[Mn]=O.O=[Fe]O[Fe]=O,[Cr+3].[Cr+3].[Fe+3].[Fe+3].[Mn+3].[Mn+3].[O-2].[O-2].[O-2].[O-2].[O-2].[O-2].[O-2].[O-2].[O-2],-8.972710915599999
[Si],[Si],-5.6631600565
Cc1cc(Cl)cc2SC(/C(=O)c12)=C/3Sc4cc(Cl)cc(C)c4C3=O,Cc1cc(Cl)cc2c1C(=O)/C(=C1/Sc3cc(Cl)cc(C)c3C1=O)S2,-7.9319837821
COc1ccc(N\N=C2/C(=O)C=Cc3ccccc23)c(c1)[N+]([O-])=O,COc1ccc(N/N=C2\C(=O)C=Cc3ccccc32)c([N+](=O)[O-])c1,-7.9911025111
Cc1cc(Cc2cc(C)cc(c2O)C3(C)CCCCC3)c(O)c(c1)C4(C)CCCCC4,Cc1cc(Cc2cc(C)cc(C3(C)CCCCC3)c2O)c(O)c(C2(C)CCCCC2)c1,-8.146786216599999
S.[Mo],S.[Mo],-5.8129901866
Brc1cc2C(=O)c3cccc4c(Br)cc5C(=O)c6cccc1c6c2c5c34,O=c1c2cc(Br)c3cccc4c(=O)c5cc(Br)c6cccc1c6c5-c2c34,-7.6331990421
CC1=CC2=NC(=O)N=C2C=C1NNC3C(=O)NC(=O)NC3=O,Cc1cc2c(cc1NNC1C(=O)NC(=O)NC1=O)=NC(=O)N=2,-6.4891402338
Cc1ccc(Nc2nc(Nc3ccc(C)cc3)c(C#N)c(C)c2N=Nc4ccccc4C(F)(F)F)cc1,Cc1ccc(Nc2nc(Nc3ccc(C)cc3)c(N=Nc3ccccc3C(F)(F)F)c(C)c2C#N)cc1,-7.7171571443
CN1C(=O)c2ccc3c4ccc5C(=O)N(C)C(=O)c6ccc(c7ccc(C1=O)c2c37)c4c56,CN1C(=O)c2ccc3c4ccc5c6c(ccc(c7ccc(c2c37)C1=O)c64)C(=O)N(C)C5=O,-7.7185099927
COCCCN1C(=O)c2ccc3C(=O)n4c5ccc(C)cc5nc4c6ccc(C1=O)c2c36,COCCCN1C(=O)c2ccc3c(=O)n4c5ccc(C)cc5nc4c4ccc(c2c34)C1=O,-6.7715099068
Oc1cc2ccccc2cc1C(=O)N=NNc3cc(Cl)c(cc3Cl)c4ccc(cc4)c5cc(Cl)c(NN=NC(=O)c6cc7ccccc7cc6O)cc5Cl,O=C(N=NNc1cc(Cl)c(-c2ccc(-c3cc(Cl)c(NN=NC(=O)c4cc5ccccc5cc4O)cc3Cl)cc2)cc1Cl)c1cc2ccccc2cc1O,-8.0871707055
CCCCCCCOCC(COCCCCCCC)(COCCCCCCC)COCCCCCCC,CCCCCCCOCC(COCCCCCCC)(COCCCCCCC)COCCCCCCC,-7.94522478
O=[Zr]=O,[O-2].[O-2].[Zr+4],-6.350325563999999
COc1cc(N=Nc2c(Br)cc(cc2[N+]([O-])=O)[N+]([O-])=O)c(NC(C)=O)cc1N(CC=C)CC=C,C=CCN(CC=C)c1cc(NC(C)=O)c(N=Nc2c(Br)cc([N+](=O)[O-])cc2[N+](=O)[O-])cc1OC,-7.0093328393
O=C1\C(Nc2ccccc12)=C/3Nc4ccccc4C3=O,O=C1/C(=C2/Nc3ccccc3C2=O)Nc2ccccc21,-6.7197753001
CCCCCCCCCCCCCC(=O)OC(C)C,CCCCCCCCCCCCCC(=O)OC(C)C,-6.733128222
CCCCCCCCCc1cccc(Nc2cccc(CCCCCCCCC)c2)c1,CCCCCCCCCc1cccc(Nc2cccc(CCCCCCCCC)c2)c1,-7.9260469847
CCOC(=O)C(C#N)=C(c1ccccc1)c2ccccc2,CCOC(=O)C(C#N)=C(c1ccccc1)c1ccccc1,-7.7440158853
CC(C)(C)c1cc(CCC(=O)OCCCCCCOC(=O)CCc2cc(c(O)c(c2)C(C)(C)C)C(C)(C)C)cc(c1O)C(C)(C)C,CC(C)(C)c1cc(CCC(=O)OCCCCCCOC(=O)CCc2cc(C(C)(C)C)c(O)c(C(C)(C)C)c2)cc(C(C)(C)C)c1O,-8.1064832759
CC(C)(C)c1ccc(OP(Oc2ccc(cc2C(C)(C)C)C(C)(C)C)Oc3ccc(cc3C(C)(C)C)C(C)(C)C)c(c1)C(C)(C)C,CC(C)(C)c1ccc(OP(Oc2ccc(C(C)(C)C)cc2C(C)(C)C)Oc2ccc(C(C)(C)C)cc2C(C)(C)C)c(C(C)(C)C)c1,-8.1118919859
COC(=O)CCN(CCC(=O)OC)c1ccc(cc1)N=Nc2c(Cl)cc(cc2Br)[N+]([O-])=O,COC(=O)CCN(CCC(=O)OC)c1ccc(N=Nc2c(Cl)cc([N+](=O)[O-])cc2Br)cc1,-7.1002216252
COc1cc(ccc1NN=C2C=CC(=O)C=C2)N=Nc3ccc(cc3)[N+]([O-])=O,COc1cc(N=Nc2ccc([N+](=O)[O-])cc2)ccc1NN=C1C=CC(=O)C=C1,-6.9639720065
CC(=O)OCCN(CCC#N)c1ccc(cc1)N=Nc2c(Cl)cc(cc2Cl)[N+]([O-])=O,CC(=O)OCCN(CCC#N)c1ccc(N=Nc2c(Cl)cc([N+](=O)[O-])cc2Cl)cc1,-7.0514245951
CCCC(c1cc(c(O)cc1C)C(C)(C)C)c2cc(c(O)cc2C)C(C)(C)C,CCCC(c1cc(C(C)(C)C)c(O)cc1C)c1cc(C(C)(C)C)c(O)cc1C,-7.9806713528
CCCCCCCCCCCCCCCCCCOC(=O)CCSCCC(=O)OCCCCCCCCCCCCCCCCCC,CCCCCCCCCCCCCCCCCCOC(=O)CCSCCC(=O)OCCCCCCCCCCCCCCCCCC,-8.2324757883
[Sn],[Sn],-7.472430972100001
CCCCC(CC)COC(=O)\C=C/C(=O)OCC(CC)CCCC,CCCCC(CC)COC(=O)/C=C\C(=O)OCC(CC)CCCC,-6.9758197173
CCN(CC)c1ccc(N=Nc2c(Cl)cc(cc2[N+]([O-])=O)[N+]([O-])=O)c(NC(C)=O)c1,CCN(CC)c1ccc(N=Nc2c(Cl)cc([N+](=O)[O-])cc2[N+](=O)[O-])c(NC(C)=O)c1,-7.1158852536
[Na+].C[O-].COC(=O)c1c(Cl)c(Cl)c(Cl)c(Cl)c1C#N.Cc2c(N)cccc2N,COC(=O)c1c(Cl)c(Cl)c(Cl)c(Cl)c1C#N.C[O-].Cc1c(N)cccc1N.[Na+],-7.1716670448
[O-][N+](=O)c1ccc(cc1)N=Nc2ccc(cc2)N(CCOC(=O)c3ccccc3)CCC#N,N#CCCN(CCOC(=O)c1ccccc1)c1ccc(N=Nc2ccc([N+](=O)[O-])cc2)cc1,-7.1697361359
CCN(CC)c1ccc(N=Nc2c(cc(cc2C#N)[N+]([O-])=O)C#N)c(NC(C)=O)c1,CCN(CC)c1ccc(N=Nc2c(C#N)cc([N+](=O)[O-])cc2C#N)c(NC(C)=O)c1,-8.1027530485
CCCCCCCCCCCC(=O)OCC(C)C,CCCCCCCCCCCC(=O)OCC(C)C,-7.9318475776
CCCCCCCC\C=C\CCCCCCCC(=O)OCCC(C)C,CCCCCCCC/C=C/CCCCCCCC(=O)OCCC(C)C,-8.0701647483
FC(F)(F)C(F)(F)C(F)(F)C(F)(F)[S](F)(=O)=O,O=S(=O)(F)C(F)(F)C(F)(F)C(F)(F)C(F)(F)F,-6.0423843487
Fc1ccc(Cc2ccc(F)cc2)cc1,Fc1ccc(Cc2ccc(F)cc2)cc1,-6.912156136599999
CC(=O)C(N=Nc1cc(ccc1Cl)C(=O)Nc2cc(ccc2Oc3ccc(Cl)cc3)C(F)(F)F)C(=O)Nc4cc(Cl)c(NC(=O)C(N=Nc5cc(ccc5Cl)C(=O)Nc6cc(ccc6Oc7ccc(Cl)cc7)C(F)(F)F)C(C)=O)cc4C,CC(=O)C(N=Nc1cc(C(=O)Nc2cc(C(F)(F)F)ccc2Oc2ccc(Cl)cc2)ccc1Cl)C(=O)Nc1cc(Cl)c(NC(=O)C(N=Nc2cc(C(=O)Nc3cc(C(F)(F)F)ccc3Oc3ccc(Cl)cc3)ccc2Cl)C(C)=O)cc1C,-7.6916832495
COC(=O)CCN(CCC(=O)OC)c1ccc(N=Nc2ccc(cc2[N+]([O-])=O)[N+]([O-])=O)c(NC(C)=O)c1,COC(=O)CCN(CCC(=O)OC)c1ccc(N=Nc2ccc([N+](=O)[O-])cc2[N+](=O)[O-])c(NC(C)=O)c1,-7.3328313355
CC(Br)(CBr)COc1c(Br)cc(cc1Br)C(C)(C)c2cc(Br)c(OCC(C)(Br)CBr)c(Br)c2,CC(Br)(CBr)COc1c(Br)cc(C(C)(C)c2cc(Br)c(OCC(C)(Br)CBr)c(Br)c2)cc1Br,-7.6864910333
CC(C)(C)c1ccc(OC(=O)c2cc(c(O)c(c2)C(C)(C)C)C(C)(C)C)c(c1)C(C)(C)C,CC(C)(C)c1ccc(OC(=O)c2cc(C(C)(C)C)c(O)c(C(C)(C)C)c2)c(C(C)(C)C)c1,-7.3410901182
CCN(CC)c1ccc(N=Nc2c(Br)cc(cc2[N+]([O-])=O)[N+]([O-])=O)c(NC(C)=O)c1,CCN(CC)c1ccc(N=Nc2c(Br)cc([N+](=O)[O-])cc2[N+](=O)[O-])c(NC(C)=O)c1,-7.379569278300001
Clc1ccc(c(Cl)c1)C(=O)OOC(=O)c2ccc(Cl)cc2Cl,O=C(OOC(=O)c1ccc(Cl)cc1Cl)c1ccc(Cl)cc1Cl,-8.2787650296
CCCCC(CC)CN(CC(CC)CCCC)CC(CC)CCCC,CCCCC(CC)CN(CC(CC)CCCC)CC(CC)CCCC,-8.2475792783
O=C1N(CCc2ccccc2)C(=O)c3ccc4c5ccc6C(=O)N(CCc7ccccc7)C(=O)c8ccc(c9ccc1c3c49)c5c68,O=C1c2ccc3c4ccc5c6c(ccc(c7ccc(c2c37)C(=O)N1CCc1ccccc1)c64)C(=O)N(CCc1ccccc1)C5=O,-8.4761487948
CCCCCCCCCCCCCCCCCc1[nH]ccn1,CCCCCCCCCCCCCCCCCc1ncc[nH]1,-7.214642713
[Na+].C[O-].COC(=O)c1c(Cl)c(Cl)c(Cl)c(Cl)c1C#N.Cc2cc(N)ccc2N=Nc3ccc(N)cc3,COC(=O)c1c(Cl)c(Cl)c(Cl)c(Cl)c1C#N.C[O-].Cc1cc(N)ccc1N=Nc1ccc(N)cc1.[Na+],-7.5324148718
CC(=C)C(=O)OCCCOc1ccc(cc1)C(C)(C)c2ccc(OCCCOC(=O)C(C)=C)cc2,C=C(C)C(=O)OCCCOc1ccc(C(C)(C)c2ccc(OCCCOC(=O)C(=C)C)cc2)cc1,-7.4564753884
CC(=O)OCCN(CCOC(C)=O)c1ccc(cc1)N=Nc2sc(cc2[N+]([O-])=O)[N+]([O-])=O,CC(=O)OCCN(CCOC(C)=O)c1ccc(N=Nc2sc([N+](=O)[O-])cc2[N+](=O)[O-])cc1,-7.547293505
Clc1c(Cl)c(Cl)c2C(=O)C(c3ccc4cccc(N5C(=O)c6c(Cl)c(Cl)c(Cl)c(Cl)c6C5=O)c4n3)C(=O)c2c1Cl,O=C1c2c(Cl)c(Cl)c(Cl)c(Cl)c2C(=O)C1c1ccc2cccc(N3C(=O)c4c(Cl)c(Cl)c(Cl)c(Cl)c4C3=O)c2n1,-7.7273960926
CCN(CC)c1ccc(N=Nc2c(cc(cc2C#N)[N+]([O-])=O)C#N)c(C)c1,CCN(CC)c1ccc(N=Nc2c(C#N)cc([N+](=O)[O-])cc2C#N)c(C)c1,-7.472819969600001
CCCCCCCCCCCCCC(=O)OCC(O)CO,CCCCCCCCCCCCCC(=O)OCC(O)CO,-7.397875398099999
CCN(CC)c1ccc2C=C(C(=O)Oc2c1)c3oc4ccc(Cl)cc4n3,CCN(CC)c1ccc2cc(-c3nc4cc(Cl)ccc4o3)c(=O)oc2c1,-7.4876332175
[Cu++].[O-]c1ccccc1N=Cc2c([O-])ccc3ccccc23,[Cu+2].[O-]c1ccccc1N=Cc1c([O-])ccc2ccccc12,-7.432469538099999
O=[Pb]=O,[O-2].[O-2].[Pb+4],-7.3256791006
CCCCCCCCCOC(=O)c1ccc(C(=O)OCCCCCCCCC)c(c1)C(=O)OCCCCCCCCC,CCCCCCCCCOC(=O)c1ccc(C(=O)OCCCCCCCCC)c(C(=O)OCCCCCCCCC)c1,-6.757182205
CCO[Si](CC(C)CC(C)(C)C)(OCC)OCC,CCO[Si](CC(C)CC(C)(C)C)(OCC)OCC,-6.4416841407000005
Cc1ccc(Cl)cc1N\N=C2\C(=O)C(=Cc3ccccc23)C(=O)Nc4cc(C)c(NC(=O)C5=Cc6ccccc6C(=N/Nc7cc(Cl)ccc7C)/C5=O)cc4C,Cc1ccc(Cl)cc1N/N=C1\C(=O)C(C(=O)Nc2cc(C)c(NC(=O)C3=Cc4ccccc4/C(=N\Nc4cc(Cl)ccc4C)C3=O)cc2C)=Cc2ccccc21,-7.678196263899999
O=C1c2ccccc2C(=O)c3c(Nc4nc(Nc5cccc6C(=O)c7ccccc7C(=O)c56)nc(n4)c8ccccc8)cccc13,O=C1c2ccccc2C(=O)c2c(Nc3nc(Nc4cccc5c4C(=O)c4ccccc4C5=O)nc(-c4ccccc4)n3)cccc21,-7.77786597
CNC(=O)/C(C#N)=C/1NC(c2ccccc12)=C3C(=O)NC(=O)NC3=O,CNC(=O)/C(C#N)=c1\[nH]c(=C2C(=O)NC(=O)NC2=O)c2ccccc12,-7.5280099033
CC\1=NN2C(=O)c3ccccc3N=C2C1=N/Nc4ccc(Cl)cc4[N+]([O-])=O,CC1=Nn2c(nc3ccccc3c2=O)/C1=N/Nc1ccc(Cl)cc1[N+](=O)[O-],-7.5829344883
O=C1NC(=O)C(C(=O)N1)=C2NC(c3ccccc23)=C4C(=O)NC(=O)NC4=O,O=C1NC(=O)C(=c2[nH]c(=C3C(=O)NC(=O)NC3=O)c3ccccc23)C(=O)N1,-7.5649937324
CC(=O)OC/C=C(C)/C=C/C=C(C)/C=C/C1=C(C)CCCC1(C)C,CC(=O)OC/C=C(C)/C=C/C=C(C)/C=C/C1=C(C)CCCC1(C)C,-7.5165300857
CCC(=O)OC/C=C(C)/C=C/C=C(C)/C=C/C1=C(C)CCCC1(C)C,CCC(=O)OC/C=C(C)/C=C/C=C(C)/C=C/C1=C(C)CCCC1(C)C,-7.534689739199999
[H+].[Mn++].[O-]C(=O)c1cc2ccccc2c(N=Nc3ccc4ccccc4c3[S]([O-])(=O)=O)c1[O-],O=C([O-])c1cc2ccccc2c(N=Nc2ccc3ccccc3c2S(=O)(=O)[O-])c1[O-].[H+].[Mn+2],-7.6770043618
CCCCCCCCCCCCCC(=O)OCC(COC(=O)CCCCCCCCCCCCC)OC(=O)CCCCCCCCCCCCC,CCCCCCCCCCCCCC(=O)OCC(COC(=O)CCCCCCCCCCCCC)OC(=O)CCCCCCCCCCCCC,-8.6470570009
[Be]=O,[Be+2].[O-2],-7.255116256
CCCCCC1CCC(CC1)c2ccc(CCC)cc2,CCCCCC1CCC(c2ccc(CCC)cc2)CC1,-6.7725704235
CCC(C)(C)c1cc(n2nc3ccccc3n2)c(O)c(c1)C(C)(C)CC,CCC(C)(C)c1cc(-n2nc3ccccc3n2)c(O)c(C(C)(C)CC)c1,-8.545917916
CC(=O)C(N=Nc1ccc(c(Cl)c1)c2ccc(N=NC(C(C)=O)C(=O)NN)c(Cl)c2)C(=O)NN,CC(=O)C(N=Nc1ccc(-c2ccc(N=NC(C(C)=O)C(=O)NN)c(Cl)c2)c(Cl)c1)C(=O)NN,-8.7052973925
O=C1c2ccccc2C(=O)c3c4[nH]c5c(ccc6C(=O)c7c8[nH]c9c(ccc%10C(=O)c%11ccccc%11C(=O)c9%10)c8ccc7C(=O)c56)c4ccc13,O=c1c2ccccc2c(=O)c2c1ccc1c3ccc4c(=O)c5c(ccc6c7ccc8c(=O)c9ccccc9c(=O)c8c7[nH]c65)c(=O)c4c3[nH]c12,-8.8106451034
[O--].[O--].[O--].[O--].[O--].[Al+3].[Al+3].[Co++].[Co++],[Al+3].[Al+3].[Co+2].[Co+2].[O-2].[O-2].[O-2].[O-2].[O-2],-8.4010988426
[O--].[O--].[O--].[O--].[V].[Bi+3],[Bi+3].[O-2].[O-2].[O-2].[O-2].[V],-8.5104350823
O.[O--].[O--].[O--].[Fe+3].[Fe+3],O.[Fe+3].[Fe+3].[O-2].[O-2].[O-2],-8.2496923157
CCCCCCCCCCCCOC(=O)C(C)=C,C=C(C)C(=O)OCCCCCCCCCCCC,-8.4055410062
[Nb],[Nb],-7.968043762200001
CCCCCCCCCCCCCCCCCCOC(=O)C(C)=C,C=C(C)C(=O)OCCCCCCCCCCCCCCCCCC,-8.5296561698
Oc1ccc(Nc2ccccc2)c3C(=O)c4c(c(O)ccc4[N+]([O-])=O)C(=O)c13,O=C1c2c(O)ccc(Nc3ccccc3)c2C(=O)c2c([N+](=O)[O-])ccc(O)c21,-8.6461429905
[Na+].Oc1ccc(cc1)[S]([O-])(=O)=O,O=S(=O)([O-])c1ccc(O)cc1.[Na+],-8.3631893131
CCCCCCCCCCCCCCCCOC(=O)CCCCCCCCCCCCCCC,CCCCCCCCCCCCCCCCOC(=O)CCCCCCCCCCCCCCC,-8.754650095399999
CC(C)(C)c1ccc2OC(=O)C(c2c1)c3cc(ccc3OC(=O)c4cc(c(O)c(c4)C(C)(C)C)C(C)(C)C)C(C)(C)C,CC(C)(C)c1ccc(OC(=O)c2cc(C(C)(C)C)c(O)c(C(C)(C)C)c2)c(C2C(=O)Oc3ccc(C(C)(C)C)cc32)c1,-8.848512616699999
[Zr++].CCCCC(CC)C([O-])=O.CCCCC(CC)C([O-])=O,CCCCC(CC)C(=O)[O-].CCCCC(CC)C(=O)[O-].[Zr+2],-8.7020121255
CN1C(=O)C(=N/Nc2cccc(O[S](=O)(=O)c3ccccc3)c2)\C(=C(C#N)C1=O)C,CC1=C(C#N)C(=O)N(C)C(=O)/C1=N\Nc1cccc(OS(=O)(=O)c2ccccc2)c1,-8.782716219400001
[Be],[Be],-7.2558511787
CCCCC(CC)C(=O)OCC(COC(=O)C(CC)CCCC)(COC(=O)C(CC)CCCC)COC(=O)C(CC)CCCC,CCCCC(CC)C(=O)OCC(COC(=O)C(CC)CCCC)(COC(=O)C(CC)CCCC)COC(=O)C(CC)CCCC,-9.2047594175
[Au],[Au],-8.8172722155
CCCCCCCC/C=C/CCCCCCCCO[P+](=O)OCCCCCCCC\C=C\CCCCCCCC,CCCCCCCC/C=C/CCCCCCCCO[P+](=O)OCCCCCCCC/C=C/CCCCCCCC,-9.5344195865
O=[Ce]=O,[O]=[Ce]=[O],-9.1459110865
Brc1c(Br)c(Br)c(Oc2c(Br)c(Br)c(Br)c(Br)c2Br)c(Br)c1Br,Brc1c(Br)c(Br)c(Oc2c(Br)c(Br)c(Br)c(Br)c2Br)c(Br)c1Br,-9.9818960396
CCCCCCCCCCCCCCCCCCC1CC(=O)N(CCNCCNCCNCCN2C(=O)CC(CCCCCCCCCCCCCCCCCC)C2=O)C1=O,CCCCCCCCCCCCCCCCCCC1CC(=O)N(CCNCCNCCNCCN2C(=O)CC(CCCCCCCCCCCCCCCCCC)C2=O)C1=O,-10.2347171749
ClCc1ccc(cc1)c2ccc(CCl)cc2,ClCc1ccc(-c2ccc(CCl)cc2)cc1,-10.098913562
CCC(CC)O[N+]([O-])=O,CCC(CC)O[N+](=O)[O-],-2.4522
Oc1cc(Br)cc(C=O)c1,O=Cc1cc(O)cc(Br)c1,-3.2502
[H+].[Cl-].CCOC(=O)C1(CCN(C)CC1)c2ccccc2,CCOC(=O)C1(c2ccccc2)CCN(C)CC1.[Cl-].[H+],-1.6368
CCC(O)(COC(N)=O)c1ccccc1,CCC(O)(COC(N)=O)c1ccccc1,-0.9227
CC(O)C(O)=O,CC(O)C(=O)O,1.0454
C[C@]12CC[C@H]3[C@@H](CCc4cc(O)ccc34)[C@@H]1CC[C@@H]2O,C[C@]12CC[C@@H]3c4ccc(O)cc4CC[C@H]3[C@@H]1CC[C@@H]2O,-4.8789
OC(=O)c1c(Cl)cccc1Cl,O=C(O)c1c(Cl)cccc1Cl,-1.1309
OC(=O)c1c(Cl)ccc(Cl)c1Cl,O=C(O)c1c(Cl)ccc(Cl)c1Cl,-1.4666
O=C1CCC(N2C(=O)c3ccccc3C2=O)C(=O)N1,O=C1CCC(N2C(=O)c3ccccc3C2=O)C(=O)N1,-2.6758
CO[C@H]1[C@@H](C[C@@H]2CN3CCc4c([nH]c5cc(OC)ccc45)[C@H]3C[C@@H]2[C@@H]1C(=O)OC)OC(=O)c6cc(OC)c(OC)c(OC)c6,COC(=O)[C@H]1[C@H]2C[C@@H]3c4[nH]c5cc(OC)ccc5c4CCN3C[C@H]2C[C@@H](OC(=O)c2cc(OC)c(OC)c(OC)c2)[C@@H]1OC,-3.9208
Oc1ccc(Cl)cc1C(=O)Nc2ccc(cc2Cl)[N+]([O-])=O,O=C(Nc1ccc([N+](=O)[O-])cc1Cl)c1cc(Cl)ccc1O,-5.3106
NCCc1c[nH]c2ccc(O)cc12,NCCc1c[nH]c2ccc(O)cc12,-0.945
OC(=O)c1cc(Cl)c(Cl)cc1Cl,O=C(O)c1cc(Cl)c(Cl)cc1Cl,-2.4446
OC(=O)c1ccc(Cl)cc1Cl,O=C(O)c1ccc(Cl)cc1Cl,-2.6003
BrC1=CNC(=O)NC1=O,O=c1[nH]cc(Br)c(=O)[nH]1,-2.3698
CNC[C@H](O)c1ccc(O)c(O)c1.O[C@H]([C@@H](O)C(O)=O)C(O)=O,CNC[C@H](O)c1ccc(O)c(O)c1.O=C(O)[C@H](O)[C@@H](O)C(=O)O,0.0
CNC[C@H](O)c1ccc(O)c(O)c1,CNC[C@H](O)c1ccc(O)c(O)c1,-3.0077
CCCC1=CC(=O)NC(=S)N1,CCCc1cc(=O)[nH]c(=S)[nH]1,-2.1504
CN(CCCl)CCCl,CN(CCCl)CCCl,-1.1141
CC(=O)O[C@]1(CC[C@H]2[C@@H]3CCC4=CC(=O)CC[C@@H]4[C@H]3CC[C@]12C)C#C,C#C[C@]1(OC(C)=O)CC[C@H]2[C@@H]3CCC4=CC(=O)CC[C@@H]4[C@H]3CC[C@@]21C,-4.8041
CC(=O)S[C@@H]1CC2=CC(=O)CC[C@]2(C)[C@H]3CC[C@@]4(C)[C@@H](CC[C@@]45CCC(=O)O5)[C@H]13,CC(=O)S[C@@H]1CC2=CC(=O)CC[C@]2(C)[C@H]2CC[C@@]3(C)[C@@H](CC[C@@]34CCC(=O)O4)[C@H]12,-4.2773
S=[P](N1CC1)(N2CC2)N3CC3,S=P(N1CC1)(N1CC1)N1CC1,0.0018
CO[P](=O)(OC)C(O)C(Cl)(Cl)Cl,COP(=O)(OC)C(O)C(Cl)(Cl)Cl,-0.3315
NC(CS)C(O)=O,NC(CS)C(=O)O,0.3597
ClC(Cl)C(c1ccc(Cl)cc1)c2ccccc2Cl,Clc1ccc(C(c2ccccc2Cl)C(Cl)Cl)cc1,-6.5052
CN1CCC[C@H]1c2cccnc2,CN1CCC[C@H]1c1cccnc1,0.7898
OCC1OC(CC1O)N2C=C(I)C(=O)NC2=O,O=c1[nH]c(=O)n(C2CC(O)C(CO)O2)cc1I,-2.2481
CN(C)c1ccc(cc1)N=Nc2cccc(C)c2,Cc1cccc(N=Nc2ccc(N(C)C)cc2)c1,-5.7769
CC(C)O[P](F)(=O)OC(C)C,CC(C)OP(=O)(F)OC(C)C,-1.0777
CC1=CC(=O)NC(=S)N1,Cc1cc(=O)[nH]c(=S)[nH]1,-2.4259
NCCCC(O)=O,NCCCC(=O)O,1.1006
C[C@@]12[C@H]3CC[C@H](O3)[C@]1(C)C(=O)OC2=O,C[C@@]12C(=O)OC(=O)[C@]1(C)[C@H]1CC[C@@H]2O1,-3.8156
Nc1ncnc2n(cnc12)C3OC(CO[P](O)(=O)O[P](O)(=O)O[P](O)(O)=O)C(O)C3O,Nc1ncnc2c1ncn2C1OC(COP(=O)(O)OP(=O)(O)OP(=O)(O)O)C(O)C1O,0.2948
CCO[P](=S)(OCC)Oc1ccc2C(=C(Cl)C(=O)Oc2c1)C,CCOP(=S)(OCC)Oc1ccc2c(C)c(Cl)c(=O)oc2c1,-5.3835
NCCCCC(N)C(O)=O,NCCCCC(N)C(=O)O,0.8351
OCC(O)CO[P](O)(O)=O,O=P(O)(O)OCC(O)CO,0.7643
C=CCN=C=S,C=CCN=C=S,-1.6953
CN(C)N,CN(C)N,1.2211
CCOC(=O)C1(CCN(C)CC1)c2ccccc2,CCOC(=O)C1(c2ccccc2)CCN(C)CC1,-1.8861
OC[C@@H](O)[C@@H](O)[C@H](O)C(=O)CO,O=C(CO)[C@@H](O)[C@H](O)[C@H](O)CO,0.6353
OC[C@H]1O[C@H](O[C@]2(CO)O[C@H](CO)[C@@H](O)[C@@H]2O)[C@H](O)[C@@H](O)[C@@H]1O,OC[C@H]1O[C@@](CO)(O[C@H]2O[C@H](CO)[C@@H](O)[C@H](O)[C@H]2O)[C@@H](O)[C@@H]1O,0.7878
CC(O)CO,CC(O)CO,1.1186
C[C@]12CC[C@H]3[C@@H](CCc4cc(O)ccc34)[C@@H]1CC[C@@]2(O)C#C,C#C[C@]1(O)CC[C@H]2[C@@H]3CCc4cc(O)ccc4[C@H]3CC[C@@]21C,-4.4192
NC(N)=N[S](=O)(=O)c1ccc(N)cc1,NC(N)=NS(=O)(=O)c1ccc(N)cc1,-1.9885
ClC1CC2C(C1Cl)C3(Cl)C(=C(Cl)C2(Cl)C3(Cl)Cl)Cl,ClC1=C(Cl)C2(Cl)C3C(Cl)C(Cl)CC3C1(Cl)C2(Cl)Cl,-6.8644
CCC(=O)O[C@H]1CC[C@H]2[C@@H]3CCC4=CC(=O)CC[C@]4(C)[C@H]3CC[C@]12C,CCC(=O)O[C@H]1CC[C@H]2[C@@H]3CCC4=CC(=O)CC[C@]4(C)[C@H]3CC[C@]12C,-5.3669
C[C@]12CC[C@H]3[C@@H](CCc4cc(O)ccc34)[C@@H]1CC[C@H]2O,C[C@]12CC[C@@H]3c4ccc(O)cc4CC[C@H]3[C@@H]1CC[C@H]2O,-4.8441
CN=C1CN(O)C(=C2C=C(Cl)C=CC2=N1)c3ccccc3,CN=C1CN(O)C(c2ccccc2)=c2cc(Cl)ccc2=N1,-2.1757
CN1CCN(CCCN2c3ccccc3Sc4ccc(Cl)cc24)CC1,CN1CCN(CCCN2c3ccccc3Sc3ccc(Cl)cc32)CC1,-4.3979
CCN(CC)C(=O)c1cccnc1,CCN(CC)C(=O)c1cccnc1,0.7490000000000001
O=C1Nc2ccccc2C=C1,O=c1ccc2ccccc2[nH]1,-2.1394
Nc1ccc(cc1)[S](=O)(=O)Nc2cnc3ccccc3n2,Nc1ccc(S(=O)(=O)Nc2cnc3ccccc3n2)cc1,-4.6026
[Cl-].Cc1ncc(C[n+]2csc(CCO)c2C)c(N)n1,Cc1ncc(C[n+]2csc(CCO)c2C)c(N)n1.[Cl-],0.2207
Cc1ccccc1OCC(O)CO,Cc1ccccc1OCC(O)CO,-1.1887
Cc1cc(O)ccc1Cl,Cc1cc(O)ccc1Cl,-1.5704
CSCCC(N)C(O)=O,CSCCC(N)C(=O)O,-0.6593
OCC(S)CS,OCC(S)CS,-0.1547
OCC1OC(O[P](O)(O)=O)C(O)C(O)C1O,O=P(O)(O)OC1OC(CO)C(O)C(O)C1O,0.5848
O=NN1CCOCC1,O=NN1CCOCC1,0.9351
NC(Cc1ccc(O)c(O)c1)C(O)=O,NC(Cc1ccc(O)c(O)c1)C(=O)O,-1.5959
NCCCCCC(O)=O,NCCCCCC(=O)O,0.5854
CC(N)=O,CC(N)=O,1.5808
CN(C)[C@H]1[C@@H]2C[C@H]3C(=C(O)c4c(O)cccc4[C@@]3(C)O)C(=O)[C@]2(O)C(=O)\C(=C(N)/O)C1=O,CN(C)[C@@H]1C(=O)/C(=C(\N)O)C(=O)[C@@]2(O)C(=O)C3=C(O)c4c(O)cccc4[C@@](C)(O)[C@H]3C[C@@H]12,-3.284
ClC1=C(Cl)C2(Cl)C3C4CC(C5OC45)C3C1(Cl)C2(Cl)Cl,ClC1=C(Cl)C2(Cl)C3C4CC(C5OC45)C3C1(Cl)C2(Cl)Cl,-6.2908
COc1ccc2Sc3ccccc3N(C[C@H](C)CN(C)C)c2c1,COc1ccc2c(c1)N(C[C@H](C)CN(C)C)c1ccccc1S2,-4.2155
Cc1cccc(Nc2ccccc2C(O)=O)c1C,Cc1cccc(Nc2ccccc2C(=O)O)c1C,-4.0815
[Cl-].CN(C)c1ccc2nc3ccc(cc3[s+]c2c1)N(C)C,CN(C)c1ccc2nc3ccc(N(C)C)cc3[s+]c2c1.[Cl-],-0.8655
[Cl-].COC(C[Hg+])CNC(N)=O,COC([CH2][Hg+])CNC(N)=O.[Cl-],-1.5235
CC(C)(N)C(O)=O,CC(C)(N)C(=O)O,0.2453
C/C=C(/C)C(=O)O[C@H]1CC[C@@]2(C)[C@@H]3CC[C@H]4[C@]5(O)C[C@H](O)[C@@]6(O)[C@@H](CN7C[C@@H](C)CC[C@H]7[C@@]6(C)O)[C@]5(O)C[C@]24O[C@]13O,C/C=C(/C)C(=O)O[C@H]1CC[C@@]2(C)[C@@H]3CC[C@H]4[C@]5(O)C[C@H](O)[C@@]6(O)[C@@H](CN7C[C@@H](C)CC[C@H]7[C@@]6(C)O)[C@]5(O)C[C@@]42O[C@]13O,-3.0163
[Na+].[O-]C(=O)CF,O=C([O-])CF.[Na+],1.0452
COC(=O)C1=CCCN(C)C1,COC(=O)C1=CCCN(C)C1,0.8091
CNC(=O)Oc1cccc(c1)C(C)C,CNC(=O)Oc1cccc(C(C)C)c1,-3.3567
C[NH+]1CC[C@@]23C4Oc5c(O)ccc(C[C@H]1[C@H]2C=C[C@H]4O)c35.C[NH+]6CC[C@@]78C9Oc%10c(O)ccc(C[C@H]6[C@H]7C=C[C@H]9O)c8%10.[O-][S]([O-])(=O)=O,C[NH+]1CC[C@@]23c4c5ccc(O)c4OC2[C@H](O)C=C[C@@H]3[C@@H]1C5.C[NH+]1CC[C@@]23c4c5ccc(O)c4OC2[C@H](O)C=C[C@@H]3[C@@H]1C5.O=S(=O)([O-])[O-],-1.0157
CCC(C)C(C)(COC(N)=O)COC(N)=O,CCC(C)C(C)(COC(N)=O)COC(N)=O,-2.366
COC1=CC=C2C(=CC1=O)[C@H](CCc3cc(OC)c(OC)c(OC)c23)NC(C)=O,COc1cc2c(c(OC)c1OC)-c1ccc(OC)c(=O)cc1[C@@H](NC(C)=O)CC2,-0.9482
[H+].[Cl-].Cc1ncc(CO)c(C=O)c1O,Cc1ncc(CO)c(C=O)c1O.[Cl-].[H+],0.3901
N[C@@H](Cc1cc(I)c(O)c(I)c1)C(O)=O,N[C@@H](Cc1cc(I)c(O)c(I)c1)C(=O)O,-2.8583
c1cnc2c(c1)ccc3cccnc23,c1cnc2c(c1)ccc1cccnc12,-1.826
Cc1ncc(CO)c(C=O)c1O,Cc1ncc(CO)c(C=O)c1O,0.4758
CC(=O)N/N=C/c1oc(cc1)[N+]([O-])=O,CC(=O)N/N=C/c1ccc([N+](=O)[O-])o1,-2.5958
CC(C)=O,CC(C)=O,1.236
C[S](C)=O,C[S+](C)[O-],1.1072
CN1C(=O)[C@]23CC4=CC=C[C@H](O)[C@H]4N2C(=O)[C@@]1(CO)SS3,CN1C(=O)[C@]23CC4=CC=C[C@H](O)[C@H]4N2C(=O)[C@@]1(CO)SS3,-3.6687
C[C@]12CC[C@H]3[C@@H](CCC4=CC(=O)CC[C@H]34)[C@@H]1CC[C@@]2(O)C#C,C#C[C@]1(O)CC[C@H]2[C@@H]3CCC4=CC(=O)CC[C@@H]4[C@H]3CC[C@@]21C,-4.6271
O=C1N=CNc2nc[nH]c12,O=c1nc[nH]c2nc[nH]c12,-2.2888
OCC1OC(OC2C(O)C(O)C(O)OC2CO)C(O)C(O)C1O,OCC1OC(OC2C(CO)OC(O)C(O)C2O)C(O)C(O)C1O,0.3577
Oc1c(Cl)cc(Cl)c(Cl)c1Cc2c(O)c(Cl)cc(Cl)c2Cl,Oc1c(Cl)cc(Cl)c(Cl)c1Cc1c(O)c(Cl)cc(Cl)c1Cl,-3.4634
[O-][N+](=O)c1ccc(F)c(c1)[N+]([O-])=O,O=[N+]([O-])c1ccc(F)c([N+](=O)[O-])c1,-2.6677
CC(=O)N(O)CCCCCNC(=O)CCC(=O)N(O)CCCCCNC(=O)CCC(=O)N(O)CCCCCN,CC(=O)N(O)CCCCCNC(=O)CCC(=O)N(O)CCCCCNC(=O)CCC(=O)N(O)CCCCCN,-1.6695
NC(Cc1[nH]cnc1)C(O)=O,NC(Cc1cnc[nH]1)C(=O)O,-0.5314
NC1=CC=NC(=O)N1,Nc1ccnc(=O)[nH]1,-1.1426
C[C@H]1O[C@H](C[C@H](O)[C@@H]1O)O[C@H]2[C@@H](O)C[C@@H](O[C@@H]2C)O[C@H]3[C@@H](O)C[C@@H](O[C@@H]3C)O[C@H]4CC[C@@]5(C)[C@H](CC[C@@H]6[C@@H]5CC[C@]7(C)[C@H](CC[C@]67O)C8=CC(=O)OC8)C4,C[C@H]1O[C@@H](O[C@H]2[C@@H](O)C[C@H](O[C@H]3[C@@H](O)C[C@H](O[C@H]4CC[C@@]5(C)[C@H](CC[C@@H]6[C@@H]5CC[C@]5(C)[C@@H](C7=CC(=O)OC7)CC[C@]65O)C4)O[C@@H]3C)O[C@@H]2C)C[C@H](O)[C@@H]1O,-5.2926
[Na+].CC(O)C([O-])=O,CC(O)C(=O)[O-].[Na+],0.9505
COc1ccc(cc1)C(c2ccc(OC)cc2)C(Cl)(Cl)Cl,COc1ccc(C(c2ccc(OC)cc2)C(Cl)(Cl)Cl)cc1,-6.5386
Oc1ccc2C(=O)c3ccccc3C(=O)c2c1O,O=C1c2ccccc2C(=O)c2c1ccc(O)c2O,-2.7785
Nc1ncnc2nc[nH]c12,Nc1ncnc2nc[nH]c12,-2.1179
N[S](=O)(=O)c1cc2c(NC(Cc3ccccc3)N[S]2(=O)=O)cc1C(F)(F)F,NS(=O)(=O)c1cc2c(cc1C(F)(F)F)NC(Cc1ccccc1)NS2(=O)=O,-3.5913
CCC1NC(=O)c2cc(c(Cl)cc2N1)[S](N)(=O)=O,CCC1NC(=O)c2cc(S(N)(=O)=O)c(Cl)cc2N1,-3.2859
C,C,-2.8629
C#N,C#N,1.5682
CC#C,C#CC,-1.0417
CCN,CCN,1.346
ON=C,C=NO,0.5768
C1CO1,C1CO1,1.356
BrC(Br)Br,BrC(Br)Br,-1.9113
CC(C)I,CC(C)I,-2.0843
CC(C)N,CC(C)N,1.2283
IC(I)I,IC(I)I,-3.5952
CC1CN1,CC1CN1,1.2434
C[As](C)(O)=O,C[As](C)(=O)O,1.1612
CC(C)(O)C#N,CC(C)(O)C#N,1.07
FC(F)(F)CCl,FC(F)(F)CCl,-1.1098
[O-]C(=O)C(Br)(Br)Br,O=C([O-])C(Br)(Br)Br,-0.1713
CC(=O)C(C)(C)C,CC(=O)C(C)(C)C,-0.7219
CC(Cl)(Cl)C(O)=O,CC(Cl)(Cl)C(=O)O,0.5455
CC(O)C(Cl)(Cl)Cl,CC(O)C(Cl)(Cl)Cl,-0.7574
OC(=O)C(F)(F)Cl,O=C(O)C(F)(F)Cl,0.8845
FC(F)(Cl)C(Cl)(Cl)Cl,FC(F)(Cl)C(Cl)(Cl)Cl,-3.3093
FC(Cl)(Cl)C(F)(Cl)Cl,FC(Cl)(Cl)C(F)(Cl)Cl,-3.2301
CC1(C)C2CCC1(C)C(=O)C2,CC12CCC(CC1=O)C2(C)C,-1.9784
OC1(C(=O)NC(=O)NC1=O)C2(O)C(=O)NC(=O)NC2=O,O=C1NC(=O)C(O)(C2(O)C(=O)NC(=O)NC2=O)C(=O)N1,-1.9942
CC1(C)O[C@@H]2C[C@H]3[C@@H]4CCC5=CC(=O)C=C[C@]5(C)[C@@]4(F)[C@@H](O)C[C@]3(C)[C@@]2(O1)C(=O)CO,CC1(C)O[C@@H]2C[C@H]3[C@@H]4CCC5=CC(=O)C=C[C@]5(C)[C@@]4(F)[C@@H](O)C[C@]3(C)[C@]2(C(=O)CO)O1,-4.3158
CC(C)(CO)[N+]([O-])=O,CC(C)(CO)[N+](=O)[O-],1.4681
CC(Cl)C(Cl)(Cl)C(O)O,CC(Cl)C(Cl)(Cl)C(O)O,-0.8666
ClC1C=CC2C1C3(Cl)C(=C(Cl)C2(Cl)C3(Cl)Cl)Cl,ClC1=C(Cl)C2(Cl)C3C(Cl)C=CC3C1(Cl)C2(Cl)Cl,-6.3168
COc1ccc2C[C@@H]3[C@@H]4C=C[C@H](O)[C@@H]5Oc1c2[C@]45CCN3C,COc1ccc2c3c1O[C@H]1[C@@H](O)C=C[C@H]4[C@@H](C2)N(C)CC[C@@]341,-1.5219999999999998
CCOc1ccc2C[C@@H]3[C@@H]4C=C[C@H](O)[C@@H]5Oc1c2[C@]45CCN3C,CCOc1ccc2c3c1O[C@H]1[C@@H](O)C=C[C@H]4[C@@H](C2)N(C)CC[C@@]341,-2.079
Cc1cc(ccc1N)C(O)(c2ccc(N)cc2)c3ccc(N)cc3,Cc1cc(C(O)(c2ccc(N)cc2)c2ccc(N)cc2)ccc1N,-3.0272
OC(c1ccccc1)(c2ccccc2)c3ccccc3,OC(c1ccccc1)(c1ccccc1)c1ccccc1,-2.2596
CC1(C(=O)NC(=O)NC1=O)c2ccccc2,CC1(c2ccccc2)C(=O)NC(=O)NC1=O,-2.4581
Oc1ccc(cc1)C2(OC(=O)c3ccccc23)c4ccc(O)cc4,O=C1OC(c2ccc(O)cc2)(c2ccc(O)cc2)c2ccccc21,-2.9008
CC(C)CC1(CC=C)C(=O)NC(=O)NC1=O,C=CCC1(CC(C)C)C(=O)NC(=O)NC1=O,-2.1193
N[S](=O)(=O)c1cc(ccc1Cl)C2(O)NC(=O)c3ccccc23,NS(=O)(=O)c1cc(C2(O)NC(=O)c3ccccc32)ccc1Cl,-3.4507
CC(CO)(CO)[N+]([O-])=O,CC(CO)(CO)[N+](=O)[O-],0.7724
CCC(C)(O)CC,CCC(C)(O)CC,-0.38
CCO[P](=O)(C#N)N(C)C,CCOP(=O)(C#N)N(C)C,-0.2186
CCCCOC(=O)CC(CC(=O)OCCCC)(OC(C)=O)C(=O)OCCCC,CCCCOC(=O)CC(CC(=O)OCCCC)(OC(C)=O)C(=O)OCCCC,-4.9058
CCOC(=O)CC(O)(CC(=O)OCC)C(=O)OCC,CCOC(=O)CC(O)(CC(=O)OCC)C(=O)OCC,-0.6285
CCC(CO)(CO)CO,CCC(CO)(CO)CO,0.8723
[O-][N+](=O)OCC(CO[N+]([O-])=O)(CO[N+]([O-])=O)CO[N+]([O-])=O,O=[N+]([O-])OCC(CO[N+](=O)[O-])(CO[N+](=O)[O-])CO[N+](=O)[O-],-3.8664
CCC(C)(CC)OC(N)=O,CCC(C)(CC)OC(N)=O,-1.5599
Cc1ccc(O[P](=O)(Oc2ccc(C)cc2)Oc3ccc(C)cc3)cc1,Cc1ccc(OP(=O)(Oc2ccc(C)cc2)Oc2ccc(C)cc2)cc1,-6.0892
CCCC(C)(COC(N)=O)COC(=O)NC(C)C,CCCC(C)(COC(N)=O)COC(=O)NC(C)C,-2.9384
CCCCO[P](=O)(CCCC)OCCCC,CCCCOP(=O)(CCCC)OCCCC,-2.6995
CO[P](=S)(OC)SCc1nc(N)nc(N)n1,COP(=S)(OC)SCc1nc(N)nc(N)n1,-3.069
CC(C)=CCCC(C)(O)C=C,C=CC(C)(O)CCC=C(C)C,-1.9871
BrCC(Br)Br,BrCC(Br)Br,-2.7272
CC(Br)CBr,CC(Br)CBr,-2.1498
CC(C)CN,CC(C)CN,1.1359
ClCC(Cl)=C,C=C(Cl)CCl,-1.7128
CC(=O)CCl,CC(=O)CCl,-0.012
CC(O)CN,CC(O)CN,1.1243
CCC(Cl)Cl,CCC(Cl)Cl,-1.6217
OC(=O)CBr,O=C(O)CBr,1.1002
CC(=O)OO,CC(=O)OO,1.1189
OC(=O)C(Cl)Cl,O=C(O)C(Cl)Cl,0.8896
CC(C)(CO)C(O)C(=O)NCCC(O)=O,CC(C)(CO)C(O)C(=O)NCCC(=O)O,0.6591
CC1(C)OC(=O)C[C@@H]1C([O-])=O,CC1(C)OC(=O)C[C@@H]1C(=O)[O-],-1.2449
CC(C)c1sc(N[S](=O)(=O)c2ccc(N)cc2)nn1,CC(C)c1nnc(NS(=O)(=O)c2ccc(N)cc2)s1,-3.4141
CC(C)(OOC(C)(C)c1ccccc1)c2ccccc2,CC(C)(OOC(C)(C)c1ccccc1)c1ccccc1,-5.7692
CCC(C)(C)c1ccc(O)cc1,CCC(C)(C)c1ccc(O)cc1,-2.9902
CC(=O)C1CC[C@H]2[C@@H]3CCC4=CC(=O)CC[C@]4(C)[C@H]3[C@H](O)C[C@]12C,CC(=O)C1CC[C@H]2[C@@H]3CCC4=CC(=O)CC[C@]4(C)[C@H]3[C@H](O)C[C@]12C,-3.8202
CN1C(c2ccc(Cl)cc2)[S](=O)(=O)CCC1=O,CN1C(=O)CCS(=O)(=O)C1c1ccc(Cl)cc1,-2.0394
CC(=O)c1c(C)c(c(c(c1C)[N+]([O-])=O)C(C)(C)C)[N+]([O-])=O,CC(=O)c1c(C)c([N+](=O)[O-])c(C(C)(C)C)c([N+](=O)[O-])c1C,-5.1901
C[C@H](CCC(O)=O)[C@H]1CC[C@H]2[C@@H]3[C@H](O)C[C@@H]4C[C@H](O)CC[C@]4(C)[C@H]3C[C@H](O)[C@]12C,C[C@H](CCC(=O)O)[C@H]1CC[C@H]2[C@@H]3[C@H](O)C[C@@H]4C[C@H](O)CC[C@]4(C)[C@H]3C[C@H](O)[C@]12C,-3.3682
Oc1cc(O)c2C(=O)c3ccccc3C(=O)c2c1O,O=C1c2ccccc2C(=O)c2c(O)c(O)cc(O)c21,-4.6024
CC(=O)CC(c1ccc(Cl)cc1)C2=C(O)Oc3ccccc3C2=O,CC(=O)CC(c1ccc(Cl)cc1)c1c(O)oc2ccccc2c1=O,-5.836
Oc1ccc(cc1)C(c2ccc(O)cc2)c3ccccc3C(O)=O,O=C(O)c1ccccc1C(c1ccc(O)cc1)c1ccc(O)cc1,-3.2626
Cc1ccc2C(=O)c3ccccc3C(=O)c2c1N,Cc1ccc2c(c1N)C(=O)c1ccccc1C2=O,-5.8541
O[S](=O)(=O)c1cccc2C(=O)c3cccc(c3C(=O)c12)[S](O)(=O)=O,O=C1c2cccc(S(=O)(=O)O)c2C(=O)c2c1cccc2S(=O)(=O)O,1.2572
CN1CCN(CC1)C(c2ccccc2)c3ccccc3,CN1CCN(C(c2ccccc2)c2ccccc2)CC1,-2.4255
CC(C)(C)C(=O)C1C(=O)c2ccccc2C1=O,CC(C)(C)C(=O)C1C(=O)c2ccccc2C1=O,-4.107
C[C@H]1C[C@H]2[C@@H]3CC[C@](O)(C(=O)CO)[C@@]3(C)C[C@H](O)[C@@H]2[C@@]4(C)C=CC(=O)C=C14,C[C@H]1C[C@@H]2[C@H]([C@@H](O)C[C@@]3(C)[C@H]2CC[C@]3(O)C(=O)CO)[C@@]2(C)C=CC(=O)C=C12,-3.4942
C[C@H](CCC(O)=O)[C@H]1CC[C@H]2[C@@H]3CC[C@@H]4C[C@H](O)CC[C@]4(C)[C@H]3C[C@H](O)[C@]12C,C[C@H](CCC(=O)O)[C@H]1CC[C@H]2[C@@H]3CC[C@@H]4C[C@H](O)CC[C@]4(C)[C@H]3C[C@H](O)[C@]12C,-3.9544
CN1C=CC(=O)c2ccccc12,Cn1ccc(=O)c2ccccc21,-0.9818
COc1cc2OC[C@H]3Oc4c5C[C@@H](Oc5ccc4C(=O)[C@H]3c2cc1OC)C(C)=C,C=C(C)[C@H]1Cc2c(ccc3c2O[C@@H]2COc4cc(OC)c(OC)cc4[C@@H]2C3=O)O1,-6.2949
O[P](O)(=O)O[C@H]1[C@H](O[P](O)(O)=O)[C@@H](O[P](O)(O)=O)[C@H](O[P](O)(O)=O)[C@@H](O[P](O)(O)=O)[C@H]1O[P](O)(O)=O,O=P(O)(O)O[C@H]1[C@H](OP(=O)(O)O)[C@@H](OP(=O)(O)O)[C@H](OP(=O)(O)O)[C@@H](OP(=O)(O)O)[C@H]1OP(=O)(O)O,0.1804
Cc1cc2N=C3C(=O)NC(=O)N=C3N(CC(O)C(O)C(O)CO)c2cc1C,Cc1cc2nc3c(=O)[nH]c(=O)nc-3n(CC(O)C(O)C(O)CO)c2cc1C,-3.6478
c1ccc(cc1)c2ccccc2c3ccccc3,c1ccc(-c2ccccc2-c2ccccc2)cc1,-5.2692
COc1ccc2nccc(C(=O)C3CC4CCN3CC4C=C)c2c1,C=CC1CN2CCC1CC2C(=O)c1ccnc2ccc(OC)cc12,-5.0313
Oc1ccc2C(=O)c3cc(O)ccc3C(=O)c2c1,O=C1c2ccc(O)cc2C(=O)c2ccc(O)cc21,-5.8892
O=C(Oc1ccccc1)c2ccccc2C(=O)Oc3ccccc3,O=C(Oc1ccccc1)c1ccccc1C(=O)Oc1ccccc1,-6.5891
CCCCCCCCCCOC(=O)c1ccccc1C(=O)OCCCCCCCCCC,CCCCCCCCCCOC(=O)c1ccccc1C(=O)OCCCCCCCCCC,-9.3076
COc1c2C=CC(=O)Oc2cc3OC(C)(C)C=Cc13,COc1c2c(cc3oc(=O)ccc13)OC(C)(C)C=C2,-3.81
CN1C(=O)N(C)c2nc(Cl)[nH]c2C1=O,Cn1c(=O)c2[nH]c(Cl)nc2n(C)c1=O,-1.5075
OC(=O)c1ccccc1C(=O)c2ccc(Cl)cc2,O=C(O)c1ccccc1C(=O)c1ccc(Cl)cc1,-2.7171
Cc1cccc(NC(=O)c2ccccc2C(O)=O)c1,Cc1cccc(NC(=O)c2ccccc2C(=O)O)c1,-2.407
Nc1ccc(c2cc(ccc12)[S](O)(=O)=O)[S](O)(=O)=O,Nc1ccc(S(=O)(=O)O)c2cc(S(=O)(=O)O)ccc12,-0.2592
Nc1ccc(c2ccc(cc12)[S](O)(=O)=O)[S](O)(=O)=O,Nc1ccc(S(=O)(=O)O)c2ccc(S(=O)(=O)O)cc12,-1.643
N#CC(c1ccccc1)c2ccccc2,N#CC(c1ccccc1)c1ccccc1,-2.9437
OC(=O)c1cccc2cccnc12,O=C(O)c1cccc2cccnc12,-1.7447
COc1cc(C=O)cc(OC)c1OC,COc1cc(C=O)cc(OC)c1OC,-2.1195
CC(C)CCOC(=O)c1ccccc1O,CC(C)CCOC(=O)c1ccccc1O,-3.1572
OCCOC(=O)c1ccccc1O,O=C(OCCO)c1ccccc1O,-1.1567
CC(=O)N[C@@H](Cc1c[nH]c2ccccc12)C([O-])=O,CC(=O)N[C@@H](Cc1c[nH]c2ccccc12)C(=O)[O-],-2.3122
Clc1ncnc2nc[nH]c12,Clc1ncnc2nc[nH]c12,-1.4901
CN(C)C(=O)Oc1cc(C)nn1c2ccccc2,Cc1cc(OC(=O)N(C)C)n(-c2ccccc2)n1,-2.0886
Cc1cccc(Cl)c1O,Cc1cccc(Cl)c1O,-0.7739
Oc1cccc(O)c1O,Oc1cccc(O)c1O,0.6043
Brc1c(Br)c(Br)c(Br)c(Br)c1Br,Brc1c(Br)c(Br)c(Br)c(Br)c1Br,-9.5374
ClN1C(=O)N(Cl)C(=O)N(Cl)C1=O,O=c1n(Cl)c(=O)n(Cl)c(=O)n1Cl,-1.2871
Oc1c(Cl)cc(Cl)cc1Cl,Oc1c(Cl)cc(Cl)cc1Cl,-2.3924
CC(=O)c1sccc1,CC(=O)c1cccs1,-0.9549
Oc1ccc(c(c1)C(F)(F)F)[N+]([O-])=O,O=[N+]([O-])c1ccc(O)cc1C(F)(F)F,-1.6172
CCC(C)c1cc(cc(c1O)[N+]([O-])=O)[N+]([O-])=O,CCC(C)c1cc([N+](=O)[O-])cc([N+](=O)[O-])c1O,-3.6646
NC(=O)c1ccccc1C(N)=O,NC(=O)c1ccccc1C(N)=O,-2.4371
OC(=O)Cc1ccccc1C(O)=O,O=C(O)Cc1ccccc1C(=O)O,-1.0515
Nc1ccc(Cl)cc1[N+]([O-])=O,Nc1ccc(Cl)cc1[N+](=O)[O-],-2.5380000000000003
Oc1ccc(Cl)cc1[N+]([O-])=O,O=[N+]([O-])c1cc(Cl)ccc1O,-3.0902
OCC(O)C(O)C1OC(=O)C(O)C1O,O=C1OC(C(O)C(O)CO)C(O)C1O,0.3348
CC(C)c1cc(Cl)c(C)cc1O,Cc1cc(O)c(C(C)C)cc1Cl,-2.2664
Brc1cccc2ccccc12,Brc1cccc2ccccc12,-4.3468
C1CCN2C[C@@H]3C[C@@H](CN4CCCC[C@H]34)[C@@H]2C1,C1CCN2C[C@@H]3C[C@@H](CN4CCCC[C@@H]34)[C@H]2C1,-1.8871
COC(=CC(O)=O)C(=O)C(C)=C,C=C(C)C(=O)C(=CC(=O)O)OC,-0.9299
OCC1OC(=O)C(O)C(O)C1O,O=C1OC(CO)C(O)C(O)C1O,0.5201
CN(C)c1ccc(cc1)C(=O)c2ccc(cc2)N(C)C,CN(C)c1ccc(C(=O)c2ccc(N(C)C)cc2)cc1,-2.8267
c1ccc2nccnc2c1,c1ccc2nccnc2c1,0.7051
Nc1ccc2ccccc2c1,Nc1ccc2ccccc2c1,-2.8795
CN(C)CCN(Cc1sccc1)c2ccccn2,CN(C)CCN(Cc1cccs1)c1ccccn1,-2.6383
Oc1ccc(cc1O)c2ccccc2,Oc1ccc(-c2ccccc2)cc1O,-2.0659
c1ccc(cc1)c2cccc(c2)c3ccccc3,c1ccc(-c2cccc(-c3ccccc3)c2)cc1,-5.183
[Cl-].CN(C)c1ccc2nc3cc(C)c(N)cc3[s+]c2c1,Cc1cc2nc3ccc(N(C)C)cc3[s+]c2cc1N.[Cl-],-0.9034
Oc1cc2ccccc2cc1O,Oc1cc2ccccc2cc1O,-2.7377
CCN(CCO)c1ccccc1,CCN(CCO)c1ccccc1,-1.9171
Nc1ccc2cc3ccc(N)cc3nc2c1,Nc1ccc2cc3ccc(N)cc3nc2c1,0.3783
CC(=O)c1ccc(cc1)c2ccccc2,CC(=O)c1ccc(-c2ccccc2)cc1,-3.3104
[O-][N+](=O)c1ccc(cc1)c2ccccc2,O=[N+]([O-])c1ccc(-c2ccccc2)cc1,-5.2094
COc1ccc(OC)c(C=O)c1,COc1ccc(OC)c(C=O)c1,-2.3202
OC(=O)c1ccc2ccccc2n1,O=C(O)c1ccc2ccccc2n1,-1.0911
Cc1ccc2ccc(C)nc2c1,Cc1ccc2ccc(C)nc2c1,-1.9424
ClCC(=O)N(CC=C)CC=C,C=CCN(CC=C)C(=O)CCl,-0.9452
OC(=O)CCCOc1cc(Cl)c(Cl)cc1Cl,O=C(O)CCCOc1cc(Cl)c(Cl)cc1Cl,-3.8294
CC(=O)CC(=O)c1ccccc1,CC(=O)CC(=O)c1ccccc1,-2.6268
O=C(OC(=O)c1ccccc1)c2ccccc2,O=C(OC(=O)c1ccccc1)c1ccccc1,-4.3546
CC(C)OC(=O)COc1ccc(Cl)cc1Cl,CC(C)OC(=O)COc1ccc(Cl)cc1Cl,-3.848
CC(C)COC(=O)c1ccc(N)cc1,CC(C)COC(=O)c1ccc(N)cc1,-2.9437
CCOc1ccc(cc1)C(=O)OCCN(CC)CC,CCOc1ccc(C(=O)OCCN(CC)CC)cc1,-2.7145
[I-].CN1C=CC=C\C1=C/[NH+]=O,CN1C=CC=C/C1=C\[NH+]=O.[I-],-0.7405
CCCCOC(=O)COc1ccc(Cl)cc1Cl,CCCCOC(=O)COc1ccc(Cl)cc1Cl,-3.78
Cc1cc(Cl)ccc1OCCCC(O)=O,Cc1cc(Cl)ccc1OCCCC(=O)O,-3.678
Clc1ccc(OCCOC(=O)c2ccccc2)c(Cl)c1,O=C(OCCOc1ccc(Cl)cc1Cl)c1ccccc1,-3.8118
CCCC(O)C(CC)CO,CCCC(O)C(CC)CO,-0.5418
CCC(CC)C(=O)OCCOCCOCCOC(=O)C(CC)CC,CCC(CC)C(=O)OCCOCCOCCOC(=O)C(CC)CC,-3.2386
C\C(NO)=C(/C)N=O,C/C(N=O)=C(\C)NO,-2.2868
Cc1ccc(N)cc1C,Cc1ccc(N)cc1C,-1.5036
Oc1ccc(Cl)c(Cl)c1,Oc1ccc(Cl)c(Cl)c1,-1.2458
CCOC(=O)C(=O)OCC,CCOC(=O)C(=O)OCC,-0.6085
OCC(Br)CBr,OCC(Br)CBr,-0.6222
ClCC(Cl)CCl,ClCC(Cl)CCl,-1.9255
CCC(N)CO,CCC(N)CO,1.0499
OCC(O)CCl,OCC(O)CCl,0.9565
CC\C(C)=N\O,CC/C(C)=N/O,0.0599
CC1CCCO1,CC1CCCO1,0.2069
CC(O[P](C)(F)=O)C(C)(C)C,CC(OP(C)(=O)F)C(C)(C)C,-0.9383
CC(C)N(CCO)C(C)C,CC(C)N(CCO)C(C)C,-1.0829
CC(C)[C@H](NC(C)=O)C(O)=O,CC(=O)N[C@H](C(=O)O)C(C)C,-0.3599
Oc1c(Cl)cc(Cl)cc1Sc2cc(Cl)cc(Cl)c2O,Oc1c(Cl)cc(Cl)cc1Sc1cc(Cl)cc(Cl)c1O,-4.9495
CCCC(C)C(O)=O,CCCC(C)C(=O)O,-0.889
CCOC(=O)C(C)O,CCOC(=O)C(C)O,0.9276
CC(C)COC(=O)C(C)C,CC(C)COC(=O)C(C)C,-2.1590000000000003
OCc1occc1,OCc1ccco1,1.0083
CC(C)(C)c1ccc(O)c(O)c1,CC(C)(C)c1ccc(O)c(O)c1,-1.9197
CC1=CC[C@@H](CC1)C(C)(C)O,CC1=CC[C@H](C(C)(C)O)CC1,-2.337
Cl[S](=O)(=O)c1ccc(I)cc1,O=S(=O)(Cl)c1ccc(I)cc1,-4.2686
CC(O)c1ccccc1,CC(O)c1ccccc1,-1.7969
ClC(Cl)c1ccccc1,ClC(Cl)c1ccccc1,-2.809
OC(=O)c1ccccn1,O=C(O)c1ccccn1,0.892
OCc1ccccc1O[C@@H]2O[C@H](COC(=O)c3ccccc3)[C@@H](O)[C@H](O)[C@H]2O,O=C(OC[C@H]1O[C@@H](Oc2ccccc2CO)[C@H](O)[C@@H](O)[C@@H]1O)c1ccccc1,-2.8925
COC(=O)c1cc(O)c(O)c(O)c1,COC(=O)c1cc(O)c(O)c(O)c1,-1.2399
Nc1c(Cl)cc(cc1Cl)[N+]([O-])=O,Nc1c(Cl)cc([N+](=O)[O-])cc1Cl,-4.4709
OC(=O)C1=CC(=O)C=C(O1)C(O)=O,O=C(O)c1cc(=O)cc(C(=O)O)o1,-1.1097
CC(=C)C1CC=C(C)C(=O)C1,C=C(C)C1CC=C(C)C(=O)C1,-2.0628
CCC(C)c1ccc(O)cc1,CCC(C)c1ccc(O)cc1,-2.1945
CC(C)C1=CCC(=CC1)C,CC1=CCC(C(C)C)=CC1,-4.1958
OC(=O)c1ccc(cc1)C(O)=O,O=C(O)c1ccc(C(=O)O)cc1,-4.0444
CCN(CC)CCO,CCN(CC)CCO,0.9311
N#Cc1ccncc1,N#Cc1ccncc1,-0.4154
N#Cc1cccnc1,N#Cc1cccnc1,0.1128
OCC1CCCCO1,OCC1CCCCO1,0.9349
CCN1CCOCC1,CCN1CCOCC1,0.9386
CC(Oc1cccc(Cl)c1)C(O)=O,CC(Oc1cccc(Cl)c1)C(=O)O,-2.2232
CN1[C@@H]2CC[C@H]1CC(C2)OC(=O)[C@H](CO)c3ccccc3,CN1[C@@H]2CC[C@H]1CC(OC(=O)[C@H](CO)c1ccccc1)C2,-1.91
Oc1ccc(Cc2ccccc2)cc1,Oc1ccc(Cc2ccccc2)cc1,-3.4009
O=C(Nc1ccccc1)Nc2ccccc2,O=C(Nc1ccccc1)Nc1ccccc1,-3.1508
CCc1cc(CC)cc(CC)c1,CCc1cc(CC)cc(CC)c1,-7.0641
CCN(CC)CN(CC)CC,CCN(CC)CN(CC)CC,-0.1995
CC(O)CN(CCN(CC(C)O)CC(C)O)CC(C)O,CC(O)CN(CCN(CC(C)O)CC(C)O)CC(C)O,0.534
C=CCN(CC=C)CC=C,C=CCN(CC=C)CC=C,-1.7395
CCCCN(CCCC)CCCC,CCCCN(CCCC)CCCC,-3.1157
BrCCc1ccccc1,BrCCc1ccccc1,-3.6757
CNCc1ccccc1,CNCc1ccccc1,0.9166
CC(=O)Nc1ccc(C)cc1,CC(=O)Nc1ccc(C)cc1,-2.0946
CC(=O)Nc1ccc(cc1)/C=N/NC(N)=S,CC(=O)Nc1ccc(/C=N/NC(N)=S)cc1,-3.429
Cc1ccc(cc1)[S](O)(=O)=O,Cc1ccc(S(=O)(=O)O)cc1,0.5564
CCOCCOC(=O)/C=C/c1ccc(OC)cc1,CCOCCOC(=O)/C=C/c1ccc(OC)cc1,-2.6995
OCC(O)COc1ccc(Cl)cc1,OCC(O)COc1ccc(Cl)cc1,-1.3067
CCCCCCCCCCc1ccccc1,CCCCCCCCCCc1ccccc1,-7.959
OCC1CCC(CO)O1,OCC1CCC(CO)O1,0.8789
CCCC(O)C#C,C#CC(O)CCC,-0.4121
CCOC(=O)CCl,CCOC(=O)CCl,-0.8005
COC(=O)CC(C)=O,COC(=O)CC(C)=O,0.6341
CCC(C)OC(C)=O,CCC(C)OC(C)=O,-1.2727
CCCC(=O)OCCOC(=O)CCC,CCCC(=O)OCCOC(=O)CCC,-2.6069
COCCOC(=O)CCCCC(=O)OCCOC,COCCOC(=O)CCCCC(=O)OCCOC,-1.2665
CCCCCCC(=O)OCC,CCCCCCC(=O)OCC,-2.7369
CCCCCCCC(=O)OCC,CCCCCCCC(=O)OCC,-3.3907
Oc1ccc(O)cc1.O=C2C=CC(=O)C=C2,O=C1C=CC(=O)C=C1.Oc1ccc(O)cc1,-1.7305
CCCCC(=O)CC,CCCCC(=O)CC,-1.4242
O=C1CNC(=O)CN1,O=C1CNC(=O)CN1,-0.8312
CC(O)COC(C)CO,CC(O)COC(C)CO,0.8723
CCCCCC(=O)CC,CCCCCC(=O)CC,-1.693
COC(=O)CCCCCCCCC(=O)OC,COC(=O)CCCCCCCCC(=O)OC,-3.2831
BrCC#C,C#CCBr,-0.9022
CCC#C,C#CCC,-1.2753
CCCS,CCCS,-1.6021
ClCCBr,ClCCBr,-1.3177
ClCC=C,C=CCCl,-1.3562
NCC=C,C=CCN,1.2434
NCCN,NCCN,1.2211
OCC=C,C=CCO,1.236
OCCO,OCCO,1.2071
O=CC=O,O=CC=O,1.2363
NCC[S](O)(=O)=O,NCCS(=O)(=O)O,-0.1906
OCC[S](O)(=O)=O,O=S(=O)(O)CCO,0.8992
CC(O)CC(C)(C)O,CC(O)CC(C)(C)O,0.9275
CC(C)O[P](C)(F)=O,CC(C)OP(C)(=O)F,0.8536
CCO[P](=O)(OCC)O[P](=O)(OCC)OCC,CCOP(=O)(OCC)OP(=O)(OCC)OCC,0.5373
C[Si](C)(C)O[Si](C)(C)O[Si](C)(C)C,C[Si](C)(C)O[Si](C)(C)O[Si](C)(C)C,-6.8424
NC(=O)OCC(Cl)(Cl)Cl,NC(=O)OCC(Cl)(Cl)Cl,-1.2843
COC(C)(C)CC(C)=O,COC(C)(C)CC(C)=O,0.3326
CC(C)CCBr,CC(C)CCBr,-2.886
CC(O)CCO,CC(O)CCO,1.0452
CC(O)CC=O,CC(O)CC=O,1.055
NC(=O)CC#N,N#CCC(N)=O,0.1893
CCCC(O)=O,CCCC(=O)O,-0.1669
CNCC(O)=O,CNCC(=O)O,0.5273
CN(C)CCO,CN(C)CCO,1.0499
CC(C)CC(C)C,CC(C)CC(C)C,-4.2605
CC(C)CC(C)O,CC(C)CC(C)O,-0.7945
CC(=O)OC(C)=O,CC(=O)OC(C)=O,0.0702
C=C1OC(=O)C=C1,C=C1C=CC(=O)O1,-0.9827
CCO[P](=O)(OCC)Oc1cc(C)[nH]n1,CCOP(=O)(OCC)Oc1cc(C)[nH]n1,-2.3696
Cc1cccc(Cl)c1,Cc1cccc(Cl)c1,-3.5228
CC1OC(C)OC(C)OC(C)O1,CC1OC(C)OC(C)OC(C)O1,-2.8997
CCOC(=O)CC(C)C,CCOC(=O)CC(C)C,-1.8135
Cc1cc(C)nc(C)c1,Cc1cc(C)nc(C)c1,-0.5394
CC(C)CC(C)OC(C)=O,CC(=O)OC(C)CC(C)C,-2.0451
Cc1ccncc1,Cc1ccncc1,1.0309
Sc1ccccc1,Sc1ccccc1,-2.1204
Cc1cccnc1,Cc1cccnc1,1.0309
CN1CCOCC1,CN1CCOCC1,0.995
CC1CNCCN1,CC1CNCCN1,0.6378
Cc1cnccn1,Cc1cnccn1,1.0263
CCCCOC(=O)CCCCCCCCC(=O)OCCCC,CCCCOC(=O)CCCCCCCCC(=O)OCCCC,-3.8955
CCOCCOC(=O)CCCCC(=O)OCCOCC,CCOCCOC(=O)CCCCC(=O)OCCOCC,-2.065
CCC#CC(C)O,CCC#CC(C)O,-0.4121
CC(C)COC=C,C=COCC(C)C,-1.5236
BrCCCBr,BrCCCBr,-2.0747
CC\C=C/C,C/C=C\CC,-2.5384
CCCCN,CCCCN,1.1359
OCCC#N,N#CCCO,1.1483
CCCCS,CCCCS,-2.1792
NNCCO,NNCCO,1.1186
COCCO,COCCO,1.1186
CC(C)COC(C)=O,CC(=O)OCC(C)C,-1.2657
CC(C)=NNC(N)=O,CC(C)=NNC(N)=O,-0.2674
CCCCCCCCCC(=O)OCC,CCCCCCCCCC(=O)OCC,-4.1006
CCOC(=O)CCCCCCCCC(=O)OCC,CCOC(=O)CCCCCCCCC(=O)OCC,-3.5091
CC(C)CCOC=O,CC(C)CCOC=O,-1.5206
COCCOC(C)=O,COCCOC(C)=O,0.9276
ClCCCCCl,ClCCCCCl,-0.92
ClC/C=C/CCl,ClC/C=C/CCl,-2.1675
CCCCCN,CCCCCN,1.0597
CCCCCS,CCCCCS,-2.8248
ClCCOC=C,C=COCCCl,-2.3951
CCOCCO,CCOCCO,1.0452
C1CNCCN1,C1CNCCN1,1.0648
C1COCCN1,C1COCCN1,1.0599
CC[C@H](C)[NH2+][C@H](C)CC,CC[C@@H](C)[NH2+][C@@H](C)CC,-1.769
OC(=O)COCC(O)=O,O=C(O)COCC(=O)O,0.4927
CCCCCCC(O)=O,CCCCCCC(=O)O,-1.6646
CCOCCOC(C)=O,CCOCCOC(C)=O,0.2716
OC(=O)CCCCCCCCC(O)=O,O=C(O)CCCCCCCCC(=O)O,-2.3059
[O-][N+](=O)OCCOCCOCCO[N+]([O-])=O,O=[N+]([O-])OCCOCCOCCO[N+](=O)[O-],-1.561
NCCNCCN,NCCNCCN,0.9864
COCCOCCO,COCCOCCO,0.9203
CCCCCCCCC,CCCCCCCCC,-5.7657
CCOCCOCCO,CCOCCOCCO,0.8723
ClCCOCOCCCl,ClCCOCOCCCl,-1.3461
CCCCOCCOC(C)=O,CCCCOCCOC(C)=O,-1.2504
ClCCOCCOCCCl,ClCCOCCOCCCl,-0.9955
CCCCOCCOCCO,CCCCOCCOCCO,0.7899
COCCOCCOCCO,COCCOCCOCCO,0.7846
CCOCCOCCOCC,CCOCCOCCOCC,0.7899
CCOCCOCCOCCO,CCOCCOCCOCCO,0.7490000000000001
CCCCCCOCCOCCO,CCCCCCOCCOCCO,-1.0490000000000002
CCCCCCCCCCCCCCCCCCCC,CCCCCCCCCCCCCCCCCCCC,-8.1724
CNC(=O)Oc1ccccc1OC(C)C,CNC(=O)Oc1ccccc1OC(C)C,-2.0512
CN(C)[P](F)(=O)N(C)C,CN(C)P(=O)(F)N(C)C,0.8121
OC(=O)C1C(C(O)=O)C2(Cl)C(=C(Cl)C1(Cl)C2(Cl)Cl)Cl,O=C(O)C1C(C(=O)O)C2(Cl)C(Cl)=C(Cl)C1(Cl)C2(Cl)Cl,-2.0457
CC(N)(CO)CO,CC(N)(CO)CO,0.9782
CCC(CC)(CO)CO,CCC(CC)(CO)CO,0.1798
CCCCCCCCO[P](=O)(Oc1ccccc1)Oc2ccccc2,CCCCCCCCOP(=O)(Oc1ccccc1)Oc1ccccc1,-6.4131
CO[P](=O)(Oc1ccccc1)Oc2ccccc2,COP(=O)(Oc1ccccc1)Oc1ccccc1,-2.1209
ClCCO[P](=O)(OCCCl)OCCCl,O=P(OCCCl)(OCCCl)OCCCl,-1.6105
CCNC(=O)CS[P](=S)(OC)OC,CCNC(=O)CSP(=S)(OC)OC,-1.4567
CNC(=O)O\N=C\C(C)(C)SC,CNC(=O)O/N=C/C(C)(C)SC,-1.4991
CC(=O)CO,CC(=O)CO,1.1303
COC(C)=C,C=C(C)OC,1.142
FC(F)=C(F)F,FC(F)=C(F)F,-2.8001
CC1(C)N(CO)C(=O)NC1=O,CC1(C)C(=O)NC(=O)N1CO,0.8009
Clc1ccc(cc1)[S](=O)(=O)c2cc(Cl)c(Cl)cc2Cl,O=S(=O)(c1ccc(Cl)cc1)c1cc(Cl)c(Cl)cc1Cl,-6.6594
Nc1ccc(O)c2C(=O)c3ccccc3C(=O)c12,Nc1ccc(O)c2c1C(=O)c1ccccc1C2=O,-3.824
O[S](=O)(=O)c1cccc2C(=O)c3c(cccc3[S](O)(=O)=O)C(=O)c12,O=C1c2cccc(S(=O)(=O)O)c2C(=O)c2cccc(S(=O)(=O)O)c21,0.2572
Nc1ccc2C(=O)c3ccccc3C(=O)c2c1,Nc1ccc2c(c1)C(=O)c1ccccc1C2=O,-6.1366
COCCOC(=O)c1ccccc1C(=O)OCCOC,COCCOC(=O)c1ccccc1C(=O)OCCOC,-1.5213
CCCCCCCCOC(=O)c1ccccc1C(=O)OCCCCCCCC,CCCCCCCCOC(=O)c1ccccc1C(=O)OCCCCCCCC,-7.2493
COc1ccc2C(OC(=O)c2c1OC)C3N(C)CCc4cc5OCOc5cc34,COc1ccc2c(c1OC)C(=O)OC2C1c2cc3c(cc2CCN1C)OCO3,-4.1065
CCNc1cccc2ccccc12,CCNc1cccc2ccccc12,-3.1922
CC1(C)N(Cl)C(=O)N(Cl)C1=O,CC1(C)C(=O)N(Cl)C(=O)N1Cl,-2.5955
[O-][N+](=O)c1ccc(Cl)cc1C(F)(F)F,O=[N+]([O-])c1ccc(Cl)cc1C(F)(F)F,-3.3533
CCO[P](=S)(OCC)OC1=NN(C(=O)C=C1)c2ccccc2,CCOP(=S)(OCC)Oc1ccc(=O)n(-c2ccccc2)n1,-3.5319
Oc1ccc(Nc2ccc(cc2[N+]([O-])=O)[N+]([O-])=O)cc1,O=[N+]([O-])c1ccc(Nc2ccc(O)cc2)c([N+](=O)[O-])c1,-5.444
Oc1cc(cc2ccc(Nc3ccccc3)cc12)[S](O)(=O)=O,O=S(=O)(O)c1cc(O)c2cc(Nc3ccccc3)ccc2c1,-1.9763
CC(C)n1nc(C)cc1OC(=O)N(C)C,Cc1cc(OC(=O)N(C)C)n(C(C)C)n1,0.6752
Cc1cc(Cc2cc(C)cc(c2O)C(C)(C)C)c(O)c(c1)C(C)(C)C,Cc1cc(Cc2cc(C)cc(C(C)(C)C)c2O)c(O)c(C(C)(C)C)c1,-7.2311
CCCCN(CCN(CCCC)C(=O)N1CCOCC1)C(=O)N2CCOCC2,CCCCN(CCN(CCCC)C(=O)N1CCOCC1)C(=O)N1CCOCC1,0.0985
OC(c1ccccc1)c2ccc(Cl)cc2,OC(c1ccccc1)c1ccc(Cl)cc1,-3.4886
CNc1ccccc1C(O)=O,CNc1ccccc1C(=O)O,-2.8784
Cc1cc(ccc1N)c2ccc(N)c(C)c2,Cc1cc(-c2ccc(N)c(C)c2)ccc1N,-2.213
COc1ccc(C=O)cc1OC,COc1ccc(C=O)cc1OC,-1.4199
CCOc1ccc(C=O)cc1OC,CCOc1ccc(C=O)cc1OC,-2.1913
Oc1ccc(Cl)cc1Cc2ccccc2,Oc1ccc(Cl)cc1Cc1ccccc1,-3.1666
[nH]1cnc2ncncc12,c1ncc2[nH]cnc2n1,0.6194
S(Sc1sc2ccccc2n1)c3sc4ccccc4n3,c1ccc2sc(SSc3nc4ccccc4s3)nc2c1,-4.5218
CC(C)=C[C@@H]1[C@@H](C(=O)O[C@H]2CC(=O)C(=C2C)C\C=C/C=C)C1(C)C,C=C/C=C\CC1=C(C)[C@@H](OC(=O)[C@@H]2[C@@H](C=C(C)C)C2(C)C)CC1=O,-6.2155
COC(=O)C(/C)=C/[C@@H]1[C@@H](C(=O)O[C@H]2CC(=O)C(=C2C)C\C=C/C=C)C1(C)C,C=C/C=C\CC1=C(C)[C@@H](OC(=O)[C@@H]2[C@@H](/C=C(\C)C(=O)OC)C2(C)C)CC1=O,-4.6168
CCCOC(=O)c1cc(O)c(O)c(O)c1,CCCOC(=O)c1cc(O)c(O)c(O)c1,-1.7827
[O-][N+](=O)N1CN(CN(C1)[N+]([O-])=O)[N+]([O-])=O,O=[N+]([O-])N1CN([N+](=O)[O-])CN([N+](=O)[O-])C1,-3.5706
CN(C)C(=O)OC1=CC(=O)CC(C)(C)C1,CN(C)C(=O)OC1=CC(=O)CC(C)(C)C1,-0.8477
N(Nc1ccccc1)c2ccccc2,c1ccc(NNc2ccccc2)cc1,-2.9210000000000003
OCCNc1ccccc1,OCCNc1ccccc1,-0.4745
OC(=O)CCC(=O)OOC(=O)CCC(O)=O,O=C(O)CCC(=O)OOC(=O)CCC(=O)O,-0.8471
CCCCCCCCC(=O)OCC,CCCCCCCCC(=O)OCC,-3.8007
CC(C)=CCCC(=C)C=C,C=CC(=C)CCC=C(C)C,-4.3861
CC(=O)CC(C)(C)O,CC(=O)CC(C)(C)O,0.9349
CCCCCCCCOC(=O)CCCCC(=O)OCCCCCCCC,CCCCCCCCOC(=O)CCCCC(=O)OCCCCCCCC,-5.6768
CC(O)CNCCN,CC(O)CNCCN,0.9275
CC(C)CCOC(C)=O,CC(=O)OCCC(C)C,-1.8135
OC(=O)CSCC(O)=O,O=C(O)CSCC(=O)O,0.4255
CCCCCCCC=O,CCCCCCCC=O,-2.3598
CCCCOCCOCCOC(C)=O,CCCCOCCOCCOC(C)=O,-0.8188
CCCCCCCCCC,CCCCCCCCCC,-6.4372
CCCCCCCCCCCCN,CCCCCCCCCCCCN,-3.3759
C[As](O)(O)=O,C[As](=O)(O)O,0.2622
[Cl-].OC[P+](CO)(CO)CO,OC[P+](CO)(CO)CO.[Cl-],0.322
CC(C)(N)CO,CC(C)(N)CO,1.0499
FC(F)(Br)C(F)(F)Br,FC(F)(Br)C(F)(F)Br,-4.9376
CC1(C)[C@H](CC[C@@]1(C)C([O-])=O)C([O-])=O,CC1(C)[C@@H](C(=O)[O-])CC[C@@]1(C)C(=O)[O-],-1.4207
CC(=C)[C@@H]1C2OC(=O)C1[C@]3(O)CC4O[C@]45C(=O)O[C@H]2[C@]35C.CC(C)(O)[C@@H]6C7OC(=O)C6[C@]8(O)C[C@H]9O[C@]9%10C(=O)O[C@H]7[C@]8%10C,C=C(C)[C@@H]1C2OC(=O)C1[C@]1(O)CC3O[C@]34C(=O)O[C@H]2[C@]14C.CC(C)(O)[C@@H]1C2OC(=O)C1[C@]1(O)C[C@H]3O[C@]34C(=O)O[C@H]2[C@]14C,-2.1672
CC(=O)OC[C@H]1O[C@H](O[C@]2(COC(C)=O)O[C@H](COC(C)=O)[C@@H](OC(C)=O)[C@@H]2OC(C)=O)[C@H](OC(C)=O)[C@@H](OC(C)=O)[C@@H]1OC(C)=O,CC(=O)OC[C@H]1O[C@@](COC(C)=O)(O[C@H]2O[C@H](COC(C)=O)[C@@H](OC(C)=O)[C@H](OC(C)=O)[C@H]2OC(C)=O)[C@@H](OC(C)=O)[C@@H]1OC(C)=O,-2.8726
NC(=O)OC1(CCCCC1)C#C,C#CC1(OC(N)=O)CCCCC1,-1.8253
OCC(CO)(CO)COCC(CO)(CO)CO,OCC(CO)(CO)COCC(CO)(CO)CO,-1.9582
BrCC(Br)CO[P](=O)(OCC(Br)CBr)OCC(Br)CBr,O=P(OCC(Br)CBr)(OCC(Br)CBr)OCC(Br)CBr,-4.9405
CCO[P](=O)(OCC)SCCSCC,CCOP(=O)(OCC)SCCSCC,-2.1112
CC1(C)CC(=O)CC(=O)C1,CC1(C)CC(=O)CC(=O)C1,-1.5276
CCCC1OC1(CC)C(N)=O,CCCC1OC1(CC)C(N)=O,-1.1745
NC(=O)NO,NC(=O)NO,1.1189
CC(=O)C(O)=O,CC(=O)C(=O)O,1.0552
CN1C(=O)OC(C)(C)C1=O,CN1C(=O)OC(C)(C)C1=O,-0.4568
Nc1ccc(cc1)[S](=O)(=O)NC(=O)c2ccccc2,Nc1ccc(S(=O)(=O)NC(=O)c2ccccc2)cc1,-2.9501
[Ag+].CC([O-])C(O)=O,CC(O)C(=O)[O-].[Ag+],-0.4702
BrN1C(=O)CCC1=O,O=C1CCC(=O)N1Br,-1.0831
ClN1C(=O)CCC1=O,O=C1CCC(=O)N1Cl,-0.9702
C[C@H](CCC(O)=O)[C@H]1CC[C@H]2[C@@H]3[C@@H](O)C[C@@H]4C[C@H](O)CC[C@]4(C)[C@H]3CC[C@]12C,C[C@H](CCC(=O)O)[C@H]1CC[C@H]2[C@@H]3[C@@H](O)C[C@@H]4C[C@H](O)CC[C@]4(C)[C@H]3CC[C@]12C,-4.2929
COc1ccc2[C@H](OC(=O)c2c1OC)[C@@H]3N(C)CCc4cc5OCOc5c(OC)c34,COc1ccc2c(c1OC)C(=O)O[C@@H]2[C@H]1c2c(cc3c(c2OC)OCO3)CCN1C,-3.1393
Oc1cccc2C(=O)c3ccccc3C(=O)c12,O=C1c2ccccc2C(=O)c2c(O)cccc21,-4.4213
OC(=O)c1c(cc(cc1[N+]([O-])=O)[N+]([O-])=O)[N+]([O-])=O,O=C(O)c1c([N+](=O)[O-])cc([N+](=O)[O-])cc1[N+](=O)[O-],-1.0977
Oc1ccc(Cl)c2cccnc12,Oc1ccc(Cl)c2cccnc12,-3.9756
Oc1c(cc(cc1[N+]([O-])=O)[N+]([O-])=O)C2CCCCC2,O=[N+]([O-])c1cc(C2CCCCC2)c(O)c([N+](=O)[O-])c1,-4.2492
OC(=O)c1cc(nc2ccccc12)c3ccccc3,O=C(O)c1cc(-c2ccccc2)nc2ccccc12,-3.1926
OC(=O)c1ccccc1C(=O)Nc2cccc3ccccc23,O=C(O)c1ccccc1C(=O)Nc1cccc2ccccc12,-3.1633
Oc1cc(O)c2ccccc2c1,Oc1cc(O)c2ccccc2c1,-1.9493
ClC(Cl)(Cl)SN1C(=O)C2CC=CCC2C1=O,O=C1C2CC=CCC2C(=O)N1SC(Cl)(Cl)Cl,-4.7704
ClC(Cl)(Cl)SN1C(=O)c2ccccc2C1=O,O=C1c2ccccc2C(=O)N1SC(Cl)(Cl)Cl,-5.569
OC(=O)CCCc1c[nH]c2ccccc12,O=C(O)CCCc1c[nH]c2ccccc12,-2.9101
Cc1cc(O)c(Cl)c(C)c1Cl,Cc1cc(O)c(Cl)c(C)c1Cl,-2.9801
OC(=O)c1cc(I)cc(I)c1O,O=C(O)c1cc(I)cc(I)c1O,-3.307
CC(=O)Oc1ccccc1C(=O)Oc2ccccc2,CC(=O)Oc1ccccc1C(=O)Oc1ccccc1,-4.1077
Nc1ccc(cc1)c2ccc(Cl)cc2,Nc1ccc(-c2ccc(Cl)cc2)cc1,-4.6383
N(N=Nc1ccccc1)c2ccccc2,c1ccc(N=NNc2ccccc2)cc1,-2.596
CCOc1ccc(cc1N)[N+]([O-])=O,CCOc1ccc([N+](=O)[O-])cc1N,-3.2113
Cc1cc(C)c(N)cc1C,Cc1cc(C)c(N)cc1C,-1.9549
[H+].[Cl-].NC(CCC(O)=O)C(O)=O,NC(CCC(=O)O)C(=O)O.[Cl-].[H+],0.3159
CCCCOC(=O)C(C)O,CCCCOC(=O)C(C)O,-0.5629
NNc1cccc(c1)[S](O)(=O)=O,NNc1cccc(S(=O)(=O)O)c1,-0.8275
NCc1ccc(cc1)[S](N)(=O)=O,NCc1ccc(S(N)(=O)=O)cc1,0.321
OC[C@H]1O[C@@H](Oc2ccccc2CO)[C@H](O)[C@@H](O)[C@@H]1O,OCc1ccccc1O[C@@H]1O[C@H](CO)[C@@H](O)[C@H](O)[C@H]1O,-0.8547
OC(=O)CN(CC(O)=O)CC(O)=O,O=C(O)CN(CC(=O)O)CC(=O)O,-0.5101
Oc1ccc(C=O)cc1O,O=Cc1ccc(O)c(O)c1,-1.3402
NC(Cc1sccc1)C(O)=O,NC(Cc1cccs1)C(=O)O,-0.8356
CC[NH+](CCO)CCO,CC[NH+](CCO)CCO,0.8755
[O-][N+](=O)c1oc(cc1)/C=N/N2CC(CN3CCOCC3)OC2=O,O=C1OC(CN2CCOCC2)CN1/N=C/c1ccc([N+](=O)[O-])o1,-2.6359
CCNC(=O)Nc1sc(cn1)[N+]([O-])=O,CCNC(=O)Nc1ncc([N+](=O)[O-])s1,-2.8578
C(CNCc1ccccc1)NCc2ccccc2,c1ccc(CNCCNCc2ccccc2)cc1,-1.7865
[Na+].CN(C)c1ccc(cc1)N=N[S]([O-])(=O)=O,CN(C)c1ccc(N=NS(=O)(=O)[O-])cc1.[Na+],-1.0991
COc1ccc(CC=C)cc1,C=CCc1ccc(OC)cc1,-2.9209
OC(=O)CCC1CCCC1,O=C(O)CCC1CCCC1,-1.7691
CCCCOC(=O)CCC(=O)OCCCC,CCCCOC(=O)CCC(=O)OCCCC,-3.0006
CCOC(=O)\C=C/C(=O)OCC,CCOC(=O)/C=C\C(=O)OCC,-1.0899
CCOC(=O)CCCCC(=O)OCC,CCOC(=O)CCCCC(=O)OCC,-1.6795
C[Si](C)(C)O[Si](C)(C)O[Si](C)(C)O[Si](C)(C)C,C[Si](C)(C)O[Si](C)(C)O[Si](C)(C)O[Si](C)(C)C,-7.6637
CO[P](=O)(OC)OC(/C)=C/C(=O)N(C)C,COP(=O)(OC)O/C(C)=C/C(=O)N(C)C,0.6249
OC(=O)CCI,O=C(O)CCI,-0.43
OC(=O)CC(O)=O,O=C(O)CC(=O)O,0.8652
O=C1CSC(=S)N1,O=C1CSC(=S)N1,-1.7723
O=C1NC(=S)NC=C1,O=c1cc[nH]c(=S)[nH]1,-2.2573
O=C1NC=CC=C1,O=c1cccc[nH]1,1.0218
CC(=O)NCCO,CC(=O)NCCO,0.9867
NC(=S)NNC(N)=S,NC(=S)NNC(N)=S,-1.7965
[Na+].[Na+].[S-]C(=S)NCCNC([S-])=S,S=C([S-])NCCNC(=S)[S-].[Na+].[Na+],-0.1078
[H+].[H+].[Cl-].[Cl-].C1CNCCN1,C1CNCCN1.[Cl-].[Cl-].[H+].[H+],0.4112
CCCCCCOC(C)=O,CCCCCCOC(C)=O,-2.451
CCCCCCNCCCCCC,CCCCCCNCCCCCC,-3.1574
CCCCOCCOCCOCCO,CCCCOCCOCCOCCO,0.6855
ClC1(Cl)C2(Cl)C3(Cl)C4(Cl)C(=O)C5(Cl)C3(Cl)C1(Cl)C5(Cl)C24Cl,O=C1C2(Cl)C3(Cl)C4(Cl)C(Cl)(Cl)C5(Cl)C3(Cl)C1(Cl)C5(Cl)C24Cl,-5.2594
[Na+].CCC(C)C1(CC)C(=O)NC(=O)[N-]C1=O,CCC(C)C1(CC)C(=O)[N-]C(=O)NC1=O.[Na+],0.1528
OC(=O)CC1(CC(O)=O)OCOC1=O,O=C(O)CC1(CC(=O)O)OCOC1=O,-0.611
[Na+].[Na+].C[As]([O-])([O-])=O,C[As](=O)([O-])[O-].[Na+].[Na+],0.3711
OC(=O)CF,O=C(O)CF,1.1077
CC(O)C(N)C(O)=O,CC(O)C(N)C(=O)O,0.067
O[C@@H]([C@H](O)C(O)=O)C(O)=O,O=C(O)[C@@H](O)[C@H](O)C(=O)O,0.8236
Cc1c(cc(cc1[N+]([O-])=O)[N+]([O-])=O)C(N)=O,Cc1c(C(N)=O)cc([N+](=O)[O-])cc1[N+](=O)[O-],-2.3525
N[S](=O)(=O)c1cc2c(NC=N[S]2(=O)=O)cc1C(F)(F)F,NS(=O)(=O)c1cc2c(cc1C(F)(F)F)NC=NS2(=O)=O,-0.8186
[nH]1c2ccccc2nc1c3cscn3,c1ccc2[nH]c(-c3cscn3)nc2c1,-3.6048
O[S](=O)(=O)OCCOc1ccc(Cl)cc1Cl,O=S(=O)(O)OCCOc1ccc(Cl)cc1Cl,-0.0601
OC(=O)c1cc(O)c(O)c(O)c1,O=C(O)c1cc(O)c(O)c(O)c1,-1.1552
CCOc1ccc(NC(N)=O)cc1,CCOc1ccc(NC(N)=O)cc1,-2.173
[Na+].[Na+].[O-]C(=O)CCC([O-])=O,O=C([O-])CCC(=O)[O-].[Na+].[Na+],0.0914
[K+].[C-]#N,[C-]#N.[K+],1.0436
CN(C)[P](=O)(O[P](=O)(N(C)C)N(C)C)N(C)C,CN(C)P(=O)(OP(=O)(N(C)C)N(C)C)N(C)C,0.5433
NC1=NC(=O)C(=C(N)N1)O[C@@H]2O[C@H](CO)[C@@H](O)[C@H](O)[C@H]2O,Nc1nc(=O)c(O[C@@H]2O[C@H](CO)[C@@H](O)[C@H](O)[C@H]2O)c(N)[nH]1,-1.4832
ClCCNC(=O)N(CCCl)N=O,O=NN(CCCl)C(=O)NCCCl,-1.7285
C1COC2(C1)CCCO2,C1COC2(C1)CCCO2,-0.1078
c1ccc2c(c1)c3ccc4ccc5cccc6cc2c3c4c56,c1ccc2c(c1)-c1ccc3ccc4cccc5cc-2c1c3c45,-9.1627
[nH]1c2ccc3ccccc3c2c4c1ccc5ccccc45,c1ccc2c(c1)ccc1[nH]c3ccc4ccccc4c3c12,-6.6277
c1ccc2c(c1)ccc3ccc4ccccc4c23,c1ccc2c(c1)ccc1ccc3ccccc3c12,-7.8207
c1ccc2c(c1)ccc3c2cc4cccc5c6ccccc6c3c45,c1ccc2c(c1)-c1cccc3cc4c(ccc5ccccc54)c-2c13,-8.4806
C1c2cccc3ccc4cccc1c4c23,c1cc2c3c(c1)ccc1cccc(c13)C2,-5.2379
c1ccc2c(c1)ccc3c4cccc5cccc(c45)c23,c1ccc2c3c(ccc2c1)-c1cccc2cccc-3c12,-8.004
c1ccc2c(c1)cc3c4ccccc4c5cccc2c35,c1ccc2c(c1)-c1cccc3c1c-2cc1ccccc13,-8.2259
c1ccc2cc3c4cccc5cccc(c3cc2c1)c45,c1ccc2cc3c(cc2c1)-c1cccc2cccc-3c12,-8.4989
N1c2c(Sc3ccc4ccccc4c13)ccc5ccccc25,c1ccc2c3c(ccc2c1)Sc1ccc2ccccc2c1N3,-7.9081
N1c2ccc3ccccc3c2Sc4c1ccc5ccccc45,c1ccc2c3c(ccc2c1)Nc1ccc2ccccc2c1S3,-6.8786
N1c2ccccc2Sc3ccc4ccccc4c13,c1ccc2c(c1)Nc1c(ccc3ccccc13)S2,-5.8957
N1c2ccccc2Sc3c1ccc4ccccc34,c1ccc2c(c1)Nc1ccc3ccccc3c1S2,-6.5727
c1ccc2c(c1)ccc3nc4c(ccc5ccccc45)cc23,c1ccc2c(c1)ccc1nc3c(ccc4ccccc43)cc12,-6.2447
c1ccc2c(c1)cnc3ccccc23,c1ccc2c(c1)cnc1ccccc12,-2.7763
[nH]1nc2cncnc2n1,c1ncc2n[nH]nc2n1,-0.2319
C1CN2CCN1CC2,C1CN2CCN1CC2,0.6033
o1cccn1,c1cnoc1,0.3827
c1ccnnc1,c1ccnnc1,1.0964
c1cncnc1,c1cncnc1,1.0964
C1CCCCCC1,C1CCCCCC1,-3.5149
CCO[P](=S)(OCC)Oc1cnccn1,CCOP(=S)(OCC)Oc1cnccn1,-2.338
CCN(CC)C(=O)/C(Cl)=C(/C)O[P](=O)(OC)OC,CCN(CC)C(=O)/C(Cl)=C(/C)OP(=O)(OC)OC,0.5233
CCO[P](=S)(OCC)OCCSCC,CCOP(=S)(OCC)OCCSCC,-3.634
C1OC1C2CO2,C1OC1C1CO1,1.065
N[C@@H](Cc1cc(Br)c(O)c(Br)c1)C(O)=O,N[C@@H](Cc1cc(Br)c(O)c(Br)c1)C(=O)O,-1.9281
CC[S](=O)CCS[P](=O)(OC)OC,CC[S+]([O-])CCSP(=O)(OC)OC,0.6086
NN,NN,1.4942
CCN1C[C@]2(COC)[C@H](O)C[C@H](OC)[C@@]34[C@@H]5C[C@]6(O)[C@@H](OC)[C@H](O)[C@](OC(C)=O)([C@@H]([C@H](OC)[C@H]23)C14)[C@H]5[C@H]6OC(=O)c7ccccc7,CCN1C[C@]2(COC)[C@H](O)C[C@H](OC)[C@]34C1[C@H]([C@H](OC)[C@H]23)[C@]1(OC(C)=O)[C@H]2[C@@H](OC(=O)c3ccccc3)[C@](O)(C[C@H]24)[C@@H](OC)[C@@H]1O,-3.3187
CCC(C)(OC(N)=O)C#C,C#CC(C)(CC)OC(N)=O,-0.9456
[Na+].[K+].O[C@H]([C@@H](O)C([O-])=O)C([O-])=O,O=C([O-])[C@H](O)[C@@H](O)C(=O)[O-].[K+].[Na+],0.3984
FC(F)(F)C(Cl)Cl,FC(F)(F)C(Cl)Cl,-1.8623
CCO[P](=O)(OCC)O\C=C\Cl,CCOP(=O)(O/C=C/Cl)OCC,-1.3316
CCC(C)N1C(=O)NC(=C(Br)C1=O)C,CCC(C)n1c(=O)[nH]c(C)c(Br)c1=O,-2.5057
CC(C)N1C(=O)NC(=C(Br)C1=O)C,Cc1[nH]c(=O)n(C(C)C)c(=O)c1Br,-2.0604
CNC(=O)Oc1cc(C)c(N(C)C)c(C)c1,CNC(=O)Oc1cc(C)c(N(C)C)c(C)c1,-3.3469
CCC(C)C(N)C(O)=O,CCC(C)C(N)C(=O)O,-0.5033
OC(=O)c1cc(Cl)ccc1O,O=C(O)c1cc(Cl)ccc1O,-1.237
Fc1cccc2ccccc12,Fc1cccc2ccccc12,-3.4527
CC(=O)Nc1ccc(F)cc1C,CC(=O)Nc1ccc(F)cc1C,-1.3593
CC(=O)Nc1ccc(C)cc1F,CC(=O)Nc1ccc(C)cc1F,-1.7403
Fc1cc(F)c(F)cc1F,Fc1cc(F)c(F)cc1F,-2.3757
CCCC[C@H](N)C(O)=O,CCCC[C@H](N)C(=O)O,-1.0387
O[C@@H]1C[C@](O)(C[C@@H](OC(=O)\C=C\c2ccc(O)c(O)c2)[C@@H]1O)C(O)=O,O=C(/C=C/c1ccc(O)c(O)c1)O[C@@H]1C[C@](O)(C(=O)O)C[C@@H](O)[C@H]1O,-0.9473
CC(C)CC(N)C(O)=O,CC(C)CC(N)C(=O)O,-1.0456
C[P](F)(=O)OC1CCCCC1,CP(=O)(F)OC1CCCCC1,-1.6875
Fc1ccccc1CCl,Fc1ccccc1CCl,-2.541
Fc1ccccc1Cl,Fc1ccccc1Cl,-2.4157
Fc1ccc(I)cc1,Fc1ccc(I)cc1,-3.1257
CCF,CCF,-1.3477
Cn1cncc1C[C@H](N)C(O)=O,Cn1cncc1C[C@H](N)C(=O)O,0.0727
F[P-](F)(F)(F)(F)F.N#[N+]c1ccccc1,F[P-](F)(F)(F)(F)F.N#[N+]c1ccccc1,-1.4438
OCCF,OCCF,1.1934
CC(C)N[P](F)(=O)NC(C)C,CC(C)NP(=O)(F)NC(C)C,-0.3574
CC(O)C(F)(F)F,CC(O)C(F)(F)F,0.3094
FC(F)(F)C(F)(Cl)Cl,FC(F)(F)C(F)(Cl)Cl,-3.0961
OC(=O)C(F)F,O=C(O)C(F)F,1.0176
C[C@]12CC(=O)[C@H]3[C@@H](CCC4=CC(=O)CC[C@]34C)[C@@H]1CCC2=O,C[C@]12CCC(=O)C=C1CC[C@@H]1[C@@H]2C(=O)C[C@]2(C)C(=O)CC[C@@H]12,-3.4843
CCCc1cc(F)ccc1O,CCCc1cc(F)ccc1O,-1.887
NC(=O)N(CCO)/N=C/c1oc(cc1)[N+]([O-])=O,NC(=O)N(CCO)/N=C/c1ccc([N+](=O)[O-])o1,-2.6852
OC(=O)c1ccccc1C(F)(F)F,O=C(O)c1ccccc1C(F)(F)F,-1.5978
C[C@]12CCC(=O)C=C1CC[C@@H]3[C@@H]2CC[C@@]4(C)[C@H]3CC[C@@]4(O)C#C,C#C[C@]1(O)CC[C@H]2[C@@H]3CCC4=CC(=O)CC[C@]4(C)[C@H]3CC[C@@]21C,-5.6576
C[C@H](CCC(O)=O)[C@H]1CC[C@H]2[C@@H]3CC[C@@H]4C[C@H](O)CC[C@]4(C)[C@H]3CC[C@]12C,C[C@H](CCC(=O)O)[C@H]1CC[C@H]2[C@@H]3CC[C@@H]4C[C@H](O)CC[C@]4(C)[C@H]3CC[C@]12C,-6.0
C[C@]12CC[C@H]3[C@@H](CCC4=CC(=O)CC[C@H]34)[C@@H]1CC[C@@H]2O,C[C@]12CC[C@H]3[C@@H](CCC4=CC(=O)CC[C@@H]43)[C@@H]1CC[C@@H]2O,-1.9484
C[C@H]1C[C@H]2OC(=O)[C@@H](C)[C@H]2[C@H](O)C3=C(C)C(=O)C[C@H]13,CC1=C2[C@@H](O)[C@@H]3[C@H](C)C(=O)O[C@@H]3C[C@H](C)[C@H]2CC1=O,-1.945
CC(=O)NCc1c(I)c(NC(C)=O)c(I)c(C(O)=O)c1I,CC(=O)NCc1c(I)c(NC(C)=O)c(I)c(C(=O)O)c1I,-2.3208
CC[C@H](C)[C@@H](N)C(O)=O,CC[C@H](C)[C@@H](N)C(=O)O,-0.7875
OC(=O)Cc1cc(O)ccc1O,O=C(O)Cc1cc(O)ccc1O,0.7037
Nc1ncc2[nH]cnc2n1,Nc1ncc2[nH]cnc2n1,-1.21
OC1CCOC1,OC1CCOC1,1.055
OC(=O)c1ccc(F)c(c1)[N+]([O-])=O,O=C(O)c1ccc(F)c([N+](=O)[O-])c1,-1.5809
Fc1cccc(CCl)c1,Fc1cccc(CCl)c1,-2.5436
CCC[C@H]1CCCCN1,CCC[C@H]1CCCCN1,-0.8493
COCC(F)F,COCC(F)F,-0.2836
NC(N)=NC#N,N#CN=C(N)N,-0.3087
Nc1cccnc1,Nc1cccnc1,1.0263
NC(=O)NCC(O)=O,NC(=O)NCC(=O)O,-0.5809
NC(=O)NCCC(O)=O,NC(=O)NCCC(=O)O,-0.8014
CC1(C)C2CCC1(C)[C@@H](O)C2,CC1(C)C2CCC1(C)[C@@H](O)C2,-2.319
CC1(C)[C@H]2CC[C@@]1(C)C(=O)C2,CC1(C)[C@H]2CC[C@@]1(C)C(=O)C2,-3.1825
O[C@@]12CCO[C@@]1(Nc3ccccc23)[C@@H]4C[C@@H]5CCN4C[C@@H]5C=C,C=C[C@H]1CN2CC[C@H]1C[C@H]2[C@@]12Nc3ccccc3[C@]1(O)CCO2,-2.6706
CC[C@@]12CCCN3CC[C@@]4([C@@H](CC1)N(C(C)=O)c5c(OC)cccc45)[C@@H]23,CC[C@@]12CCCN3CC[C@]4(c5cccc(OC)c5N(C(C)=O)[C@@H]4CC1)[C@H]32,-1.3269
OC(=O)[C@@]1(O)c2ccccc2c3ccccc13,O=C(O)C1(O)c2ccccc2-c2ccccc21,-1.9657
CCC(=O)O[C@@](Cc1ccccc1)([C@H](C)CN(C)C)c2ccccc2,CCC(=O)O[C@](Cc1ccccc1)(c1ccccc1)[C@H](C)CN(C)C,-5.0097
ClCC[S](=O)(=O)CCCl,O=S(=O)(CCCl)CCCl,-1.5031
CN=C(N)N,CN=C(N)N,-1.6135
Nc1ccc(cc1)[S](=O)(=O)c2sc(N)nc2,Nc1ccc(S(=O)(=O)c2cnc(N)s2)cc1,-2.805
CC(=O)C1CC(CC(O)=O)C1(C)C,CC(=O)C1CC(CC(=O)O)C1(C)C,-0.5752
C[C@H](CCC(O)=O)[C@H]1CC[C@H]2[C@@H]3[C@H](O)C[C@@H]4C[C@H](O)CC[C@]4(C)[C@H]3CC[C@]12C,C[C@H](CCC(=O)O)[C@H]1CC[C@H]2[C@@H]3[C@H](O)C[C@@H]4C[C@H](O)CC[C@]4(C)[C@H]3CC[C@]12C,-3.6402
C[C@]12CC[C@H]3C(=CCc4cc(O)ccc34)[C@@H]1CCC2=O,C[C@]12CC[C@H]3C(=CCc4cc(O)ccc43)[C@@H]1CCC2=O,-5.2795
Oc1ccc2c(OCC3(O)CC4=CC(=O)C(=CC4=C23)O)c1O,O=C1C=C2CC3(O)COc4c(ccc(O)c4O)C3=C2C=C1O,-2.6994
C[C@H](CCC(=O)NCC(O)=O)[C@H]1CC[C@H]2[C@@H]3[C@H](O)C[C@@H]4C[C@H](O)CC[C@]4(C)[C@H]3C[C@H](O)[C@]12C,C[C@H](CCC(=O)NCC(=O)O)[C@H]1CC[C@H]2[C@@H]3[C@H](O)C[C@@H]4C[C@H](O)CC[C@]4(C)[C@H]3C[C@H](O)[C@]12C,-5.1495
COc1cc(cc(OC)c1OC)[C@H]2[C@H]3[C@H](COC3=O)[C@@H](O)c4cc5OCOc5cc24,COc1cc([C@@H]2c3cc4c(cc3[C@H](O)[C@H]3COC(=O)[C@@H]23)OCO4)cc(OC)c1OC,-3.6174
[Cl-].Cc1cc2nc3c(C)c(N)ccc3[n+](c4ccccc4)c2cc1N,Cc1cc2nc3c(C)c(N)ccc3[n+](-c3ccccc3)c2cc1N.[Cl-],-0.8462
C1Cc2c3ccc4ccccc4c3cc5cccc1c25,c1cc2c3c(c4ccc5ccccc5c4cc3c1)CC2,-7.8613
CN(c1c(cc(cc1[N+]([O-])=O)[N+]([O-])=O)[N+]([O-])=O)[N+]([O-])=O,CN(c1c([N+](=O)[O-])cc([N+](=O)[O-])cc1[N+](=O)[O-])[N+](=O)[O-],-3.5889
OC[C@H]1O[C@@H](O[C@@H]2OC=C[C@H]3[C@H](O)C=C(CO)[C@@H]23)[C@H](O)[C@@H](O)[C@@H]1O,OCC1=C[C@@H](O)[C@@H]2C=CO[C@@H](O[C@@H]3O[C@H](CO)[C@@H](O)[C@H](O)[C@H]3O)[C@H]12,0.0119
Cc1cc(C)c(c(C)c1)C(O)=O,Cc1cc(C)c(C(=O)O)c(C)c1,-2.3566
Cc1cc(O)c(C(O)=O)c(O)c1,Cc1cc(O)c(C(=O)O)c(O)c1,-2.0496
[O-][N+](=O)C1C(=O)NC(=O)NC1=O,O=C1NC(=O)C([N+](=O)[O-])C(=O)N1,-2.2840000000000003
C[C@H]1[C@@H]2CC[C@@]3(C)C=CC(=O)C(=C3[C@H]2OC1=O)C,CC1=C2[C@H]3OC(=O)[C@@H](C)[C@@H]3CC[C@@]2(C)C=CC1=O,-3.0905
C[C@]12CC[C@H](O)C[C@@H]1CC[C@@H]3[C@@H]2CC[C@@]4(C)[C@H]3CCC4=O,C[C@]12CC[C@H](O)C[C@@H]1CC[C@@H]1[C@@H]2CC[C@]2(C)C(=O)CC[C@@H]12,-4.1577
CN1C2CCC1[C@H]([C@@H](O)C2)C(O)=O,CN1C2CCC1[C@@H](C(=O)O)[C@@H](O)C2,-0.0173
CN1C(=O)N(C)c2nncnc2C1=O,Cn1c(=O)c2ncnnc2n(C)c1=O,-1.9849
COc1ccc2C=CC(=O)Oc2c1CC=C(C)C,COc1ccc2ccc(=O)oc2c1CC=C(C)C,-4.3087
CCC(C)c1cc(cc(c1OC(=O)C=C(C)C)[N+]([O-])=O)[N+]([O-])=O,CCC(C)c1cc([N+](=O)[O-])cc([N+](=O)[O-])c1OC(=O)C=C(C)C,-5.5083
CC1CCC2C(C)C(=O)OCC12,CC1CCC2C(C)C(=O)OCC12,-1.9249
O[C@H]1CCN2C(=O)c3ccccc3N=C12,O=c1c2ccccc2nc2n1CC[C@@H]2O,-2.106
CN1C[C@@H]2C[C@@H](C1)C3=CC=CC(=O)N3C2,CN1C[C@@H]2C[C@@H](C1)c1cccc(=O)n1C2,0.6484
O=C1NC(=O)c2nccnc2N1,O=c1[nH]c(=O)c2nccnc2[nH]1,-2.1183
CC1=C(CCC(O)=O)C(=O)NC1=O,CC1=C(CCC(=O)O)C(=O)NC1=O,-0.6608
O[C@@H]1C[C@@H](O)[C@H](O)C(O)[C@H]1O,OC1[C@@H](O)[C@H](O)C[C@@H](O)[C@@H]1O,-0.1739
CC(C)c1ccc(C)c2ccc(C)c2c1,Cc1ccc(C(C)C)cc2c(C)ccc1-2,-5.4752
COC(=O)c1ccccc1OC2OC(COC3OCC(O)C(O)C3O)C(O)C(O)C2O,COC(=O)c1ccccc1OC1OC(COC2OCC(O)C(O)C2O)C(O)C(O)C1O,-0.7418
O=C1NC=Cc2ccccc12,O=c1[nH]ccc2ccccc12,-2.4842
Cc1cc(O)c2c(O)c3c(O)cccc3cc2c1,Cc1cc(O)c2c(O)c3c(O)cccc3cc2c1,-3.0585
NC1=NC(=O)C2=C(N1)NC(=O)C(=O)N2,Nc1nc(=O)c2[nH]c(=O)c(=O)[nH]c2[nH]1,-5.1655
OC(=O)C(=C)c1ccccc1,C=C(C(=O)O)c1ccccc1,-2.0568
C[C@H](N)[C@@H](O)c1ccccc1,C[C@H](N)[C@@H](O)c1ccccc1,-0.8786
OC[C@H]1O[C@H](O)[C@H](O)[C@@H](O)[C@@H]1O,OC[C@H]1O[C@H](O)[C@H](O)[C@@H](O)[C@@H]1O,0.4433
OC1=CC(=O)C[C@@H](C1)c2ccccc2,O=C1C=C(O)C[C@@H](c2ccccc2)C1,-2.5113
C1CC[C@H](NC1)c2cccnc2,c1cncc([C@@H]2CCCCN2)c1,0.7898
OCc1cc(O)ccc1O,OCc1cc(O)ccc1O,0.8534
O=Nc1ccc(NNC(=O)c2ccccc2)cc1,O=Nc1ccc(NNC(=O)c2ccccc2)cc1,-4.6835
O=C(NN\C=C/1C=CC=CC1=O)c2ccncc2,O=C1C=CC=C/C1=C/NNC(=O)c1ccncc1,-3.6835
C1Cc2ccccc2N1,c1ccc2c(c1)CCN2,-1.0427
C\C=C(/C)C=O,C/C=C(\C)C=O,-0.527
CC1OCCO1,CC1OCCO1,0.8789
O=C1CC2CCC1C2,O=C1CC2CCC1C2,-1.7565
OC(O)=C1OC(=CC(=O)C1=O)C(O)=O,O=C(O)C1=CC(=O)C(=O)C(=C(O)O)O1,-1.3769999999999998
COc1cc(ccc1O)C(C)=O,COc1cc(C(C)=O)ccc1O,-1.5216
CCC[C@@H](N)C(O)=O,CCC[C@@H](N)C(=O)O,-0.0687
C\C(=C\C(O)=O)C(O)=O,C/C(=C/C(=O)O)C(=O)O,0.7795
CC(C)c1ccc(C)c(O)c1,Cc1ccc(C(C)C)cc1O,-2.0798
CC1CC(CC(C)(C)N1)OC(=O)c2ccccc2,CC1CC(OC(=O)c2ccccc2)CC(C)(C)N1,-1.922
OC(=O)C(=O)Nc1ccccc1,O=C(O)C(=O)Nc1ccccc1,-1.3019
ClCCC(=O)NCc1ccccc1,O=C(CCCl)NCc1ccccc1,-3.2959
NC(=O)NC(=O)C=CC(O)=O,NC(=O)NC(=O)C=CC(=O)O,-1.9202
CCOC(=S)SSC(=S)OCC,CCOC(=S)SSC(=S)OCC,-4.9432
C1COC1,C1COC1,1.236
C\C=C/C(O)=O,C/C=C\C(=O)O,1.065
Nc1ccncc1,Nc1ccncc1,-0.0529
Nc1ccccn1,Nc1ccccn1,0.9757
C1CSCCS1,C1CSCCS1,-1.6029
OC(=O)CCCCCCC(O)=O,O=C(O)CCCCCCC(=O)O,-1.1673
ClCCSCCCl,ClCCSCCCl,-2.3666
OC(=O)\C=C/C=C\C(O)=O,O=C(O)/C=C\C=C/C(=O)O,-2.8516
IC#N,N#CI,-0.6333
CC(C)(C)Br,CC(C)(C)Br,-2.3586
CC1(C)C2CCC1(C)C(O)C2,CC1(C)C2CCC1(C)C(O)C2,-2.3202
CC(C)(C)CC(=O)OCC(=O)C1(O)CCC2C3CCC4=CC(=O)CCC4(C)C3C(O)CC12C,CC(C)(C)CC(=O)OCC(=O)C1(O)CCC2C3CCC4=CC(=O)CCC4(C)C3C(O)CC21C,-5.5111
[O-][N+](=O)C([N+]([O-])=O)([N+]([O-])=O)[N+]([O-])=O,O=[N+]([O-])C([N+](=O)[O-])([N+](=O)[O-])[N+](=O)[O-],-2.3381
CN1CC[C@]23[C@H]4Oc5c(OCCN6CCOCC6)ccc(C[C@@H]1C2C=C[C@@H]4O)c35,CN1CC[C@]23c4c5ccc(OCCN6CCOCC6)c4O[C@H]2[C@@H](O)C=CC3[C@H]1C5,-1.2994
CCC1(N2CCCCC2)C(=O)NC(=O)NC1=O,CCC1(N2CCCCC2)C(=O)NC(=O)NC1=O,-2.1562
C[C@@H]1CC[C@@]2(OC1)O[C@H]3C[C@H]4[C@@H]5CC=C6C[C@@H](O)CC[C@]6(C)[C@H]5CC[C@]4(C)[C@H]3[C@@H]2C,C[C@@H]1CC[C@@]2(OC1)O[C@H]1C[C@H]3[C@@H]4CC=C5C[C@@H](O)CC[C@]5(C)[C@H]4CC[C@]3(C)[C@H]1[C@@H]2C,-7.3166
OC[C@H]1O[C@H](OC[C@H]2O[C@H](O[C@]3(CO)O[C@H](CO)[C@@H](O)[C@@H]3O)[C@H](O)[C@@H](O)[C@@H]2O)[C@H](O)[C@@H](O)[C@H]1O,OC[C@H]1O[C@H](OC[C@H]2O[C@H](O[C@]3(CO)O[C@H](CO)[C@@H](O)[C@@H]3O)[C@H](O)[C@@H](O)[C@@H]2O)[C@H](O)[C@@H](O)[C@H]1O,-0.3962
CCCO[P](=O)(OCCC)OCCC,CCCOP(=O)(OCCC)OCCC,-1.5412
CC(C)=CCl,CC(C)=CCl,-1.9569
CC(=C)CO,C=C(C)CO,0.4298
CCC(C)S,CCC(C)S,-1.8346
CC(=C)C(C)=C,C=C(C)C(=C)C,-2.4014
CC(O)C(C)=O,CC(=O)C(C)O,1.055
CC(C)C1=CC2=CC[C@@H]3[C@](C)(CCC[C@@]3(C)C(O)=O)[C@H]2CC1,CC(C)C1=CC2=CC[C@@H]3[C@](C)(CCC[C@@]3(C)C(=O)O)[C@H]2CC1,-3.7959
CC12CC[C@H](O)CC1CCC3C4CCC(=O)C4(C)CC(O)C23,CC12CC(O)C3C(CCC4C[C@@H](O)CCC43C)C1CCC2=O,-3.5932
CC(O)(C(O)=O)c1ccccc1,CC(O)(C(=O)O)c1ccccc1,-0.8949
CC(C(O)=O)C(O)=O,CC(C(=O)O)C(=O)O,0.7597
CC(C)C(N)C(O)=O,CC(C)C(N)C(=O)O,-0.1971
COc1cc(cc(OC)c1OC)[C@H]2[C@@H]3[C@H](COC3=O)Cc4c(O)c5OCOc5cc24,COc1cc([C@@H]2c3cc4c(c(O)c3C[C@H]3COC(=O)[C@@H]32)OCO4)cc(OC)c1OC,-4.5035
Oc1ccc2c(Oc3cc(O)ccc3C24OC(=O)c5ccccc45)c1,O=C1OC2(c3ccc(O)cc3Oc3cc(O)ccc32)c2ccccc21,-3.8226
COc1ccc(C=O)c(C(O)=O)c1OC,COc1ccc(C=O)c(C(=O)O)c1OC,-1.9247
CN(C)C(=O)C(=O)N(N(C)C(C)=O)c1ccccc1,CC(=O)N(C)N(C(=O)C(=O)N(C)C)c1ccccc1,-0.5345
Oc1c(Br)cc(Br)c2cccnc12,Oc1c(Br)cc(Br)c2cccnc12,-4.1938
CCC1CN2CCC1CC2C(O)c3ccnc4ccc(OC)cc34,CCC1CN2CCC1CC2C(O)c1ccnc2ccc(OC)cc12,-3.0514
O[S](=O)(=O)c1ccc2c(cccc2[S](O)(=O)=O)c1,O=S(=O)(O)c1ccc2c(S(=O)(=O)O)cccc2c1,0.5402
CC(C)NCC(O)COc1cccc2ccccc12,CC(C)NCC(O)COc1cccc2ccccc12,-3.6202
NC(Cc1[nH]nc2ccccc12)C(O)=O,NC(Cc1[nH]nc2ccccc12)C(=O)O,-1.4091
O[C@H]([C@H](O)[C@H](O)C(O)=O)[C@@H](O)C(O)=O,O=C(O)[C@@H](O)[C@@H](O)[C@@H](O)[C@@H](O)C(=O)O,-0.3225
[Na+].OCC(O)C(O)C(O)C(O)C([O-])=O,O=C([O-])C(O)C(O)C(O)C(O)CO.[Na+],0.4321
[Cu++].OC[C@@H](O)[C@@H](O)[C@H](O)[C@@H](O)C([O-])=O.OC[C@@H](O)[C@@H](O)[C@H](O)[C@@H](O)C([O-])=O,O=C([O-])[C@H](O)[C@@H](O)[C@H](O)[C@H](O)CO.O=C([O-])[C@H](O)[C@@H](O)[C@H](O)[C@H](O)CO.[Cu+2],-0.1798
OC(=O)c1sccc1,O=C(O)c1cccs1,-1.2327
CC(C)c1ccccc1C,Cc1ccccc1C(C)C,-3.7606
Oc1ccc(cc1C(=O)C(=O)c2cc(ccc2O)[N+]([O-])=O)[N+]([O-])=O,O=C(C(=O)c1cc([N+](=O)[O-])ccc1O)c1cc([N+](=O)[O-])ccc1O,-3.5214
CC(=O)c1ccc(O)c(O)c1O,CC(=O)c1ccc(O)c(O)c1O,-2.0216
OC(=O)c1ccc(C(O)=O)c(c1)C(O)=O,O=C(O)c1ccc(C(=O)O)c(C(=O)O)c1,-1.0003
OC(=O)c1ccc(c(c1)[N+]([O-])=O)[N+]([O-])=O,O=C(O)c1ccc([N+](=O)[O-])c([N+](=O)[O-])c1,-1.5005
CC(C)C(CC=C)C(=O)NC(N)=O,C=CCC(C(=O)NC(N)=O)C(C)C,-2.7469
Oc1c2ccccc2cc3ccccc13,Oc1c2ccccc2cc2ccccc12,-4.7329
C=C(c1ccccc1)c2ccccc2,C=C(c1ccccc1)c1ccccc1,-4.4363
ONC1=C(CCCCC1)N=O,O=NC1=C(NO)CCCCC1,-1.4249
COc1ccc2C=CC(=O)Oc2c1,COc1ccc2ccc(=O)oc2c1,-3.1221
COc1ccccc1OCC(O)COC(N)=O,COc1ccccc1OCC(O)COC(N)=O,-1.5251
[Na+].[O-]C(=O)c1ccccc1,O=C([O-])c1ccccc1.[Na+],0.5864
[H+].[Cl-].Nc1ccc(N=Nc2ccccc2)c(N)c1,Nc1ccc(N=Nc2ccccc2)c(N)c1.[Cl-].[H+],-4.0947
CCOC(=O)COc1ccc(Cl)cc1Cl,CCOC(=O)COc1ccc(Cl)cc1Cl,-3.3503
CCCCCc1ccc(O)cc1O,CCCCCc1ccc(O)cc1O,-1.9548
CCN(CC)C(=O)CC(C)C,CCN(CC)C(=O)CC(C)C,-0.5946
CN1CSC(=S)N(C)C1,CN1CSC(=S)N(C)C1,-1.7331
OC(CI)CI,OC(CI)CI,-1.3971
CNC(=S)NC,CNC(=S)NC,0.9823
COC(C)OC,COC(C)OC,1.0452
CCCCC(C(O)=O)C(O)=O,CCCCC(C(=O)O)C(=O)O,0.4369
CC(C)c1cccc(C)c1,Cc1cccc(C(C)C)c1,-3.4994
CN(C)c1cc(C)nc(Cl)n1,Cc1cc(N(C)C)nc(Cl)n1,-1.2615
OC(=O)c1cc(O)c(O)c(OC(=O)c2cc(O)c(O)c(O)c2)c1,O=C(O)c1cc(O)c(O)c(OC(=O)c2cc(O)c(O)c(O)c2)c1,-2.8092
CCc1ccncc1,CCc1ccncc1,-0.0006
ClN=C1C=C(Br)C(=O)C(=C1)Br,O=C1C(Br)=CC(=NCl)C=C1Br,-3.7068
CN[C@@H](Cc1ccc(O)cc1)C(O)=O,CN[C@@H](Cc1ccc(O)cc1)C(=O)O,-2.1325
CCN(CCCl)CCCl,CCN(CCCl)CCCl,-3.0265
CCCCOC(=O)/C=C/c1ccccc1,CCCCOC(=O)/C=C/c1ccccc1,-1.6112
COCc1ccccc1,COCc1ccccc1,-1.6098
CN(C)c1ccc(cc1)N=Nc2ccc(N)cc2,CN(C)c1ccc(N=Nc2ccc(N)cc2)cc1,-4.593999999999999
OC(=O)/C=C/c1occc1,O=C(O)/C=C/c1ccco1,-1.8392
CCCCC(=O)OCC,CCCCC(=O)OCC,-1.7706
CCC(=O)OCC(C)C,CCC(=O)OCC(C)C,-1.8841
COC1CC1,COC1CC1,-0.1176
Br\C=C/Br,Br/C=C\Br,-1.3195
OCCBr,OCCBr,0.9032
CCOC,CCOC,-0.0799
CNNC,CNNC,1.2211
CC(C)CC(C)(C)C,CC(C)CC(C)(C)C,-4.6704
CC(=O)OC(C)(C)C,CC(=O)OC(C)(C)C,-1.1443
C[Si]1(C)O[Si](C)(C)O[Si](C)(C)O[Si](C)(C)O[Si](C)(C)O[Si](C)(C)O1,C[Si]1(C)O[Si](C)(C)O[Si](C)(C)O[Si](C)(C)O[Si](C)(C)O[Si](C)(C)O1,-7.9407
C[Si]1(C)O[Si](C)(C)O[Si](C)(C)O[Si](C)(C)O[Si](C)(C)O1,C[Si]1(C)O[Si](C)(C)O[Si](C)(C)O[Si](C)(C)O[Si](C)(C)O1,-7.3387
Cl/C=C/[As](Cl)Cl,Cl/C=C/[As](Cl)Cl,-2.6177
CCCC(Cl)Cl,CCCC(Cl)Cl,-2.4036
[Ba++].[O-]C=O.[O-]C=O,O=C[O-].O=C[O-].[Ba+2],-0.0557
CC(N)CC(O)=O,CC(N)CC(=O)O,0.9867
CC(=O)CC(O)=O,CC(=O)CC(=O)O,0.991
NC(=S)NC(N)=S,NC(=S)NC(N)=S,-1.6996
CC1=CC(=O)CC(=O)O1,CC1=CC(=O)CC(=O)O1,-1.1185
ClC1CCCCC1,ClC1CCCCC1,-2.3752
NC(CCCC(O)=O)C(O)=O,NC(CCCC(=O)O)C(=O)O,-1.8648
CC(C)COC=O,CC(C)COC=O,-1.0006
CCCCI,CCCCI,-2.9587
ClCOCCl,ClCOCCl,-0.7181
C1C=CC=C1,C1=CCC=C1,-1.565
NC(N)=NCC[S](O)(=O)=O,NC(N)=NCCS(=O)(=O)O,-0.6321
CC(C)CO[N+]([O-])=O,CC(C)CO[N+](=O)[O-],-1.9521
CCCCCCl,CCCCCCl,-2.7324
[Ba++].CC([O-])=O.CC([O-])=O,CC(=O)[O-].CC(=O)[O-].[Ba+2],0.1948
CC(C)CCOC(N)=O,CC(C)CCOC(N)=O,-1.4403
CC(C)CCO[N+]([O-])=O,CC(C)CCO[N+](=O)[O-],-2.4809
[Sr++].CC([O-])=O.CC([O-])=O,CC(=O)[O-].CC(=O)[O-].[Sr+2],0.1446
N#CCCCC#N,N#CCCCC#N,1.0263
CCCCCCCCCCCCCCCC,CCCCCCCCCCCCCCCC,-8.4007
Nc1ccc(cc1)[S](=O)(=O)Nc2ccc(cc2)[S](N)(=O)=O,Nc1ccc(S(=O)(=O)Nc2ccc(S(N)(=O)=O)cc2)cc1,-2.7592
COC(=O)C(C)O,COC(=O)C(C)O,0.9825
C=C1CCOC1=O,C=C1CCOC1=O,0.1844
C[C@H](CCC(O)=O)[C@H]1CC[C@H]2[C@@H]3[C@H](O)[C@H](O)[C@@H]4C[C@H](O)CC[C@]4(C)[C@H]3CC[C@]12C,C[C@H](CCC(=O)O)[C@H]1CC[C@H]2[C@@H]3[C@H](O)[C@H](O)[C@@H]4C[C@H](O)CC[C@]4(C)[C@H]3CC[C@]12C,-4.3465
CCOC(=O)C(C1=C(O)Oc2ccccc2C1=O)C3=C(O)Oc4ccccc4C3=O,CCOC(=O)C(c1c(O)oc2ccccc2c1=O)c1c(O)oc2ccccc2c1=O,-3.4264
CC(C)c1ccc(C)c(C(O)=O)c1O,Cc1ccc(C(C)C)c(O)c1C(=O)O,-3.2883
CN1C(=O)C=C(N)N(CC(C)=C)C1=O,C=C(C)Cn1c(N)cc(=O)n(C)c1=O,-0.9895
OC[C@H]1O[C@H]([C@H](O)[C@@H]1O)n2cnc3cncnc23,OC[C@H]1O[C@@H](n2cnc3cncnc32)[C@H](O)[C@@H]1O,-0.4018
Oc1ccc2ccccc2c1[N+]([O-])=O,O=[N+]([O-])c1c(O)ccc2ccccc12,-2.9758
Cc1c(Cl)cc(Cl)c(O)c1Cl,Cc1c(Cl)cc(Cl)c(O)c1Cl,-3.2761
CN1C2CCCC1CC(=O)C2,CN1C2CCCC1CC(=O)C2,0.4167
NNC(=O)c1cccnc1,NNC(=O)c1cccnc1,-0.1372
CCCOc1ccc(cc1N)[N+]([O-])=O,CCCOc1ccc([N+](=O)[O-])cc1N,-3.1592
COC(=O)C(=O)OC,COC(=O)C(=O)OC,-0.2919
C[C@](N)(Cc1ccc(O)c(O)c1)C(O)=O,C[C@](N)(Cc1ccc(O)c(O)c1)C(=O)O,-1.3247
OC(=O)\C=C/C(=O)Nc1ccccc1,O=C(O)/C=C\C(=O)Nc1ccccc1,-2.2815
[O-][N+](=O)c1oc(cc1)\C=N\N2CCNC2=O,O=C1NCCN1/N=C/c1ccc([N+](=O)[O-])o1,-3.3572
N[C@H](Cc1ccc(O)cc1)C(O)=O,N[C@H](Cc1ccc(O)cc1)C(=O)O,-2.6049
NC(Cc1ccc(O)cc1)C(O)=O,NC(Cc1ccc(O)cc1)C(=O)O,-2.6561
[Zn++].CCCCC([O-])=O.CCCCC([O-])=O,CCCCC(=O)[O-].CCCCC(=O)[O-].[Zn+2],-1.2722
OCC1CO1,OCC1CO1,1.1303
O=C1NC=CC=N1,O=c1nccc[nH]1,0.6749
CCCOC,CCCOC,-0.3857
CCCC(=O)OCC(O)CO,CCCC(=O)OCC(O)CO,-1.335
[Zn++].CC([O-])=O.CC([O-])=O,CC(=O)[O-].CC(=O)[O-].[Zn+2],0.2179
C=CCOCC=C,C=CCOCC=C,-0.0206
[Zn++].[O-]C=O.[O-]C=O,O=C[O-].O=C[O-].[Zn+2],-0.4755
BrC(Br)(Br)Br,BrC(Br)(Br)Br,-3.1404
C[S](F)(=O)=O,CS(=O)(=O)F,-0.5145
CC(C)(O)CCl,CC(C)(O)CCl,0.1602
[O-][N+](=O)C(Br)([N+]([O-])=O)[N+]([O-])=O,O=[N+]([O-])C(Br)([N+](=O)[O-])[N+](=O)[O-],-1.7705
CN1CC[C@]23[C@H]4Oc5c(OC(C)=O)ccc(C[C@@H]1[C@@H]2C=C[C@@H]4OC(C)=O)c35,CC(=O)Oc1ccc2c3c1O[C@H]1[C@@H](OC(C)=O)C=C[C@H]4[C@@H](C2)N(C)CC[C@@]341,-2.7894
CCC(C)(C)CC,CCC(C)(C)CC,-4.2286
CCO[P](=S)(OCC)SCS[P](=S)(OCC)OCC,CCOP(=S)(OCC)SCSP(=S)(OCC)OCC,-5.2838
CC(C)C=C,C=CC(C)C,-2.732
CCC(C)=C,C=C(C)CC,-2.7307
CC(=C)CCl,C=C(C)CCl,-1.8108
C\C(Cl)=C\Cl,C/C(Cl)=C/Cl,-1.6138
CC(O)C(C)Cl,CC(O)C(C)Cl,-0.2122
C1O[C@@H]1[C@H]2CO2,C1O[C@@H]1[C@H]1CO1,1.065
CCC(C)C(C)(C)C,CCC(C)C(C)(C)C,-4.6776
CCC(C)C(C)C,CCC(C)C(C)C,-4.2808
CCC(C)C(C)O,CCC(C)C(C)O,-0.7216
CCC(C)C(C)=O,CCC(C)C(C)=O,-0.6805
CCC(O)C(C)C,CCC(O)C(C)C,-0.7062
CCC(=O)C(C)C,CCC(=O)C(C)C,-0.8106
NCC(O)C(O)=O,NCC(O)C(=O)O,-0.8229
CC(C)C(Br)C(O)=O,CC(C)C(Br)C(=O)O,-1.103
CC(C)C(C)C(C)C,CC(C)C(C)C(C)C,-4.6961
CC(C)C(=O)C(C)C,CC(C)C(=O)C(C)C,-1.3018
CC(N)C(O)C(O)=O,CC(N)C(O)C(=O)O,-0.3535
COc1cc(cc(OC)c1O)[C@H]2[C@@H]3[C@H](COC3=O)Cc4c(O)c5OCOc5cc24,COc1cc([C@@H]2c3cc4c(c(O)c3C[C@H]3COC(=O)[C@@H]32)OCO4)cc(OC)c1O,-4.1254
COc1ccc2COC(=O)c2c1OC,COc1ccc2c(c1OC)C(=O)OC2,-1.8903
OC(=O)c1[nH]cnc1C(O)=O,O=C(O)c1nc[nH]c1C(=O)O,-2.4944
OC1C(O)C(O)C(O[P](O)(O)=O)C(O)C1O,O=P(O)(O)OC1C(O)C(O)C(O)C(O)C1O,0.1076
COCOC(=O)c1ccccc1O,COCOC(=O)c1ccccc1O,-2.3
OC(=O)C1CCNCC1C(O)=O,O=C(O)C1CCNCC1C(=O)O,-0.5395
Nc1cccc2nc3ccccc3cc12,Nc1cccc2nc3ccccc3cc12,-4.222
OC(C(O)c1ccccc1)c2ccccc2,OC(c1ccccc1)C(O)c1ccccc1,-1.933
CCc1cccc(CC)c1N,CCc1cccc(CC)c1N,-2.3478
Brc1ccc2ccccc2c1,Brc1ccc2ccccc2c1,-4.4001
Oc1cnc2ccccc2c1,Oc1cnc2ccccc2c1,-2.3925
[O-]c1ccc2ccc[nH+]c2c1,O=c1ccc2ccc[nH]c-2c1,-2.5038
CCN(CC)c1nc(Cl)nc(n1)N(CC)CC,CCN(CC)c1nc(Cl)nc(N(CC)CC)n1,-4.4112
C1N[C@@H](CC=C1)c2cccnc2,C1=CC[C@@H](c2cccnc2)NC1,0.7953
c1ccc(nc1)c2cccnc2,c1ccc(-c2cccnc2)nc1,-0.5916
S=C1Nc2cncnc2N1,S=c1[nH]c2cncnc2[nH]1,-2.5243
[K+].[K+].[O-]C(=O)C([O-])=O,O=C([O-])C(=O)[O-].[K+].[K+],0.1773
CC(C)=CC1C(C(=O)OC2CC(=O)C(=C2C)CC=C)C1(C)C,C=CCC1=C(C)C(OC(=O)C2C(C=C(C)C)C2(C)C)CC1=O,-4.8179
C[C@H](NC(N)=O)C(O)=O,C[C@H](NC(N)=O)C(=O)O,-0.7845
CC(C)(C)c1cccc(O)c1,CC(C)(C)c1cccc(O)c1,-1.8614
[O-][N+](=O)c1cccc(Br)c1,O=[N+]([O-])c1cccc(Br)c1,-1.3054
OC(=O)C\C(=C/C(O)=O)C(O)=O,O=C(O)/C=C(\CC(=O)O)C(=O)O,0.3612
OCC(O)C(O)C(OC1OC(CO)C(O)C(O)C1O)C(O)CO,OCC(O)C(O)C(OC1OC(CO)C(O)C(O)C1O)C(O)CO,0.2872
OCC1OC(OCC2OC(O)C(O)C(O)C2O)C(O)C(O)C1O,OCC1OC(OCC2OC(O)C(O)C(O)C2O)C(O)C(O)C1O,0.4656
Oc1cc(cc(c1)[N+]([O-])=O)[N+]([O-])=O,O=[N+]([O-])c1cc(O)cc([N+](=O)[O-])c1,-1.663
OC(=O)c1ccc(C(O)=O)c(Br)c1,O=C(O)c1ccc(C(=O)O)c(Br)c1,-2.1339
OCc1ccncc1,OCc1ccncc1,0.9621
NC(=O)OC(CCl)CCl,NC(=O)OC(CCl)CCl,-1.3605
Cc1cccc(CO)c1,Cc1cccc(CO)c1,-0.3879999999999999
OC(=O)COc1cc(Cl)cc(Cl)c1,O=C(O)COc1cc(Cl)cc(Cl)c1,-2.3617
OC(=O)COc1cccc(Cl)c1,O=C(O)COc1cccc(Cl)c1,-2.1954
c1ccc(cc1)\C=C\c2ccccc2,C(=C/c1ccccc1)\c1ccccc1,-5.7905
OCc1ccc(CO)cc1,OCc1ccc(CO)cc1,-0.3861
CCCC(C)CC,CCCC(C)CC,-4.3063
CCCC(=O)CC,CCCC(=O)CC,-0.8334
CCCCC(C)CC,CCCCC(C)CC,-5.1591
CC1CCC(C)CC1,CC1CCC(C)CC1,-4.4657
CCCCOC(=O)CC,CCCCOC(=O)CC,-1.9385
I\C=C/I,I/C=C\I,-2.7813
[K+].[O-]C=O,O=C[O-].[K+],0.9288
CCCC(C)(C)C,CCCC(C)(C)C,-4.3575
CCCC(C)(C)O,CCCC(C)(C)O,-0.4988
[Cl-].CC(C[N+](C)(C)C)OC(N)=O,CC(C[N+](C)(C)C)OC(N)=O.[Cl-],0.5021
CCCCC(C)(C)C,CCCCC(C)(C)C,-5.7568
NC(N)=NC(N)=O.NC(N)=NC(N)=O.O[S](O)(=O)=O,NC(=O)N=C(N)N.NC(=O)N=C(N)N.O=S(=O)(O)O,-0.7814
CC1CCCC(=O)C1,CC1CCCC(=O)C1,-1.8738
CC1=CCCCC1,CC1=CCCCC1,-3.2671
CCCCC(C)C,CCCCC(C)C,-4.5961
CC(=O)OCC=C,C=CCOC(C)=O,-0.5534
C/C=C/CCl,C/C=C/CCl,-1.9569
CCCC\C=C\C,C/C=C/CCCC,-3.816
CCCCOC=O,CCCCOC=O,-1.1307
FCCl,FCCl,-0.8202
C[Se]C,C[Se]C,-0.6502
NC(=O)C(Br)(Br)Br,NC(=O)C(Br)(Br)Br,-1.2668
NC(=O)C(Cl)(Cl)Cl,NC(=O)C(Cl)(Cl)Cl,-1.0966
CC(Cl)(Cl)[N+]([O-])=O,CC(Cl)(Cl)[N+](=O)[O-],-1.7603
CCC(C)(O)C(C)C,CCC(C)(O)C(C)C,-0.8504
CCC(Cl)(Cl)[N+]([O-])=O,CCC(Cl)(Cl)[N+](=O)[O-],-1.4996
CCC(CO)(CO)[N+]([O-])=O,CCC(CO)(CO)[N+](=O)[O-],0.8264
CC(C)(CO)C=O,CC(C)(C=O)CO,-0.3279
CC(O)(CCl)CCl,CC(O)(CCl)CCl,-0.1822
CC(=O)OCC(COC(C)=O)(COC(C)=O)COC(C)=O,CC(=O)OCC(COC(C)=O)(COC(C)=O)COC(C)=O,-1.5686
CCCC(C)(O)CCC,CCCC(C)(O)CCC,-1.5867
CC1(CCl)CO1,CC1(CCl)CO1,-0.5504
ClC(Br)CBr,ClC(Br)CBr,-2.5546
COC(C)C,COC(C)C,-0.057
NC(=O)C(Br)Br,NC(=O)C(Br)Br,-1.0574
CC(Cl)C(Cl)Cl,CC(Cl)C(Cl)Cl,-1.8898
CC(Cl)C(O)=O,CC(Cl)C(=O)O,0.9645
CC(Cl)[N+]([O-])=O,CC(Cl)[N+](=O)[O-],-1.4374
Cc1ccc(cc1)[S](=O)(=O)Oc2ccccc2C,Cc1ccc(S(=O)(=O)Oc2ccccc2C)cc1,-3.9417
CCOC(OCC)C(Cl)(Cl)Cl,CCOC(OCC)C(Cl)(Cl)Cl,-1.6464
CCC(Cl)[N+]([O-])=O,CCC(Cl)[N+](=O)[O-],-1.1887
CC(C)C(O)C(C)C,CC(C)C(O)C(C)C,-1.2201
CCC(C(O)=O)C(O)=O,CCC(C(=O)O)C(=O)O,0.7315
[O-][N+](=O)c1ccc2CCc3cccc1c23,O=[N+]([O-])c1ccc2c3c(cccc13)CC2,-5.3403
OC(=O)c1c(Br)c(O)c(O)c(O)c1Br,O=C(O)c1c(Br)c(O)c(O)c(O)c1Br,-0.4188
Cc1c(cc(c(O)c1[N+]([O-])=O)[N+]([O-])=O)[N+]([O-])=O,Cc1c([N+](=O)[O-])cc([N+](=O)[O-])c(O)c1[N+](=O)[O-],-2.0434
CC(O)Cn1cnc2N(C)C(=O)N(C)C(=O)c12,CC(O)Cn1cnc2c1c(=O)n(C)c(=O)n2C,0.623
OC(=O)c1cccc(c1C(O)=O)[N+]([O-])=O,O=C(O)c1cccc([N+](=O)[O-])c1C(=O)O,-1.0214
Oc1ccc(cc1)C(c2ccc(O)cc2)=C3C=CC(=O)C=C3,O=C1C=CC(=C(c2ccc(O)cc2)c2ccc(O)cc2)C=C1,-2.3837
CCOC(=O)c1ccccc1C(=O)c2ccccc2,CCOC(=O)c1ccccc1C(=O)c1ccccc1,-3.4053
Oc1ccc2C(=O)c3ccccc3C(=O)c2c1,O=C1c2ccccc2C(=O)c2cc(O)ccc21,-5.3093
COC(=O)c1ccccc1C(=O)c2ccccc2,COC(=O)c1ccccc1C(=O)c1ccccc1,-3.4776
[O-][N+](=O)c1cc2C(=O)NC(=O)Nc2c(c1)[N+]([O-])=O,O=c1[nH]c(=O)c2cc([N+](=O)[O-])cc([N+](=O)[O-])c2[nH]1,-3.2057
CN1C(=O)C=Cc2ccccc12,Cn1c(=O)ccc2ccccc21,-1.0466
CC1=CC(=O)c2ccccc2N1,Cc1cc(=O)c2ccccc2[nH]1,-1.2019
Brc1cccc(Br)c1Br,Brc1cccc(Br)c1Br,-5.0402
O[C@H]([C@H](O)[C@H](O)C(O)=O)[C@H](O)C(O)=O,O=C(O)[C@@H](O)[C@H](O)[C@H](O)[C@H](O)C(=O)O,0.1999
CCOC(=O)C(=O)C(=O)OCC,CCOC(=O)C(=O)C(=O)OCC,0.5117
CCC(CO)[N+]([O-])=O,CCC(CO)[N+](=O)[O-],-0.3436
Oc1c(Cl)cc(Cl)cc1[N+]([O-])=O,O=[N+]([O-])c1cc(Cl)cc(Cl)c1O,-4.0876
OC(=O)c1cccc(C=O)c1O,O=Cc1cccc(C(=O)O)c1O,-2.4423
OC(=O)c1ccc(cc1[N+]([O-])=O)[N+]([O-])=O,O=C(O)c1ccc([N+](=O)[O-])cc1[N+](=O)[O-],-1.0665
Cc1cccc2cc3ccccc3cc12,Cc1cccc2cc3ccccc3cc12,-5.8541
[O-][N+](=O)c1ccc2COC(=O)c2c1,O=C1OCc2ccc([N+](=O)[O-])cc21,-2.6511
OCc1ccccc1CO,OCc1ccccc1CO,0.0569
OCc1ccccc1C(O)=O,O=C(O)c1ccccc1CO,-1.5508
CCc1ccccc1[N+]([O-])=O,CCc1ccccc1[N+](=O)[O-],-2.7993
OCc1ccccc1[N+]([O-])=O,O=[N+]([O-])c1ccccc1CO,-1.4861
Nc1ccc2cc3ccccc3cc2c1,Nc1ccc2cc3ccccc3cc2c1,-5.1722
CCOC(=O)c1cccnc1,CCOC(=O)c1cccnc1,-0.4313
Clc1ccccc1I,Clc1ccccc1I,-3.54
CCOC(=O)N(C)N=O,CCOC(=O)N(C)N=O,-0.5528
Brc1ccc(Br)c(Br)c1,Brc1ccc(Br)c(Br)c1,-4.808
CCCCC(N)C(O)=O,CCCCC(N)C(=O)O,-1.0453
CCC(Cl)CC,CCC(Cl)CC,-2.6307
CCC(O)C=C,C=CC(O)CC,0.0193
O=C1CCCN1,O=C1CCCN1,1.07
CCCC(C(O)=O)C(O)=O,CCCC(C(=O)O)C(=O)O,0.6803
Oc1cc(O)c(cc1[N+]([O-])=O)[N+]([O-])=O,O=[N+]([O-])c1cc([N+](=O)[O-])c(O)cc1O,-3.4086
OC(=O)c1cc(C=O)ccc1O,O=Cc1ccc(O)c(C(=O)O)c1,-2.6354
CCCCCC(C(O)=O)C(O)=O,CCCCCC(C(=O)O)C(=O)O,0.5921
CCCC(O)C(C)C,CCCC(O)C(C)C,-1.3093
CN(C)c1cccc(c1)[S](O)(=O)=O,CN(C)c1cccc(S(=O)(=O)O)c1,0.2983
[O-]C(=O)c1oc(Cl)cc1,O=C([O-])c1ccc(Cl)o1,-1.7188
OC[C@H]1O[C@@H](Oc2ccccc2C=O)[C@H](O)[C@@H](O)[C@@H]1O,O=Cc1ccccc1O[C@@H]1O[C@H](CO)[C@@H](O)[C@H](O)[C@H]1O,-1.1985
Cc1ccc(cc1C)C([O-])=O,Cc1ccc(C(=O)[O-])cc1C,-3.0653
OCc1cccc(c1)[N+]([O-])=O,O=[N+]([O-])c1cccc(CO)c1,-2.4142
OC(=O)c1ccc(cc1)C#N,N#Cc1ccc(C(=O)O)cc1,-2.0885
OCc1ccc(cc1)[N+]([O-])=O,O=[N+]([O-])c1ccc(CO)cc1,-1.8841
CN(C)c1ccc(cc1)C(O)=O,CN(C)c1ccc(C(=O)O)cc1,-3.3979
OCc1cccc(O)c1,OCc1cccc(O)c1,-0.2678
O=C(CC#N)Nc1ccccc1,N#CCC(=O)Nc1ccccc1,-2.7275
OC(=O)Cc1cccc(O)c1,O=C(O)Cc1cccc(O)c1,0.8177
CCCCCN(CCCCC)CCCCC,CCCCCN(CCCCC)CCCCC,-4.0326
Cc1ccc(cc1)N=C=S,Cc1ccc(N=C=S)cc1,-4.7213
Cc1ccc(C=C)cc1,C=Cc1ccc(C)cc1,-3.1232
OCc1ccc(O)cc1,OCc1ccc(O)cc1,-1.2678
O=Cc1ccc(C=O)cc1,O=Cc1ccc(C=O)cc1,-2.8265
CCCC(=O)OC,CCCC(=O)OC,-0.8331
CC(COC(C)=O)OC(C)=O,CC(=O)OCC(C)OC(C)=O,-0.2046
CCOCCOC(=O)CCCCCCCCC(=O)OCCOCC,CCOCCOC(=O)CCCCCCCCC(=O)OCCOCC,-3.1972
CCOC(=O)CCCCCCCC(=O)OCC,CCOC(=O)CCCCCCCC(=O)OCC,-2.99
CCCCC(=O)OC,CCCCC(=O)OC,-1.3606
Ic1ccc(I)cc1,Ic1ccc(I)cc1,-5.3723
CCCCCCC(O)CC,CCCCCCC(O)CC,-2.6608
ICCI,ICCI,-3.2196
CC(C)(C)CCO,CC(C)(C)CCO,-1.1308
CC(C)CC(C)(C)O,CC(C)CC(C)(C)O,-0.9307
CCC(C)(C)NC(N)=O,CCC(C)(C)NC(N)=O,-1.0142
CCCCC(C)(C)O,CCCCC(C)(C)O,-1.0784
CCCCCC(C)(C)O,CCCCCC(C)(C)O,-1.7168
COCC(C)C,COCC(C)C,-0.9007
COCC(O)=O,COCC(=O)O,1.0454
OCC[N+]([O-])=O,O=[N+]([O-])CCO,1.0406
CCOC(C)C,CCOC(C)C,-0.5607
CC(C)OC=O,CC(C)OC=O,-0.6301
Clc1cccc(I)c1,Clc1cccc(I)c1,-3.55
OC1=CC(=O)C=CN1,O=c1cc[nH]c(O)c1,-1.2498
OCc1cccc(CO)c1,OCc1cccc(CO)c1,-0.2328
CC1=CC(=O)NC(=O)N1,Cc1cc(=O)[nH]c(=O)[nH]1,-1.2557
O=C1C=CNC=C1,O=c1cc[nH]cc1,1.0218
CC(C)CCOCC(O)COCCC(C)C,CC(C)CCOCC(O)COCCC(C)C,-1.3662
CCOC(=O)CCCCC(O)=O,CCOC(=O)CCCCC(=O)O,-0.3602
CC(C)CCCO,CC(C)CCCO,-1.1286
CC\C=C/C(O)=O,CC/C=C\C(=O)O,-0.2019
CCCOC(C)C,CCCOC(C)C,-1.3373
CCCO[N+]([O-])=O,CCCO[N+](=O)[O-],-1.5044
OCCCBr,OCCCBr,0.0093
OCCCCl,OCCCCl,0.4223
COCCCl,COCCCl,-0.0725
CC(C)CCC(C)O,CC(C)CCC(C)O,-1.375
CC(C)CCOCC(O)CO,CC(C)CCOCC(O)CO,-1.2101
COC(=O)CCCCC(=O)OC,COC(=O)CCCCC(=O)OC,-1.4629
CCCCOC,CCCCOC,-0.9907
CCCOCC,CCCOCC,-0.6806
CCCCCOC(C)=O,CCCCCOC(C)=O,-1.8841
CC(=O)OCCCOC(C)=O,CC(=O)OCCCOC(C)=O,-0.2046
CCCCCC#C,C#CCCCCC,-3.0099
CCCCCCC#C,C#CCCCCCC,-3.662
CCCCCCCCCCCCC,CCCCCCCCCCCCC,-7.5936
CCCCCCCCCCCCCCC,CCCCCCCCCCCCCCC,-9.4464
CCCCCCCCCCCCCCCO,CCCCCCCCCCCCCCCO,-6.3476
CCCCCCCCCCCCCCCCCCCCCCCCCC,CCCCCCCCCCCCCCCCCCCCCCCCCC,-8.3339
CCCCCCCCCCCCCCCCCCCCCCCCCCCCCCCCCCCC,CCCCCCCCCCCCCCCCCCCCCCCCCCCCCCCCCCCC,-8.4746
ClCC(Cl)(Cl)Cl,ClCC(Cl)(Cl)Cl,-2.1955
OC(=O)C(Br)Br,O=C(O)C(Br)Br,0.9861
Cc1cc(N[S](=O)(=O)c2ccc(N)cc2)sn1,Cc1cc(NS(=O)(=O)c2ccc(N)cc2)sn1,-1.0762
CN(C)C(=O)N(C)C,CN(C)C(=O)N(C)C,0.9349
OC(=O)c1c(Cl)c(Cl)c(Cl)c(Cl)c1C(O)=O,O=C(O)c1c(Cl)c(Cl)c(Cl)c(Cl)c1C(=O)O,-1.9264
CC1=C(C=C)/C(NC1=O)=C/c2[nH]c(Cc3[nH]c(\C=C\4NC(=O)C(=C4C)C=C)c(C)c3CCC(O)=O)c(CCC(O)=O)c2C,C=CC1=C(C)/C(=C/c2[nH]c(Cc3[nH]c(/C=C4\NC(=O)C(C)=C4C=C)c(C)c3CCC(=O)O)c(CCC(=O)O)c2C)NC1=O,-4.8127
Oc1ccc2N=C3C=CC(=O)C=C3Oc2c1,O=c1ccc2nc3ccc(O)cc3oc-2c1,-1.0277
CC1=CNC(=S)NC1=O,Cc1c[nH]c(=S)[nH]c1=O,-2.4461
OC(=O)C1=CCCCC1,O=C(O)C1=CCCCC1,-1.2558
Oc1ccc(cc1)N=O,O=Nc1ccc(O)cc1,-1.5462
CCC(=O)OC(C)C,CCC(=O)OC(C)C,-1.2906
CCOC(C)(C)C,CCOC(C)(C)C,-0.9302
CC1NC(C)SC(C)S1,CC1NC(C)SC(C)S1,-1.3679
CC(=O)NC(=O)NC(C)=O,CC(=O)NC(=O)NC(C)=O,-0.3137
CCCCCCCCCCCCC(O)=O,CCCCCCCCCCCCC(=O)O,-3.8126
CCSCCS[P](=S)(OC)OC,CCSCCSP(=S)(OC)OC,-3.0905
NC(=O)CF,NC(=O)CF,1.1132
C[C@H](CCC(=O)NCC(O)=O)[C@H]1CC[C@H]2[C@@H]3[C@H](O)C[C@@H]4C[C@H](O)CC[C@]4(C)[C@H]3CC[C@]12C,C[C@H](CCC(=O)NCC(=O)O)[C@H]1CC[C@H]2[C@@H]3[C@H](O)C[C@@H]4C[C@H](O)CC[C@]4(C)[C@H]3CC[C@]12C,-5.1546
CC(=O)OOC(=O)c1ccccc1,CC(=O)OOC(=O)c1ccccc1,-2.4502
CCCc1ccc(O)cc1,CCCc1ccc(O)cc1,-2.0276
NC1=NC(=O)N=C(N)N1,Nc1nc(=O)nc(N)[nH]1,-3.2291
C1COCO1,C1COCO1,1.1303
NCCCCC(O)=O,NCCCCC(=O)O,0.9313
N[C@@H](CCO)C(O)=O,N[C@@H](CCO)C(=O)O,0.924
CCNc1nc(NCC)nc(OC)n1,CCNc1nc(NCC)nc(OC)n1,-1.7898
CN(C)[P](=O)(N(C)C)N(C)C,CN(C)P(=O)(N(C)C)N(C)C,0.7467
CCS[S](=O)(=O)CC,CCSS(=O)(=O)CC,-1.109
CCCC[Sn](Cl)(Cl)CCCC,CCC[CH2][Sn]([Cl])([Cl])[CH2]CCC,-3.5188
ClC(Br)C(Cl)Br,ClC(Br)C(Cl)Br,-2.5644
NC(=O)C(Cl)Cl,NC(=O)C(Cl)Cl,-0.2558
CN(N=O)C(N)=O,CN(N=O)C(N)=O,-0.8548
CCOC(=O)N[C@@H](C=O)[C@@H](O)[C@H](O)[C@H](O)CO,CCOC(=O)N[C@@H](C=O)[C@@H](O)[C@H](O)[C@H](O)CO,0.1139
C=CC#C,C#CC=C,-1.4648
CC(C)CC=C,C=CCC(C)C,-3.2439
CN1C=CC=CC1=O,Cn1ccccc1=O,0.9621
O=[I](=O)c1ccccc1,O=I(=O)c1ccccc1,-1.8416
CNc1cccc(C)c1,CNc1cccc(C)c1,-2.05
CCc1cc(C)cc(O)c1,CCc1cc(C)cc(O)c1,-1.7696
Cc1ccc(c(O)c1)[N+]([O-])=O,Cc1ccc([N+](=O)[O-])c(O)c1,-2.7505
O=C1N=CNc2nccnc12,O=c1nc[nH]c2nccnc12,-1.4716
Nc1ncc2nccnc2n1,Nc1ncc2nccnc2n1,-2.2979
ClC1=C(Cl)C(Cl)(Cl)C(Cl)(Cl)C1(Cl)Cl,ClC1=C(Cl)C(Cl)(Cl)C(Cl)(Cl)C1(Cl)Cl,-6.5362
CN1C(=O)NC2=C(NC(=O)N2)C1=O,Cn1c(=O)[nH]c2[nH]c(=O)[nH]c2c1=O,-1.5614
NC(=S)Nc1cccc(c1)[N+]([O-])=O,NC(=S)Nc1cccc([N+](=O)[O-])c1,-1.4499
Cc1nn(c2ccccc2)c(C)c1N=O,Cc1nn(-c2ccccc2)c(C)c1N=O,-3.7355
OC(=O)c1c2ccccc2cc3ccccc13,O=C(O)c1c2ccccc2cc2ccccc12,-3.4174
CN(C)[S](=O)(=O)N(SC(F)(Cl)Cl)c1ccc(C)cc1,Cc1ccc(N(SC(F)(Cl)Cl)S(=O)(=O)N(C)C)cc1,-5.5864
CC(C)(C)c1cc(c(O)c(c1)C(C)(C)C)C(C)(C)C,CC(C)(C)c1cc(C(C)(C)C)c(O)c(C(C)(C)C)c1,-3.875
CC(C)O[P](=S)(OC(C)C)SCCN[S](=O)(=O)c1ccccc1,CC(C)OP(=S)(OC(C)C)SCCNS(=O)(=O)c1ccccc1,-4.2014
C[Sn](C)(Cl)Cl,[CH3][Sn]([CH3])([Cl])[Cl],-1.0407
CCO[P](=O)(OCC)O[P](=O)(OCC)O[P](=O)(OCC)O[P](=O)(OCC)OCC,CCOP(=O)(OCC)OP(=O)(OCC)OP(=O)(OCC)OP(=O)(OCC)OCC,0.2956
CCN(N=O)C(N)=O,CCN(N=O)C(N)=O,-0.9547
CCCCCCCC(C(O)=O)C(O)=O,CCCCCCCC(C(=O)O)C(=O)O,-2.0411
CCCCCCCCC(C(O)=O)C(O)=O,CCCCCCCCC(C(=O)O)C(=O)O,-2.92
FCCCl,FCCCl,-0.5291
CCCC(C)=C,C=C(C)CCC,-3.033
CC(C)=CC=C(C)C,CC(C)=CC=C(C)C,-3.537
O=CC1CO1,O=CC1CO1,1.1423
COc1ccccc1Cl,COc1ccccc1Cl,-2.4639
Cc1cc(C)nc(N)n1,Cc1cc(C)nc(N)n1,-0.4884
C1CC[C@@H]2NCCC[C@H]2C1,C1CC[C@@H]2NCCC[C@H]2C1,-1.0831
C1Cc2ccccc2c3ccccc13,c1ccc2c(c1)CCc1ccccc1-2,-4.6347
O=C(NNC(=O)c1ccccc1)c2ccccc2,O=C(NNC(=O)c1ccccc1)c1ccccc1,-1.5883
CCCO[P](=O)(OCC)OCC,CCCOP(=O)(OCC)OCC,0.4063
CCCC[P](=O)(CCCC)CCCC,CCCCP(=O)(CCCC)CCCC,-0.5932
CCOC(=O)CCCC(=O)OCC,CCOC(=O)CCCC(=O)OCC,-1.3297
[Ca++].[O-][S](=O)(=O)C[S]([O-])(=O)=O,O=S(=O)([O-])CS(=O)(=O)[O-].[Ca+2],0.1255
OCCCC=C,C=CCCCO,-0.1793
CC(O)CCOCCC(C)O,CC(O)CCOCCC(C)O,0.7899
OC(=O)CCCCCCCCCCCCC(O)=O,O=C(O)CCCCCCCCCCCCC(=O)O,-3.1112
CC(C)C1OCCO1,CC(C)C1OCCO1,-0.0651
CSc1ncccn1,CSc1ncccn1,-0.402
CC1CC(OC(C)O1)OC(C)=O,CC(=O)OC1CC(C)OC(C)O1,0.759
CN1C(=O)N(C)c2nc(C)[nH]c2C1=O,Cc1nc2c([nH]1)c(=O)n(C)c(=O)n2C,-0.7276
CN1C(=O)N(C)c2nc(C)n(C)c2C1=O,Cc1nc2c(c(=O)n(C)c(=O)n2C)n1C,-1.4493
CCOC(=O)[C@H](Cc1ccc(O)cc1)NC(C)=O,CCOC(=O)[C@H](Cc1ccc(O)cc1)NC(C)=O,-1.8586
COCCCNc1nc(NC(C)C)nc(SC)n1,COCCCNc1nc(NC(C)C)nc(SC)n1,-2.9284
COCCCNc1nc(NCCCOC)nc(SC)n1,COCCCNc1nc(NCCCOC)nc(SC)n1,-3.4792
OC1N=C(c2ccccc2Cl)c3cc(Cl)ccc3NC1=O,O=C1Nc2ccc(Cl)cc2C(c2ccccc2Cl)=NC1O,-3.6036
CC(=O)O[C@H]1CC[C@]2(C)[C@H]3CC[C@@]4(C)[C@@H](CCC4=O)[C@@H]3CC=C2C1,CC(=O)O[C@H]1CC[C@@]2(C)C(=CC[C@@H]3[C@@H]2CC[C@]2(C)C(=O)CC[C@@H]32)C1,-4.4584
CC(=O)CCC1C(=O)N(N(C1=O)c2ccccc2)c3ccccc3,CC(=O)CCC1C(=O)N(c2ccccc2)N(c2ccccc2)C1=O,-3.2676
CCO[P](=O)(OCC)C(Cl)(Cl)Cl,CCOP(=O)(OCC)C(Cl)(Cl)Cl,-1.7541
CC(=O)OC(OC(C)=O)C=C,C=CC(OC(C)=O)OC(C)=O,-1.2449
CC(=O)NCCNC(C)=O,CC(=O)NCCNC(C)=O,0.6755
OCc1ccc(Br)cc1,OCc1ccc(Br)cc1,-1.9295
OCc1ccc(Cl)cc1,OCc1ccc(Cl)cc1,-1.7561
CCOc1nc(OCC)nc(OCC)n1,CCOc1nc(OCC)nc(OCC)n1,-1.4838
[O-][N+](=O)c1ccc2c3ccccc3c4cccc1c24,O=[N+]([O-])c1ccc2c3c(cccc13)-c1ccccc1-2,-7.1031
CN(C)[C@H]1[C@@H]2[C@@H](O)[C@@H]3C(=C)c4cccc(O)c4C(=C3C(=O)[C@]2(O)C(=O)\C(=C(N)/O)C1=O)O,C=C1c2cccc(O)c2C(O)=C2C(=O)[C@]3(O)C(=O)/C(=C(/N)O)C(=O)[C@@H](N(C)C)[C@@H]3[C@@H](O)[C@H]12,-1.768
COCCNC(=O)CS[P](=S)(OC)OC,COCCNC(=O)CSP(=S)(OC)OC,-1.1356
CCSCCS[P](=O)(OC)OC,CCSCCSP(=O)(OC)OC,-1.8438
CC(C(O)=O)C(C)(C)CCC(O)=O,CC(C(=O)O)C(C)(C)CCC(=O)O,-1.5265
OCNC(=O)C=C,C=CC(=O)NCO,0.8101
CCCC(=O)NCCNC(=O)CCC,CCCC(=O)NCCNC(=O)CCC,-0.6222
CCCCCC(=O)CCCCC,CCCCCC(=O)CCCCC,-3.5322
CCCCO[N+]([O-])=O,CCCCO[N+](=O)[O-],-2.0268
CCC#CCC,CCC#CCC,-2.1675
O=NN1CCCC1,O=NN1CCCC1,0.9995
O=NN1CCCCCC1,O=NN1CCCCCC1,-1.0006
Oc1c(Cl)ccc(Cl)c1Cl,Oc1c(Cl)ccc(Cl)c1Cl,-2.6422
O=C1CCCCCCCN1,O=C1CCCCCCCN1,0.6329
O=[S]1(=O)NCc2ccccc12,O=S1(=O)NCc2ccccc21,-1.5208
CN(Cc1ccccc1)N=O,CN(Cc1ccccc1)N=O,-1.5224
BrC1=CC(=O)Oc2ccccc12,O=c1cc(Br)c2ccccc2o1,-1.6533
COc1cc(Cl)c(Cl)c(Cl)c1Cl,COc1cc(Cl)c(Cl)c(Cl)c1Cl,-5.2605
Cc1ccc(OCC(O)=O)cc1,Cc1ccc(OCC(=O)O)cc1,-2.1414
COc1c(Cl)c(Cl)c(Cl)c(Cl)c1OC,COc1c(Cl)c(Cl)c(Cl)c(Cl)c1OC,-5.2394
CCO[P](=O)(OCC)N=C1SCCS1,CCOP(=O)(N=C1SCCS1)OCC,-2.5941
CCO[P](=O)(OCC)N=C1SCC(C)S1,CCOP(=O)(N=C1SCC(C)S1)OCC,-3.6744
CC(=O)C1(C)CCC2C3C=C(C)C4=CC(=O)CCC4(C)C3CCC12C,CC(=O)C1(C)CCC2C3C=C(C)C4=CC(=O)CCC4(C)C3CCC21C,-5.2721
C[P](O)(O)=O,CP(=O)(O)O,-0.6813
CC(C)N(C)C,CC(C)N(C)C,1.0597
CCOC(=O)CO[N+]([O-])=O,CCOC(=O)CO[N+](=O)[O-],-1.7111
CCOC(=O)CNC(=O)OCC,CCOC(=O)CNC(=O)OCC,-0.2435
CC(O)COC(=O)C=C,C=CC(=O)OCC(C)O,0.8856
NC(=O)NCO,NC(=O)NCO,-0.3463
CCCCCO[N+]([O-])=O,CCCCCO[N+](=O)[O-],-2.568
CC1CCC(C)O1,CC1CCC(C)O1,0.0723
Cc1cc[n+]([O-])cc1,Cc1cc[n+]([O-])cc1,0.9621
CCNc1nc(N)nc(Cl)n1,CCNc1nc(N)nc(Cl)n1,-2.4135
O=C1CCCCCCCCCN1,O=C1CCCCCCCCCN1,-1.8862
CNc1nc(NC(C)C)nc(SC)n1,CNc1nc(NC(C)C)nc(SC)n1,-2.5656
CCCCn1cnc2N(C)C(=O)N(C)C(=O)c12,CCCCn1cnc2c1c(=O)n(C)c(=O)n2C,-1.8069
O=C1OC(=Nc2ccccc12)c3ccccc3,O=c1oc(-c2ccccc2)nc2ccccc12,-4.6084
ClC1C2OC2C3C1C4(Cl)C(=C(Cl)C3(Cl)C4(Cl)Cl)Cl,ClC1=C(Cl)C2(Cl)C3C4OC4C(Cl)C3C1(Cl)C2(Cl)Cl,-6.2893
CN(C)[P](=O)(N(C)C)n1nc(nc1N)c2ccccc2,CN(C)P(=O)(N(C)C)n1nc(-c2ccccc2)nc1N,-3.0709
OC(=O)CNc1c(cc(cc1[N+]([O-])=O)[N+]([O-])=O)[N+]([O-])=O,O=C(O)CNc1c([N+](=O)[O-])cc([N+](=O)[O-])cc1[N+](=O)[O-],-2.3922
CCCCCCCCOC(=O)c1cc(O)c(O)c(O)c1,CCCCCCCCOC(=O)c1cc(O)c(O)c(O)c1,-3.8945
C[Si](C)(O)O,C[Si](C)(O)O,1.0354
CCCC[Sn++]CCCC.CC([O-])=O.CC([O-])=O,CC(=O)[O-].CC(=O)[O-].CCC[CH2][Sn+2][CH2]CCC,-4.7672
OC(=O)CNC[P](O)(O)=O,O=C(O)CNCP(=O)(O)O,-1.2069
S=C1NNC(=S)S1,S=c1[nH][nH]c(=S)s1,-0.7552
Fc1ccccc1Br,Fc1ccccc1Br,-2.6958
Oc1cnn(c1)c2ccccc2,Oc1cnn(-c2ccccc2)c1,-1.9616
CCCCCCCc1ccccc1,CCCCCCCc1ccccc1,-5.5959
CCCCCCOC(=O)c1ccc(O)cc1,CCCCCCOC(=O)c1ccc(O)cc1,-3.949
CCCCCCCOC(=O)c1ccc(O)cc1,CCCCCCCOC(=O)c1ccc(O)cc1,-4.0725
CN(C)[S](=O)(=O)N(SC(F)(Cl)Cl)c1ccccc1,CN(C)S(=O)(=O)N(SC(F)(Cl)Cl)c1ccccc1,-5.4088
CC(C)(C)C(=O)OCC(=O)C1(O)CCC2C3CCC4=CC(=O)C=CC4(C)C3C(O)CC12C,CC(C)(C)C(=O)OCC(=O)C1(O)CCC2C3CCC4=CC(=O)C=CC4(C)C3C(O)CC21C,-4.5835
CNC(=O)CS[P](=O)(OC)OC,CNC(=O)CSP(=O)(OC)OC,0.6712
CSCC[C@@H](NC(C)=O)C([O-])=O,CSCC[C@@H](NC(C)=O)C(=O)[O-],-0.3216
CCCCCC(N)C(O)=O,CCCCCC(N)C(=O)O,-0.94
OCCN(CCO)N=O,O=NN(CCO)CCO,0.8724
CCCCCCCCN(CCCCCCCC)CCCCCCCC,CCCCCCCCN(CCCCCCCC)CCCCCCCC,-6.8496
CC(C)(C)NC(N)=O,CC(C)(C)NC(N)=O,-0.7306
C[Si](C)(O)O[Si](C)(C)O,C[Si](C)(O)O[Si](C)(C)O,-0.1796
COC(=O)CCCC(=O)OC,COC(=O)CCCC(=O)OC,-0.4337
CCCCC#CC,CC#CCCCC,-2.7695
CCCCCCCCCCC,CCCCCCCCCCC,-7.5505
Cc1cc(C)c(C)cn1,Cc1cc(C)c(C)cn1,-0.7824
CN(C)c1cc[nH+]cc1,CN(C)c1cc[nH+]cc1,-0.2062
CCc1cccc(C)n1,CCc1cccc(C)n1,-0.8234
OC(=O)C1(O)CCCCC1,O=C(O)C1(O)CCCCC1,-0.3328
Cc1cc(Cl)cc(C)c1O,Cc1cc(Cl)cc(C)c1O,-1.6763
Clc1cnc2cncnc2n1,Clc1cnc2cncnc2n1,-0.8749
Oc1ccc(CC=C)cc1O,C=CCc1ccc(O)c(O)c1,-0.7787
Cc1cc(N)n(n1)c2ccccc2,Cc1cc(N)n(-c2ccccc2)n1,-0.9376
Oc1ccc(cc1)C2CCCCC2,Oc1ccc(C2CCCCC2)cc1,-3.468
CCSC(=O)N(CC)C1CCCCC1,CCSC(=O)N(CC)C1CCCCC1,-3.4037
Cl[Sn](Cl)(c1ccccc1)c2ccccc2,[Cl][Sn]([Cl])([c]1ccccc1)[c]1ccccc1,-3.8373
CCCCN1C(=O)N(C)c2ncn(C)c2C1=O,CCCCn1c(=O)c2c(ncn2C)n(C)c1=O,-1.6252
Cc1ccc(cc1)[S](=O)(=O)NC(=O)NN2CCCCCC2,Cc1ccc(S(=O)(=O)NC(=O)NN2CCCCCC2)cc1,-3.6778
COC1[C@H](O)C(C)O[C@H](O[C@H]2CC[C@@]3(C=O)[C@H](CCC4C3CC[C@]5(C)[C@H](CC[C@]45O)C6=CC(=O)OC6)C2)C1O,COC1C(O)[C@@H](O[C@H]2CC[C@]3(C=O)C4CC[C@]5(C)[C@@H](C6=CC(=O)OC6)CC[C@]5(O)C4CC[C@@H]3C2)OC(C)[C@H]1O,-3.1373
CCC(C(CC)C(O)=O)C(O)=O,CCC(C(=O)O)C(CC)C(=O)O,-0.8608
N[C@@H]([C@@H](O)C(O)=O)C(O)=O,N[C@H](C(=O)O)[C@@H](O)C(=O)O,-0.8271
CCN(CC)C(=O)N(CC)CC,CCN(CC)C(=O)N(CC)CC,-0.6341
CC(C)C[C@H](NC(C)=O)C(O)=O,CC(=O)N[C@@H](CC(C)C)C(=O)O,-1.3301
Oc1ccc(O)c(C=O)c1,O=Cc1cc(O)ccc1O,-1.0004
NCC1CCC(CC1)C(O)=O,NCC1CCC(C(=O)O)CC1,0.0255
Cc1cc(C)c2ccccc2n1,Cc1cc(C)c2ccccc2n1,-1.9424
CC(NC(=O)c1ccccc1)C(O)=O,CC(NC(=O)c1ccccc1)C(=O)O,-1.6839
COC(=O)CNC(=O)c1ccccc1,COC(=O)CNC(=O)c1ccccc1,-1.0556
CN1c2ccccc2Sc3ccccc13,CN1c2ccccc2Sc2ccccc21,-5.5934
CCCCCCCCOC(=O)c1ccc(O)cc1,CCCCCCCCOC(=O)c1ccc(O)cc1,-4.2224
CC1COCc2cc3c(cc12)C(C)(C)C(C)C3(C)C,CC1COCc2cc3c(cc21)C(C)(C)C(C)C3(C)C,-5.1693
[Br-].CC[n+]1c2cc(N)ccc2c3ccc(N)cc3c1c4ccccc4,CC[n+]1c(-c2ccccc2)c2cc(N)ccc2c2ccc(N)cc21.[Br-],-1.2948
CCCCC(CC)CO[P](=O)(Oc1ccccc1)Oc2ccccc2,CCCCC(CC)COP(=O)(Oc1ccccc1)Oc1ccccc1,-5.2804
CN1N(C(=O)C(=C1C)CC2=C(C)N(C)N(C2=O)c3ccccc3)c4ccccc4,Cc1c(Cc2c(C)n(C)n(-c3ccccc3)c2=O)c(=O)n(-c2ccccc2)n1C,-2.9549
Cc1c(C(O)=O)c(O)cc2C(=O)c3c(O)c(O)c([C@H]4O[C@H](CO)[C@@H](O)[C@H](O)[C@H]4O)c(O)c3C(=O)c12,Cc1c(C(=O)O)c(O)cc2c1C(=O)c1c(O)c([C@H]3O[C@H](CO)[C@@H](O)[C@H](O)[C@H]3O)c(O)c(O)c1C2=O,-2.5784
CC(C)C(C)C(C)C(O)C#CC(C)C(C)O,CC(C)C(C)C(C)C(O)C#CC(C)C(C)O,-2.2756
Cc1c(C(O)=O)c(O)cc2C(=O)c3c(O)c(O)c(C4OC(CO)C(O)C(O)C4O)c(O)c3C(=O)c12,Cc1c(C(=O)O)c(O)cc2c1C(=O)c1c(O)c(C3OC(CO)C(O)C(O)C3O)c(O)c(O)c1C2=O,-2.5784
OC[C@H]1O[C@H]([C@H](O)[C@@H](O)[C@@H]1O)[C@@H]2c3cccc(O)c3C(=O)c4c(O)cc(CO)cc24,O=C1c2c(O)cccc2[C@@H]([C@@H]2O[C@H](CO)[C@@H](O)[C@H](O)[C@H]2O)c2cc(CO)cc(O)c21,-1.7025
NCCO.Oc1ccc(Cl)cc1C(=O)Nc2ccc(cc2Cl)[N+]([O-])=O,NCCO.O=C(Nc1ccc([N+](=O)[O-])cc1Cl)c1cc(Cl)ccc1O,-3.5891
C1CN(CCO1)C(c2ccccc2)(c3ccccc3)c4ccccc4,c1ccc(C(c2ccccc2)(c2ccccc2)N2CCOCC2)cc1,-7.2168
CC(C)(C)c1cc(cc(c1O)[N+]([O-])=O)[N+]([O-])=O,CC(C)(C)c1cc([N+](=O)[O-])cc([N+](=O)[O-])c1O,-4.7274
[O-][N+](=O)c1ccc(NN=C2C=CC(=O)C=C2)cc1,O=C1C=CC(=NNc2ccc([N+](=O)[O-])cc2)C=C1,-4.796
NC(=O)c1ccccn1,NC(=O)c1ccccn1,0.1685
CCCCCCCCCCCCCCCCCO,CCCCCCCCCCCCCCCCCO,-7.506
CC1CN(CC(C)O1)N=O,CC1CN(N=O)CC(C)O1,-0.0655
Cc1ccc(C)c(C)n1,Cc1ccc(C)c(C)n1,-0.5893
Oc1ccc2CCCc2c1,Oc1ccc2c(c1)CCC2,-1.3285
ClC\C=C/CCl,ClC/C=C\CCl,-2.3333
CC[C@@H]1CCCCN1,CC[C@@H]1CCCCN1,-0.3463
O=C1CCCCC1C2=CCCCC2,O=C1CCCCC1C1=CCCCC1,-2.774
CC(=O)Oc1ccc(Br)cc1C(O)=O,CC(=O)Oc1ccc(Br)cc1C(=O)O,-2.5895
CCN(CC)C(=O)CCC(O)=O,CCN(CC)C(=O)CCC(=O)O,-0.7937
COc1ccc(NC(N)=O)cc1,COc1ccc(NC(N)=O)cc1,-1.5917
COc1ccc(O)c(c1)[N+]([O-])=O,COc1ccc(O)c([N+](=O)[O-])c1,-2.8409
CCCOCC(C)O,CCCOCC(C)O,0.9275
C/C=C/C(C)O,C/C=C/C(C)O,0.0152
Cc1cc(Cl)ccc1O,Cc1cc(Cl)ccc1O,-1.5519999999999998
Cc1cc(Cl)cc(Cl)c1O,Cc1cc(Cl)cc(Cl)c1O,-2.0439
NC(=O)c1cccc(c1)[S](N)(=O)=O,NC(=O)c1cccc(S(N)(=O)=O)c1,-2.1554
OC(=O)C=C(Br)Br,O=C(O)C=C(Br)Br,-0.8358
CC(NC(N)=O)NC(N)=O,CC(NC(N)=O)NC(N)=O,-0.5916
NC(=O)NN=C1CCCCC1,NC(=O)NN=C1CCCCC1,-1.4127
OC(=O)CCC(=O)c1ccc2ccccc2c1,O=C(O)CCC(=O)c1ccc2ccccc2c1,-3.8533
CN(C)NC(=O)CCC(O)=O,CN(C)NC(=O)CCC(=O)O,-0.2046
OCC(CO[N+]([O-])=O)(CO[N+]([O-])=O)CO[N+]([O-])=O,O=[N+]([O-])OCC(CO)(CO[N+](=O)[O-])CO[N+](=O)[O-],-1.585
CCNc1nc(NC(C)C)nc(OC)n1,CCNc1nc(NC(C)C)nc(OC)n1,-2.0696
C=C\C=C/C#N,C=C/C=C\C#N,-0.7221
CN(C)C1CSSC1,CN(C)C1CSSC1,-1.873
CCOC(=O)CC(S[P](=O)(OC)OC)C(=O)OCC,CCOC(=O)CC(SP(=O)(OC)OC)C(=O)OCC,-1.6223
CCCCCCCS,CCCCCCCS,-4.1549
CNC(=O)O\N=C\C(C)(C)[S](C)=O,CNC(=O)O/N=C/C(C)(C)[S+](C)[O-],-0.8673
CNC(=O)O\N=C\C(C)(C)[S](C)(=O)=O,CNC(=O)O/N=C/C(C)(C)S(C)(=O)=O,-1.3469
FC(F)(Cl)CCl,FC(F)(Cl)CCl,-2.2007
CCCCCCCCCC(C)O,CCCCCCCCCC(C)O,-2.9418
CC(C)CCCCCO,CC(C)CCCCCO,-2.3038
Cc1cnc2c(ccc3c(C)c(C)cnc23)c1C,Cc1cnc2c(ccc3c(C)c(C)cnc32)c1C,-5.1939
CN(C)CC\C=C1/c2ccccc2COc3ccccc13,CN(C)CC/C=C1\c2ccccc2COc2ccccc21,-3.9469
CCC1CCCCC1,CCC1CCCCC1,-4.2507
CC1(C)C2CC3OC3(C)C1C2,CC1(C)C2CC3OC3(C)C1C2,-2.5937
CC1(C)OC(=O)c2ccccc12,CC1(C)OC(=O)c2ccccc21,-1.8684
O=C1C=CC(C=C1)=NNc2ccccc2,O=C1C=CC(=NNc2ccccc2)C=C1,-3.3429
Oc1c(Br)cc(cc1Br)C#N,N#Cc1cc(Br)c(O)c(Br)c1,-3.3284
CCCCCCCC(=O)Oc1c(Br)cc(cc1Br)C#N,CCCCCCCC(=O)Oc1c(Br)cc(C#N)cc1Br,-6.7023
ClC1=C(Cl)C(=O)N(N=C1)c2ccccc2,O=c1c(Cl)c(Cl)cnn1-c1ccccc1,-3.3822
NC1=C(Cl)C(=O)N(N=C1)c2ccccc2,Nc1cnn(-c2ccccc2)c(=O)c1Cl,-2.7436
OC(=O)c1nc(Cl)ccc1Cl,O=C(O)c1nc(Cl)ccc1Cl,-1.3884
Cc1cc2c3ccccc3ccc2c4ccccc14,Cc1cc2c3ccccc3ccc2c2ccccc12,-6.5715
CC(C)O[N+]([O-])=O,CC(C)O[N+](=O)[O-],-1.4593
CC(F)(Cl)Cl,CC(F)(Cl)Cl,-2.4448
COc1ccc2Nc3cc(Cl)ccc3Sc2c1,COc1ccc2c(c1)Sc1ccc(Cl)cc1N2,-4.9787
CC(C)c1ccc2c(CC[C@H]3[C@@](C)(CCC[C@]23C)C(O)=O)c1,CC(C)c1ccc2c(c1)CC[C@H]1[C@](C)(C(=O)O)CCC[C@]21C,-4.6582
C1NNCN2CNNCN12,C1NNCN2CNNCN12,-0.0128
O=C(Nc1ccccc1)c2cccnc2,O=C(Nc1ccccc1)c1cccnc1,-3.093
Nc1ccc2snnc2c1,Nc1ccc2snnc2c1,-1.3045
[NH4+].[S-]C#N,N#C[S-].[NH4+],0.9178
OCc1ccc(Cl)cc1Cl,OCc1ccc(Cl)cc1Cl,-2.248
[O-][N+](=O)CCl,O=[N+]([O-])CCl,-0.281
C\C(NO)=C/N=O,C/C(=C\N=O)NO,-0.3462
OCc1ccc(Cl)c(Cl)c1,OCc1ccc(Cl)c(Cl)c1,-2.0439
CCCCO[P+](=O)OCCCC,CCCCO[P+](=O)OCCCC,-1.4249
Clc1ccc(Cl)c2ccccc12,Clc1ccc(Cl)c2ccccc12,-5.3576
CCN(CC)C(=O)CSc1ccc(Cl)nn1,CCN(CC)C(=O)CSc1ccc(Cl)nn1,-1.7156
[O-][N+](=O)c1ccc(Oc2ccc(Cl)cc2Cl)cc1,O=[N+]([O-])c1ccc(Oc2ccc(Cl)cc2Cl)cc1,-5.4535
[O-][N+](=O)c1ccc(Oc2c(Cl)cc(Cl)cc2Cl)cc1,O=[N+]([O-])c1ccc(Oc2c(Cl)cc(Cl)cc2Cl)cc1,-5.6201
CCCC(O)C(C)CC,CCCC(O)C(C)CC,-1.8406
Fc1ccc(cc1)C(CCCN2CCC3(CC2)N(CNC3=O)c4ccccc4)c5ccc(F)cc5,O=C1NCN(c2ccccc2)C12CCN(CCCC(c1ccc(F)cc1)c1ccc(F)cc1)CC2,-4.6772
OC(=O)CCCCCCCCCC(O)=O,O=C(O)CCCCCCCCCC(=O)O,-1.6274
COC(=O)c1c(Cl)c(Cl)c(c(Cl)c1Cl)C(=O)OC,COC(=O)c1c(Cl)c(Cl)c(C(=O)OC)c(Cl)c1Cl,-5.8221
CC(O)COCc1c(Cl)ccc(Cl)c1Cl,CC(O)COCc1c(Cl)ccc(Cl)c1Cl,-3.5673
[H+].[Cl-].CNC1(CCCCC1=O)c2ccccc2Cl,CNC1(c2ccccc2Cl)CCCCC1=O.[Cl-].[H+],-0.1369999999999999
Cc1cc(O)c(Cc2ccccc2)c(C)c1Cl,Cc1cc(O)c(Cc2ccccc2)c(C)c1Cl,-4.3009
OCCNC(=O)C(=O)NCCO,O=C(NCCO)C(=O)NCCO,-0.1124
Nc1ncnc2n(cnc12)[C@]3(CO)O[C@H](CO)[C@@H](O)[C@H]3O,Nc1ncnc2c1ncn2[C@]1(CO)O[C@H](CO)[C@@H](O)[C@H]1O,-1.5701
Cc1ccccc1OCC(O)=O,Cc1ccccc1OCC(=O)O,-2.4424
OC(=O)COc1ccccc1[N+]([O-])=O,O=C(O)COc1ccccc1[N+](=O)[O-],-2.016
CC(C)(C)[S](=O)(=O)C(C)(C)C,CC(C)(C)S(=O)(=O)C(C)(C)C,-1.2177
ClC(Cl)=C(Cl)C(Cl)(Cl)Cl,ClC(Cl)=C(Cl)C(Cl)(Cl)Cl,-4.1651
Brc1oc(C=O)cc1,O=Cc1ccc(Br)o1,-1.544
CCN(CC)c1nc(Cl)nc(NC(C)C)n1,CCN(CC)c1nc(Cl)nc(NC(C)C)n1,-3.7849
Cc1oc(cc1)C(O)=O,Cc1ccc(C(=O)O)o1,-0.8243
COCc1oc(C=O)cc1,COCc1ccc(C=O)o1,-0.4992
Nc1c(Cl)c(Cl)nc(C(O)=O)c1Cl,Nc1c(Cl)c(Cl)nc(C(=O)O)c1Cl,-2.7494
CCCN(CCC)c1c(cc(C)cc1[N+]([O-])=O)[N+]([O-])=O,CCCN(CCC)c1c([N+](=O)[O-])cc(C)cc1[N+](=O)[O-],-2.9663
CNC(=O)Oc1c(cc(C)cc1C(C)(C)C)C(C)(C)C,CNC(=O)Oc1c(C(C)(C)C)cc(C)cc1C(C)(C)C,-4.598
Oc1ccc2Nc3ccccc3Sc2c1,Oc1ccc2c(c1)Sc1ccccc1N2,-2.5748
COC(=O)COc1ccc(Cl)cc1Cl,COC(=O)COc1ccc(Cl)cc1Cl,-2.9596
CCOC(=O)COc1cc(Cl)c(Cl)cc1Cl,CCOC(=O)COc1cc(Cl)c(Cl)cc1Cl,-4.8493
CCCCCCCCOC(=O)COc1ccc(Cl)cc1Cl,CCCCCCCCOC(=O)COc1ccc(Cl)cc1Cl,-7.0217
CCCOC(=O)COc1ccc(Cl)cc1Cl,CCCOC(=O)COc1ccc(Cl)cc1Cl,-4.2502
COc1ccc(CCC(O)=O)cc1,COc1ccc(CCC(=O)O)cc1,-2.2144
CCCCOCCOC(=O)COc1ccc(Cl)cc1Cl,CCCCOCCOC(=O)COc1ccc(Cl)cc1Cl,-4.4276
CNC(=O)Nc1sc2ccccc2n1,CNC(=O)Nc1nc2ccccc2s1,-4.2373
[O-][N+](=O)C(Cl)([N+]([O-])=O)[N+]([O-])=O,O=[N+]([O-])C(Cl)([N+](=O)[O-])[N+](=O)[O-],-1.9259
CC(=C)C1CCC(C)(O)C(O)C1,C=C(C)C1CCC(C)(O)C(O)C1,-0.2311
CCCS[S](=O)CCC,CCCS[S+]([O-])CCC,-0.9199
COc1c(cccc1C(O)=O)C(O)=O,COc1c(C(=O)O)cccc1C(=O)O,-2.2926
CCC(=O)Oc1ccc(cc1)[N+]([O-])=O,CCC(=O)Oc1ccc([N+](=O)[O-])cc1,-3.8925
CCCCC(=O)Oc1ccc(cc1)[N+]([O-])=O,CCCCC(=O)Oc1ccc([N+](=O)[O-])cc1,-4.3945
CC(C)C(NC(=O)CN)C(O)=O,CC(C)C(NC(=O)CN)C(=O)O,0.4579
OCCNC(=O)CCCCC(=O)NCCO,O=C(CCCCC(=O)NCCO)NCCO,0.4121
CNC(=O)OCc1ccc(Cl)c(Cl)c1,CNC(=O)OCc1ccc(Cl)c(Cl)c1,-3.1389
CC(OC(=O)Nc1cccc(Cl)c1)C#C,C#CC(C)OC(=O)Nc1cccc(Cl)c1,-2.6172
NC(=O)Nc1ccc(Br)cc1,NC(=O)Nc1ccc(Br)cc1,-1.6336
CCc1ccccc1Br,CCc1ccccc1Br,-3.6702
CN(C)C(=O)Nc1ccc(Oc2ccc(Cl)cc2)cc1,CN(C)C(=O)Nc1ccc(Oc2ccc(Cl)cc2)cc1,-4.8953
CC1CCCCC1NC(=O)Nc2ccccc2,CC1CCCCC1NC(=O)Nc1ccccc1,-4.1108
COc1cccc(Cl)c1Cl,COc1cccc(Cl)c1Cl,-3.309
COc1c(Cl)cccc1Cl,COc1c(Cl)cccc1Cl,-3.1019
NC(=O)C=Cc1ccccc1[N+]([O-])=O,NC(=O)C=Cc1ccccc1[N+](=O)[O-],-1.2837
Cc1ncnc2nc[nH]c12,Cc1ncnc2nc[nH]c12,0.1735
CCSC(=O)N(CC(C)C)CC(C)C,CCSC(=O)N(CC(C)C)CC(C)C,-3.684
O=C1CNC(=S)N1c2ccccc2,O=C1CNC(=S)N1c1ccccc1,-3.2425
CCCCCCCCCCN,CCCCCCCCCCN,-2.4564
CCOC(=O)CCc1ccccc1,CCOC(=O)CCc1ccccc1,-2.9086
CNC(=O)Oc1ccc(N(C)C)c(C)c1,CNC(=O)Oc1ccc(N(C)C)c(C)c1,-2.3572
CNC(=O)Oc1cc(C)c(SC)c(C)c1,CNC(=O)Oc1cc(C)c(SC)c(C)c1,-3.9214
CCCC1CCCC1,CCCC1CCCC1,-4.7404
CC(O)C(N)=O,CC(O)C(N)=O,0.9435
CCOC(=O)CCCCCC(=O)OCC,CCOC(=O)CCCCCC(=O)OCC,-2.0408
CCOC(=O)CCCCCCC(=O)OCC,CCOC(=O)CCCCCCC(=O)OCC,-2.5304
Clc1ccc2ccccc2c1Cl,Clc1ccc2ccccc2c1Cl,-6.1611
Clc1cccc2cccc(Cl)c12,Clc1cccc2cccc(Cl)c12,-5.7963
OC/1=CC(=O)C=CC1=N/Nc2ccccc2,O=C1C=C/C(=N\Nc2ccccc2)C(O)=C1,-3.0299
COC(C)C(N)C(O)=O,COC(C)C(N)C(=O)O,0.4853
CC(C)CC(c1ccc(O)cc1)c2ccc(O)cc2,CC(C)CC(c1ccc(O)cc1)c1ccc(O)cc1,-3.3674
C[C@@H](C[C@@H](C)C([O-])=O)C([O-])=O,C[C@H](C[C@H](C)C(=O)[O-])C(=O)[O-],-0.4564
N[S](=O)(=O)c1cc2c(CN(C3CCCCC3)C2=O)cc1Cl,NS(=O)(=O)c1cc2c(cc1Cl)CN(C1CCCCC1)C2=O,-4.3128
Brc1cccc(c1)N=C=S,S=C=Nc1cccc(Br)c1,-4.0851
C[C@@H]1C[C@H]2[C@@H]3C[C@H](F)C4=CC(=O)C=C[C@]4(C)[C@@]3(F)[C@@H](O)C[C@]2(C)[C@@]1(O)C(=O)CO,C[C@@H]1C[C@H]2[C@@H]3C[C@H](F)C4=CC(=O)C=C[C@]4(C)[C@@]3(F)[C@@H](O)C[C@]2(C)[C@@]1(O)C(=O)CO,-5.6133
Oc1ccc(C2CCCCC2)c(O)c1,Oc1ccc(C2CCCCC2)c(O)c1,-2.5763
OCC1C(CO)C2(Cl)C(=C(Cl)C1(Cl)C2(Cl)Cl)Cl,OCC1C(CO)C2(Cl)C(Cl)=C(Cl)C1(Cl)C2(Cl)Cl,-3.0802
OC(=O)c1ccccc1C(=O)c2ccc(Br)cc2,O=C(O)c1ccccc1C(=O)c1ccc(Br)cc1,-3.0074
CCNC1=NC(=O)N=C(NC(C)C)N1,CCNc1nc(=O)nc(NC(C)C)[nH]1,-4.5241
[Na+].C[As](O)([O-])=O,C[As](=O)([O-])O.[Na+],0.5539999999999999
O=C1NC2=C(CCC2)C(=O)N1C3CCCCC3,O=c1[nH]c2c(c(=O)n1C1CCCCC1)CCC2,-4.5916
CC(=C)C(=O)Nc1ccc(Cl)c(Cl)c1,C=C(C)C(=O)Nc1ccc(Cl)c(Cl)c1,-4.4325
CCC(C)OC(=O)Nc1cccc(Cl)c1,CCC(C)OC(=O)Nc1cccc(Cl)c1,-3.1727
CC(C)COc1ccc2ccccc2c1,CC(C)COc1ccc2ccccc2c1,-5.2117
Clc1ccc2ccc(Cl)cc2c1,Clc1ccc2ccc(Cl)cc2c1,-5.9217
CCOC(=O)c1[nH]c(C)cc1C,CCOC(=O)c1[nH]c(C)cc1C,-2.6212
COc1ccc(cc1C(O)=O)C(O)=O,COc1ccc(C(=O)O)cc1C(=O)O,-3.1165
C[C@H]1CCCC[C@H]1C,C[C@@H]1CCCC[C@@H]1C,-4.2719
C[C@@H](Cl)[C@@H](C)Cl,C[C@@H](Cl)[C@@H](C)Cl,-2.3541
OC(=O)c1cccc2cccc(c12)[N+]([O-])=O,O=C(O)c1cccc2cccc([N+](=O)[O-])c12,-2.7501
CCCCC(C)CCC,CCCCC(C)CCC,-6.0474
COc1cccc2ccccc12,COc1cccc2ccccc12,-4.1992
CC1(C)[C@@H]2CC[C@@](C)(C2)[C@@H]1O,CC1(C)[C@@H]2CC[C@@](C)(C2)[C@@H]1O,-2.2702
CCC(CC)([S](=O)(=O)CC)[S](=O)(=O)CC,CCC(CC)(S(=O)(=O)CC)S(=O)(=O)CC,-2.0625
Clc1ccc(Sc2cc(Cl)c(Cl)cc2Cl)cc1,Clc1ccc(Sc2cc(Cl)c(Cl)cc2Cl)cc1,-7.0335
ClC1=C(Cl)C(Cl)(C(=C1Cl)Cl)C2(Cl)C(=C(Cl)C(=C2Cl)Cl)Cl,ClC1=C(Cl)C(Cl)(C2(Cl)C(Cl)=C(Cl)C(Cl)=C2Cl)C(Cl)=C1Cl,-7.2784
O\N=C/1CCCC=C1,O/N=C1\C=CCCC1,-0.9667
Clc1c(Cl)c(Cl)c2c(Cl)c(Cl)c(Cl)c(Cl)c2c1Cl,Clc1c(Cl)c(Cl)c2c(Cl)c(Cl)c(Cl)c(Cl)c2c1Cl,-9.703
Nc1cccc(c1)C#N,N#Cc1cccc(N)c1,-1.1693
CCCCCCCCC#N,CCCCCCCCC#N,-3.2987
S=C=NCCc1ccccc1,S=C=NCCc1ccccc1,-3.1714
[O-]C(=O)C(Cl)=C(Cl)Cl,O=C([O-])C(Cl)=C(Cl)Cl,-0.4659
FC(F)(F)c1[nH]c2cncnc2n1,FC(F)(F)c1nc2ncncc2[nH]1,-0.4505
OC(=O)CCCCc1ccccc1,O=C(O)CCCCc1ccccc1,-2.4657
Cn1cnc2nc(Cl)nc(Cl)c12,Cn1cnc2nc(Cl)nc(Cl)c21,-1.1522
CO[P](=O)(OC)OC(=C\Cl)/c1ccc(Cl)cc1Cl,COP(=O)(OC)O/C(=C\Cl)c1ccc(Cl)cc1Cl,-3.4066
CCO[P](=S)(OCC)SCC(=O)NC(C)C,CCOP(=S)(OCC)SCC(=O)NC(C)C,-2.0575
CNC(=O)CCSCCS[P](=O)(OC)OC,CNC(=O)CCSCCSP(=O)(OC)OC,0.5416
OC(=O)c1c(O)ccc2ccccc12,O=C(O)c1c(O)ccc2ccccc12,-3.1284
CC(C)N(C(C)C)C(=O)SC\C(Cl)=C\Cl,CC(C)N(C(=O)SC/C(Cl)=C/Cl)C(C)C,-4.2856
CC(C)N(C(C)C)C(=O)SCC(Cl)=C(Cl)Cl,CC(C)N(C(=O)SCC(Cl)=C(Cl)Cl)C(C)C,-4.8818
OC(=O)C1CCCCC1C(O)=O,O=C(O)C1CCCCC1C(=O)O,-1.935
O=C1Nc2nc[nH]c2C=N1,O=c1ncc2[nH]cnc2[nH]1,-1.7136
CN1C(=O)N(C)C2=C(N(C)C(=O)N2C)C1=O,Cn1c(=O)c2c(n(C)c1=O)n(C)c(=O)n2C,-0.9527
CCO[P](=S)(OCC)SCN1C(=O)Oc2cc(Cl)ccc12,CCOP(=S)(OCC)SCn1c(=O)oc2cc(Cl)ccc21,-5.0813
CCCCOC(=O)C1(O)c2ccccc2c3ccccc13,CCCCOC(=O)C1(O)c2ccccc2-c2ccccc21,-3.8885
CCN(CC)C(=O)CCl,CCN(CC)C(=O)CCl,-0.243
CCCOC(=O)c1ccccc1,CCCOC(=O)c1ccccc1,-2.6701
OCc1cc(Br)ccc1O,OCc1cc(Br)ccc1O,-0.2072
CC(C)C(CC(O)=O)C(O)=O,CC(C)C(CC(=O)O)C(=O)O,-0.4073
CCOC(=O)[C@H](Cc1ccccc1)NC(C)=O,CCOC(=O)[C@H](Cc1ccccc1)NC(C)=O,-1.7557
Fc1cc(F)c(F)c(F)c1,Fc1cc(F)c(F)c(F)c1,-2.3057
CCCC(C)(C)CO,CCCC(C)(C)CO,-1.4391
OC(=O)\C=C/c1ccc2OCOc2c1,O=C(O)/C=C\c1ccc2c(c1)OCO2,-3.8523
Cc1ccc2cc3ccc4ccccc4c3cc2c1,Cc1ccc2cc3ccc4ccccc4c3cc2c1,-6.644
Cc1ccc2cc3c(ccc4ccccc34)cc2c1,Cc1ccc2cc3c(ccc4ccccc43)cc2c1,-6.8162
Cc1c2ccccc2c3ccc4cccc5ccc1c3c45,Cc1c2ccccc2c2ccc3cccc4ccc1c2c43,-8.5234
S=C1Nc2ccccc2O1,S=c1[nH]c2ccccc2o1,-2.1795
ClC1(Cl)C2(Cl)C3(Cl)C4(Cl)C(Cl)(Cl)C5(Cl)C3(Cl)C1(Cl)C5(Cl)C24Cl,ClC1(Cl)C2(Cl)C3(Cl)C4(Cl)C(Cl)(Cl)C5(Cl)C3(Cl)C1(Cl)C5(Cl)C24Cl,-6.8074
Clc1cccc(c1)N=C=S,S=C=Nc1cccc(Cl)c1,-3.9507
C#CCCCCCC#C,C#CCCCCCC#C,-2.983
CCCCO[P](=O)(CC)OCCCC,CCCCOP(=O)(CC)OCCCC,-1.5687
CCCCO[P](C)(=O)OCCCC,CCCCOP(C)(=O)OCCCC,-1.4155
Oc1ccccc1Oc2ccccc2,Oc1ccccc1Oc1ccccc1,-3.2286
CCC(O)CN(CC(O)CC)CC(O)CC,CCC(O)CN(CC(O)CC)CC(O)CC,-0.5229
Cc1c2ccccc2cc3ccc4ccccc4c13,Cc1c2ccccc2cc2ccc3ccccc3c12,-6.5648
ClC(Cl)C(Cl)(Cl)SN1C(=O)C2CC=CCC2C1=O,O=C1C2CC=CCC2C(=O)N1SC(Cl)(Cl)C(Cl)Cl,-5.3968
CCCCOCC1CO1,CCCCOCC1CO1,-0.8135
Cc1cc(Cl)c(O)c(Cl)c1,Cc1cc(Cl)c(O)c(Cl)c1,-1.4202
Cc1ncc2nccnc2n1,Cc1ncc2nccnc2n1,-0.1191
Cc1ncnc2nccnc12,Cc1ncnc2nccnc12,-0.4658
Cc1ccc2nc3SC(=O)Sc3nc2c1,Cc1ccc2nc3sc(=O)sc3nc2c1,-5.3698
CCCCCCCCCCCCN=C(N)N.CC(O)=O,CC(=O)O.CCCCCCCCCCCCN=C(N)N,-2.6592
COc1ccccc1C(N)=O,COc1ccccc1C(N)=O,-1.7815
OC(=O)CN(C[P](O)(O)=O)C[P](O)(O)=O,O=C(O)CN(CP(=O)(O)O)CP(=O)(O)O,-0.0256
Nc1ccc(CC(=O)c2ccccc2)cc1,Nc1ccc(CC(=O)c2ccccc2)cc1,-1.805
Clc1ccc(Oc2ccc(Cl)cc2)cc1,Clc1ccc(Oc2ccc(Cl)cc2)cc1,-4.7999
O.CC(C)(O)C1CCC(C)(O)CC1,CC1(O)CCC(C(C)(C)O)CC1.O,-1.6774
Nc1ccc(N)c2C(=O)c3c(N)ccc(N)c3C(=O)c12,Nc1ccc(N)c2c1C(=O)c1c(N)ccc(N)c1C2=O,-6.9515
CC(=O)Oc1c(cc(c(C)c1C(C)(C)C)[N+]([O-])=O)[N+]([O-])=O,CC(=O)Oc1c([N+](=O)[O-])cc([N+](=O)[O-])c(C)c1C(C)(C)C,-4.4717
OC(=O)CNC=O,O=CNCC(=O)O,0.2672
Oc1ccc(cc1)C(=O)Cc2ccccc2,O=C(Cc1ccccc1)c1ccc(O)cc1,-1.5008
CCO[P](=S)(OCC)SCC[S](=O)(=O)CC,CCOP(=S)(OCC)SCCS(=O)(=O)CC,-2.5403
Cc1c2ccccc2cc3c1cc(F)c4ccccc34,Cc1c2ccccc2cc2c1cc(F)c1ccccc12,-7.31
Cc1cccc2ccc3cc4ccccc4cc3c12,Cc1cccc2ccc3cc4ccccc4cc3c12,-6.644
OC(=O)c1cc(Cl)ccc1[N+]([O-])=O,O=C(O)c1cc(Cl)ccc1[N+](=O)[O-],-1.319
CCCCO[P](=O)(OCCCC)Oc1ccccc1,CCCCOP(=O)(OCCCC)Oc1ccccc1,-3.4746
COC(=O)C1(O)c2ccccc2c3ccc(Cl)cc13,COC(=O)C1(O)c2ccccc2-c2ccc(Cl)cc21,-4.1836
CO[P](=S)(OC)SCC(=O)N(C)C=O,COP(=S)(OC)SCC(=O)N(C)C=O,-1.9954
Cc1c2ccccc2cc3c4ccccc4cc(F)c13,Cc1c2ccccc2cc2c1c(F)cc1ccccc12,-7.31
Cc1c2ccccc2cc3c4ccccc4ccc13,Cc1c2ccccc2cc2c1ccc1ccccc12,-7.343
OC(=O)CCCCCCCC=O,O=CCCCCCCCC(=O)O,-0.9574
ClC(Cl)C(=O)Nc1ccccc1,O=C(Nc1ccccc1)C(Cl)Cl,-3.3555
CCC1OCCO1,CCC1OCCO1,0.2919
N\C(NO)=C(/N)N=O,N/C(N=O)=C(\N)NO,-0.7773
Cc1cc(O)ccc1[N+]([O-])=O,Cc1cc(O)ccc1[N+](=O)[O-],-2.1103
[O-][N+](=O)c1ccc(cc1)N=Nc2ccc(Nc3ccccc3)cc2,O=[N+]([O-])c1ccc(N=Nc2ccc(Nc3ccccc3)cc2)cc1,-7.5229
NC(N)=Nc1sc2ccccc2n1,NC(N)=Nc1nc2ccccc2s1,-2.4412
OC(=O)CCC=CC(O)=O,O=C(O)C=CCCC(=O)O,-1.2045
CCO[P](=S)(OCC)SC[S](=O)CC,CCOP(=S)(OCC)SC[S+]([O-])CC,-1.5384
CCO[P](=S)(OCC)SC[S](=O)(=O)CC,CCOP(=S)(OCC)SCS(=O)(=O)CC,-2.5309
CCOc1snc(n1)C(Cl)(Cl)Cl,CCOc1nc(C(Cl)(Cl)Cl)ns1,-3.3254
CCOC(=O)N(C)C(=O)CS[P](=S)(OCC)OCC,CCOC(=O)N(C)C(=O)CSP(=S)(OCC)OCC,-2.5177
CCOC(=O)C(S[P](=S)(OC)OC)c1ccccc1,CCOC(=O)C(SP(=S)(OC)OC)c1ccccc1,-4.4643
C[Hg]C#N,[CH3][Hg][C]#N,-0.0821
Cc1nc(C)c(cc1C(O)=O)C(O)=O,Cc1nc(C)c(C(=O)O)cc1C(=O)O,-2.809
[Na+].[Na+].[Na+].[O-][S](=O)(=O)c1cc2C=CC(=O)\C(=N/Nc3ccc(c4ccccc34)[S]([O-])(=O)=O)c2c(c1)[S]([O-])(=O)=O,O=C1C=Cc2cc(S(=O)(=O)[O-])cc(S(=O)(=O)[O-])c2/C1=N/Nc1ccc(S(=O)(=O)[O-])c2ccccc12.[Na+].[Na+].[Na+],-0.8783
CC(=O)Nc1ccc(OC(C)=O)cc1,CC(=O)Nc1ccc(OC(C)=O)cc1,-1.9076
CN1C(=O)N(C)c2nc(C)c(C)nc2C1=O,Cc1nc2c(=O)n(C)c(=O)n(C)c2nc1C,-1.3429
CCCC(=O)Oc1ccc(cc1)[N+]([O-])=O,CCCC(=O)Oc1ccc([N+](=O)[O-])cc1,-3.9404
Oc1ccc2ccccc2c1N=O,O=Nc1c(O)ccc2ccccc12,-2.9374
C[C@@](CCC([O-])=O)(N=N[C@](C)(CCC([O-])=O)C#N)C#N,C[C@](C#N)(CCC(=O)[O-])N=N[C@](C)(C#N)CCC(=O)[O-],-2.0083
CCO[P](=S)(OCC)SCN1N=Nc2ccccc2C1=O,CCOP(=S)(OCC)SCn1nnc2ccccc2c1=O,-4.5171
Nc1cc2c3ccccc3ccc2c4ccccc14,Nc1cc2c3ccccc3ccc2c2ccccc12,-6.1958
CNC(=O)Oc1cc(cc(c1)C(C)(C)C)C(C)(C)C,CNC(=O)Oc1cc(C(C)(C)C)cc(C(C)(C)C)c1,-4.2445
COc1cc(Cl)c(OC)cc1Cl,COc1cc(Cl)c(OC)cc1Cl,-4.413
CNCCC(O)=O,CNCCC(=O)O,-0.0543
Clc1ccccc1Oc2ccccc2,Clc1ccccc1Oc1ccccc1,-4.7796
CCCCO[P](=O)(OCC)OCC,CCCCOP(=O)(OCC)OCC,-1.1466
CCOC(=O)[C@@H](N)CC(C)C,CCOC(=O)[C@@H](N)CC(C)C,-0.5606
OC(=O)C(CSSCC(NC(=O)Cc1ccccc1)C(O)=O)NC(=O)Cc2ccccc2,O=C(Cc1ccccc1)NC(CSSCC(NC(=O)Cc1ccccc1)C(=O)O)C(=O)O,-1.833
C1C[n+]2ccccc2c3cccc[n+]13,c1cc[n+]2c(c1)-c1cccc[n+]1CC2,-3.425
COc1cc(Cl)c(Cl)cc1OC,COc1cc(Cl)c(Cl)cc1OC,-3.4588
COC1=COC(=CC1=O)CS[P](=O)(OC)OC,COc1coc(CSP(=O)(OC)OC)cc1=O,0.7286
CC(O)([P](O)(O)=O)[P](O)(O)=O,CC(O)(P(=O)(O)O)P(=O)(O)O,0.5249
C[C@H]1C[NH2+][C@H](C)C[NH2+]1,C[C@@H]1C[NH2+][C@@H](C)C[NH2+]1,0.4864
CC(=O)C=CC(O)=O,CC(=O)C=CC(=O)O,-0.2332
OC(=O)CCCCCCCCCCBr,O=C(O)CCCCCCCCCCBr,-3.699
CCC(N)C(O)=O,CCC(N)C(=O)O,0.2868
FC(Cl)C(F)(F)F,FC(Cl)C(F)(F)F,-1.959
COc1cccc(Cl)c1,COc1cccc(Cl)c1,-2.783
CCO[P](=S)(OCC)Oc1nc(Cl)c(Cl)cc1Cl,CCOP(=S)(OCC)Oc1nc(Cl)c(Cl)cc1Cl,-5.4956
O=C1CCCC1C#N,N#CC1CCCC1=O,-0.3567
CCSC(=O)N(CC)CC,CCSC(=O)N(CC)CC,-1.6917
C=CCO[P](=O)(OCC=C)c1ccccc1,C=CCOP(=O)(OCC=C)c1ccccc1,-2.8999
CCCCO[P](=O)(CCCC)CCCC,CCCCOP(=O)(CCCC)CCCC,-1.7166
CC1=C(Cl)C(=O)C(=C(C)N1)Cl,Cc1[nH]c(C)c(Cl)c(=O)c1Cl,-4.2834
Oc1ccc(C=O)cc1Br,O=Cc1ccc(O)c(Br)c1,-2.1794
Clc1ccc(cc1)c2cccc(Cl)c2,Clc1ccc(-c2cccc(Cl)c2)cc1,-6.4001
OC(=O)COc1cccc(Cl)c1Cl,O=C(O)COc1cccc(Cl)c1Cl,-2.8097
CCOC(=O)C(C)OC(C)=O,CCOC(=O)C(C)OC(C)=O,-0.6994
Nc1ccc(SC#N)cc1,N#CSc1ccc(N)cc1,-2.6015
Nc1nc2nc[nH]c2c(n1)C(F)(F)F,Nc1nc(C(F)(F)F)c2[nH]cnc2n1,-3.1346
CCN(CC)c1nc(NC(C)C)nc(OC)n1,CCN(CC)c1nc(NC(C)C)nc(OC)n1,-4.888999999999999
CNc1nc(Cl)nc(NC(C)C)n1,CNc1nc(Cl)nc(NC(C)C)n1,-2.8896
Oc1ccc(C=O)cc1[N+]([O-])=O,O=Cc1ccc(O)c([N+](=O)[O-])c1,-2.9512
CC(Br)CCl,CC(Br)CCl,-1.8476
CNc1nc(NC(C)C)nc(OC)n1,CNc1nc(NC(C)C)nc(OC)n1,-1.7509
NC1=C(Br)C(=O)N(N=C1)c2ccccc2,Nc1cnn(-c2ccccc2)c(=O)c1Br,-3.124
CN[C@@H](CC(C)C)C(O)=O,CN[C@@H](CC(C)C)C(=O)O,-0.5146
CC(C)C(NC(C)=O)C(O)=O,CC(=O)NC(C(=O)O)C(C)C,-0.6325
C=CCCCC=C,C=CCCCC=C,-3.3396
CC1CCCC(C)(C)C1,CC1CCCC(C)(C)C1,-4.8532
OC(=O)CNCCC#N,N#CCCNCC(=O)O,0.3237
CC[C@@H](C)[C@H](N)C(O)=O,CC[C@@H](C)[C@H](N)C(=O)O,-0.3895
OC1(CCN(CCCC(=O)c2ccc(F)cc2)CC1)c3ccccc3,O=C(CCCN1CCC(O)(c2ccccc2)CC1)c1ccc(F)cc1,-4.1183
CC(C)(C)CCCO,CC(C)(C)CCCO,-1.5402
NC(=O)C[C@H](NC(N)=O)C(O)=O,NC(=O)C[C@H](NC(N)=O)C(=O)O,-0.511
CN(C)C(=O)N(c1ccc(Cl)c(Cl)c1)C(=O)c2ccccc2,CN(C)C(=O)N(C(=O)c1ccccc1)c1ccc(Cl)c(Cl)c1,-4.3238
NC(=O)NCl,NC(=O)NCl,0.3256
CC(C)C[C@H](N)C(=O)NCC(=O)NCC(O)=O,CC(C)C[C@H](N)C(=O)NCC(=O)NCC(=O)O,0.2124
OCC(O)C(O)C(O)C(O)C(O)C=O,O=CC(O)C(O)C(O)C(O)C(O)CO,-0.3226
OC(=O)C1=C/C(C=CC1=O)=N/Nc2ccccc2,O=C(O)C1=C/C(=N/Nc2ccccc2)C=CC1=O,-3.0559
COc1ccc(cc1)C(=O)CCC(O)=O,COc1ccc(C(=O)CCC(=O)O)cc1,-1.0632
CCC(NC=NN)C(O)=O,CCC(NC=NN)C(=O)O,-0.8608
OC1=CC=C(Br)C=CC1=O,O=c1ccc(Br)ccc1O,-3.5629
BrC1CCC(Br)C(Br)CCC(Br)C(Br)CCC1Br,BrC1CCC(Br)C(Br)CCC(Br)C(Br)CCC1Br,-7.8728
CC(C)COC(=O)C(C)(C)O,CC(C)COC(=O)C(C)(C)O,-0.7276
Oc1ccccc1C(=O)N2CCOCC2,O=C(c1ccccc1O)N1CCOCC1,-1.7037
[O-][N+](=O)c1cccc(Cl)c1Cl,O=[N+]([O-])c1cccc(Cl)c1Cl,-3.4881
BrCC(CBr)(CBr)CBr,BrCC(CBr)(CBr)CBr,-5.3844
CCCO[P](=S)(OCCC)O[P](=S)(OCCC)OCCC,CCCOP(=S)(OCCC)OP(=S)(OCCC)OCCC,-4.1009
Cc1ccnc2c1ccc3c(C)ccnc23,Cc1ccnc2c1ccc1c(C)ccnc12,-3.9686
CCC(=O)OOC(=O)CC,CCC(=O)OOC(=O)CC,-0.9634
CC(Oc1ccc(Cl)cc1)C(O)=O,CC(Oc1ccc(Cl)cc1)C(=O)O,-2.1351
CN(C)C(N)=N,CN(C)C(=N)N,-1.7306
OC(=O)C1=CCCc2ccccc12,O=C(O)C1=CCCc2ccccc21,-2.7939
OCC(O)C(O)C(O)C(O)C(O)CO,OCC(O)C(O)C(O)C(O)C(O)CO,0.3722
O/N=C/1CCCC=C1,O/N=C1/C=CCCC1,-0.7034
C=CCCN=C=S,C=CCCN=C=S,-2.391
N[C@@H](Cc1cc(Cl)c(O)c(Cl)c1)C(O)=O,N[C@@H](Cc1cc(Cl)c(O)c(Cl)c1)C(=O)O,-0.7959999999999999
Nc1nc(N)nc(Cl)n1,Nc1nc(N)nc(Cl)n1,-2.3849
CCC(=O)NCCNC(=O)CC,CCC(=O)NCCNC(=O)CC,0.3746
Clc1ccc(cc1)C(=C(Cl)Cl)c2ccccc2Cl,ClC(Cl)=C(c1ccc(Cl)cc1)c1ccccc1Cl,-6.3563
CN1C(=O)N(C)c2n[se]nc2C1=O,Cn1c(=O)c2n[se]nc2n(C)c1=O,-2.2994
OC(=O)c1occ(Br)c1,O=C(O)c1cc(Br)co1,-1.1841
CC1CCCCN1CCCOC(=O)c2ccc(Cl)c(Cl)c2,CC1CCCCN1CCCOC(=O)c1ccc(Cl)c(Cl)c1,-4.2178
Clc1c(Cl)c(Cl)c2nccnc2c1Cl,Clc1c(Cl)c(Cl)c2nccnc2c1Cl,-5.428
CC(C)CCC(C)(C)C,CC(C)CCC(C)(C)C,-5.0474
CCOC(=O)N(CC)CC,CCOC(=O)N(CC)CC,-1.0651
Oc1cc(O)c(c(O)c1)C(=O)c2ccccc2,O=C(c1ccccc1)c1c(O)cc(O)cc1O,-1.8708
OC[C@H]1OC2(COC3(CO2)O[C@H](CO)[C@@H](O)[C@@H]3O)[C@@H](O)[C@@H]1O,OC[C@H]1OC2(COC3(CO2)O[C@H](CO)[C@@H](O)[C@@H]3O)[C@@H](O)[C@@H]1O,-0.0058
CC(C)Cc1sc(N[S](=O)(=O)c2ccc(N)cc2)nn1,CC(C)Cc1nnc(NS(=O)(=O)c2ccc(N)cc2)s1,-3.8226
CN(Cc1cc(Br)cc(Br)c1N)C2CCCCC2,CN(Cc1cc(Br)cc(Br)c1N)C1CCCCC1,-1.9733
OCCN(Cc1ccc(Oc2ccc(cc2)[N+]([O-])=O)cc1)C(=O)C(Cl)Cl,O=C(C(Cl)Cl)N(CCO)Cc1ccc(Oc2ccc([N+](=O)[O-])cc2)cc1,-5.1241
CCCCCCCCCC(C(O)=O)C(O)=O,CCCCCCCCCC(C(=O)O)C(=O)O,-3.3016
FC(F)(F)c1[nH]c2ccc(Cl)c(Cl)c2n1,FC(F)(F)c1nc2c(Cl)c(Cl)ccc2[nH]1,-3.5677
CCC1(C(=O)NC(=O)NC1=O)C2=CC3CCC(C3)C2,CCC1(C2=CC3CCC(C2)C3)C(=O)NC(=O)NC1=O,-2.7696
C[C@H](CC(O)=O)C(O)=O,C[C@H](CC(=O)O)C(=O)O,0.6311
NC(C(O)C(O)C(O)CO)C(O)=O,NC(C(=O)O)C(O)C(O)C(O)CO,-0.8590000000000001
C(Cc1ccccc1)NCc2ccccc2,c1ccc(CCNCc2ccccc2)cc1,-2.7229
CCc1ccc(NC(C)=O)cc1,CCc1ccc(NC(C)=O)cc1,-2.1453
OCCCCCCCCCCC([O-])=O,O=C([O-])CCCCCCCCCCO,-2.7039
COc1cc(OC)c2C(=O)C3(Oc2c1)C(C)CC(=O)C=C3OC,COC1=CC(=O)CC(C)C12Oc1cc(OC)cc(OC)c1C2=O,-3.699
CCOC(C)C(=O)C=O,CCOC(C)C(=O)C=O,-0.1554
Clc1ccc(cc1)C(C(=O)C2C(=O)c3ccccc3C2=O)c4ccccc4,O=C1c2ccccc2C(=O)C1C(=O)C(c1ccccc1)c1ccc(Cl)cc1,-3.5738
Cc1cc2ccccc2c3ccc4ccccc4c13,Cc1cc2ccccc2c2ccc3ccccc3c12,-6.5920000000000005
Cc1c(C)c2c3ccccc3ccc2c4ccccc14,Cc1c(C)c2c3ccccc3ccc2c2ccccc12,-7.0109
CCc1c2ccccc2cc3c1ccc4ccccc34,CCc1c2ccccc2cc2c1ccc1ccccc12,-6.796
N[S](=O)(=O)c1cccc(c1)[S](N)(=O)=O,NS(=O)(=O)c1cccc(S(N)(=O)=O)c1,-2.1693
Cc1cc(C)c[n+]([O-])c1,Cc1cc(C)c[n+]([O-])c1,0.9095
NCc1ccccn1,NCc1ccccn1,0.966
NCc1ccncc1,NCc1ccncc1,0.966
CCO[P](=O)(OCC)SCC(=O)NC(C)(C)C#N,CCOP(=O)(OCC)SCC(=O)NC(C)(C)C#N,-0.6237
CCO[P](=S)(OCC)Oc1ccc(N)cc1,CCOP(=S)(OCC)Oc1ccc(N)cc1,-2.826
Clc1cc(Cl)nc(n1)c2ccccc2,Clc1cc(Cl)nc(-c2ccccc2)n1,-4.9544
CCCCCC1CCCC1,CCCCCC1CCCC1,-6.0863
Cc1cc(ccc1N=Nc2ccccc2)N(CCO)CCO,Cc1cc(N(CCO)CCO)ccc1N=Nc1ccccc1,-4.1254
COc1cc(N[S](=O)(=O)c2ccc(N)cc2)nc(C)n1,COc1cc(NS(=O)(=O)c2ccc(N)cc2)nc(C)n1,-2.543
OC(=O)CN1C(=O)Sc2cccc(Cl)c12,O=C(O)Cn1c(=O)sc2cccc(Cl)c21,-2.6087
NNC(=O)CC(=O)NN,NNC(=O)CC(=O)NN,-0.121
C[C@H]([NH3+])C(C)(C)C,C[C@H]([NH3+])C(C)(C)C,0.9861
NNC(=O)C(O)C(O)C(O)C(O)CO,NNC(=O)C(O)C(O)C(O)C(O)CO,-0.4985
[nH]1c2ccccc2nc1c3occc3,c1coc(-c2nc3ccccc3[nH]2)c1,-3.414
Brc1ccc2Nc3ccccc3Sc2c1,Brc1ccc2c(c1)Sc1ccccc1N2,-6.1119
Ic1ccc2Nc3ccccc3Sc2c1,Ic1ccc2c(c1)Sc1ccccc1N2,-6.9278
ClCC[S](=O)(=O)CC[S](=O)(=O)CCCl,O=S(=O)(CCCl)CCS(=O)(=O)CCCl,-1.4486
OC(=O)CN(CC(O)=O)Cc1cc2C(=O)c3ccccc3C(=O)c2c(O)c1O,O=C(O)CN(CC(=O)O)Cc1cc2c(c(O)c1O)C(=O)c1ccccc1C2=O,-1.8077
COC(=O)c1ccc(O)c(Cl)c1,COC(=O)c1ccc(O)c(Cl)c1,-2.873
CCC(O)C(C)(C)C,CCC(O)C(C)(C)C,-1.1514
OC(=O)C[C@@H](Cl)C(O)=O,O=C(O)C[C@@H](Cl)C(=O)O,-0.7953
CCCCCCC(C(O)=O)C(O)=O,CCCCCCC(C(=O)O)C(=O)O,-1.6566
OC(=O)COc1c(Cl)ccc(Cl)c1Cl,O=C(O)COc1c(Cl)ccc(Cl)c1Cl,-2.6198
COCC(=O)c1ccccc1,COCC(=O)c1ccccc1,-0.7616
[Cl-].Cl/C=C/C[N+]12CN3CN(CN(C3)C1)C2,Cl/C=C/C[N+]12CN3CN(CN(C3)C1)C2.[Cl-],0.0829
C\C=C/CO,C/C=C\CO,0.3621
[O-][N+](=O)C(CCl)([N+]([O-])=O)[N+]([O-])=O,O=[N+]([O-])C(CCl)([N+](=O)[O-])[N+](=O)[O-],-0.2586
CCC(CC)(C(O)=O)C(CC)(CC)C(O)=O,CCC(CC)(C(=O)O)C(CC)(CC)C(=O)O,-2.9644
CCCCOCCC(=O)OC,CCCCOCCC(=O)OC,-1.2909
CCSc1nc(NC(C)C)nc(NC(C)C)n1,CCSc1nc(NC(C)C)nc(NC(C)C)n1,-4.2031
CC(C)C(=O)Oc1ccc(cc1)[N+]([O-])=O,CC(C)C(=O)Oc1ccc([N+](=O)[O-])cc1,-3.9588
CCCCOC(=O)CCOC,CCCCOC(=O)CCOC,-1.2135
[O-][N+](=O)c1cc2cccnc2c3ncccc13,O=[N+]([O-])c1cc2cccnc2c2ncccc12,-3.9172
CCC1=CNC(=O)NC1=O,CCc1c[nH]c(=O)[nH]c1=O,-1.9424
CNC(CC(O)=O)C(O)=O,CNC(CC(=O)O)C(=O)O,-0.7544
OC(=O)c1ccccc1CC(=O)c2ccccc2C(O)=O,O=C(O)c1ccccc1CC(=O)c1ccccc1C(=O)O,-2.7910000000000004
OC(=O)c1ccc(c(c1)C(O)=O)[N+]([O-])=O,O=C(O)c1ccc([N+](=O)[O-])c(C(=O)O)c1,-1.3391
Clc1ccc(cc1)N=Nc2ccccc2,Clc1ccc(N=Nc2ccccc2)cc1,-5.7023
[O-][N+](=O)c1oc(cc1)\C=N\N2CCCOC2=O,O=C1OCCCN1/N=C/c1ccc([N+](=O)[O-])o1,-3.4757
O=C1Cc2c(O1)ccc3ccccc23,O=C1Cc2c(ccc3ccccc23)O1,-2.7078
CC[C@@H]1[C@@H](O)N2[C@H]3C[C@@H]1C4C(O)[C@@]5(C[C@H]24)[C@H]3N(C)c6ccccc56,CC[C@H]1[C@@H]2C[C@H]3[C@@H]4N(C)c5ccccc5[C@]45C[C@@H](C2C5O)N3[C@@H]1O,-2.8266
CCCCCCCCCCC(C(O)=O)C(O)=O,CCCCCCCCCCC(C(=O)O)C(=O)O,-3.99
Cc1ccc(O)c(CO)c1,Cc1ccc(O)c(CO)c1,-0.3143
CCOC(=O)c1[nH]c(C=O)c(CC)c1C,CCOC(=O)c1[nH]c(C=O)c(CC)c1C,-2.7186
OC(=O)c1cccnc1Nc2cccc(c2)C(F)(F)F,O=C(O)c1cccnc1Nc1cccc(C(F)(F)F)c1,-4.1718
CC(=O)CC1CCCCN1,CC(=O)CC1CCCCN1,-0.4509
CC\C(NO)=C(\CC)N=O,CC/C(N=O)=C(/CC)NO,-2.5525
O=[P](N1CCOCC1)(N2CCOCC2)N3CCOCC3,O=P(N1CCOCC1)(N1CCOCC1)N1CCOCC1,0.2984
Cc1cnc(N[S](=O)(=O)c2ccc(N)cc2)nc1C,Cc1cnc(NS(=O)(=O)c2ccc(N)cc2)nc1C,-3.1435
CC1CCC(C)(C)C1,CC1CCC(C)(C)C1,-4.4784
CC1NC(=O)CNC1=O,CC1NC(=O)CNC1=O,0.2903
CN(C=C)N=O,C=CN(C)N=O,-0.4579
O=C1NC=NC=C1,O=c1ccnc[nH]1,0.586
OC1=C(Br)C=CC=CC1=O,O=c1ccccc(Br)c1O,-2.4352
CC(=O)C1(C)CO1,CC(=O)C1(C)CO1,0.3797
CCSC(=S)NCC(O)=O,CCSC(=S)NCC(=O)O,-1.0882
OC[C@H]1O[C@@H](O[C@@H]2[C@@H](CO)O[C@](O)(CO)[C@H]2O)[C@H](O)[C@@H](O)[C@H]1O,OC[C@H]1O[C@@H](O[C@@H]2[C@@H](CO)O[C@](O)(CO)[C@H]2O)[C@H](O)[C@@H](O)[C@H]1O,0.3487
CCN(CC)C(=O)OC,CCN(CC)C(=O)OC,-0.2918
OC(=O)CCC(=O)c1cccc2ccccc12,O=C(O)CCC(=O)c1cccc2ccccc12,-3.4833
CC1(C)[C@@H]2CC[C@@](C)(C2)C1=O,CC1(C)C(=O)[C@@]2(C)CC[C@@H]1C2,-1.8507
N[P](N)(=O)c1ccccc1,NP(N)(=O)c1ccccc1,-1.1482
NCCCNc1ccccc1,NCCCNc1ccccc1,-1.6543
CCCN(CCC)c1c(cc(cc1[N+]([O-])=O)[S](C)(=O)=O)[N+]([O-])=O,CCCN(CCC)c1c([N+](=O)[O-])cc(S(C)(=O)=O)cc1[N+](=O)[O-],-5.7601
OC(=O)c1ccccc1C(=O)Nc2ccccc2,O=C(O)c1ccccc1C(=O)Nc1ccccc1,-4.0814
[I-].CCN1C=CC(=CC=Cc2cc[n+](CC)c3ccccc23)c4ccccc14,CCN1C=CC(=CC=Cc2cc[n+](CC)c3ccccc23)c2ccccc21.[I-],-2.6816
[O-]C(=O)c1cccc(Cl)c1[N+]([O-])=O,O=C([O-])c1cccc(Cl)c1[N+](=O)[O-],-2.6323
CCOC[C@H](N)C(O)=O,CCOC[C@H](N)C(=O)O,0.524
OC(=O)CCSSCCC(O)=O,O=C(O)CCSSCCC(=O)O,-0.9301
C/C=C/C#N,C/C=C/C#N,-0.4287
CCCC(O)C=C,C=CC(O)CCC,-0.5993
CC(C)C(O)C=C,C=CC(O)C(C)C,-0.515
CCC(O)\C=C\C,C/C=C/C(O)CC,-0.4198
OC(=O)C(=O)C(c1ccccc1)c2ccccc2,O=C(O)C(=O)C(c1ccccc1)c1ccccc1,-2.3354
CN(C)C(=O)Nc1cccc(OC(=O)NC(C)(C)C)c1,CN(C)C(=O)Nc1cccc(OC(=O)NC(C)(C)C)c1,-2.9342
O=[P](Oc1ccccc1)(N2CCOCC2)N3CCOCC3,O=P(Oc1ccccc1)(N1CCOCC1)N1CCOCC1,0.3925
CCCCOC(=O)CCO,CCCCOC(=O)CCO,-1.2899
OC(=O)CC(SC(CC(O)=O)C(O)=O)C(O)=O,O=C(O)CC(SC(CC(=O)O)C(=O)O)C(=O)O,-0.4908
Cc1cccc(O)c1[N+]([O-])=O,Cc1cccc(O)c1[N+](=O)[O-],-1.64
ClCC(=O)NC(=O)CCl,O=C(CCl)NC(=O)CCl,-2.2304
C1CCC(CC1)N(Sc2sc3ccccc3n2)C4CCCCC4,c1ccc2sc(SN(C3CCCCC3)C3CCCCC3)nc2c1,-6.7886
COc1cc(C([O-])=O)c(cc1OC)[N+]([O-])=O,COc1cc(C(=O)[O-])c([N+](=O)[O-])cc1OC,-0.7543
CC(=O)Nc1ccc(OC(=O)c2ccccc2OC(C)=O)cc1,CC(=O)Nc1ccc(OC(=O)c2ccccc2OC(C)=O)cc1,-4.1949
O=[S](=O)(N1CCCCC1)c2ccccc2,O=S(=O)(c1ccccc1)N1CCCCC1,-2.5365
CCN(CC)C(C#N)c1ccccc1,CCN(CC)C(C#N)c1ccccc1,-0.9738
[O-][N+](=O)Cc1ccc2ccccc2n1,O=[N+]([O-])Cc1ccc2ccccc2n1,-2.0545
CCO[P](=S)(OCC)N1C(=O)c2ccccc2C1=O,CCOP(=S)(OCC)N1C(=O)c2ccccc2C1=O,-3.3522
OC(=O)C(S)CCC(S)C(O)=O,O=C(O)C(S)CCC(S)C(=O)O,-2.4758
CCSC(=S)N[C@@H](CC(O)=O)C(O)=O,CCSC(=S)N[C@@H](CC(=O)O)C(=O)O,-1.3863
ClCC[S](=O)(=O)CCOCC[S](=O)(=O)CCCl,O=S(=O)(CCCl)CCOCCS(=O)(=O)CCCl,-1.9408
COc1cc(ccc1C(O)=O)C(O)=O,COc1cc(C(=O)O)ccc1C(=O)O,-1.9916
CC(=O)Nc1ccc(Cl)cc1C,CC(=O)Nc1ccc(Cl)cc1C,-2.3097
CCCCC1=C(C)NC(=NC1=O)N(C)C,CCCCc1c(C)[nH]c(N(C)C)nc1=O,-2.2416
CN1C2CCC1CC(C2)OC(=O)C(CO[S](O)(=O)=O)c3ccccc3,CN1C2CCC1CC(OC(=O)C(COS(=O)(=O)O)c1ccccc1)C2,-1.5675
OC(=O)CC1CCCCC1,O=C(O)CC1CCCCC1,-1.6935
CCCCCCCCCCCCCCCCNC(=O)C(C)O,CCCCCCCCCCCCCCCCNC(=O)C(C)O,-3.6512
CCCCCNC(=O)C(C)O,CCCCCNC(=O)C(C)O,-0.3825
OCC(O)C1OC(Oc2ccccc2)C(O)C(O)C1O,OCC(O)C1OC(Oc2ccccc2)C(O)C(O)C1O,-1.5537
O[P](O)(=O)c1cccc(c1)[N+]([O-])=O,O=[N+]([O-])c1cccc(P(=O)(O)O)c1,0.6835
CCCCCCCCCCOC(=O)c1cccnc1,CCCCCCCCCCOC(=O)c1cccnc1,-3.1901
CC(C)CC(NC=O)C(O)=O,CC(C)CC(NC=O)C(=O)O,-0.7328
C[S](=O)(=O)N[S](C)(=O)=O,CS(=O)(=O)NS(C)(=O)=O,0.0402
CCCOC(=O)CCOC,CCCOC(=O)CCOC,-0.6598
COC(OC)\C=C/C(OC)OC,COC(/C=C\C(OC)OC)OC,0.055
CN1CCC=C1C,CC1=CCCN1C,0.1265
NN[P](=S)(NN)c1ccccc1,NNP(=S)(NN)c1ccccc1,-1.425
Cc1cc(C)cc(OCC(O)=O)c1,Cc1cc(C)cc(OCC(=O)O)c1,-2.3527
Clc1ccc2oc3ccc(Cl)cc3c2c1,Clc1ccc2oc3ccc(Cl)cc3c2c1,-7.2135
CCCCCCNC(=O)C(C)O,CCCCCCNC(=O)C(C)O,-0.9487
CCCCOC(=O)C(C)OC(C)=O,CCCCOC(=O)C(C)OC(C)=O,-0.7536
CCc1nc2N(C)C(=O)N(C)C(=O)c2n1C,CCc1nc2c(c(=O)n(C)c(=O)n2C)n1C,-1.5687
NC(N)=NC(N)=Nc1ccc2ccccc2c1,NC(N)=NC(N)=Nc1ccc2ccccc2c1,-2.5497
OC(=O)CC1NC(=O)NC1=O,O=C(O)CC1NC(=O)NC1=O,-1.1517
Cc1ccc(cc1O)[N+]([O-])=O,Cc1ccc([N+](=O)[O-])cc1O,-2.1851
NC(=O)SCC(=O)Nc1ccccc1,NC(=O)SCC(=O)Nc1ccccc1,-1.3228
CCOC(=O)C(CC(O)=O)=C(c1ccccc1)c2ccccc2,CCOC(=O)C(CC(=O)O)=C(c1ccccc1)c1ccccc1,-2.1908
Cn1cnc2nc(Cl)nc(NN)c12,Cn1cnc2nc(Cl)nc(NN)c21,-1.1427
CCOC(=O)C1=C(C)OC(=C(C(=O)OCC)C1=O)C,CCOC(=O)c1c(C)oc(C)c(C(=O)OCC)c1=O,-1.5255
Nc1cc(ccc1I)[N+]([O-])=O,Nc1cc([N+](=O)[O-])ccc1I,-4.4216
OC(=O)CCC(N(CCC#N)CCC#N)C(O)=O,N#CCCN(CCC#N)C(CCC(=O)O)C(=O)O,-0.2275
CSCCC(N(CCC#N)CCC#N)C(O)=O,CSCCC(C(=O)O)N(CCC#N)CCC#N,-1.3279
CCCCCCCCOC(=O)C(C)O,CCCCCCCCOC(=O)C(C)O,-1.2726
O=C1COc2ccccc2N1,O=C1COc2ccccc2N1,-2.5716
CCC\C(=C/C(O)=O)C(O)=O,CCC/C(=C\C(=O)O)C(=O)O,-1.1538
CCOC(=O)N1CCN(CC1)C(=O)OCC,CCOC(=O)N1CCN(C(=O)OCC)CC1,-0.7288
CC[C@@H](C)c1cccc([C@@H](C)CC)c1O,CC[C@@H](C)c1cccc([C@@H](C)CC)c1O,-5.0593
[O-][N+](=O)c1ccc2ccc3cccc4ccc1c2c34,O=[N+]([O-])c1ccc2ccc3cccc4ccc1c2c34,-7.3213
CCN(/N=C/c1oc(cc1)[N+]([O-])=O)C(N)=O,CCN(/N=C/c1ccc([N+](=O)[O-])o1)C(N)=O,-2.9395
OC(=O)CCCCCc1ccccc1,O=C(O)CCCCCc1ccccc1,-2.6026
CCCCC(C)(O)CC,CCCCC(C)(O)CC,-1.7356
CC1=C(CCC1(C)C)C(O)=O,CC1=C(C(=O)O)CCC1(C)C,-2.8871
CO[P](=S)(OC)Oc1nc(Cl)c(Cl)cc1Cl,COP(=S)(OC)Oc1nc(Cl)c(Cl)cc1Cl,-4.831
CC(C)(C)CC(=O)OCC(=O)[C@@]12OC(C)(C)O[C@@H]1C[C@H]3[C@@H]4CCC5=CC(=O)C=C[C@]5(C)[C@@]4(F)[C@@H](O)C[C@]23C,CC(C)(C)CC(=O)OCC(=O)[C@@]12OC(C)(C)O[C@@H]1C[C@H]1[C@@H]3CCC4=CC(=O)C=C[C@]4(C)[C@@]3(F)[C@@H](O)C[C@@]12C,-5.1244
CCOC1CC1,CCOC1CC1,-0.6407
Cn1cnc2N(C)C(=O)N(CC([O-])=O)C(=O)c12,Cn1cnc2c1c(=O)n(CC(=O)[O-])c(=O)n2C,-1.3769
C[C@@H]1NC(=O)[C@@H](C)NC1=O,C[C@@H]1NC(=O)[C@@H](C)NC1=O,-0.1528
O=C1CCC(N1)C(=O)Nc2ccccc2,O=C1CCC(C(=O)Nc2ccccc2)N1,-1.3278
Oc1ccc(Sc2ccccc2)cc1,Oc1ccc(Sc2ccccc2)cc1,-2.7745
CCOCOCOCC,CCOCOCOCC,-0.1277
O=C1OCc2ccc3ccccc3c12,O=C1OCc2ccc3ccccc3c21,-3.3062
OC(=O)CNC(=O)c1occc1,O=C(O)CNC(=O)c1ccco1,-0.7272
Nc1ccc(cc1)[S](=O)(=O)Nc2sc(cn2)C(O)=O,Nc1ccc(S(=O)(=O)Nc2ncc(C(=O)O)s2)cc1,-2.8741
CCC(CC)(CC(O)=O)C(O)=O,CCC(CC)(CC(=O)O)C(=O)O,-0.7962
OC(C(O)c1ccccc1)C(O)=O,O=C(O)C(O)C(O)c1ccccc1,-0.3063
CC=C(Cc1ccccc1)C(O)=O,CC=C(Cc1ccccc1)C(=O)O,-2.5648
OC(=O)c1ccc(NC(=O)c2cccnc2)cc1,O=C(O)c1ccc(NC(=O)c2cccnc2)cc1,-3.0832
CCOC(OCC)C(C)=O,CCOC(OCC)C(C)=O,-0.2059
O=C1CCCCCNC(=O)CCCCCNC(=O)CCCCCNC(=O)CCCCCN1,O=C1CCCCCNC(=O)CCCCCNC(=O)CCCCCNC(=O)CCCCCN1,-2.8126
CC(C)OC(=O)C(O)(c1ccc(Cl)cc1)c2ccc(Cl)cc2,CC(C)OC(=O)C(O)(c1ccc(Cl)cc1)c1ccc(Cl)cc1,-5.3544
OC1=C(C2CCCc3ccccc23)C(=O)c4ccccc4O1,O=c1c(C2CCCc3ccccc32)c(O)oc2ccccc12,-4.8638
CC(=O)OCCS,CC(=O)OCCS,-1.5
CC1=C(Cl)C(=O)N(C(=O)N1)C(C)(C)C,Cc1[nH]c(=O)n(C(C)(C)C)c(=O)c1Cl,-2.4845
CO[P](=S)(OC)SS[P](=S)(OC)OC,COP(=S)(OC)SSP(=S)(OC)OC,-4.3981
NC(=O)NN=C[C@H](O)[C@@H](O)[C@H](O)CO,NC(=O)NN=C[C@H](O)[C@@H](O)[C@H](O)CO,-0.1288
OC(=O)CC[P](O)(O)=O,O=C(O)CCP(=O)(O)O,0.5007
OC[C@H]1O[C@@H](O[C@H]2[C@H](O)[C@@H](O)[C@H](O)O[C@@H]2CO)[C@H](O)[C@@H](O)[C@H]1O,OC[C@H]1O[C@@H](O[C@H]2[C@H](O)[C@@H](O)[C@H](O)O[C@@H]2CO)[C@H](O)[C@@H](O)[C@H]1O,-0.8167
CCN(CC)CCSCCN(CC)CC,CCN(CC)CCSCCN(CC)CC,-2.3663
CC(=O)CC(CC(O)=O)c1ccccc1,CC(=O)CC(CC(=O)O)c1ccccc1,-1.4463
CCN(c1c(cc(cc1[N+]([O-])=O)[N+]([O-])=O)[N+]([O-])=O)[N+]([O-])=O,CCN(c1c([N+](=O)[O-])cc([N+](=O)[O-])cc1[N+](=O)[O-])[N+](=O)[O-],-3.7007
Nc1ccc(cc1)C#Cc2ccc(N)cc2,Nc1ccc(C#Cc2ccc(N)cc2)cc1,-2.4326
OC(=O)c1ccccc1C(=O)c2ccccc2O,O=C(O)c1ccccc1C(=O)c1ccccc1O,-2.3428
[O-][N+](=O)C(COC(=O)c1ccccc1C(=O)OCC([N+]([O-])=O)([N+]([O-])=O)[N+]([O-])=O)([N+]([O-])=O)[N+]([O-])=O,O=C(OCC([N+](=O)[O-])([N+](=O)[O-])[N+](=O)[O-])c1ccccc1C(=O)OCC([N+](=O)[O-])([N+](=O)[O-])[N+](=O)[O-],-3.5782
CCC(O)C(Cl)(Cl)Cl,CCC(O)C(Cl)(Cl)Cl,-0.9481
CC(C)CC1OCCO1,CC(C)CC1OCCO1,-0.3695
O=C1CCCCCCCCN1,O=C1CCCCCCCCN1,-1.0737
CNCl,CNCl,0.2806
OC(=O)C(S)CS,O=C(O)C(S)CS,-0.2374
O/N=C/c1oc(cc1)[N+]([O-])=O,O=[N+]([O-])c1ccc(/C=N/O)o1,-2.1934
O=C1CCCCCN1C(=O)c2ccccc2,O=C1CCCCCN1C(=O)c1ccccc1,-2.1667
O=C1C=CC(C=C1)=NNc2ccc(N=Nc3ccccc3)c4ccccc24,O=C1C=CC(=NNc2ccc(N=Nc3ccccc3)c3ccccc23)C=C1,-6.0092
CC1(C)C2CCC1(C)C(N)(C2)C(O)=O,CC1(C)C2CCC1(C)C(N)(C(=O)O)C2,-1.5961
[Br-].CC[NH2+]CC,CC[NH2+]CC.[Br-],0.8123
Cc1ccc(cc1N)[S](N)(=O)=O,Cc1ccc(S(N)(=O)=O)cc1N,-1.9169
CCCCCCCCNC(=O)C(C)O,CCCCCCCCNC(=O)C(C)O,-2.2827
CCCCCCCCCCNC(=O)C(C)O,CCCCCCCCCCNC(=O)C(C)O,-3.3605
CC(O)C(=O)OC(C)C(=O)OCC=C,C=CCOC(=O)C(C)OC(=O)C(C)O,-0.6826
CNCC(O)C(O)C(O)C(O)CO,CNCC(O)C(O)C(O)C(O)CO,0.4084
COC(=O)C(C)OC(C)=O,COC(=O)C(C)OC(C)=O,-0.2617
OC(=O)CN(CCC#N)CCC#N,N#CCCN(CCC#N)CC(=O)O,0.4578
COc1cc2nccnc2c(N)c1OC,COc1cc2nccnc2c(N)c1OC,-1.7102
CN(C(N)=O)c1ccc(C)cc1,Cc1ccc(N(C)C(N)=O)cc1,-0.423
CC(C)CC(C)CO,CC(C)CC(C)CO,-1.6007
NC(=O)c1ccc(cc1)[S](N)(=O)=O,NC(=O)c1ccc(S(N)(=O)=O)cc1,-2.3015
CC1=CN(Cc2ccccc2)C(=O)NC1=O,Cc1cn(Cc2ccccc2)c(=O)[nH]c1=O,-2.2558
Cc1[nH]cnc1[S](O)(=O)=O,Cc1[nH]cnc1S(=O)(=O)O,0.188
Cc1ccc2NC(=O)C(=O)Nc2c1,Cc1ccc2[nH]c(=O)c(=O)[nH]c2c1,-3.0418
OC(=O)c1ccc(Br)c(c1)[N+]([O-])=O,O=C(O)c1ccc(Br)c([N+](=O)[O-])c1,-2.9677
CN1c2ccccc2C(O)(c3ccccc3)c4ccccc14,CN1c2ccccc2C(O)(c2ccccc2)c2ccccc21,-3.9031
CC1(CCCC=C1C(O)=O)C(O)=O,CC1(C(=O)O)CCCC=C1C(=O)O,-1.9642
OC(=O)CC(N(CCC#N)CCC#N)C(O)=O,N#CCCN(CCC#N)C(CC(=O)O)C(=O)O,-1.5337
CN(C)C(=O)c1ccccc1C(=O)N(C)C,CN(C)C(=O)c1ccccc1C(=O)N(C)C,0.5083
COc1cc(CC=C)ccc1OCC([O-])=O,C=CCc1ccc(OCC(=O)[O-])c(OC)c1,-2.2786
C\C=C/C(=O)O[C@@H]1C[C@H]2O[C@@H]3C=C(C)C(=O)C[C@]3(C)[C@]1(C)[C@@]24CO4,C/C=C\C(=O)O[C@@H]1C[C@H]2O[C@@H]3C=C(C)C(=O)C[C@]3(C)[C@]1(C)[C@@]21CO1,-2.9196
CCCCCOC(=O)C(C)O,CCCCCOC(=O)C(C)O,-1.2047
OCc1cc(Cl)ccc1OCC(O)=O,O=C(O)COc1ccc(Cl)cc1CO,-2.0347
CNC(=O)Oc1cc(C)c(N(CC=C)CC=C)c(C)c1,C=CCN(CC=C)c1c(C)cc(OC(=O)NC)cc1C,-3.5932
Clc1cccc(Oc2ccccc2)c1,Clc1cccc(Oc2ccccc2)c1,-4.2107
CC(=C)[C@@H]1CC=C(C)C(=O)C1,C=C(C)[C@@H]1CC=C(C)C(=O)C1,-2.0608
Oc1ccc(cc1C(=O)Nc2ccc(Cl)cc2)[N+]([O-])=O,O=C(Nc1ccc(Cl)cc1)c1cc([N+](=O)[O-])ccc1O,-5.122000000000001
Oc1c(cccc1[N+]([O-])=O)C(=O)Nc2ccc(Cl)cc2,O=C(Nc1ccc(Cl)cc1)c1cccc([N+](=O)[O-])c1O,-4.5452
CC(C)C(Br)C(=O)NC(C)C(O)=O,CC(NC(=O)C(Br)C(C)C)C(=O)O,-0.4825
Cn1cnc2N(C)C(=O)N(CCCCC(C)=O)C(=O)c12,CC(=O)CCCCn1c(=O)c2c(ncn2C)n(C)c1=O,-0.5579999999999999
CCCCCOC(=O)c1ccc(O)cc1,CCCCCOC(=O)c1ccc(O)cc1,-3.8135
CC[C@]12CC[C@H]3[C@@H](CCC4=CC(=O)CC[C@H]34)[C@@H]1CC[C@@]2(O)C#C,C#C[C@]1(O)CC[C@H]2[C@@H]3CCC4=CC(=O)CC[C@@H]4[C@H]3CC[C@@]21CC,-5.2567
O=CCc1ccc2OCOc2c1,O=CCc1ccc2c(c1)OCO2,-1.96
OC(=O)C1CC(=O)c2ccccc2C1,O=C1CC(C(=O)O)Cc2ccccc21,-2.1031
CCNc1nc(Cl)nc(NCC(=O)OCC)n1,CCNc1nc(Cl)nc(NCC(=O)OCC)n1,-2.9374
NC(CO)C(=O)NC(CO)C(O)=O,NC(CO)C(=O)NC(CO)C(=O)O,-0.5847
ONC1=C(CCC1)N=O,O=NC1=C(NO)CCC1,-1.9937
CC1CCC(=O)N1c2ccccc2,CC1CCC(=O)N1c1ccccc1,-0.8457
COC(=O)c1c(cccc1[N+]([O-])=O)C(O)=O,COC(=O)c1c(C(=O)O)cccc1[N+](=O)[O-],-2.0853
CC(C)OC(=O)c1cccc(c1C([O-])=O)[N+]([O-])=O,CC(C)OC(=O)c1cccc([N+](=O)[O-])c1C(=O)[O-],-2.3466
CC(C)OC(=O)c1c(cccc1[N+]([O-])=O)C([O-])=O,CC(C)OC(=O)c1c(C(=O)[O-])cccc1[N+](=O)[O-],-2.4897
CC(C)(C)OC(=O)c1cccc(c1C([O-])=O)[N+]([O-])=O,CC(C)(C)OC(=O)c1cccc([N+](=O)[O-])c1C(=O)[O-],-3.0467
CC(C)CCOC(=O)c1cccc(c1C([O-])=O)[N+]([O-])=O,CC(C)CCOC(=O)c1cccc([N+](=O)[O-])c1C(=O)[O-],-3.0689
Cc1cc(C)c(c(C)c1)[PH](O)=O,Cc1cc(C)c([PH](=O)O)c(C)c1,-2.7896
CCC(C)OC,CCC(C)OC,-0.7306
OCC(CO)OCC=C,C=CCOC(CO)CO,0.481
CN(C(/N)=N/[N+]([O-])=O)[N+]([O-])=O,CN(/C(N)=N/[N+](=O)[O-])[N+](=O)[O-],-0.6104
CCC(C)OC(=O)c1cccc(c1C([O-])=O)[N+]([O-])=O,CCC(C)OC(=O)c1cccc([N+](=O)[O-])c1C(=O)[O-],-2.7193
C[C@H]1CCCC[C@@H]1C,C[C@H]1CCCC[C@@H]1C,-4.3341
N[C@@H](CO)C(O)=O,N[C@@H](CO)C(=O)O,-0.3861
NC(CCC(O)=O)C(O)=O,NC(CCC(=O)O)C(=O)O,-0.9916
Clc1ccc(Oc2ccccc2Cl)cc1,Clc1ccc(Oc2ccccc2Cl)cc1,-5.52
CC(=O)NC(NC(C)=O)c1ccccc1,CC(=O)NC(NC(C)=O)c1ccccc1,-1.3144
CNC(=O)\C=C(/C)O[P](=O)(OC)OC,CNC(=O)/C=C(\C)OP(=O)(OC)OC,0.6514
COc1c(Cl)c(Cl)cc(Cl)c1Cl,COc1c(Cl)c(Cl)cc(Cl)c1Cl,-5.1307
NC(=O)N\N=C\C(O)C(O)C(O)C(O)CO,NC(=O)N/N=C/C(O)C(O)C(O)C(O)CO,-0.4257
CCCCOC(=O)c1cccnc1,CCCCOC(=O)c1cccnc1,-1.8367
OCCCOC(=O)c1ccccc1,O=C(OCCCO)c1ccccc1,-1.2558
CNC(=O)Oc1ccccc1C2OCCO2,CNC(=O)Oc1ccccc1C1OCCO1,-1.5706
Clc1ccc(Oc2ccccc2)cc1,Clc1ccc(Oc2ccccc2)cc1,-4.7925
CC(C)c1ccccc1Br,CC(C)c1ccccc1Br,-4.1898
CCCC[P](=O)(CCCC)OCC,CCCCP(=O)(CCCC)OCC,-1.2005
Cc1cc(O)c(cc1Cl)[N+]([O-])=O,Cc1cc(O)c([N+](=O)[O-])cc1Cl,-4.3901
COc1cc(cc(Cl)n1)C(Cl)(Cl)Cl,COc1cc(C(Cl)(Cl)Cl)cc(Cl)n1,-4.3635
CCOc1ccc(cc1)N(C(C)=O)C(C)=O,CCOc1ccc(N(C(C)=O)C(C)=O)cc1,-1.947
CCCCO[P](=O)(OCC)OCCCC,CCCCOP(=O)(OCC)OCCCC,-1.8456
CCCCO[P](=O)(OC)OCCCC,CCCCOP(=O)(OC)OCCCC,-1.4995
OC(=O)c1cccc2ncccc12,O=C(O)c1cccc2ncccc12,-2.6774
COC(=O)c1cc(Cl)cc(N)c1Cl,COC(=O)c1cc(Cl)cc(N)c1Cl,-3.2634
CCC(C)(O)C(C)(C)C,CCC(C)(O)C(C)(C)C,-1.2708
CN(C)C(=O)CCC(=O)N(C)C,CN(C)C(=O)CCC(=O)N(C)C,0.5035
OC(=O)CC[Se][Se]CCC(O)=O,O=C(O)CC[Se][Se]CCC(=O)O,-2.2681
OCN1CC(=O)N(CO)CC1=O,O=C1CN(CO)C(=O)CN1CO,-0.4168
CC(C)C1C(=O)NC(=O)NC1=O,CC(C)C1C(=O)NC(=O)NC1=O,-1.4556
O=[P](Oc1ccccc1)(Oc2ccccc2)N3CCOCC3,O=P(Oc1ccccc1)(Oc1ccccc1)N1CCOCC1,-2.1425
CN(N=O)C(C)=O,CC(=O)N(C)N=O,-0.7684
ClC1(Cl)C2(Cl)C3C(CC4C3C1(Cl)C5(Cl)C4C25Cl)C=O,O=CC1CC2C3C1C1(Cl)C(Cl)(Cl)C3(Cl)C3(Cl)C2C13Cl,-7.2006
O=[S]=O,O=S=O,0.2235
CCNc1c(cc(cc1[N+]([O-])=O)[N+]([O-])=O)[N+]([O-])=O,CCNc1c([N+](=O)[O-])cc([N+](=O)[O-])cc1[N+](=O)[O-],-3.4085
Nc1sc2cccc(O)c2n1,Nc1nc2c(O)cccc2s1,-1.9196
CC1(CCOC1=O)C(O)=O,CC1(C(=O)O)CCOC1=O,0.8412
OC(=O)c1ccc2C(=O)c3ccccc3C(=O)c2c1C(O)=O,O=C(O)c1ccc2c(c1C(=O)O)C(=O)c1ccccc1C2=O,-2.8141
NC1=NC(=O)N(C=C1)[C@H]2CC[C@@H](CO)O2,Nc1ccn([C@H]2CC[C@@H](CO)O2)c(=O)n1,-0.4416
COC1(C)COC(C)(CO1)OC,COC1(C)COC(C)(OC)CO1,-1.246
COc1cc(\C=C\C)ccc1OCC([O-])=O,C/C=C/c1ccc(OCC(=O)[O-])c(OC)c1,-1.5826
O=C1CCCCCCCCCCCCN1,O=C1CCCCCCCCCCCCN1,-2.6260000000000003
OCc1cc(Cl)c(Cl)c(Cl)c1,OCc1cc(Cl)c(Cl)c(Cl)c1,-3.0948
II,II,-2.886
Oc1cccc2cncnc12,Oc1cccc2cncnc12,-2.0361
CCCCS[S](=O)CCCC,CCCCS[S+]([O-])CCCC,-2.2886
NCC(O)c1ccccc1,NCC(O)c1ccccc1,-0.4764
CC(Cl)C(C)Cl,CC(Cl)C(C)Cl,-2.3541
ON(C(=O)c1occc1)c2ccccc2,O=C(c1ccco1)N(O)c1ccccc1,-3.194
[H+].[F-],[F-].[H+],1.6988
O[S](O)(=O)=O,O=S(=O)(O)O,1.0084
CCCOC(=O)c1cccnc1,CCCOC(=O)c1cccnc1,-1.2403
Cn1c(COC(N)=O)ncc1[N+]([O-])=O,Cn1c([N+](=O)[O-])cnc1COC(N)=O,-1.8433
CCCCC(NC(C)=O)C(O)=O,CCCCC(NC(C)=O)C(=O)O,-0.6823
CO[P](=O)(OC)OC(/C)=C/C(=O)OC(C)c1ccccc1,COP(=O)(OC)O/C(C)=C/C(=O)OC(C)c1ccccc1,-2.4973
OC(=O)c1c(Cl)ccc2ccccc12,O=C(O)c1c(Cl)ccc2ccccc12,-2.3152
CCCOCCN(C(=O)CCl)c1c(CC)cccc1CC,CCCOCCN(C(=O)CCl)c1c(CC)cccc1CC,-3.795
N#N,N#N,-0.1901
O.O.O.O.O.[Cu++].[O-][S]([O-])(=O)=O,O.O.O.O.O.O=S(=O)([O-])[O-].[Cu+2],-0.8922
O[As](O)(O)=O,O=[As](O)(O)O,0.6187
O=O,O=O,0.0691
ClCl,ClCl,-1.0513
COC(=O)\C=C(/C)O[P](=O)(OC)OC,COC(=O)/C=C(\C)OP(=O)(OC)OC,0.4276
CCC(Cl)(Cl)Cl,CCC(Cl)(Cl)Cl,-1.8898
CCO[P](=O)(OCC)SCCSCC.CCO[P](=S)(OCC)OCCSCC,CCOP(=O)(OCC)SCCSCC.CCOP(=S)(OCC)OCCSCC,-3.9351
CCCC(C)c1cccc(OC(=O)NC)c1.CCC(CC)c2cccc(OC(=O)NC)c2,CCC(CC)c1cccc(OC(=O)NC)c1.CCCC(C)c1cccc(OC(=O)NC)c1,-3.947
CCCCCCCCOCCO,CCCCCCCCOCCO,-2.125
CC(C)[C@@H](O)C#N,CC(C)[C@@H](O)C#N,0.3048
CCC(CC)COC(C)=O,CCC(CC)COC(C)=O,-1.3528
ClC/C=C/Cl,Cl/C=C/CCl,-1.598
CC1CC1(C(O)=O)C(O)=O,CC1CC1(C(=O)O)C(=O)O,0.8412
OC(=O)CC(C(O)=O)(c1ccccc1)c2ccccc2,O=C(O)CC(C(=O)O)(c1ccccc1)c1ccccc1,-2.4318
NC(=O)C(Br)(Br)C#N,N#CC(Br)(Br)C(N)=O,-1.2075
COc1ccc(Cl)cc1C(=O)NCCc2ccc(cc2)[S](=O)(=O)NC(=O)NC3CCCCC3,COc1ccc(Cl)cc1C(=O)NCCc1ccc(S(=O)(=O)NC(=O)NC2CCCCC2)cc1,-5.0917
CO[P](N)(=O)SC,COP(N)(=O)SC,0.8504
CC(C)CN1CCOCC1,CC(C)CN1CCOCC1,-0.7089
CC(=O)N[C@@H](Cc1cc(Br)c(O)c(Br)c1)C(O)=O,CC(=O)N[C@@H](Cc1cc(Br)c(O)c(Br)c1)C(=O)O,-2.1830000000000003
OC(=O)c1ccc2ncccc2c1,O=C(O)c1ccc2ncccc2c1,-0.0456
O=C(NC1CCCCC1)c2cccnc2,O=C(NC1CCCCC1)c1cccnc1,-2.319
CC1(C)C2CCC1(C)C(=O)C2O,CC12CCC(C(O)C1=O)C2(C)C,-0.9249
Nc1cc(ccc1Br)[N+]([O-])=O,Nc1cc([N+](=O)[O-])ccc1Br,-3.5583
CCCCCCCCOCC(O)CO,CCCCCCCCOCC(O)CO,-1.9208
CCOC(=O)CCCOc1ccc(Cl)cc1C,CCOC(=O)CCCOc1ccc(Cl)cc1C,-4.4095
OC1(CCN(CCCC(=O)c2ccc(F)cc2)CC1)c3ccc(Br)cc3,O=C(CCCN1CCC(O)(c2ccc(Br)cc2)CC1)c1ccc(F)cc1,-3.6693
Cc1c(Cl)c(O)c(Cl)c(Cl)c1Cl,Cc1c(Cl)c(O)c(Cl)c(Cl)c1Cl,-4.6021
CCO[P](=O)(OC)OC,CCOP(=O)(OC)OC,0.5112
CCO[P](=S)(OCC)SC[S](=O)C(C)(C)C,CCOP(=S)(OCC)SC[S+]([O-])C(C)(C)C,-2.4421
CC(C)OC(=O)c1cc(cc(c1)[N+]([O-])=O)C(=O)OC(C)C,CC(C)OC(=O)c1cc(C(=O)OC(C)C)cc([N+](=O)[O-])c1,-5.0389
COC(=O)[C@@]1(O)OC[C@@]23[C@H](C[C@@H](OC(C)=O)[C@]4(CO[C@@H]([C@@H](O)[C@](C)([C@H]12)[C@]56O[C@@]5(C)[C@H]7C[C@@H]6O[C@@H]8OC=C[C@]78O)[C@H]34)C(=O)OC)OC(=O)C(/C)=C/C,C/C=C(\C)C(=O)O[C@H]1C[C@@H](OC(C)=O)[C@@]2(C(=O)OC)CO[C@H]3[C@@H](O)[C@@](C)([C@]45O[C@@]4(C)[C@H]4C[C@@H]5O[C@@H]5OC=C[C@@]54O)[C@H]4[C@]1(CO[C@]4(O)C(=O)OC)[C@@H]32,-3.4428
O[P](O)(=O)CCCl,O=P(O)(O)CCCl,0.8401
[Mn].C[c-]1cccc1.[C-]#[O+].[C-]#[O+].[C-]#[O+],C[c-]1cccc1.[C-]#[O+].[C-]#[O+].[C-]#[O+].[Mn],-3.8762
CCOc1cc(N=Nc2cc(cc(c2Br)[N+]([O-])=O)[N+]([O-])=O)c(NC(C)=O)cc1N(CCOC(C)=O)CCOC(C)=O,CCOc1cc(N=Nc2cc([N+](=O)[O-])cc([N+](=O)[O-])c2Br)c(NC(C)=O)cc1N(CCOC(C)=O)CCOC(C)=O,-8.8336
CNC(=O)Oc1cc(C)cc(C)c1C,CNC(=O)Oc1cc(C)cc(C)c1C,-1.9851
OC(=O)CC[Ge](=O)O[Ge](=O)CCC(O)=O,O=C(O)C[CH2][Ge](=[O])[O][Ge](=[O])[CH2]CC(=O)O,-1.4932
COc1ccc(cc1)C(O)(C2CC2)c3cncnc3,COc1ccc(C(O)(c2cncnc2)C2CC2)cc1,-2.5959
CC(C)OCC(O)COC(C)C,CC(C)OCC(O)COC(C)C,0.0549
CC(=O)c1ccc(O)c(c1)C([O-])=O,CC(=O)c1ccc(O)c(C(=O)[O-])c1,-2.2304
ClCC(Cl)(Cl)CCl,ClCC(Cl)(Cl)CCl,-2.5785
COC1[C@H](O)C(CO[C@@H]2C(O)C[C@@H](O)OC2C)O[C@@H](O[C@H]3CC[C@]4(C)C5CC[C@]6(C)[C@H](CC[C@]6(O)C5CC[C@]4(O)C3)C7=CC(=O)OC7)C1O,COC1C(O)[C@H](O[C@H]2CC[C@]3(C)C4CC[C@]5(C)[C@@H](C6=CC(=O)OC6)CC[C@]5(O)C4CC[C@]3(O)C2)OC(CO[C@@H]2C(O)C[C@@H](O)OC2C)[C@H]1O,-1.94
CN(C)C(=O)c1ccc(cc1)C(=O)N(C)C,CN(C)C(=O)c1ccc(C(=O)N(C)C)cc1,0.2656
O=C(Nc1ccccn1)c2cccnc2,O=C(Nc1ccccn1)c1cccnc1,-2.9771
CCN(CC)C(=O)\C(Cl)=C(/C)O[P](=O)(OC)OC,CCN(CC)C(=O)/C(Cl)=C(\C)OP(=O)(OC)OC,0.5233
[O-][N+](=O)c1ccc(ONC=C2C=C(Br)C(=O)C(=C2)Br)c(c1)[N+]([O-])=O,O=C1C(Br)=CC(=CNOc2ccc([N+](=O)[O-])cc2[N+](=O)[O-])C=C1Br,-6.6637
CCCS[P](=O)(OCC)SCCC,CCCSP(=O)(OCC)SCCC,-2.5094
O=C1Nc2cncnc2N1,O=c1[nH]c2cncnc2[nH]1,-1.5141
CN(CC(O)=O)N=O,CN(CC(=O)O)N=O,0.9278
NC(=N)NC(=N)Nc1cccc2ccccc12,N=C(N)NC(=N)Nc1cccc2ccccc12,-2.3151
CCO[P](=O)(OCC)SCc1ccccc1,CCOP(=O)(OCC)SCc1ccccc1,-2.4155
Nc1c(cc(Nc2ccc(c(Nc3nc(Cl)nc(Cl)n3)c2)[S](O)(=O)=O)c4C(=O)c5ccccc5C(=O)c14)[S](O)(=O)=O,Nc1c(S(=O)(=O)O)cc(Nc2ccc(S(=O)(=O)O)c(Nc3nc(Cl)nc(Cl)n3)c2)c2c1C(=O)c1ccccc1C2=O,0.1956
CCCCNCC,CCCCNCC,-0.4405
CN1C(=O)N(C)c2nccnc2C1=O,Cn1c(=O)c2nccnc2n(C)c1=O,-1.4598
CC1(C)Cc2cccc(c2O1)[N+]([O-])=O,CC1(C)Cc2cccc([N+](=O)[O-])c2O1,-3.2068
CC(=O)N[C@@H](CSc1ccc(Cl)c(Cl)c1)C(O)=O,CC(=O)N[C@@H](CSc1ccc(Cl)c(Cl)c1)C(=O)O,-2.8868
CCOC(=O)c1cn2nc(O[P](=S)(OCC)OCC)cc2nc1C,CCOC(=O)c1cn2nc(OP(=S)(OCC)OCC)cc2nc1C,-4.9489
IC1=CNC(=O)C=C1,O=c1ccc(I)c[nH]1,-1.7423
NC(N)=NCCCCCCCCNCCCCCCCCN=C(N)N,NC(N)=NCCCCCCCCNCCCCCCCCN=C(N)N,0.3322
CCNc1nc(OC)nc(n1)N(CC)CC,CCNc1nc(OC)nc(N(CC)CC)n1,-2.9987
CCCCOC(=O)C(C)OC(=O)C(C)O,CCCCOC(=O)C(C)OC(=O)C(C)O,-1.3752
NC(=O)NCNC(N)=O,NC(=O)NCNC(N)=O,-0.6525
CCC(O)CN,CCC(O)CN,1.0499
ClC1=C(Cl)C2(Cl)C3CCC4C(CCC3C1(Cl)C2(Cl)Cl)C5(Cl)C(=C(Cl)C4(Cl)C5(Cl)Cl)Cl,ClC1=C(Cl)C2(Cl)C3CCC4C(CCC3C1(Cl)C2(Cl)Cl)C1(Cl)C(Cl)=C(Cl)C4(Cl)C1(Cl)Cl,-13.1719
CCO[P](=S)(OCC)Oc1cnc2ccccc2n1,CCOP(=S)(OCC)Oc1cnc2ccccc2n1,-4.1322
OC(=O)c1cc[n+]([O-])cc1,O=C(O)c1cc[n+]([O-])cc1,-1.102
CCCC1CCCNC1,CCCC1CCCNC1,-1.011
CC(CCl)O[P](=O)(OC(C)CCl)OC(C)CCl,CC(CCl)OP(=O)(OC(C)CCl)OC(C)CCl,-2.4361
CC(=O)OC1(CCC2C3C=C(Cl)C4=CC(=O)C=CC4(C)C3CCC12C)C(C)=O,CC(=O)OC1(C(C)=O)CCC2C3C=C(Cl)C4=CC(=O)C=CC4(C)C3CCC21C,-4.9453
OC[C@@H](NC(=O)CN=[N+]=[N-])[C@H](O)c1ccc(cc1)[N+]([O-])=O,[N-]=[N+]=NCC(=O)N[C@H](CO)[C@H](O)c1ccc([N+](=O)[O-])cc1,-1.1692
CCC(C)N,CCC(C)N,0.1851
OC(=O)\C=C\CBr,O=C(O)/C=C/CBr,-0.7403
CN1c2ccccc2Sc3ccc(CC(O)=O)cc13,CN1c2ccccc2Sc2ccc(CC(=O)O)cc21,-3.9422
C/C=C/CC1(C\C=C\C)C(=O)NC(=O)NC1=O,C/C=C/CC1(C/C=C/C)C(=O)NC(=O)NC1=O,-2.1973
Cc1oc(cc1C([O-])=O)[C@H](O)[C@H](O)[C@H](O)CO,Cc1oc([C@H](O)[C@H](O)[C@H](O)CO)cc1C(=O)[O-],-1.2774
CN(C)c1ncnc2nccnc12,CN(C)c1ncnc2nccnc12,-1.0216
CCOCCC(=O)OC,CCOCCC(=O)OC,-0.0719
CCCCOC(=O)CCOCC,CCCCOC(=O)CCOCC,-1.6391
CCCCCOC(=O)CCOCC,CCCCCOC(=O)CCOCC,-2.1956
CCCCCCOC(=O)CCOCC,CCCCCCOC(=O)CCOCC,-2.8289
CCCOCCC(=O)OC,CCCOCCC(=O)OC,-0.6334
CCCOCCC(=O)OCCC,CCCOCCC(=O)OCCC,-1.6848
CCCCOCCC(=O)OCCCC,CCCCOCCC(=O)OCCCC,-2.4029
C1COc2ccccc2OCCOCCOc3ccccc3OCCO1,c1ccc2c(c1)OCCOCCOc1ccccc1OCCOCCO2,-4.6935
COc1ccc(Oc2ccc(NC(=O)N(C)C)cc2)cc1,COc1ccc(Oc2ccc(NC(=O)N(C)C)cc2)cc1,-4.1558
FC(F)(F)c1nc2cc(Cl)c(Cl)cc2n1C(=O)Oc3ccccc3,O=C(Oc1ccccc1)n1c(C(F)(F)F)nc2cc(Cl)c(Cl)cc21,-4.4603
CC(C)C(N)C(=O)NCC(O)=O,CC(C)C(N)C(=O)NCC(=O)O,0.4579
CN(C)C(=O)c1cccc(c1)C(=O)N(C)C,CN(C)C(=O)c1cccc(C(=O)N(C)C)c1,0.487
OC(=O)CCC[Se][Se]CCCC(O)=O,O=C(O)CCC[Se][Se]CCCC(=O)O,-2.2471
CCOC(=O)COc1ccc(Cl)cc1,CCOC(=O)COc1ccc(Cl)cc1,-2.4206
COC(=O)C(Cl)Cc1ccc(Cl)cc1,COC(=O)C(Cl)Cc1ccc(Cl)cc1,-3.7655
Cc1ccccc1Oc2cccnn2,Cc1ccccc1Oc1cccnn1,-1.969
CN1C(=O)NN(C1=O)c2ccccc2,Cn1c(=O)[nH]n(-c2ccccc2)c1=O,-2.9804
NC(=O)c1ccccc1OCC=C,C=CCOc1ccccc1C(N)=O,-2.2273
CC(C)C1NC(=O)CNC1=O,CC(C)C1NC(=O)CNC1=O,-0.8926
CCCC(C)C(O)CC,CCCC(C)C(O)CC,-1.9636
CC1(C)CCC2(CCC(C)(C)O2)O1,CC1(C)CCC2(CCC(C)(C)O2)O1,-1.9644
Oc1ccccc1[S](=O)(=O)c2ccccc2O,O=S(=O)(c1ccccc1O)c1ccccc1O,-3.3192
[O-]C(=O)[C@H](Cc1ccccc1)[NH2+]CCC#N,N#CCC[NH2+][C@@H](Cc1ccccc1)C(=O)[O-],-1.4939
ClC(Cl)C(Cl)C(Cl)Cl,ClC(Cl)C(Cl)C(Cl)Cl,-2.7223
NC(Cc1cc(Cl)c(O)c(Cl)c1)C(O)=O,NC(Cc1cc(Cl)c(O)c(Cl)c1)C(=O)O,-1.7546
OC(=O)CC(O)(CC(O)=O)C(=O)Nc1ccccc1,O=C(O)CC(O)(CC(=O)O)C(=O)Nc1ccccc1,-0.4874
COC(=O)c1ccc(O)c(I)c1,COC(=O)c1ccc(O)c(I)c1,-3.3138
CCOC(=O)c1ccc(O)c(I)c1,CCOC(=O)c1ccc(O)c(I)c1,-3.4924
CCCOC(=O)c1ccc(O)c(I)c1,CCCOC(=O)c1ccc(O)c(I)c1,-3.6865
CCCCOC(=O)c1ccc(O)c(I)c1,CCCCOC(=O)c1ccc(O)c(I)c1,-3.9033
C[C@@H](Oc1ccc(Cl)cc1Cl)C(O)=O,C[C@@H](Oc1ccc(Cl)cc1Cl)C(=O)O,-2.6003
CNC(=O)O\N=C1/[C@@H](Cl)C2C[C@H](C#N)C1C2,CNC(=O)O/N=C1/C2CC(C[C@@H]2C#N)[C@@H]1Cl,-2.0822
CCN(CC)C(=O)C(C)Oc1cccc2ccccc12,CCN(CC)C(=O)C(C)Oc1cccc2ccccc12,-3.5702
Ic1ccccc1C(=O)Nc2ccccc2,O=C(Nc1ccccc1)c1ccccc1I,-4.2084
OCc1c2OCOc2ccc1[N+]([O-])=O,O=[N+]([O-])c1ccc2c(c1CO)OCO2,-3.0643
[O-][N+](=O)c1ccc(Oc2ccc(cc2[N+]([O-])=O)C(F)(F)F)cc1,O=[N+]([O-])c1ccc(Oc2ccc(C(F)(F)F)cc2[N+](=O)[O-])cc1,-5.2151
CN[S]#CNCO,CNS#CNCO,-0.0798
CC(OC(C)=O)C#N,CC(=O)OC(C)C#N,0.2475
N.N.[Cl-].[Cl-].[Pt++],N.N.[Cl-].[Cl-].[Pt+2],-2.0741
O=C1Nc2ccccc2NC1=O,O=c1[nH]c2ccccc2[nH]c1=O,-2.812
CCCCC(C)(C)CCC,CCCCC(C)(C)CCC,-4.8108
OC(=O)CSSSSCC(O)=O,O=C(O)CSSSSCC(=O)O,-1.452
CCCCOCCOC(N)=O,CCCCOCCOC(N)=O,-0.5084
OCc1c(Cl)c(Cl)c(Cl)c(Cl)c1Cl,OCc1c(Cl)c(Cl)c(Cl)c(Cl)c1Cl,-5.1467
OC(=O)CC(Cl)C(O)=O,O=C(O)CC(Cl)C(=O)O,0.0767
CCNC(=O)[C@H](C)OC(=O)Nc1ccccc1,CCNC(=O)[C@H](C)OC(=O)Nc1ccccc1,-1.8293
CCCCCC[P](=O)(OCC)OCC,CCCCCCP(=O)(OCC)OCC,-2.5687
Oc1cc2ccccc2cc1C3=NCCN3,Oc1cc2ccccc2cc1C1=NCCN1,-3.3015
Cc1ccc(O)c(I)c1,Cc1ccc(O)c(I)c1,-2.4662
CC(=O)Oc1ccccc1\C=C\C(O)=O,CC(=O)Oc1ccccc1/C=C/C(=O)O,-3.1559
CCOC(=O)c1ccc(O)c(Cl)c1,CCOC(=O)c1ccc(O)c(Cl)c1,-3.2232
CC(C)C[C@H](N)C(=O)N[C@@H](CCC(O)=O)C(O)=O,CC(C)C[C@H](N)C(=O)N[C@@H](CCC(=O)O)C(=O)O,-0.8969
CCCC(=O)N(C)N=O,CCCC(=O)N(C)N=O,-1.5347
C[C@@H](Oc1ccc(Cl)cc1C)C(O)=O,Cc1cc(Cl)ccc1O[C@H](C)C(=O)O,-2.3972
NC(=O)C(Cl)=C,C=C(Cl)C(N)=O,-0.2104
C=COC1CC1,C=COC1CC1,-1.1001
CC1(CCN2CCCCC2)NC(=O)NC1=O,CC1(CCN2CCCCC2)NC(=O)NC1=O,-0.8213
CC(=O)O[C@H]1[C@H](O[C@@H]2OC(C)(C)O[C@H]12)[C@H]3COC(C)(C)O3,CC(=O)O[C@@H]1[C@H]2OC(C)(C)O[C@H]2O[C@@H]1[C@H]1COC(C)(C)O1,-1.5229
NNC(=O)c1sccn1,NNC(=O)c1nccs1,-0.6787
CNC(=O)O\N=C(/C)SC,CNC(=O)O/N=C(\C)SC,-0.4466
COc1cc(Cl)c(Cl)c(Cl)c1OC,COc1cc(Cl)c(Cl)c(Cl)c1OC,-4.3701
COc1cc(Cl)ccc1O,COc1cc(Cl)ccc1O,-1.5013
Nc1ccc(cc1)[S](=O)(=O)Nc2scnn2,Nc1ccc(S(=O)(=O)Nc2nncs2)cc1,-2.8684
CCOC(=O)CC1(C)CCC(=O)O1,CCOC(=O)CC1(C)CCC(=O)O1,-0.7472
CCC(C(C(O)=O)c1ccccc1)C(O)=O,CCC(C(=O)O)C(C(=O)O)c1ccccc1,-2.3256
ON(c1ccccc1)C(=O)c2ccc(Cl)cc2Cl,O=C(c1ccc(Cl)cc1Cl)N(O)c1ccccc1,-3.6723
CSc1ncc2nccnc2n1,CSc1ncc2nccnc2n1,-1.7561
CC(C)C1(Br)C(=O)NC(=O)NC1=O,CC(C)C1(Br)C(=O)NC(=O)NC1=O,-2.2088
N[S](=O)(=O)c1ccc(cc1)[S](N)(=O)=O,NS(=O)(=O)c1ccc(S(N)(=O)=O)cc1,-2.5283
CCCCC1(CCCC)C(=O)NC(=O)NC1=O,CCCCC1(CCCC)C(=O)NC(=O)NC1=O,-2.8756
Oc1cccc2ccnnc12,Oc1cccc2ccnnc12,-2.4089
Cc1cnnc2c(O)cccc12,Cc1cnnc2c(O)cccc12,-2.6783
Oc1cccc2nccnc12,Oc1cccc2nccnc12,-1.3468
Oc1cncc2cccnc12,Oc1cncc2cccnc12,-1.6576
NC(=O)NCC(=O)NCC(=O)NCC(O)=O,NC(=O)NCC(=O)NCC(=O)NCC(=O)O,-1.3505
CCNC(CC)C(O)=O,CCNC(CC)C(=O)O,-0.4189
O[C@H](C(O)=O)c1ccccc1,O=C(O)[C@@H](O)c1ccccc1,0.1592
NC(=O)NCC(=O)NCC(O)=O,NC(=O)NCC(=O)NCC(=O)O,-0.8996
CC(C)OC(C)(C)C,CC(C)OC(C)(C)C,-2.3662
N[C@@H](Cc1cc(c(O)c(c1)[N+]([O-])=O)[N+]([O-])=O)C(O)=O,N[C@@H](Cc1cc([N+](=O)[O-])c(O)c([N+](=O)[O-])c1)C(=O)O,-1.5125
CC(C)=NNC(=O)Nc1ccc(cc1)[N+]([O-])=O,CC(C)=NNC(=O)Nc1ccc([N+](=O)[O-])cc1,-3.5952
COc1c(cc(cc1C(O)=O)C(O)=O)C(O)=O,COc1c(C(=O)O)cc(C(=O)O)cc1C(=O)O,-1.5354
CCC1OC(=O)c2ccccc12,CCC1OC(=O)c2ccccc21,-1.747
CC1Nc2cc(Cl)c(cc2C(=O)N1c3ccccc3C)[S](N)(=O)=O,Cc1ccccc1N1C(=O)c2cc(S(N)(=O)=O)c(Cl)cc2NC1C,-3.783
Cc1nnc(N)nc1C,Cc1nnc(N)nc1C,-1.0939
CN(C)C(CS[S](=O)(=O)c1ccccc1)CS[S](=O)(=O)c2ccccc2,CN(C)C(CSS(=O)(=O)c1ccccc1)CSS(=O)(=O)c1ccccc1,-5.76
CCC(CC#N)C#N,CCC(C#N)CC#N,-0.6916
CC1OC(CCC1OC2OC(C)C(C(O)C2O)N(C)C)N3C=CC(=NC3=O)NC(=O)c4ccc(NC(=O)C(C)(N)CO)cc4,CC1OC(n2ccc(NC(=O)c3ccc(NC(=O)C(C)(N)CO)cc3)nc2=O)CCC1OC1OC(C)C(N(C)C)C(O)C1O,-2.4904
OCCOC(=O)c1ccccc1C(O)=O,O=C(O)c1ccccc1C(=O)OCCO,-1.4825
Nc1cc(c(O)c(c1)[N+]([O-])=O)[N+]([O-])=O,Nc1cc([N+](=O)[O-])c(O)c([N+](=O)[O-])c1,-2.3853
OC(=O)Cc1sc(nc1c2ccc(Cl)cc2)c3ccccc3,O=C(O)Cc1sc(-c2ccccc2)nc1-c1ccc(Cl)cc1,-4.9644
C=CCCCN=C=S,C=CCCCN=C=S,-2.9004
Oc1cc(ccc1[N+]([O-])=O)c2ccccc2,O=[N+]([O-])c1ccc(-c2ccccc2)cc1O,-3.8557
COc1c(C)c(C=O)ccc1O,COc1c(O)ccc(C=O)c1C,-1.3755
CC(C)OC(=O)c1ccc(N)cc1,CC(C)OC(=O)c1ccc(N)cc1,-2.6099
C[Si](C)(C)CCCN,C[Si](C)(C)CCCN,-1.9509
NNC(=N)N[N+]([O-])=O,N=C(NN)N[N+](=O)[O-],-1.6458
OCc1ccc(I)cc1,OCc1ccc(I)cc1,-2.7460000000000004
CC1CCCC(=NO)C1=NO,CC1CCCC(=NO)C1=NO,-1.5916
CC1CCC(=C(C1)NO)N=O,CC1CCC(N=O)=C(NO)C1,-1.6622
CC(C)C1CCC(=NO)C(C1)=NO,CC(C)C1CCC(=NO)C(=NO)C1,-2.3903
C[C@H](NC(N)=O)C([O-])=O,C[C@H](NC(N)=O)C(=O)[O-],-0.9656
Cc1cccc2c3cc4ccccc4cc3cc(C)c12,Cc1cccc2c1c(C)cc1cc3ccccc3cc12,-7.9743
ON=C1CCCCCCCCC1=NO,ON=C1CCCCCCCCC1=NO,-2.5813
COC(=O)C1=CO[C@@H](O[C@@H]2O[C@H](CO)[C@@H](O)[C@H](O)[C@H]2O)[C@@H]3[C@@H](C)[C@@H](O)C[C@H]13,COC(=O)C1=CO[C@@H](O[C@@H]2O[C@H](CO)[C@@H](O)[C@H](O)[C@H]2O)[C@@H]2[C@@H](C)[C@@H](O)C[C@H]12,-0.5911
CCS[S](=O)CC,CCS[S+]([O-])CC,-0.0993
CC(C)(C)NCC(O)c1ccc(O)c(CO)c1,CC(C)(C)NCC(O)c1ccc(O)c(CO)c1,-1.2298
COC1CCCC(C)O1,COC1CCCC(C)O1,-0.5921
CC1(C)OC2(C)CCC1CC2=O,CC12CCC(CC1=O)C(C)(C)O2,-0.9249
CNC(=O)N(C)c1sc2ccccc2n1,CNC(=O)N(C)c1nc2ccccc2s1,-3.5741
CCCCC(O)C(C)C,CCCCC(O)C(C)C,-1.8122
CCC(C)CC(O)CC,CCC(C)CC(O)CC,-1.8602
CCC(O)CCC(C)C,CCC(O)CCC(C)C,-1.9272
OC(=O)C1CCC([Se]1)C(O)=O,O=C(O)C1CCC(C(=O)O)[Se]1,-0.545
CCO[P](=S)(OCC)Oc1cc(on1)c2ccccc2,CCOP(=S)(OCC)Oc1cc(-c2ccccc2)on1,-5.2172
CC(C)CC(=O)Oc1ccc(cc1)[N+]([O-])=O,CC(C)CC(=O)Oc1ccc([N+](=O)[O-])cc1,-4.3945
OCc1ccccc1Br,OCc1ccccc1Br,-2.158
CC(=O)Nc1ccc(cc1)[S](=O)(=O)Nc2ccccn2,CC(=O)Nc1ccc(S(=O)(=O)Nc2ccccn2)cc1,-3.7162
CCc1nc2nc(N)nc(N)c2nc1CC,CCc1nc2nc(N)nc(N)c2nc1CC,-3.2671
CNc1ncc2nccnc2n1,CNc1ncc2nccnc2n1,-1.7124
COc1cc(NC(=O)c2cccnc2)c3ncccc3c1,COc1cc(NC(=O)c2cccnc2)c2ncccc2c1,-4.4461
N[C@@H]([C@H](O)[C@@H](O)COC(N)=O)C(=O)N[C@@H]([C@H]1O[C@H](C(O)C1O)N2C=C(CO)C(=O)NC2=O)C(O)=O,NC(=O)OC[C@H](O)[C@@H](O)[C@H](N)C(=O)N[C@H](C(=O)O)[C@H]1O[C@@H](n2cc(CO)c(=O)[nH]c2=O)C(O)C1O,0.2946
COc1cc(C=O)cc(Cl)c1O,COc1cc(C=O)cc(Cl)c1O,-2.8747
Brc1ccc2COC(=O)c2c1,O=C1OCc2ccc(Br)cc21,-2.6472
CCC(C)C(O)C(C)CC,CCC(C)C(O)C(C)CC,-2.5108
Oc1c(Cl)cc(Cl)cc1Cc2ccccc2,Oc1c(Cl)cc(Cl)cc1Cc1ccccc1,-4.6399
Clc1ccc2COC(=O)c2c1,O=C1OCc2ccc(Cl)cc21,-2.4817
CCOc1ccc(C(O)=O)c2ccccc12,CCOc1ccc(C(=O)O)c2ccccc12,-4.1122
CCC(C)(O)C(O)c1ccccc1,CCC(C)(O)C(O)c1ccccc1,-1.7244
CC(C)C[C@@H](NC(C)=O)C(O)=O,CC(=O)N[C@H](CC(C)C)C(=O)O,-1.3301
COC[C@H](N)C(O)=O,COC[C@H](N)C(=O)O,0.6524
BrC1=CN=CNC1=O,O=c1[nH]cncc1Br,-0.4471
OC1=C(C#N)C(=O)C=C(Cl)N1,N#Cc1c(O)[nH]c(Cl)cc1=O,-1.2319
CC(CO)C(=O)O[C@H]1CC(=C/CCC(=C/[C@H]2OC(=O)C(=C)[C@H]12)/CO)/C,C=C1C(=O)O[C@@H]2/C=C(\CO)CC/C=C(\C)C[C@H](OC(=O)C(C)CO)[C@@H]12,-2.2436
CCNC(C)C,CCNC(C)C,1.0597
Clc1c(Cl)c(Cl)c2ccccc2c1Cl,Clc1c(Cl)c(Cl)c2ccccc2c1Cl,-7.7954
CCCCCCCCCCCCOC(=O)c1ccc(N)cc1,CCCCCCCCCCCCOC(=O)c1ccc(N)cc1,-7.8
CCCCCN(N=Cc1oc(cc1)[N+]([O-])=O)C(N)=O,CCCCCN(N=Cc1ccc([N+](=O)[O-])o1)C(N)=O,-2.8971
ClC(Cl)(Cl)CC(=C)c1ccccc1,C=C(CC(Cl)(Cl)Cl)c1ccccc1,-4.2822
COc1ccc2n(c(C)c(CC(O)=O)c2c1)C(=O)\C=C\c3ccccc3,COc1ccc2c(c1)c(CC(=O)O)c(C)n2C(=O)/C=C/c1ccccc1,-5.5433
CCCCCO[P](=O)(OCC)OCC,CCCCCOP(=O)(OCC)OCC,-1.4757
CC(O)C(C)(C)C,CC(O)C(C)(C)C,-0.6238
CCCCCC(O)CC,CCCCCC(O)CC,-2.0171
CC[S](=O)(=O)CCS[P](=S)(OC)OC,CCS(=O)(=O)CCSP(=S)(OC)OC,-2.5415
COCC(C)OCC(C)OCC(C)O,COCC(C)OCC(C)OCC(C)O,0.6855
CCCOc1ccc(NC(C)=O)cc1,CCCOc1ccc(NC(C)=O)cc1,-3.0557
CC1(C)C2CCC1(C)C(=O)C2CO,CC12CCC(C(CO)C1=O)C2(C)C,-0.215
CN(C(N)=O)c1ccccc1C,Cc1ccccc1N(C)C(N)=O,-0.4032
CCCCCCO[N+]([O-])=O,CCCCCCO[N+](=O)[O-],-3.1265
CCN(C(N)=O)c1ccccc1C,CCN(C(N)=O)c1ccccc1C,-0.2096
OC(=O)CC1=CNC(=O)NC1=O,O=C(O)Cc1c[nH]c(=O)[nH]c1=O,-1.6287
CCCC(O)(CCC)C(O)c1ccccc1,CCCC(O)(CCC)C(O)c1ccccc1,-2.648
CCCCC(O)(CCCC)C(O)c1ccccc1,CCCCC(O)(CCCC)C(O)c1ccccc1,-3.2225
Cc1cc(C)c(C)c(C)n1,Cc1cc(C)c(C)c(C)n1,-1.3069
C[C@H]1O[C@H](C[C@H](O)[C@@H]1O)O[C@H]2[C@@H](O)C[C@@H](O[C@@H]2C)O[C@H]3[C@@H](O)C[C@@H](O[C@@H]3C)O[C@H]4CC[C@@]5(C)[C@H](CC[C@@H]6[C@@H]5C[C@@H](O)[C@]7(C)[C@H](CC[C@]67O)C8=CC(=O)OC8)C4,C[C@H]1O[C@@H](O[C@H]2[C@@H](O)C[C@H](O[C@H]3[C@@H](O)C[C@H](O[C@H]4CC[C@@]5(C)[C@H](CC[C@@H]6[C@@H]5C[C@@H](O)[C@]5(C)[C@@H](C7=CC(=O)OC7)CC[C@]65O)C4)O[C@@H]3C)O[C@@H]2C)C[C@H](O)[C@@H]1O,-4.0811
Clc1ccc(NC(NC=O)C(Cl)(Cl)Cl)cc1Cl,O=CNC(Nc1ccc(Cl)c(Cl)c1)C(Cl)(Cl)Cl,-3.3228
S=C1NSC(=S)N1,S=c1[nH]sc(=S)[nH]1,-1.7618
CC1CC(C)(C)c2cc(C(C)=O)c(C)cc2C1(C)C,CC(=O)c1cc2c(cc1C)C(C)(C)C(C)CC2(C)C,-5.3154
OC(=O)c1cccc(C(O)=O)c1[N+]([O-])=O,O=C(O)c1cccc(C(=O)O)c1[N+](=O)[O-],-1.9901
CC(C#C)N(C(=O)CCl)c1ccccc1,C#CC(C)N(C(=O)CCl)c1ccccc1,-2.6468
CC(Cl)C(C)(C)O,CC(Cl)C(C)(C)O,-0.2926
Oc1cc(c2ccccc2)c(cc1[N+]([O-])=O)[N+]([O-])=O,O=[N+]([O-])c1cc([N+](=O)[O-])c(-c2ccccc2)cc1O,-4.4611
CCO[P](=O)(OCC)N=C1SCS1,CCOP(=O)(N=C1SCS1)OCC,-0.6835
N#CSCSc1sc2ccccc2n1,N#CSCSc1nc2ccccc2s1,-3.2803
CCCC(O)CC(C)C,CCCC(O)CC(C)C,-1.9079
[O-]C(=O)c1cc(Br)ccc1Cl,O=C([O-])c1cc(Br)ccc1Cl,-1.952
CN1C(=O)COc2ccccc12,CN1C(=O)COc2ccccc21,-2.1445
CC(=O)OC(c1ccc(Cl)c(Cl)c1)C(Cl)(Cl)Cl,CC(=O)OC(c1ccc(Cl)c(Cl)c1)C(Cl)(Cl)Cl,-3.8279
CCC(O)CNCC(O)CC,CCC(O)CNCC(O)CC,0.7925
CCCC(C)O[N+]([O-])=O,CCCC(C)O[N+](=O)[O-],-2.4809
[Cl-].C[NH+](C)C(CSC(N)=O)CSC(N)=O,C[NH+](C)C(CSC(N)=O)CSC(N)=O.[Cl-],-0.1364
Cc1snnc1C(O)=O,Cc1snnc1C(=O)O,-0.4598
CC(O)C(O)c1cnc2NC(=NC(=O)c2n1)N,CC(O)C(O)c1cnc2[nH]c(N)nc(=O)c2n1,-2.5301
CCOC(=O)C(C)N(C(=O)c1ccccc1)c2ccc(Cl)c(Cl)c2,CCOC(=O)C(C)N(C(=O)c1ccccc1)c1ccc(Cl)c(Cl)c1,-4.2627
CO[P](=O)(OC)OC(=C/Cl)/c1cc(Cl)c(Cl)cc1Cl,COP(=O)(OC)O/C(=C/Cl)c1cc(Cl)c(Cl)cc1Cl,-4.5221
CCOc1ccc(NC(=O)CO)cc1,CCOc1ccc(NC(=O)CO)cc1,-2.1058
OC(=O)C(c1ccccc1C(O)=O)c2ccccc2C(O)=O,O=C(O)c1ccccc1C(C(=O)O)c1ccccc1C(=O)O,-2.4998
C[S](=O)(=O)N(SC(Cl)(Cl)C(F)(Cl)Cl)c1ccccc1,CS(=O)(=O)N(SC(Cl)(Cl)C(F)(Cl)Cl)c1ccccc1,-5.1485
OC(=O)CC(=O)c1ccccc1[N+]([O-])=O,O=C(O)CC(=O)c1ccccc1[N+](=O)[O-],-1.8434
CNC(=O)Oc1cccc2OC(C)(C)Oc12,CNC(=O)Oc1cccc2c1OC(C)(C)O2,-2.9338
COc1ccc(C[C@@H]2NC[C@@H](O)[C@@H]2OC(C)=O)cc1,COc1ccc(C[C@@H]2NC[C@@H](O)[C@@H]2OC(C)=O)cc1,-1.6075
[Na+].[O-]C(=O)C(F)(F)C(F)F,O=C([O-])C(F)(F)C(F)F.[Na+],-0.8829
CCNc1nc(NC(C)C(C)C)nc(SC)n1,CCNc1nc(NC(C)C(C)C)nc(SC)n1,-3.7082
CC(C)Nc1nc(Cl)nc(NC2CC2)n1,CC(C)Nc1nc(Cl)nc(NC2CC2)n1,-3.5185
CC(C)=C[C@H]1[C@H](C(=O)OC2CC(=O)C(=C2C)CC#C)C1(C)C,C#CCC1=C(C)C(OC(=O)[C@H]2[C@H](C=C(C)C)C2(C)C)CC1=O,-4.5746
CCn1cnc2N(C)C(=O)N(C)C(=O)c12,CCn1cnc2c1c(=O)n(C)c(=O)n2C,-0.7544
CN(C)C(=O)Oc1nc(nc(C)c1C)N(C)C,Cc1nc(N(C)C)nc(OC(=O)N(C)C)c1C,-1.9457
CNC(=O)O\N=C(SC)\C(=O)N(C)C,CNC(=O)O/N=C(\SC)C(=O)N(C)C,0.1062
CN1C(=O)N(C)c2ncn(CCCO)c2C1=O,Cn1c(=O)c2c(ncn2CCCO)n(C)c1=O,-0.1551
[H+].[Cl-].CNC(=O)Oc1cccc(c1)N=CN(C)C,CNC(=O)Oc1cccc(N=CN(C)C)c1.[Cl-].[H+],0.5037
CCO[P](=S)(OCC)Oc1cc(C)nc(n1)N(CC)CC,CCOP(=S)(OCC)Oc1cc(C)nc(N(CC)CC)n1,-4.9242
CO[P](=O)(OC)OC1=C(Cl)C2C=CCC12,COP(=O)(OC)OC1=C(Cl)C2C=CCC12,-2.0011
COC(=O)NC(=S)Nc1ccccc1NC(=S)NC(=O)OC,COC(=O)NC(=S)Nc1ccccc1NC(=S)NC(=O)OC,-4.1097
CC(C)(CCC(C)(C)CC(O)=O)CC(O)=O,CC(C)(CCC(C)(C)CC(=O)O)CC(=O)O,-3.1319
CCCCCCOC(=O)c1cccnc1,CCCCCCOC(=O)c1cccnc1,-2.6538
O[P](O)(=O)CN(CCCCCCN(C[P](O)(O)=O)C[P](O)(O)=O)C[P](O)(O)=O,O=P(O)(O)CN(CCCCCCN(CP(=O)(O)O)CP(=O)(O)O)CP(=O)(O)O,-1.5161
CN(C)c1[nH]c2cncnc2n1,CN(C)c1nc2ncncc2[nH]1,-1.3885
Cc1ncc2nc(C)c(C)nc2n1,Cc1ncc2nc(C)c(C)nc2n1,-1.1442
NC(=O)NN=C[C@H](O)[C@@H](O)[C@H](O)[C@H](O)CO,NC(=O)NN=C[C@H](O)[C@@H](O)[C@H](O)[C@H](O)CO,-1.0041
OC(=O)C1=CNC(=O)NC1=O,O=C(O)c1c[nH]c(=O)[nH]c1=O,-1.9381
CC(C)(NC(=O)c1cc(Cl)cc(Cl)c1)C#C,C#CC(C)(C)NC(=O)c1cc(Cl)cc(Cl)c1,-4.2324
CCO[P](=S)(OCC)Oc1ncn(n1)c2ccccc2,CCOP(=S)(OCC)Oc1ncn(-c2ccccc2)n1,-3.9049
CC1(C)OC(=O)c2cc3ccccc3cc12,CC1(C)OC(=O)c2cc3ccccc3cc21,-2.9844
CC(=O)Nc1ccc(Br)cc1C,CC(=O)Nc1ccc(Br)cc1C,-1.756
CC(C)COCN(C(=O)CCl)c1c(C)cccc1C,Cc1cccc(C)c1N(COCC(C)C)C(=O)CCl,-3.6822
Cc1occc1C(=O)Nc2ccccc2,Cc1occc1C(=O)Nc1ccccc1,-3.3037
CCCCC(CCC(O)=O)CC(O)=O,CCCCC(CCC(=O)O)CC(=O)O,-1.3974
CCCCCC1C(CCC1=O)CC(=O)OC,CCCCCC1C(=O)CCC1CC(=O)OC,-2.9076
O=C1N=CNc2nc(c3ccccc3)c(nc12)c4ccccc4,O=c1nc[nH]c2nc(-c3ccccc3)c(-c3ccccc3)nc12,-3.1766
Cc1cccc(I)c1O,Cc1cccc(I)c1O,-1.8378
Clc1ccc(Cl)c(Oc2ccccc2)c1,Clc1ccc(Cl)c(Oc2ccccc2)c1,-4.9703
Clc1ccc(Oc2cc(Cl)cc(Cl)c2)cc1,Clc1ccc(Oc2cc(Cl)cc(Cl)c2)cc1,-5.5201
CCO[P](=S)(OCC)SCCl,CCOP(=S)(OCC)SCCl,-3.5924
CCOC(=O)CN1C(=O)Sc2cccc(Cl)c12,CCOC(=O)Cn1c(=O)sc2cccc(Cl)c21,-3.762
OC(=O)COc1ccc(cc1[N+]([O-])=O)[N+]([O-])=O,O=C(O)COc1ccc([N+](=O)[O-])cc1[N+](=O)[O-],-1.9369
CCCCC(CC)COC(=O)COc1ccc(Cl)cc1Cl,CCCCC(CC)COC(=O)COc1ccc(Cl)cc1Cl,-7.0122
CCC\C=C\C,C/C=C/CCC,-3.2262
CCC(O)OC(O)CC,CCC(O)OC(O)CC,0.8723
N[S](=O)(=O)c1ccc(NC2O[C@H](CO)[C@@H](O)[C@H](O)[C@@H]2O)cc1,NS(=O)(=O)c1ccc(NC2O[C@H](CO)[C@@H](O)[C@H](O)[C@@H]2O)cc1,-0.9801
CCSC(=O)COc1ccc(Cl)cc1C,CCSC(=O)COc1ccc(Cl)cc1C,-5.027
CC(=O)C(=N\O)/c1ccccc1,CC(=O)/C(=N\O)c1ccccc1,-2.3676
CNC(=O)N(C)c1sc(nn1)C(F)(F)F,CNC(=O)N(C)c1nnc(C(F)(F)F)s1,-2.0584
Br\C=C\Br,Br/C=C/Br,-1.7415
OC(=O)\C=C/c1cccc(O)c1,O=C(O)/C=C\c1cccc(O)c1,-2.099
COCC(C)OCC(C)OC(C)CO,COCC(C)OCC(C)OC(C)CO,0.6855
[NH4+].CCO[P]([O-])(=O)C(N)=O,CCOP(=O)([O-])C(N)=O.[NH4+],0.7693
CSC1=CC(=O)c2ccccc2C1=O,CSC1=CC(=O)c2ccccc2C1=O,-4.4651
CCCN(CC1CC1)c2c(cc(cc2[N+]([O-])=O)C(F)(F)F)[N+]([O-])=O,CCCN(CC1CC1)c1c([N+](=O)[O-])cc(C(F)(F)F)cc1[N+](=O)[O-],-6.5407
CNC(=O)O/N=C/C1(C)SCC(C)S1,CNC(=O)O/N=C/C1(C)SCC(C)S1,-2.3698
Cc1ccc(O[P](=O)(Oc2ccccc2)Oc3ccccc3)cc1,Cc1ccc(OP(=O)(Oc2ccccc2)Oc2ccccc2)cc1,-6.1517
Cc1ccc(O[P](=O)(Oc2ccccc2)Oc3ccccc3C)cc1,Cc1ccc(OP(=O)(Oc2ccccc2)Oc2ccccc2C)cc1,-6.3733
CCCCCCCCN1SC=CC1=O,CCCCCCCCn1sccc1=O,-2.6301
Clc1ccccc1c2c(Cl)c(Cl)c(Cl)c(Cl)c2Cl,Clc1ccccc1-c1c(Cl)c(Cl)c(Cl)c(Cl)c1Cl,-8.0133
CCO[P](=O)(OCC)OCC(C)C,CCOP(=O)(OCC)OCC(C)C,-1.1765
CC(=O)C(CC(O)=O)=Cc1ccccc1,CC(=O)C(=Cc1ccccc1)CC(=O)O,-1.6111
BrC1=CNC(=NC1=O)c2ccccc2,O=c1nc(-c2ccccc2)[nH]cc1Br,-3.4792
CCCC(=O)OCCOCCOCCOC(=O)CCC,CCCC(=O)OCCOCCOCCOC(=O)CCC,-1.5598
O=C(NC(=O)c1cccnc1)Nc2ccccc2,O=C(NC(=O)c1cccnc1)Nc1ccccc1,-3.3825
ClC1CC(Cl)(Cl)C(Cl)C(Cl)C1Cl.ClC2CCC(Cl)(Cl)C(Cl)C2(Cl)Cl.ClC3C(Cl)C(Cl)C(Cl)C(Cl)C3Cl,ClC1C(Cl)C(Cl)C(Cl)C(Cl)C1Cl.ClC1CC(Cl)(Cl)C(Cl)C(Cl)C1Cl.ClC1CCC(Cl)(Cl)C(Cl)C1(Cl)Cl,-4.9408
CCCCCCCCCCC(O)CCC,CCCCCCCCCCC(O)CCC,-5.837000000000001
CNC1=C(Cl)C(=O)N(N=C1)c2cccc(c2)C(F)(F)F,CNc1cnn(-c2cccc(C(F)(F)F)c2)c(=O)c1Cl,-3.9548
Clc1c(Cl)c(Cl)c2C(=O)OCc2c1Cl,O=C1OCc2c(Cl)c(Cl)c(Cl)c(Cl)c21,-5.0365
CCOC(=O)Cc1[nH]nc2ccc(Cl)cc12,CCOC(=O)Cc1[nH]nc2ccc(Cl)cc12,-3.0256
ClC(Cl)C(=O)NC1=C(Cl)C(=O)c2ccccc2C1=O,O=C1C(Cl)=C(NC(=O)C(Cl)Cl)C(=O)c2ccccc21,-5.0261
CC(C)CCCCCOC(=O)c1ccccc1C(=O)OCCCCCC(C)C,CC(C)CCCCCOC(=O)c1ccccc1C(=O)OCCCCCC(C)C,-6.6375
C=CCOC1=N[S](=O)(=O)c2ccccc12,C=CCOC1=NS(=O)(=O)c2ccccc21,-3.1727
CCOC(C)C(=O)C(O)O,CCOC(C)C(=O)C(O)O,-0.1707
Brc1ccc(c(Br)c1Br)c2c(Br)c(Br)c(Br)c(Br)c2Br,Brc1ccc(-c2c(Br)c(Br)c(Br)c(Br)c2Br)c(Br)c1Br,-9.351
CC(C)c1ccccc1O[P](=O)(Oc2ccccc2)Oc3ccccc3,CC(C)c1ccccc1OP(=O)(Oc1ccccc1)Oc1ccccc1,-5.2239
S=C1Nc2nc[nH]c2C=N1,S=c1ncc2[nH]cnc2[nH]1,-2.5803
Oc1ccc(c(c2ccccc2)c1[N+]([O-])=O)[N+]([O-])=O,O=[N+]([O-])c1ccc(O)c([N+](=O)[O-])c1-c1ccccc1,-3.7164
CN(C)C(=S)Nc1ccc(Cl)cc1C,Cc1cc(Cl)ccc1NC(=S)N(C)C,-3.6604
Clc1cccc(Cl)c1Oc2ccccc2,Clc1cccc(Cl)c1Oc1ccccc1,-5.0605
CC(C)=CC1C(C(=O)OCc2coc(Cc3ccccc3)c2)C1(C)C,CC(C)=CC1C(C(=O)OCc2coc(Cc3ccccc3)c2)C1(C)C,-6.0524
OC(=O)[C@@H]1CC[C@@H](SS1)C(O)=O,O=C(O)[C@@H]1CC[C@H](C(=O)O)SS1,-1.1709
CN1C=C(C(=O)NC1=O)[N+]([O-])=O,Cn1cc([N+](=O)[O-])c(=O)[nH]c1=O,-1.9977
CCN(CC)c1c(cc(c(N)c1[N+]([O-])=O)C(F)(F)F)[N+]([O-])=O,CCN(CC)c1c([N+](=O)[O-])cc(C(F)(F)F)c(N)c1[N+](=O)[O-],-5.4668
CCN(OC(=O)c1ccccc1)C(=O)c2c(OC)ccc(Cl)c2OC,CCN(OC(=O)c1ccccc1)C(=O)c1c(OC)ccc(Cl)c1OC,-4.0837
CC(C)NCC(O)COc1ccc(CC(N)=O)cc1,CC(C)NCC(O)COc1ccc(CC(N)=O)cc1,-1.3016
CCC(CC)(C(N)=O)C(N)=O,CCC(CC)(C(N)=O)C(N)=O,-1.1992
COC(=O)N(C)C(=O)CS[P](C)(=S)OC,COC(=O)N(C)C(=O)CSP(C)(=S)OC,-1.9563
CCCCCCCCCCCCC(O)CCC,CCCCCCCCCCCCC(O)CCC,-6.7708
ON(c1ccccc1)C(=O)c2cccc3ccccc23,O=C(c1cccc2ccccc12)N(O)c1ccccc1,-3.9433
ON(C(=O)c1ccccc1)c2cccc3ccccc23,O=C(c1ccccc1)N(O)c1cccc2ccccc12,-3.3065
ON(c1ccccc1)C(=O)c2cc(cc(c2)[N+]([O-])=O)[N+]([O-])=O,O=C(c1cc([N+](=O)[O-])cc([N+](=O)[O-])c1)N(O)c1ccccc1,-3.6367
NC(=S)SCC(O)=O,NC(=S)SCC(=O)O,-0.7482
OC(=O)CNC(=S)SCC(O)=O,O=C(O)CNC(=S)SCC(=O)O,-1.3011
O=C(NCCc1c[nH]cn1)c2ccccc2,O=C(NCCc1c[nH]cn1)c1ccccc1,-0.634
CC(C)CCCCCCCO[P](=O)(Oc1ccccc1)Oc2ccccc2,CC(C)CCCCCCCOP(=O)(Oc1ccccc1)Oc1ccccc1,-5.7165
CCSCc1ccccc1OC(=O)NC,CCSCc1ccccc1OC(=O)NC,-2.0927
C1O[C@@H]1[C@@H]2CO2,C1O[C@@H]1[C@@H]1CO1,1.065
CC[S](=O)(=O)c1sc(nn1)N(C)C(=O)NC,CCS(=O)(=O)c1nnc(N(C)C(=O)NC)s1,-1.945
C[C@@H](Oc1cc(Cl)c(Cl)cc1Cl)C(O)=O,C[C@@H](Oc1cc(Cl)c(Cl)cc1Cl)C(=O)O,-3.1295
CCC1CCC(O)O1,CCC1CCC(O)O1,-0.0651
C1O[C@H]1[C@H]2CO2,C1O[C@H]1[C@H]1CO1,1.065
CC1CCC2(CCC(C)O2)O1,CC1CCC2(CCC(C)O2)O1,-0.4487
CC1=CN([C@H]2C[C@H](N=[N+]=[N-])[C@@H](CO)O2)C(=O)NC1=O,Cc1cn([C@H]2C[C@H](N=[N+]=[N-])[C@@H](CO)O2)c(=O)[nH]c1=O,-1.1221
OCCOCCOC(=O)c1ccccc1Nc2cccc(c2)C(F)(F)F,O=C(OCCOCCO)c1ccccc1Nc1cccc(C(F)(F)F)c1,-5.3633
COc1ncnc2nccnc12,COc1ncnc2nccnc12,-1.113
CCO[P](=S)(OCC)SCN1C(=O)Oc2ccccc12,CCOP(=S)(OCC)SCn1c(=O)oc2ccccc21,-5.1905
C1c2ccccc2c3ccc4ccccc4c13,c1ccc2c(c1)Cc1c-2ccc2ccccc12,-6.678
COC(=O)C(/C)=C/O[P](=S)(OC)OC,COC(=O)/C(C)=C/OP(=S)(OC)OC,-2.7785
CN(CCO)c1nc2N(C)C(=O)N(C)C(=O)c2n1C,CN(CCO)c1nc2c(c(=O)n(C)c(=O)n2C)n1C,-0.6488
CC(C)CNC(=O)N1CCNC1=O,CC(C)CNC(=O)N1CCNC1=O,-2.1538
CC1=CSC(=S)N1CC(O)=O,Cc1csc(=S)n1CC(=O)O,-1.9632
CN(C(C)=O)c1c(I)c(NC(C)=O)c(I)c(C(=O)NC2[C@@H](O)OC(CO)[C@@H](O)C2O)c1I,CC(=O)Nc1c(I)c(C(=O)NC2C(O)[C@H](O)C(CO)O[C@@H]2O)c(I)c(N(C)C(C)=O)c1I,-0.1982
CCN[P](=S)(OC)OC(/C)=C\C(=O)OC(C)C,CCNP(=S)(OC)O/C(C)=C\C(=O)OC(C)C,-3.4078
CCCCC(C)C(C)O,CCCCC(C)C(C)O,-2.0578
Cc1cc2cccc3ccc4c5ccccc5cc1c4c23,Cc1cc2cccc3ccc4c5ccccc5cc1c4c32,-8.5224
CC(C)(O)CCCC1=CCC(CC1)C=O,CC(C)(O)CCCC1=CCC(C=O)CC1,-1.5376
Clc1cc(Cl)c2c(Cl)c(Cl)c(Cl)c(Cl)c2c1Cl,Clc1cc(Cl)c2c(Cl)c(Cl)c(Cl)c(Cl)c2c1Cl,-8.775
NC1N=C(N)NC(=O)C1=O,NC1=NC(N)C(=O)C(=O)N1,-1.6978
OC(=O)c1oc(Cl)c(Cl)c1Cl,O=C(O)c1oc(Cl)c(Cl)c1Cl,-2.2193
CCCCCCC(C\C=C/CCCCCCCC(O)=O)O[S](O)(=O)=O,CCCCCCC(C/C=C\CCCCCCCC(=O)O)OS(=O)(=O)O,-0.5781
COc1ccc2NC(=O)C=C(C([O-])=O)c2c1,COc1ccc2[nH]c(=O)cc(C(=O)[O-])c2c1,-3.1104
O[C@@H](C=O)[C@H]1OC(=O)[C@@H](O)[C@H]1O,O=C[C@H](O)[C@H]1OC(=O)[C@@H](O)[C@H]1O,0.1641
OC(=O)c1occ(Br)c1Br,O=C(O)c1occ(Br)c1Br,-2.0887
NC(C(O)C(O)=O)C(N)=O,NC(=O)C(N)C(O)C(=O)O,-1.1494
CCC1=CNC(=O)N=C1N,CCc1c[nH]c(=O)nc1N,-1.0197
Clc1ccc(cc1Cl)c2ccc(Cl)c(Cl)c2Cl,Clc1ccc(-c2ccc(Cl)c(Cl)c2Cl)cc1Cl,-7.9823
OC(=O)[C@H]1CC[C@@H](SS1)C(O)=O,O=C(O)[C@H]1CC[C@H](C(=O)O)SS1,-1.5241
Clc1cc(cc(Cl)c1Cl)c2cc(Cl)c(Cl)c(Cl)c2,Clc1cc(-c2cc(Cl)c(Cl)c(Cl)c2)cc(Cl)c1Cl,-8.8498
CC12CC1(C)C(=O)N(C2=O)c3cc(Cl)cc(Cl)c3,CC12CC1(C)C(=O)N(c1cc(Cl)cc(Cl)c1)C2=O,-4.8003
OC(=O)/C=C/c1cccc(Br)c1,O=C(O)/C=C/c1cccc(Br)c1,-2.636
CN(C=Nc1ccc(C)cc1C)C=Nc2ccc(C)cc2C,Cc1ccc(N=CN(C)C=Nc2ccc(C)cc2C)c(C)c1,-5.4675
Clc1cc(Cl)c(c(Cl)c1Cl)c2c(Cl)cc(Cl)c(Cl)c2Cl,Clc1cc(Cl)c(-c2c(Cl)cc(Cl)c(Cl)c2Cl)c(Cl)c1Cl,-9.1
CCc1ccccc1NC(C)=O,CCc1ccccc1NC(C)=O,-1.5906
ClC1=C(Cl)C2(Cl)[C@@H]3CO[S](=O)OC[C@@H]3[C@@]1(Cl)C2(Cl)Cl,O=S1OC[C@@H]2[C@H](CO1)[C@]1(Cl)C(Cl)=C(Cl)C2(Cl)C1(Cl)Cl,-5.9563
CCCN(CCCl)c1c(cc(cc1[N+]([O-])=O)C(F)(F)F)[N+]([O-])=O,CCCN(CCCl)c1c([N+](=O)[O-])cc(C(F)(F)F)cc1[N+](=O)[O-],-5.5968
Clc1cc(Cl)cc(c1)c2cc(Cl)cc(Cl)c2,Clc1cc(Cl)cc(-c2cc(Cl)cc(Cl)c2)c1,-8.3748
Clc1cc(Cl)c(Cl)c(c2ccccc2)c1Cl,Clc1cc(Cl)c(Cl)c(-c2ccccc2)c1Cl,-7.25
CCC(C)Nc1c(cc(cc1[N+]([O-])=O)C(C)(C)C)[N+]([O-])=O,CCC(C)Nc1c([N+](=O)[O-])cc(C(C)(C)C)cc1[N+](=O)[O-],-5.4703
CC(=O)c1cc(O)c(O)c(O)c1,CC(=O)c1cc(O)c(O)c(O)c1,-1.4711
CCCN(CCC)c1c(cc(cc1[N+]([O-])=O)C(C)C)[N+]([O-])=O,CCCN(CCC)c1c([N+](=O)[O-])cc(C(C)C)cc1[N+](=O)[O-],-6.4491
NN[P](=O)(Oc1ccccc1)Oc2ccccc2,NNP(=O)(Oc1ccccc1)Oc1ccccc1,-2.2373
COC(=O)C[S](=O)(=O)c1ccccc1,COC(=O)CS(=O)(=O)c1ccccc1,-1.1406
CCSC(=S)N[C@@H](C)C(O)=O,CCSC(=S)N[C@@H](C)C(=O)O,-0.9613
OC(=O)c1cc(Br)cc(C(O)=O)c1C(O)=O,O=C(O)c1cc(Br)cc(C(=O)O)c1C(=O)O,-1.4481
COc1ccc(cc1)C(C(C)[N+]([O-])=O)c2ccc(OC)cc2,COc1ccc(C(c2ccc(OC)cc2)C(C)[N+](=O)[O-])cc1,-4.5446
CN(C)C(=O)Nc1ccc(N2N=C(OC2=O)C(C)(C)C)c(Cl)c1,CN(C)C(=O)Nc1ccc(-n2nc(C(C)(C)C)oc2=O)c(Cl)c1,-4.3258
CC(C)c1cc(O[P](=O)(Oc2ccccc2)Oc3ccccc3)cc(c1)c4ccccc4,CC(C)c1cc(OP(=O)(Oc2ccccc2)Oc2ccccc2)cc(-c2ccccc2)c1,-6.8485
Clc1cc(Br)c(OC(=O)C=C)c2ncccc12,C=CC(=O)Oc1c(Br)cc(Cl)c2cccnc12,-4.7168
COC(C)COC(C)CO,COC(C)COC(C)CO,0.8292
CCN(CC)C(=O)SCc1ccccc1Cl,CCN(CC)C(=O)SCc1ccccc1Cl,-4.031000000000001
CCCS[P](=S)(OCC)Oc1ccc(Cl)cc1Cl,CCCSP(=S)(OCC)Oc1ccc(Cl)cc1Cl,-6.693
CNC(=O)O\N=C(\C)C(C)SC,CNC(=O)O/N=C(/C)C(C)SC,-0.7353
CNC(=O)O\N=C(/C)C(C)[S](C)(=O)=O,CNC(=O)O/N=C(\C)C(C)S(C)(=O)=O,-0.0267
CO[P](=O)(OC)OC1=C(Cl)CC2C=CC12,COP(=O)(OC)OC1=C(Cl)CC2C=CC12,-2.0566
OC(=O)CSC(SCC(O)=O)SCC(O)=O,O=C(O)CSC(SCC(=O)O)SCC(=O)O,-1.4243
Clc1cc(Cl)c(cc1Cl)c2cc(Cl)c(Cl)c(Cl)c2Cl,Clc1cc(Cl)c(-c2cc(Cl)c(Cl)c(Cl)c2Cl)cc1Cl,-8.0115
Clc1ccc(c(Cl)c1Cl)c2cc(Cl)c(Cl)c(Cl)c2Cl,Clc1ccc(-c2cc(Cl)c(Cl)c(Cl)c2Cl)c(Cl)c1Cl,-8.0566
CC(Nc1ccccc1Cl)C(O)=O,CC(Nc1ccccc1Cl)C(=O)O,-2.3271
CC(C)N(Cc1ccccc1)C(=O)C(C)(C)C,CC(C)N(Cc1ccccc1)C(=O)C(C)(C)C,-2.4704
OC(=O)CCCNC(=O)c1ccccc1,O=C(O)CCCNC(=O)c1ccccc1,-1.2025
CCCS[P](=S)(OCC)Oc1ccc(SC)cc1,CCCSP(=S)(OCC)Oc1ccc(SC)cc1,-6.0171
Cc1cc(O)c(cc1Cl)C(O)=O,Cc1cc(O)c(C(=O)O)cc1Cl,-3.1248
Clc1ccc(C(Cn2ccnc2)OCC=C)c(Cl)c1,C=CCOC(Cn1ccnc1)c1ccc(Cl)cc1Cl,-3.2178
C[C@H](NC(=O)[C@H](C)NC(=O)[C@@H](N)CC[P](C)(O)=O)C(O)=O,C[C@H](NC(=O)[C@H](C)NC(=O)[C@@H](N)CCP(C)(=O)O)C(=O)O,0.4904
CN1C(=C(/O)Nc2ccccn2)/C(=O)c3ccccc3[S]1(=O)=O,CN1/C(=C(/O)Nc2ccccn2)C(=O)c2ccccc2S1(=O)=O,-4.1586
OC(=O)CCC(=O)c1ccc(cc1)c2ccccc2,O=C(O)CCC(=O)c1ccc(-c2ccccc2)cc1,-5.0609
Brc1cc(Br)c(Oc2cc(Br)cc(Br)c2Br)c(Br)c1,Brc1cc(Br)c(Oc2cc(Br)cc(Br)c2Br)c(Br)c1,-8.1979
CCO[P](=O)(Oc1ccc(Cl)cc1Cl)Oc2ccc(Cl)cc2Cl,CCOP(=O)(Oc1ccc(Cl)cc1Cl)Oc1ccc(Cl)cc1Cl,-5.774
Clc1ccc(c(Cl)c1)c2cccc(Cl)c2Cl,Clc1ccc(-c2cccc(Cl)c2Cl)c(Cl)c1,-6.6813
CCC#CC(C)C,CCC#CC(C)C,-2.7448
CO[P](=S)(OC)SCCSC(C)C,COP(=S)(OC)SCCSC(C)C,-3.4288
CCCCCCC(CC=CCCCCCCCC(O)=O)O[S](O)(=O)=O,CCCCCCC(CC=CCCCCCCCC(=O)O)OS(=O)(=O)O,-0.5781
CCCCCCCCCCCCCCCCO,CCCCCCCCCCCCCCCCO,-6.7697
CC(C)NC(=O)N1CC(=O)N(C1=O)c2cc(Cl)cc(Cl)c2,CC(C)NC(=O)N1CC(=O)N(c2cc(Cl)cc(Cl)c2)C1=O,-4.3757
CCC(C)N(C(C)CC)C(=O)SCc1ccccc1,CCC(C)N(C(=O)SCc1ccccc1)C(C)CC,-5.0484
NC(=O)c1cc(Cl)cc(Cl)c1N,NC(=O)c1cc(Cl)cc(Cl)c1N,-2.0814
NC(=O)c1ncn(n1)[C@@H]2O[C@H](CO)[C@@H](O)[C@H]2O,NC(=O)c1ncn([C@@H]2O[C@H](CO)[C@@H](O)[C@H]2O)n1,-0.2355
CC(CCc1ccccc1)NCC(O)c2ccc(O)c(c2)C(N)=O,CC(CCc1ccccc1)NCC(O)c1ccc(O)c(C(N)=O)c1,-3.4482
CCCCCCCCCOC(=O)c1ccc(N)cc1,CCCCCCCCCOC(=O)c1ccc(N)cc1,-6.0
OC[C@H]1C[C@H](N[C@H]2C=C(CO)[C@@H](O)[C@H](O)[C@H]2O)[C@H](O)[C@@H](O)[C@@H]1O[C@@H]3O[C@H](CO)[C@@H](O)[C@H](O)[C@H]3O,OCC1=C[C@H](N[C@H]2C[C@H](CO)[C@@H](O[C@@H]3O[C@H](CO)[C@@H](O)[C@H](O)[C@H]3O)[C@H](O)[C@H]2O)[C@H](O)[C@@H](O)[C@@H]1O,0.3032
COCCc1ccc(OCC(O)CNC(C)C)cc1,COCCc1ccc(OCC(O)CNC(C)C)cc1,-1.1992
ON(c1ccccc1)C(=O)c2ccccc2I,O=C(c1ccccc1I)N(O)c1ccccc1,-3.5304
NCC[C@H](O)C(=O)N[C@@H]1C[C@H](N)[C@@H](O[C@H]2O[C@H](CN)[C@@H](O)[C@H](O)[C@H]2O)[C@H](O)[C@H]1O[C@H]3O[C@H](CO)[C@@H](O)[C@H](N)[C@H]3O,NCC[C@H](O)C(=O)N[C@@H]1C[C@H](N)[C@@H](O[C@H]2O[C@H](CN)[C@@H](O)[C@H](O)[C@H]2O)[C@H](O)[C@H]1O[C@H]1O[C@H](CO)[C@@H](O)[C@H](N)[C@H]1O,-0.5004
NC(=O)N[C@@H](Cc1ccccc1)C([O-])=O,NC(=O)N[C@@H](Cc1ccccc1)C(=O)[O-],-2.0958
O=C1N=CNc2cccnc12,O=c1nc[nH]c2cccnc12,-2.0656
Clc1cc(Cl)cc(c1)c2ccccc2Cl,Clc1cc(Cl)cc(-c2ccccc2Cl)c1,-6.2999
ClC(Cl)C(=O)N(CC=C)CC=C,C=CCN(CC=C)C(=O)C(Cl)Cl,-1.6193
C[C@@H](CCl)[N+]([O-])=O,C[C@@H](CCl)[N+](=O)[O-],-1.1887
Brc1cc(Br)c(OCCOc2c(Br)cc(Br)cc2Br)c(Br)c1,Brc1cc(Br)c(OCCOc2c(Br)cc(Br)cc2Br)c(Br)c1,-6.5363
Clc1cc2Oc3c(Cl)c(Cl)c(Cl)c(Cl)c3Oc2c(Cl)c1Cl,Clc1cc2c(c(Cl)c1Cl)Oc1c(Cl)c(Cl)c(Cl)c(Cl)c1O2,-11.4795
COCCO[Si](CCCl)(OCCOC)OCCOC,COCCO[Si](CCCl)(OCCOC)OCCOC,-1.1029
Cc1cc(ccc1N[S](=O)(=O)C(F)(F)F)[S](=O)(=O)c2ccccc2,Cc1cc(S(=O)(=O)c2ccccc2)ccc1NS(=O)(=O)C(F)(F)F,-3.8009
CCOC(=O)C1=CNC(=S)NC1=O,CCOC(=O)c1c[nH]c(=S)[nH]c1=O,-2.0985
CC(C)C[C@H](N)C(=O)N[C@H](CCC(N)=O)C(O)=O,CC(C)C[C@H](N)C(=O)N[C@H](CCC(N)=O)C(=O)O,-1.5687
CC(O)(CO)C(O)[C@@]12NC(=O)[C@@](O)(NC1=O)C(=C)CCO2,C=C1CCO[C@]2(C(O)C(C)(O)CO)NC(=O)[C@@]1(O)NC2=O,-0.1971
Cc1cc(C)c(OCC(O)=O)c(Br)c1,Cc1cc(C)c(OCC(=O)O)c(Br)c1,-3.1234
CCOc1cc(O[P](=S)(OC)OC)nc(CC)n1,CCOc1cc(OP(=S)(OC)OC)nc(CC)n1,-3.8638
NC1=CC(=NC(=N)N1O)N2CCCCC2,N=c1nc(N2CCCCC2)cc(N)n1O,-1.9782
CC(C)(C)NC[C@@H](O)COc1ccccc1C2CCCC2,CC(C)(C)NC[C@@H](O)COc1ccccc1C1CCCC1,-1.6195
Clc1ccc(Cl)c(c1Cl)c2cc(Cl)c(Cl)cc2Cl,Clc1cc(Cl)c(-c2c(Cl)ccc(Cl)c2Cl)cc1Cl,-7.93
Clc1ccc(c(Cl)c1Cl)c2c(Cl)ccc(Cl)c2Cl,Clc1ccc(-c2c(Cl)ccc(Cl)c2Cl)c(Cl)c1Cl,-7.65
Clc1ccc(cc1Cl)c2cc(Cl)c(Cl)c(Cl)c2Cl,Clc1ccc(-c2cc(Cl)c(Cl)c(Cl)c2Cl)cc1Cl,-7.8306
Clc1ccc(Cl)c(c1Cl)c2cc(Cl)c(Cl)c(Cl)c2Cl,Clc1cc(-c2c(Cl)ccc(Cl)c2Cl)c(Cl)c(Cl)c1Cl,-8.5901
Clc1cccc(c1)c2c(Cl)cccc2Cl,Clc1cccc(-c2c(Cl)cccc2Cl)c1,-6.8245
Cc1ccc2c(ccc(O)c2n1)[N+]([O-])=O,Cc1ccc2c([N+](=O)[O-])ccc(O)c2n1,-3.9598
CC([S](C)(=O)=O)[S](C)(=O)=O,CC(S(C)(=O)=O)S(C)(=O)=O,-1.4188
CC(C)(NC(N)=O)C(O)=O,CC(C)(NC(N)=O)C(=O)O,-1.1648
CCOc1ccccc1\C=C/C(O)=O,CCOc1ccccc1/C=C\C(=O)O,-2.5234
CC(C)N.OC(=O)CNC[P](O)(O)=O,CC(C)N.O=C(O)CNCP(=O)(O)O,0.6629
CCOC(=O)CN(C(=O)CCl)c1c(CC)cccc1CC,CCOC(=O)CN(C(=O)CCl)c1c(CC)cccc1CC,-3.4727
CC(C)S[S](=O)C(C)C,CC(C)S[S+]([O-])C(C)C,-0.823
CC(C)(O)CC(C)(O)c1cccc2ccccc12,CC(C)(O)CC(C)(O)c1cccc2ccccc12,-3.2419
Clc1ccc2Oc3ccc(Cl)cc3Oc2c1,Clc1ccc2c(c1)Oc1cc(Cl)ccc1O2,-7.1806
Clc1c(Cl)c(Cl)c2c(oc3c(Cl)c(Cl)c(Cl)c(Cl)c23)c1Cl,Clc1c(Cl)c(Cl)c2c(oc3c(Cl)c(Cl)c(Cl)c(Cl)c32)c1Cl,-11.5827
OC(=O)C(I)=CBr,O=C(O)C(I)=CBr,-1.2118
CNC(=O)O\N=C(\CSC)C(C)(C)C,CNC(=O)O/N=C(/CSC)C(C)(C)C,-1.6231
C/C=C/C(=O)Oc1c(cc(cc1C(C)(C)CC(C)(C)C)[N+]([O-])=O)[N+]([O-])=O,C/C=C/C(=O)Oc1c([N+](=O)[O-])cc([N+](=O)[O-])cc1C(C)(C)CC(C)(C)C,-4.9595
Clc1ccc(c(Cl)c1)c2c(Cl)cc(Cl)cc2Cl,Clc1ccc(-c2c(Cl)cc(Cl)cc2Cl)c(Cl)c1,-7.66
CC(C)=CC1C(C(=O)OC(C#N)c2cccc(Oc3ccccc3)c2)C1(C)C,CC(C)=CC1C(C(=O)OC(C#N)c2cccc(Oc3ccccc3)c2)C1(C)C,-7.5746
CC1(C)C(C(=O)OC(C#N)c2cccc(Oc3ccccc3)c2)C1(C)C,CC1(C)C(C(=O)OC(C#N)c2cccc(Oc3ccccc3)c2)C1(C)C,-6.0248
CCC(CCC(O)=O)C(C)=O,CCC(CCC(=O)O)C(C)=O,-0.451
CNC(=O)N(C)C(=O)CC#N,CNC(=O)N(C)C(=O)CC#N,0.1709
Clc1cc(cc(Cl)c1Cl)c2cc(Cl)c(Cl)c(Cl)c2Cl,Clc1cc(-c2cc(Cl)c(Cl)c(Cl)c2Cl)cc(Cl)c1Cl,-8.7202
CC(=O)NCC(=O)Nc1ccccc1,CC(=O)NCC(=O)Nc1ccccc1,-1.5678
CC(C)(C)C1=NN(C(=O)O1)c2cc(OCC#C)c(Cl)cc2Cl,C#CCOc1cc(-n2nc(C(C)(C)C)oc2=O)c(Cl)cc1Cl,-5.9648
CCN1C(=O)N(C)c2ncn(C)c2C1=O,CCn1c(=O)c2c(ncn2C)n(C)c1=O,-0.7190000000000001
CCOC(=O)C(NC=O)=CC=Cc1ccccc1,CCOC(=O)C(=CC=Cc1ccccc1)NC=O,-3.3483
ClCCC(Cl)O[P](=O)(OC(Cl)CCCl)OC(Cl)CCCl,O=P(OC(Cl)CCCl)(OC(Cl)CCCl)OC(Cl)CCCl,-3.6344
Clc1cc(Cl)c(Cl)c(c1)c2c(Cl)cc(Cl)c(Cl)c2Cl,Clc1cc(Cl)c(Cl)c(-c2c(Cl)cc(Cl)c(Cl)c2Cl)c1,-8.68
Clc1cc(Cl)c(c(Cl)c1Cl)c2c(Cl)c(Cl)cc(Cl)c2Cl,Clc1cc(Cl)c(-c2c(Cl)c(Cl)cc(Cl)c2Cl)c(Cl)c1Cl,-9.1999
CCC(CC)Nc1c(cc(C)c(C)c1[N+]([O-])=O)[N+]([O-])=O,CCC(CC)Nc1c([N+](=O)[O-])cc(C)c(C)c1[N+](=O)[O-],-5.9721
COC(C)(C)CCCC(C)C\C=C\C(C)=C\C(=O)OC(C)C,COC(C)(C)CCCC(C)C/C=C/C(C)=C/C(=O)OC(C)C,-5.3459
CN(C)c1ncc2nccnc2n1,CN(C)c1ncc2nccnc2n1,0.3586
Fc1ccc(cc1)N2C(=O)C(=C(Cl)C2=O)Cl,O=C1C(Cl)=C(Cl)C(=O)N1c1ccc(F)cc1,-4.6442
COc1ccc(cc1C)C(=O)c2cccc(C)c2,COc1ccc(C(=O)c2cccc(C)c2)cc1C,-5.0797
NC(=O)NN=C[C@@H](O)[C@@H](O)[C@H](O)[C@H](O)CO,NC(=O)NN=C[C@@H](O)[C@@H](O)[C@H](O)[C@H](O)CO,-0.53
CC1=NN=C(c2ccccc2)C(=O)N1N,Cc1nnc(-c2ccccc2)c(=O)n1N,-2.0506
Clc1ccc(cc1Cl)c2c(Cl)cccc2Cl,Clc1ccc(-c2c(Cl)cccc2Cl)cc1Cl,-7.0199
Clc1ccc(Cl)c(c1Cl)c2ccccc2Cl,Clc1ccccc1-c1c(Cl)ccc(Cl)c1Cl,-6.3001
CCCCc1c(C)nc(NCC)nc1O[S](=O)(=O)N(C)C,CCCCc1c(C)nc(NCC)nc1OS(=O)(=O)N(C)C,-4.1579
CCOc1ccc(NC(C)=O)c(C)c1,CCOc1ccc(NC(C)=O)c(C)c1,-1.839
Cc1cccc2sc3nncn3c12,Cc1cccc2sc3nncn3c12,-2.0729
COc1cc(C=O)c(C)cc1O,COc1cc(C=O)c(C)cc1O,-2.7435
CC(C)(C)NCC(O)COc1cccc2C[C@@H](O)[C@@H](O)Cc12,CC(C)(C)NCC(O)COc1cccc2c1C[C@H](O)[C@H](O)C2,-1.5699
CCO[P](=S)(OCC)Oc1nn(C(C)C)c(Cl)n1,CCOP(=S)(OCC)Oc1nc(Cl)n(C(C)C)n1,-3.6577
COC(=O)c1cc(Oc2ccc(Cl)cc2Cl)ccc1[N+]([O-])=O,COC(=O)c1cc(Oc2ccc(Cl)cc2Cl)ccc1[N+](=O)[O-],-5.9343
CC(C)CCCC(C)C\C=C\C(C)=C\C(=O)OCC#C,C#CCOC(=O)/C=C(C)/C=C/CC(C)CCCC(C)C,-4.7239
Cc1ccc(NC(=O)NC(C)(C)c2ccccc2)cc1,Cc1ccc(NC(=O)NC(C)(C)c2ccccc2)cc1,-5.3495
CN(C(=O)NC(C)(C)c1ccccc1)c2ccccc2,CN(C(=O)NC(C)(C)c1ccccc1)c1ccccc1,-3.3495
Clc1cc(Cl)c(c(Cl)c1Cl)c2cc(Cl)c(Cl)c(Cl)c2Cl,Clc1cc(-c2c(Cl)cc(Cl)c(Cl)c2Cl)c(Cl)c(Cl)c1Cl,-9.42
CCOc1cc(Oc2ccc(cc2Cl)C(F)(F)F)ccc1[N+]([O-])=O,CCOc1cc(Oc2ccc(C(F)(F)F)cc2Cl)ccc1[N+](=O)[O-],-6.4939
CCCOCC(O)COCCC,CCCOCC(O)COCCC,-0.3431
CC(C)(C)C(=O)C(Oc1ccc(Cl)cc1)n2cncn2,CC(C)(C)C(=O)C(Oc1ccc(Cl)cc1)n1cncn1,-3.6137
CC(=O)C(=O)Nc1ccccc1,CC(=O)C(=O)Nc1ccccc1,-1.3676
CN(CCCCC(O)=O)[S](=O)(=O)c1ccccc1,CN(CCCCC(=O)O)S(=O)(=O)c1ccccc1,-1.5585
CCCCCOC(=O)c1cccnc1,CCCCCOC(=O)c1cccnc1,-2.3776
NCCc1ccc(O)c(c1)[N+]([O-])=O,NCCc1ccc(O)c([N+](=O)[O-])c1,-1.3399
CN1C(=O)NC(=O)c2nc(C)c(C)nc12,Cc1nc2c(=O)[nH]c(=O)n(C)c2nc1C,-2.1129
CC(C)OC(=O)C(C(=O)OC(C)C)=C1SCCS1,CC(C)OC(=O)C(C(=O)OC(C)C)=C1SCCS1,-3.7306
OC(=O)c1cc(Oc2ccc(cc2Cl)C(F)(F)F)ccc1[N+]([O-])=O,O=C(O)c1cc(Oc2ccc(C(F)(F)F)cc2Cl)ccc1[N+](=O)[O-],-3.4791
CC(C)(C)c1ccc(cc1)C(O)CCCN2CCC(CC2)C(O)(c3ccccc3)c4ccccc4,CC(C)(C)c1ccc(C(O)CCCN2CCC(C(O)(c3ccccc3)c3ccccc3)CC2)cc1,-6.69
O=C1CCCCCCCCCCCCCCN1,O=C1CCCCCCCCCCCCCCN1,-2.874
CCO[P](C)(=O)SCCN(C(C)C)C(C)C,CCOP(C)(=O)SCCN(C(C)C)C(C)C,-0.95
CCCCCC(=O)NCCNC(=O)CCCCC,CCCCCC(=O)NCCNC(=O)CCCCC,-3.1079
CC(=O)O[C@@H](C(O)=O)c1ccccc1,CC(=O)O[C@@H](C(=O)O)c1ccccc1,-1.2313
CC1OC1C2OC2C,CC1OC1C1OC1C,-0.0575
Cn1c2ccccc2c(C(N)=O)c1C(N)=O,Cn1c(C(N)=O)c(C(N)=O)c2ccccc21,-1.8184
OC(=O)c1ccc(c(c1)C(O)=O)[S](O)(=O)=O,O=C(O)c1ccc(S(=O)(=O)O)c(C(=O)O)c1,0.6087
Cc1nn(c2ccccc2)c(N)c1C,Cc1nn(-c2ccccc2)c(N)c1C,-1.6704
CCc1cccc(C)c1N(C(C)COC)C(=O)CCl,CCc1cccc(C)c1N(C(=O)CCl)C(C)COC,-2.7287
CN(C)C1=NC(=O)N(C2CCCCC2)C(=O)N1C,CN(C)c1nc(=O)n(C2CCCCC2)c(=O)n1C,-0.8834
CCCCNC1(CCCCC1)[P](=O)(OCCCC)OCCCC,CCCCNC1(P(=O)(OCCCC)OCCCC)CCCCC1,-3.3105
CCCCSC(SCc1ccc(cc1)C(C)(C)C)=Nc2cccnc2,CCCCSC(=Nc1cccnc1)SCc1ccc(C(C)(C)C)cc1,-5.5712
COC(CN(C)C(=O)Nc1sc(nn1)C(C)(C)C)OC,COC(CN(C)C(=O)Nc1nnc(C(C)(C)C)s1)OC,-1.8678
CN=C(NCCSCc1nc[nH]c1C)NC#N,CN=C(NC#N)NCCSCc1nc[nH]c1C,-1.4298
CNC(=O)Oc1ccccc1OC(CCl)OC,CNC(=O)Oc1ccccc1OC(CCl)OC,-2.3005
C[C@@H]/1CC(=C/CC2C[C@@H](C[C@]3(CC[C@H](C)C(C)O3)O2)OC(=O)[C@@H]4C=C(C)[C@@H](O)[C@H]5OCC(=C\C=C1)/[C@@]45O)/C,CC1=C[C@H]2C(=O)O[C@H]3CC(C/C=C(\C)C[C@@H](C)/C=C/C=C4\CO[C@H]([C@@H]1O)[C@@]42O)O[C@@]1(CC[C@H](C)C(C)O1)C3,-5.7787
CCC1O[C@]2(CCC1C)C[C@@H]3C[C@@H](C\C=C(/C)CC(C)/C=C/C=C/4CO[C@@H]5[C@H](O)C(=C[C@@H](C(=O)O3)[C@]45O)C)O2,CCC1O[C@]2(CCC1C)C[C@@H]1C[C@@H](C/C=C(\C)CC(C)/C=C/C=C3\CO[C@@H]4[C@H](O)C(C)=C[C@@H](C(=O)O1)[C@]34O)O2,-4.8772
Clc1ccc(Oc2ccccc2)c(Cl)c1,Clc1ccc(Oc2ccccc2)c(Cl)c1,-4.6304
Clc1cc(Cl)c(Cl)c(c1)c2cc(Cl)c(Cl)cc2Cl,Clc1cc(Cl)c(Cl)c(-c2cc(Cl)c(Cl)cc2Cl)c1,-8.5801
CCN1C=C(C(O)=O)C(=O)c2cnc(nc12)N3CCNCC3,CCn1cc(C(=O)O)c(=O)c2cnc(N3CCNCC3)nc21,-2.974
O=C1CC=NC=N1,O=C1CC=NC=N1,0.586
NC(=O)C1(CCCCC1)N2C(=O)c3cccc(Cl)c3C2=O,NC(=O)C1(N2C(=O)c3cccc(Cl)c3C2=O)CCCCC1,-4.0097
OC(=O)CSC1CCCCC1,O=C(O)CSC1CCCCC1,-1.3381
CCC1(C)OC(=O)NC1=O,CCC1(C)OC(=O)NC1=O,0.0203
CC(Oc1ccc2ccccc2c1)C(=O)Nc3ccccc3,CC(Oc1ccc2ccccc2c1)C(=O)Nc1ccccc1,-5.5894
Clc1cccc(c1Cl)c2ccc(Cl)c(Cl)c2Cl,Clc1cccc(-c2ccc(Cl)c(Cl)c2Cl)c1Cl,-7.0502
Clc1ccc(Cl)c(c1)c2c(Cl)c(Cl)cc(Cl)c2Cl,Clc1ccc(Cl)c(-c2c(Cl)c(Cl)cc(Cl)c2Cl)c1,-7.4254
Clc1ccc(Cl)c(c1Cl)c2c(Cl)c(Cl)cc(Cl)c2Cl,Clc1ccc(Cl)c(-c2c(Cl)c(Cl)cc(Cl)c2Cl)c1Cl,-7.94
Clc1ccc(Cl)c(c1Cl)c2c(Cl)cc(Cl)c(Cl)c2Cl,Clc1cc(Cl)c(-c2c(Cl)ccc(Cl)c2Cl)c(Cl)c1Cl,-8.1501
Clc1cc(Cl)c(Cl)c(c1)c2c(Cl)c(Cl)cc(Cl)c2Cl,Clc1cc(Cl)c(Cl)c(-c2c(Cl)c(Cl)cc(Cl)c2Cl)c1,-8.5901
Clc1ccc(c(Cl)c1Cl)c2c(Cl)c(Cl)cc(Cl)c2Cl,Clc1ccc(-c2c(Cl)c(Cl)cc(Cl)c2Cl)c(Cl)c1Cl,-8.42
Clc1ccc(c(Cl)c1Cl)c2c(Cl)cc(Cl)c(Cl)c2Cl,Clc1ccc(-c2c(Cl)cc(Cl)c(Cl)c2Cl)c(Cl)c1Cl,-8.2605
Clc1cc(Cl)c(cc1Cl)c2cc(Cl)c(Cl)c(Cl)c2,Clc1cc(Cl)c(-c2cc(Cl)c(Cl)c(Cl)c2)cc1Cl,-8.21
Clc1ccc(Cl)c(c1Cl)c2c(Cl)c(Cl)c(Cl)c(Cl)c2Cl,Clc1ccc(Cl)c(-c2c(Cl)c(Cl)c(Cl)c(Cl)c2Cl)c1Cl,-9.1
Clc1cc(Cl)c(Cl)c(c1)c2cc(Cl)c(Cl)c(Cl)c2Cl,Clc1cc(Cl)c(Cl)c(-c2cc(Cl)c(Cl)c(Cl)c2Cl)c1,-9.1
Clc1cc(c(Cl)c(Cl)c1Cl)c2c(Cl)c(Cl)cc(Cl)c2Cl,Clc1cc(-c2c(Cl)c(Cl)cc(Cl)c2Cl)c(Cl)c(Cl)c1Cl,-9.29
Clc1cc(Cl)c(cc1Cl)c2c(Cl)c(Cl)c(Cl)c(Cl)c2Cl,Clc1cc(Cl)c(-c2c(Cl)c(Cl)c(Cl)c(Cl)c2Cl)cc1Cl,-9.5
Clc1cc(Cl)c(Cl)c(c1Cl)c2c(Cl)c(Cl)c(Cl)c(Cl)c2Cl,Clc1cc(Cl)c(Cl)c(-c2c(Cl)c(Cl)c(Cl)c(Cl)c2Cl)c1Cl,-10.4115
Clc1ccc(c(Cl)c1Cl)c2c(Cl)c(Cl)c(Cl)c(Cl)c2Cl,Clc1ccc(-c2c(Cl)c(Cl)c(Cl)c(Cl)c2Cl)c(Cl)c1Cl,-9.29
Clc1cc(Cl)c(c(Cl)c1Cl)c2c(Cl)c(Cl)c(Cl)c(Cl)c2Cl,Clc1cc(Cl)c(-c2c(Cl)c(Cl)c(Cl)c(Cl)c2Cl)c(Cl)c1Cl,-10.1035
Clc1cccc(c1Cl)c2c(Cl)c(Cl)cc(Cl)c2Cl,Clc1cccc(-c2c(Cl)c(Cl)cc(Cl)c2Cl)c1Cl,-8.6036
Clc1ccc(Cl)c(c1)c2cc(Cl)c(Cl)c(Cl)c2Cl,Clc1ccc(Cl)c(-c2cc(Cl)c(Cl)c(Cl)c2Cl)c1,-7.6794
CC(C)OC(=O)C(C)N(C(=O)c1ccccc1)c2ccc(F)c(Cl)c2,CC(C)OC(=O)C(C)N(C(=O)c1ccccc1)c1ccc(F)c(Cl)c1,-4.3056
COC(=O)C(C)N(C(=O)c1ccccc1)c2ccc(F)c(Cl)c2,COC(=O)C(C)N(C(=O)c1ccccc1)c1ccc(F)c(Cl)c1,-3.982
CCCN(CCC)C(=O)SCc1ccccc1,CCCN(CCC)C(=O)SCc1ccccc1,-4.2798
CC1(C)[C@@H](C=C(Br)Br)[C@H]1C(=O)O[C@H](C#N)c2cccc(Oc3ccccc3)c2,CC1(C)[C@H](C(=O)O[C@H](C#N)c2cccc(Oc3ccccc3)c2)[C@@H]1C=C(Br)Br,-8.4024
CCCCC(O)CN(\N=C/c1oc(cc1)[N+]([O-])=O)C(N)=O,CCCCC(O)CN(/N=C\c1ccc([N+](=O)[O-])o1)C(N)=O,-3.5716
Cc1cc(C)nc(Nc2ccccc2)n1,Cc1cc(C)nc(Nc2ccccc2)n1,-3.2166
Clc1cccc2c(Cl)c(Cl)c(Cl)cc12,Clc1cc2c(Cl)cccc2c(Cl)c1Cl,-7.8566
Clc1cc(Cl)c2cc(Cl)cc(Cl)c2c1,Clc1cc(Cl)c2cc(Cl)cc(Cl)c2c1,-7.8228
CC(C)Cc1ccc(cc1)C(C)C(=O)NO,CC(C)Cc1ccc(C(C)C(=O)NO)cc1,-3.044
CC(=O)Nc1cc(N[S](=O)(=O)C(F)(F)F)c(C)cc1C,CC(=O)Nc1cc(NS(=O)(=O)C(F)(F)F)c(C)cc1C,-3.2365
COCCOc1c(OC)cc(Cc2cnc(N)nc2N)cc1OC,COCCOc1c(OC)cc(Cc2cnc(N)nc2N)cc1OC,-2.101
Ic1ccc2COC(=O)c2c1,O=C1OCc2ccc(I)cc21,-3.2109
C\C=C(/Cl)C(O)=O,C/C=C(\Cl)C(=O)O,0.9189
N[C@@H](C(=O)N[C@H]1[C@H]2SCC(=C(N2C1=O)C(O)=O)Cl)c3ccccc3,N[C@@H](C(=O)N[C@@H]1C(=O)N2C(C(=O)O)=C(Cl)CS[C@H]12)c1ccccc1,-1.5656
CC(C)(NC(=O)c1ccccc1)C(N)=O,CC(C)(NC(=O)c1ccccc1)C(N)=O,-1.6154
COc1ccc(Cl)c(Cl)c1Cl,COc1ccc(Cl)c(Cl)c1Cl,-4.2918
CC\C=C(/C)C(OC(=O)C1C(C=C(C)C)C1(C)C)C#C,C#CC(OC(=O)C1C(C=C(C)C)C1(C)C)/C(C)=C/CC,-6.3931
CCCCC(=O)NCCNC(=O)CCCC,CCCCC(=O)NCCNC(=O)CCCC,-1.8145
CCO[P](=S)(OCC)OC(Cl)C(Cl)(Cl)Cl,CCOP(=S)(OCC)OC(Cl)C(Cl)(Cl)Cl,-5.5263
O=NN1CCCC1=O,O=NN1CCCC1=O,0.0523
CC[C@H](C)[C@@H](NC(C)=O)C(O)=O,CC[C@H](C)[C@@H](NC(C)=O)C(=O)O,-0.5912
CSc1cc(O)cc(O)c1,CSc1cc(O)cc(O)c1,-1.7957
CCCCSc1cc(O)cc(O)c1,CCCCSc1cc(O)cc(O)c1,-2.5191
CC(C)(C)C(O)C(Oc1ccc(cc1)c2ccccc2)n3cncn3,CC(C)(C)C(O)C(Oc1ccc(-c2ccccc2)cc1)n1cncn1,-4.8292
Clc1ccccc1c2c(Cl)cc(Cl)c(Cl)c2Cl,Clc1ccccc1-c1c(Cl)cc(Cl)c(Cl)c1Cl,-7.4346
CC(C)(C)C(O)C(Oc1ccc(Cl)cc1)n2cncn2,CC(C)(C)C(O)C(Oc1ccc(Cl)cc1)n1cncn1,-3.3918
CCCn1cnc2N(C)C(=O)N(CCCCC(C)=O)C(=O)c12,CCCn1cnc2c1c(=O)n(CCCCC(C)=O)c(=O)n2C,-0.9811
O=C1CN(CC2N1CCc3ccccc23)C(=O)C4CCCCC4,O=C(C1CCCCC1)N1CC(=O)N2CCc3ccccc3C2C1,-2.8927
CC1=C(C)[S](=O)(=O)CC[S]1(=O)=O,CC1=C(C)S(=O)(=O)CCS1(=O)=O,-1.66
Clc1ccccc1c2cc(Cl)c(Cl)c(Cl)c2Cl,Clc1ccccc1-c1cc(Cl)c(Cl)c(Cl)c1Cl,-7.5226
CCCO[P](=O)(OCC)OCCC,CCCOP(=O)(OCC)OCCC,-0.9802
OC(=O)COc1nc(Cl)c(Cl)cc1Cl,O=C(O)COc1nc(Cl)c(Cl)cc1Cl,-2.7656
CN1CC(O)N(C1=O)c2sc(nn2)C(C)(C)C,CN1CC(O)N(c2nnc(C(C)(C)C)s2)C1=O,-1.8773
CCCCCCCCSC(=O)Oc1cc(Cl)nnc1c2ccccc2,CCCCCCCCSC(=O)Oc1cc(Cl)nnc1-c1ccccc1,-5.4025
Clc1ccc(Oc2ccccc2)cc1Cl,Clc1ccc(Oc2ccccc2)cc1Cl,-4.7206
Clc1ccc(c2ccccc2)c(Cl)c1Cl,Clc1ccc(-c2ccccc2)c(Cl)c1Cl,-6.1799
Clc1ccc2cc(Cl)cc(Cl)c2c1,Clc1cc(Cl)c2cc(Cl)ccc2c1,-6.5557
Clc1ccc2cc(Cl)c(Cl)cc2c1,Clc1ccc2cc(Cl)c(Cl)cc2c1,-7.1419
Clc1ccc(Cl)c2cc(Cl)c(Cl)cc12,Clc1cc2c(Cl)ccc(Cl)c2cc1Cl,-7.5163
CC(C)Oc1cccc(NC(=O)c2ccccc2C)c1,Cc1ccccc1C(=O)Nc1cccc(OC(C)C)c1,-4.3265
CN(C)C(=O)Nc1cc(on1)C(C)(C)C,CN(C)C(=O)Nc1cc(C(C)(C)C)on1,-2.4272
CCC(=O)N(c1ccccc1)C2(CCN(CCc3sccc3)CC2)COC,CCC(=O)N(c1ccccc1)C1(COC)CCN(CCc2cccs2)CC1,-3.7064
Clc1ccc(c(Cl)c1)c2c(Cl)cc(Cl)c(Cl)c2Cl,Clc1ccc(-c2c(Cl)cc(Cl)c(Cl)c2Cl)c(Cl)c1,-7.4721
CCCC(C)CC(C)O,CCCC(C)CC(C)O,-1.8779
CC(C)C(O)(c1ccc(OC(F)(F)F)cc1)c2cncnc2,CC(C)C(O)(c1ccc(OC(F)(F)F)cc1)c1cncnc1,-3.4377
O=CC(=O)Cc1ccccc1,O=CC(=O)Cc1ccccc1,-2.1707
Clc1cc(Cl)c(c(Cl)c1)c2c(Cl)cccc2Cl,Clc1cc(Cl)c(-c2c(Cl)cccc2Cl)c(Cl)c1,-7.316
Clc1cc(Cl)c(c(Cl)c1)c2ccc(Cl)c(Cl)c2,Clc1cc(Cl)c(-c2ccc(Cl)c(Cl)c2)c(Cl)c1,-7.91
Clc1cc(Cl)c(c(Cl)c1)c2cc(Cl)cc(Cl)c2,Clc1cc(Cl)cc(-c2c(Cl)cc(Cl)cc2Cl)c1,-7.92
FC1=CN(C(=O)NC1=O)C(=O)Nc2ccccc2,O=C(Nc1ccccc1)n1cc(F)c(=O)[nH]c1=O,-1.6184
CC(C)(C)c1ccc(O[P](=O)(Oc2ccccc2)Oc3ccccc3)cc1,CC(C)(C)c1ccc(OP(=O)(Oc2ccccc2)Oc2ccccc2)cc1,-5.0774
CO[P](=S)(OC)Oc1c(Cl)cc(C)cc1Cl,COP(=S)(OC)Oc1c(Cl)cc(C)cc1Cl,-5.4374
CSC1=NN=C(C(=O)N1\N=C\C(C)C)C(C)(C)C,CSc1nnc(C(C)(C)C)c(=O)n1/N=C/C(C)C,-4.4288
COc1c(O)cc(Cl)c(Cl)c1Cl,COc1c(O)cc(Cl)c(Cl)c1Cl,-2.8712
Clc1cc2oc3c(Cl)c(Cl)c(Cl)cc3c2cc1Cl,Clc1cc2oc3c(Cl)c(Cl)c(Cl)cc3c2cc1Cl,-9.1609
Nc1ccc2COC(=O)c2c1,Nc1ccc2c(c1)C(=O)OC2,-2.0414
O=C1CCc2cccc3CCN1c23,O=C1CCc2cccc3c2N1CC3,-1.6365
CCN(C(=O)Oc1cccc(NC(=O)OC(C)C)c1)c2ccccc2,CCN(C(=O)Oc1cccc(NC(=O)OC(C)C)c1)c1ccccc1,-5.0574
FC(F)(F)c1cccc(c1)C(n2cncn2)(c3ccccc3)c4ccccc4,FC(F)(F)c1cccc(C(c2ccccc2)(c2ccccc2)n2cncn2)c1,-8.402999999999999
CN(CCOC(=O)c1ccccc1)C(C)=O,CC(=O)N(C)CCOC(=O)c1ccccc1,-0.8494
COC(=O)C(C)N(C(=O)c1occc1)c2c(C)cccc2C,COC(=O)C(C)N(C(=O)c1ccco1)c1c(C)cccc1C,-3.1173
Cc1ccc(cc1)N=Nc2cc(C)ccc2N,Cc1ccc(N=Nc2cc(C)ccc2N)cc1,-3.9031
CCC1(CC)C(=NC(=O)NC1=O)N,CCC1(CC)C(=O)NC(=O)N=C1N,-1.3967
CC1OC(=O)c2cc(ccc12)[N+]([O-])=O,CC1OC(=O)c2cc([N+](=O)[O-])ccc21,-2.6157
Cc1cc(ccc1N=Nc2c(Cl)cc(cc2Cl)[N+]([O-])=O)N(CCO)CCO,Cc1cc(N(CCO)CCO)ccc1N=Nc1c(Cl)cc([N+](=O)[O-])cc1Cl,-5.9592
Nc1c(Br)cc(Br)c(c1Br)[S](O)(=O)=O,Nc1c(Br)cc(Br)c(S(=O)(=O)O)c1Br,-0.4888
CC(N(c1ccc(F)c(Cl)c1)C(=O)c2ccccc2)C(O)=O,CC(C(=O)O)N(C(=O)c1ccccc1)c1ccc(F)c(Cl)c1,-4.2474
Cc1cccc(C)c1N(C2CCOC2=O)C(=O)CCl,Cc1cccc(C)c1N(C(=O)CCl)C1CCOC1=O,-3.2855
COC1OC(CNC(=O)N(CCCl)N=O)C(O)C(O)C1O,COC1OC(CNC(=O)N(CCCl)N=O)C(O)C(O)C1O,-1.5613
Clc1ccc(Oc2ccc(Cl)cc2Cl)cc1,Clc1ccc(Oc2ccc(Cl)cc2Cl)cc1,-6.2196
CCCO[P](=O)(OC)OC,CCCOP(=O)(OC)OC,0.4733
Clc1cc(Cl)c(c(Cl)c1)c2ccc(Cl)c(Cl)c2Cl,Clc1cc(Cl)c(-c2ccc(Cl)c(Cl)c2Cl)c(Cl)c1,-8.2399
CC(C)C=CCC(O)=O,CC(C)C=CCC(=O)O,-1.1487
CSC(/C)=N/OC(=O)N(C)SN(C)C(=O)O\N=C(/C)SC,CS/C(C)=N/OC(=O)N(C)SN(C)C(=O)O/N=C(\C)SC,-4.0055
CN1C=C(c2ccccc2)C(=O)C(=C1)c3cccc(c3)C(F)(F)F,Cn1cc(-c2ccccc2)c(=O)c(-c2cccc(C(F)(F)F)c2)c1,-4.4384
CCOc1ccccc1\C=C\C([O-])=O,CCOc1ccccc1/C=C/C(=O)[O-],-3.3248
Clc1ccc(Cl)c(c1)c2c(Cl)cc(Cl)cc2Cl,Clc1cc(Cl)c(-c2cc(Cl)ccc2Cl)c(Cl)c1,-7.47
Clc1cc(Cl)c(c(Cl)c1)c2cc(Cl)c(Cl)cc2Cl,Clc1cc(Cl)c(-c2cc(Cl)c(Cl)cc2Cl)c(Cl)c1,-8.1199
Clc1cc(Cl)c(c(Cl)c1)c2cc(Cl)c(Cl)c(Cl)c2Cl,Clc1cc(Cl)c(-c2cc(Cl)c(Cl)c(Cl)c2Cl)c(Cl)c1,-8.68
CC(C)([S](C)(=O)=O)[S](C)(=O)=O,CC(C)(S(C)(=O)=O)S(C)(=O)=O,-1.4504
CN1C=C(I)C=CC1=O,Cn1cc(I)ccc1=O,-0.0094
C[C@H](O)C(=O)Nc1c(I)c(C(=O)NC(CO)CO)c(I)c(C(=O)NC(CO)CO)c1I,C[C@H](O)C(=O)Nc1c(I)c(C(=O)NC(CO)CO)c(I)c(C(=O)NC(CO)CO)c1I,-0.7443
OC(c1ccc(Cl)cc1)(c2cncnc2)c3ccccc3Cl,OC(c1ccc(Cl)cc1)(c1cncnc1)c1ccccc1Cl,-4.374
Clc1ccc(c(Cl)c1)C2(Cn3cncn3)OCCO2,Clc1ccc(C2(Cn3cncn3)OCCO2)c(Cl)c1,-3.0031
CCCC1COC(Cn2cncn2)(O1)c3ccc(Cl)cc3Cl,CCCC1COC(Cn2cncn2)(c2ccc(Cl)cc2Cl)O1,-3.4929
CCC1COC(Cn2cncn2)(O1)c3ccc(Cl)cc3Cl,CCC1COC(Cn2cncn2)(c2ccc(Cl)cc2Cl)O1,-3.613
Clc1cccc(c1)c2c(Cl)cc(Cl)cc2Cl,Clc1cccc(-c2c(Cl)cc(Cl)cc2Cl)c1,-7.1547
Clc1cc(Cl)c(c(Cl)c1)c2cccc(Cl)c2Cl,Clc1cc(Cl)c(-c2cccc(Cl)c2Cl)c(Cl)c1,-7.3999
CCO[P](=S)(OCC)Oc1cc(Cl)c(Cl)c(SC)c1,CCOP(=S)(OCC)Oc1cc(Cl)c(Cl)c(SC)c1,-6.0807
OC(=O)[C@H]1CC[C@@H]([Se][Se]1)C(O)=O,O=C(O)[C@H]1CC[C@H](C(=O)O)[Se][Se]1,-2.1053
CCSC(C(O)=O)c1ccccc1,CCSC(C(=O)O)c1ccccc1,-1.5686
O[S](=O)(=O)c1c[nH]cn1,O=S(=O)(O)c1c[nH]cn1,0.1304
CC(Br)C(=O)NCC(=O)NCC(O)=O,CC(Br)C(=O)NCC(=O)NCC(=O)O,-0.9642
NC(=S)NC#N,N#CNC(N)=S,-0.0049
Clc1ccc(Oc2ccccc2Cl)cc1Cl,Clc1ccc(Oc2ccccc2Cl)cc1Cl,-5.199
CCC(=O)OC(C)C(=O)OC,CCC(=O)OC(C)C(=O)OC,-0.8622
CC(C)(SC(=O)N1CCCCC1)c2ccccc2,CC(C)(SC(=O)N1CCCCC1)c1ccccc1,-4.1196
CC(C)Cc1[nH]ccn1,CC(C)Cc1ncc[nH]1,-1.0488
CN1C=CSC1=Nc2ccc(C)cc2C,Cc1ccc(N=c2sccn2C)c(C)c1,-3.1630000000000003
CSC(=NC)N(C)C,CN=C(SC)N(C)C,-0.4401
Clc1cccc(c1Cl)c2c(Cl)cc(Cl)c(Cl)c2Cl,Clc1cccc(-c2c(Cl)cc(Cl)c(Cl)c2Cl)c1Cl,-8.48
OCCNC(=O)c1cc(O)ccc1O,O=C(NCCO)c1cc(O)ccc1O,-0.5436
Nc1c2cc(ccc2c(cc1[S](O)(=O)=O)[S](O)(=O)=O)[S](O)(=O)=O,Nc1c(S(=O)(=O)O)cc(S(=O)(=O)O)c2ccc(S(=O)(=O)O)cc12,-0.3188
CNC(=O)OCc1cccc(Cl)c1Cl,CNC(=O)OCc1cccc(Cl)c1Cl,-3.1389
CCCCN(C(N)=O)c1ccccc1,CCCCN(C(N)=O)c1ccccc1,-1.2971
Clc1cc(Cl)c(c(Cl)c1)c2ccccc2Cl,Clc1cc(Cl)c(-c2ccccc2Cl)c(Cl)c1,-6.65
CN(C)C(=O)SCCCCOc1ccccc1,CN(C)C(=O)SCCCCOc1ccccc1,-3.9266
Cc1c(Cl)cc(cc1Cl)C2=NNC(=O)C=C2,Cc1c(Cl)cc(-c2ccc(=O)[nH]n2)cc1Cl,-5.5375
N#CCO/N=C(C#N)/c1ccccc1,N#CCO/N=C(\C#N)c1ccccc1,-3.2899
OC(c1ccc(F)cc1)(c2cncnc2)c3ccccc3Cl,OC(c1ccc(F)cc1)(c1cncnc1)c1ccccc1Cl,-4.083
Clc1ccc(Oc2ccc(Cl)c(Cl)c2)cc1,Clc1ccc(Oc2ccc(Cl)c(Cl)c2)cc1,-5.6603
CCCC(Br)(CCC)C(N)=O,CCCC(Br)(CCC)C(N)=O,-1.8281
COC(=O)[C@@H](C)N(C(=O)c1ccccc1)c2ccc(F)c(Cl)c2,COC(=O)[C@@H](C)N(C(=O)c1ccccc1)c1ccc(F)c(Cl)c1,-4.3219
CC(C)OC(=O)[C@@H](C)N(C(=O)c1ccccc1)c2ccc(F)c(Cl)c2,CC(C)OC(=O)[C@@H](C)N(C(=O)c1ccccc1)c1ccc(F)c(Cl)c1,-4.4817
CC[C@H]1OC[C@@H](COc2ccc(Oc3ccccc3)cc2)O1,CC[C@H]1OC[C@@H](COc2ccc(Oc3ccccc3)cc2)O1,-4.7874
CCCN1C(=O)N(C)c2ncn(C)c2C1=O,CCCn1c(=O)c2c(ncn2C)n(C)c1=O,-1.2082
ClCCN(Cl)CCCl,ClCCN(Cl)CCCl,-1.9203
CCOc1ccc(cc1)C2(CC2(Cl)Cl)C(=O)OC(C#N)c3cccc(Oc4ccccc4)c3,CCOc1ccc(C2(C(=O)OC(C#N)c3cccc(Oc4ccccc4)c3)CC2(Cl)Cl)cc1,-6.7243
CCOC(=O)N1CCN(CC1)CN2CCN(CC2)C(=O)OCC,CCOC(=O)N1CCN(CN2CCN(C(=O)OCC)CC2)CC1,-0.8443
CCCCNC(=O)N1C=C(F)C(=O)NC1=O,CCCCNC(=O)n1cc(F)c(=O)[nH]c1=O,-2.4464
CO[P](=S)(OC)SCC(=O)N(C(C)C)c1ccc(Cl)cc1,COP(=S)(OC)SCC(=O)N(c1ccc(Cl)cc1)C(C)C,-4.4321
C[C@H](CCC(=O)NCC(O)=O)[C@H]1CCC2C3[C@@H](O)C[C@@H]4C[C@H](O)CC[C@]4(C)C3CC[C@]12C,C[C@H](CCC(=O)NCC(=O)O)[C@H]1CCC2C3C(CC[C@@]21C)[C@@]1(C)CC[C@@H](O)C[C@H]1C[C@@H]3O,-5.5225
CCSC1=NN=C(C(=O)N1N)C(C)(C)C,CCSc1nnc(C(C)(C)C)c(=O)n1N,-2.7353
FC(F)(F)Oc1ccc(NC(=O)NC(=O)c2ccccc2Cl)cc1,O=C(NC(=O)c1ccccc1Cl)Nc1ccc(OC(F)(F)F)cc1,-7.1568
NC(=O)COC(=O)c1ccccc1,NC(=O)COC(=O)c1ccccc1,-1.6405
CCNC(=O)COC(=O)c1ccccc1,CCNC(=O)COC(=O)c1ccccc1,-2.2373
CCN(CC)C(=O)COC(=O)c1ccccc1,CCN(CC)C(=O)COC(=O)c1ccccc1,-2.0706
CCNC(C)C(O)=O,CCNC(C)C(=O)O,0.6522
CN1C(=O)C(N)C(=S)N(C)C1=O,CN1C(=O)C(N)C(=S)N(C)C1=O,-1.117
Clc1ccc(c(Cl)c1)c2ccc(Cl)c(Cl)c2Cl,Clc1ccc(-c2ccc(Cl)c(Cl)c2Cl)c(Cl)c1,-7.62
S=C1N=CNc2nccnc12,S=c1nc[nH]c2nccnc12,-2.6471
CC(=O)OCC(C(OC(C)=O)c1ccccc1)[N+]([O-])=O,CC(=O)OCC(C(OC(C)=O)c1ccccc1)[N+](=O)[O-],-3.972
CC(=O)OC[C@H]([C@@H](OC(C)=O)c1ccccc1)[N+]([O-])=O,CC(=O)OC[C@H]([C@@H](OC(C)=O)c1ccccc1)[N+](=O)[O-],-3.972
CC(C)[C@@H](C(=O)O[C@@H](C#N)c1cccc(Oc2ccccc2)c1)c3ccc(Cl)cc3,CC(C)[C@@H](C(=O)O[C@@H](C#N)c1cccc(Oc2ccccc2)c1)c1ccc(Cl)cc1,-8.3221
CCCC(Cn1cncn1)c2ccc(Cl)cc2Cl,CCCC(Cn1cncn1)c1ccc(Cl)cc1Cl,-3.5903
CC(C)Oc1cccc(NC(=O)c2ccccc2C(F)(F)F)c1,CC(C)Oc1cccc(NC(=O)c2ccccc2C(F)(F)F)c1,-4.6947
CCOC(=O)C(C)Oc1ccc(Oc2oc3cc(Cl)ccc3n2)cc1,CCOC(=O)C(C)Oc1ccc(Oc2nc3ccc(Cl)cc3o2)cc1,-5.6042
Clc1cccc(Oc2ccc(Cl)c(Cl)c2)c1,Clc1cccc(Oc2ccc(Cl)c(Cl)c2)c1,-5.437
CC1(C)[C@@H](C(Br)C(Br)(Br)Br)[C@H]1C(=O)O[C@H](C#N)c2cccc(Oc3ccccc3)c2,CC1(C)[C@H](C(=O)O[C@H](C#N)c2cccc(Oc3ccccc3)c2)[C@@H]1C(Br)C(Br)(Br)Br,-6.9197
CCCC(Br)C(=O)NC(N)=O,CCCC(Br)C(=O)NC(N)=O,-1.4278
CN(C)C1CCCC=CCC1,CN(C)C1CCC=CCCC1,-1.6004
CNC(=O)Sc1ccc(O[S](C)(=O)=O)cc1,CNC(=O)Sc1ccc(OS(C)(=O)=O)cc1,-2.7359
CC1(CCCC1=O)C#N,CC1(C#N)CCCC1=O,0.9095
Cc1cccc(C)c1N(Cn2cccn2)C(=O)CCl,Cc1cccc(C)c1N(Cn1cccn1)C(=O)CCl,-2.8102
CCC(CC)(CC)NC(N)=O,CCC(CC)(CC)NC(N)=O,-1.8191
CC(CN1CC(C)OC(C)C1)Cc2ccc(cc2)C(C)(C)C,CC(Cc1ccc(C(C)(C)C)cc1)CN1CC(C)OC(C)C1,-2.4821
CC1(C)[C@@H](C=C(Cl)Cl)[C@H]1C(=O)OC(C#N)c2cccc(Oc3ccccc3)c2,CC1(C)[C@H](C(=O)OC(C#N)c2cccc(Oc3ccccc3)c2)[C@@H]1C=C(Cl)Cl,-7.6194
CC1(C)CNC(=NC1)N\N=C(/C=C/c2ccc(cc2)C(F)(F)F)\C=C\c3ccc(cc3)C(F)(F)F,CC1(C)CN=C(NN=C(/C=C/c2ccc(C(F)(F)F)cc2)/C=C/c2ccc(C(F)(F)F)cc2)NC1,-7.916
Clc1cc2c(oc3c(Cl)c(Cl)c(Cl)c(Cl)c23)c(Cl)c1Cl,Clc1cc2c(oc3c(Cl)c(Cl)c(Cl)c(Cl)c32)c(Cl)c1Cl,-11.4817
CC(CN1C[C@H](C)O[C@H](C)C1)Cc2ccc(cc2)C(C)(C)C,CC(Cc1ccc(C(C)(C)C)cc1)CN1C[C@@H](C)O[C@@H](C)C1,-4.8487
Brc1cc2oc3cc(Br)c(Br)cc3c2cc1Br,Brc1cc2oc3cc(Br)c(Br)cc3c2cc1Br,-6.8395
CCCN(CCOc1c(Cl)cc(Cl)cc1Cl)C(=O)n2ccnc2,CCCN(CCOc1c(Cl)cc(Cl)cc1Cl)C(=O)n1ccnc1,-4.0445
CCOC(=O)CN(N=O)C(N)=O,CCOC(=O)CN(N=O)C(N)=O,0.7566
Brc1ccc(Br)c(c1)c2cc(Br)c(Br)cc2Br,Brc1ccc(Br)c(-c2cc(Br)c(Br)cc2Br)c1,-9.7256
O=C1NC=Cc2cccnc12,O=c1[nH]ccc2cccnc12,-1.1428
Clc1cc(Cl)c(cc1OCC#C)N2N=C3CCCCN3C2=O,C#CCOc1cc(-n2nc3n(c2=O)CCCC3)c(Cl)cc1Cl,-4.3251
CC1(C)C(\C=C(/Cl)C(F)(F)F)C1C(=O)OC(C#N)c2cccc(Oc3ccccc3)c2,CC1(C)C(/C=C(\Cl)C(F)(F)F)C1C(=O)OC(C#N)c1cccc(Oc2ccccc2)c1,-7.9541
Clc1cc(NC(=O)Nc2ccccc2)ccn1,O=C(Nc1ccccc1)Nc1ccnc(Cl)c1,-3.8028
Clc1ccc(c(Cl)c1)c2c(Cl)cccc2Cl,Clc1ccc(-c2c(Cl)cccc2Cl)c(Cl)c1,-6.65
Clc1ccc(c(Cl)c1)c2cc(Cl)cc(Cl)c2Cl,Clc1ccc(-c2cc(Cl)cc(Cl)c2Cl)c(Cl)c1,-7.82
Clc1cc(Cl)cc(c1)c2c(Cl)ccc(Cl)c2Cl,Clc1cc(Cl)cc(-c2c(Cl)ccc(Cl)c2Cl)c1,-7.95
Clc1ccc(cc1)c2c(Cl)c(Cl)cc(Cl)c2Cl,Clc1ccc(-c2c(Cl)c(Cl)cc(Cl)c2Cl)cc1,-7.88
Clc1cc(Cl)cc(c1)c2cc(Cl)c(Cl)cc2Cl,Clc1cc(Cl)cc(-c2cc(Cl)c(Cl)cc2Cl)c1,-7.47
Clc1ccc(Cl)c(c1)c2c(Cl)cc(Cl)c(Cl)c2Cl,Clc1ccc(Cl)c(-c2c(Cl)cc(Cl)c(Cl)c2Cl)c1,-8.01
Clc1cc(c(Cl)c(Cl)c1Cl)c2c(Cl)cccc2Cl,Clc1cc(-c2c(Cl)cccc2Cl)c(Cl)c(Cl)c1Cl,-8.13
Clc1cc(Cl)c(Cl)c(c1)c2c(Cl)c(Cl)c(Cl)c(Cl)c2Cl,Clc1cc(Cl)c(Cl)c(-c2c(Cl)c(Cl)c(Cl)c(Cl)c2Cl)c1,-9.42
CCOC(=O)CNc1nc(Cl)nc(NC(C)C)n1,CCOC(=O)CNc1nc(Cl)nc(NC(C)C)n1,-2.5622
COc1ccc(NC(=N)Nc2ccc(OC)cc2)cc1,COc1ccc(NC(=N)Nc2ccc(OC)cc2)cc1,-2.7345
CC[S](=O)(=O)Oc1ccc2OCC(C)(C)c2c1,CCS(=O)(=O)Oc1ccc2c(c1)C(C)(C)CO2,-2.9921
CC(=O)NC(=O)COC(=O)c1ccccc1,CC(=O)NC(=O)COC(=O)c1ccccc1,-2.4003
Clc1ccc(Oc2ccccc2Cl)c(Cl)c1,Clc1ccc(Oc2ccccc2Cl)c(Cl)c1,-4.9499
CC(C)N1C(=O)N(CSC1=NC(C)(C)C)c2ccccc2,CC(C)N1C(=O)N(c2ccccc2)CSC1=NC(C)(C)C,-5.5307
Nc1c(Cl)c(F)nc(OCC(O)=O)c1Cl,Nc1c(Cl)c(F)nc(OCC(=O)O)c1Cl,-3.4475
CC(C)C(Nc1ccc(cc1Cl)C(F)(F)F)C(=O)OC(C#N)c2cccc(Oc3ccccc3)c2,CC(C)C(Nc1ccc(C(F)(F)F)cc1Cl)C(=O)OC(C#N)c1cccc(Oc2ccccc2)c1,-8.0025
OCC(Cl)(Cl)Br,OCC(Cl)(Cl)Br,-0.4424
Clc1cccc(c1)N(C2CCOC2=O)C(=O)C3CC3,O=C1OCCC1N(C(=O)C1CC1)c1cccc(Cl)c1,-2.6878
CC(CC(C)(C(O)=O)C(O)=O)C(O)=O,CC(CC(C)(C(=O)O)C(=O)O)C(=O)O,-0.1086
OC(=O)c1occ(Cl)c1Cl,O=C(O)c1occ(Cl)c1Cl,-1.8263
Clc1cc(Cl)cc(c1)c2c(Cl)c(Cl)c(Cl)c(Cl)c2Cl,Clc1cc(Cl)cc(-c2c(Cl)c(Cl)c(Cl)c(Cl)c2Cl)c1,-9.1
COC(=O)C(C)Oc1ccc(Oc2ncc(cc2Cl)C(F)(F)F)cc1,COC(=O)C(C)Oc1ccc(Oc2ncc(C(F)(F)F)cc2Cl)cc1,-4.6064
CCCCOC(=O)C(C)Oc1ccc(Oc2ccc(cn2)C(F)(F)F)cc1,CCCCOC(=O)C(C)Oc1ccc(Oc2ccc(C(F)(F)F)cn2)cc1,-5.5836
COC(=O)c1cc(C)ccc1C2=NC(C)(C(C)C)C(=O)N2,COC(=O)c1cc(C)ccc1C1=NC(C)(C(C)C)C(=O)N1,-2.3262
CC(C)C(C(=O)OC(C#N)c1cccc(Oc2ccccc2)c1)c3ccc(OC(F)F)cc3,CC(C)C(C(=O)OC(C#N)c1cccc(Oc2ccccc2)c1)c1ccc(OC(F)F)cc1,-6.8765
CCCCCCCCOC(=O)c1cccnc1,CCCCCCCCOC(=O)c1cccnc1,-3.0929
Clc1ccccc1c2cc(Cl)c(Cl)cc2Cl,Clc1cc(Cl)c(-c2ccccc2Cl)cc1Cl,-7.2505
Clc1ccccc1c2cc(Cl)c(Cl)c(Cl)c2,Clc1ccccc1-c1cc(Cl)c(Cl)c(Cl)c1,-6.9069
Clc1ccc(Cl)c(c1)c2cc(Cl)c(Cl)c(Cl)c2,Clc1ccc(Cl)c(-c2cc(Cl)c(Cl)c(Cl)c2)c1,-7.3149
[H+].[H+].[Cl-].[Cl-].OCCNCCNc1ccc(NCCNCCO)c2C(=O)c3c(O)ccc(O)c3C(=O)c12,O=C1c2c(O)ccc(O)c2C(=O)c2c(NCCNCCO)ccc(NCCNCCO)c21.[Cl-].[Cl-].[H+].[H+],-1.8388
CCSC(=S)NC(C)C(O)=O,CCSC(=S)NC(C)C(=O)O,-1.2343
ClCCN(CCCl)[P]1(=O)NCCCCO1,O=P1(N(CCCl)CCCl)NCCCCO1,-0.9624
CCCc1sc(N[S](=O)(=O)c2ccc(N)cc2)nn1,CCCc1nnc(NS(=O)(=O)c2ccc(N)cc2)s1,-3.3075
CCOC(=O)[C@@H](C)Oc1ccc(Oc2oc3cc(Cl)ccc3n2)cc1,CCOC(=O)[C@@H](C)Oc1ccc(Oc2nc3ccc(Cl)cc3o2)cc1,-5.6042
Cn1nc(C)c(C(=O)c2ccc(Cl)cc2Cl)c1OCC(=O)c3ccccc3,Cc1nn(C)c(OCC(=O)c2ccccc2)c1C(=O)c1ccc(Cl)cc1Cl,-2.6514
COC(=O)C(C)N(C(=O)Cc1ccccc1)c2c(C)cccc2C,COC(=O)C(C)N(C(=O)Cc1ccccc1)c1c(C)cccc1C,-3.9442
CC1(C)C(C=C(Cl)Cl)C1C(=O)OC(C#N)c2cccc(Oc3ccccc3)c2,CC1(C)C(C=C(Cl)Cl)C1C(=O)OC(C#N)c1cccc(Oc2ccccc2)c1,-6.5587
NC(=O)C(=NO)C(N)=O,NC(=O)C(=NO)C(N)=O,-0.0384
OC(=O)C(Br)=C(Br)Br,O=C(O)C(Br)=C(Br)Br,-1.3593
OC(=O)C(Br)=C(Br)I,O=C(O)C(Br)=C(Br)I,-1.0197
CC[S](=O)(=O)N[S](=O)(=O)CC,CCS(=O)(=O)NS(=O)(=O)CC,0.5413
CCOC(=O)NCCOc1ccc(Oc2ccccc2)cc1,CCOC(=O)NCCOc1ccc(Oc2ccccc2)cc1,-4.7009
CCCCN(CCOC(C)=O)c1ccc(N=Nc2c(cc(cc2C#N)[N+]([O-])=O)C#N)c(C)c1,CCCCN(CCOC(C)=O)c1ccc(N=Nc2c(C#N)cc([N+](=O)[O-])cc2C#N)c(C)c1,-8.8809
FC(F)(F)c1nc(Cl)sc1C(=O)OCc2ccccc2,O=C(OCc1ccccc1)c1sc(Cl)nc1C(F)(F)F,-5.8085
CC=Cc1ccc(O)c(O)c1,CC=Cc1ccc(O)c(O)c1,-1.3505
CC(C)=CC1C(C(=O)OCN2C(=O)CN(CC#C)C2=O)C1(C)C,C#CCN1CC(=O)N(COC(=O)C2C(C=C(C)C)C2(C)C)C1=O,-3.5321
CN(C(=O)COc1sc2ccccc2n1)c3ccccc3,CN(C(=O)COc1nc2ccccc2s1)c1ccccc1,-4.8727
Clc1cccc(c1)c2cc(Cl)c(Cl)cc2Cl,Clc1cccc(-c2cc(Cl)c(Cl)cc2Cl)c1,-7.1299
Clc1ccccc1c2c(Cl)c(Cl)cc(Cl)c2Cl,Clc1ccccc1-c1c(Cl)c(Cl)cc(Cl)c1Cl,-7.3999
Clc1ccc(c(Cl)c1Cl)c2c(Cl)cccc2Cl,Clc1ccc(-c2c(Cl)cccc2Cl)c(Cl)c1Cl,-6.7798
CCCCCCOC(=O)C(C)OC(=O)C(C)O,CCCCCCOC(=O)C(C)OC(=O)C(C)O,-2.4884
Cc1cc(C)nc(n1)C(N)=O,Cc1cc(C)nc(C(N)=O)n1,0.1216
Fc1ccc(cc1)C(=O)C2CCN(CC2)CCN3C(=O)Nc4ccccc4C3=O,O=C(c1ccc(F)cc1)C1CCN(CCn2c(=O)[nH]c3ccccc3c2=O)CC1,-4.5971
Nc1c(Cl)c(Oc2ccccc2)ccc1[N+]([O-])=O,Nc1c([N+](=O)[O-])ccc(Oc2ccccc2)c1Cl,-5.0248
CCOc1ccc(NC(=O)NN)cc1,CCOc1ccc(NC(=O)NN)cc1,-1.6471
Clc1ccccc1c2nnc(nn2)c3ccccc3Cl,Clc1ccccc1-c1nnc(-c2ccccc2Cl)nn1,-5.4817
COC(=O)c1ccccc1[S](=O)(=O)NC(=O)Nc2nc(C)cc(C)n2,COC(=O)c1ccccc1S(=O)(=O)NC(=O)Nc1nc(C)cc(C)n1,-3.1742
Clc1cccc(c1)c2ccc(Cl)c(Cl)c2Cl,Clc1cccc(-c2ccc(Cl)c(Cl)c2Cl)c1,-6.77
Clc1ccc(cc1)c2cc(Cl)cc(Cl)c2Cl,Clc1ccc(-c2cc(Cl)cc(Cl)c2Cl)cc1,-6.77
Clc1cccc(c1)c2c(Cl)c(Cl)cc(Cl)c2Cl,Clc1cccc(-c2c(Cl)c(Cl)cc(Cl)c2Cl)c1,-7.76
Clc1ccc(cc1)c2cc(Cl)c(Cl)c(Cl)c2Cl,Clc1ccc(-c2cc(Cl)c(Cl)c(Cl)c2Cl)cc1,-7.3102
Clc1ccc(cc1)c2c(Cl)cc(Cl)c(Cl)c2Cl,Clc1ccc(-c2c(Cl)cc(Cl)c(Cl)c2Cl)cc1,-7.95
Clc1ccc(cc1Cl)c2c(Cl)cc(Cl)c(Cl)c2Cl,Clc1ccc(-c2c(Cl)cc(Cl)c(Cl)c2Cl)cc1Cl,-7.6505
Clc1ccc(cc1Cl)c2c(Cl)c(Cl)cc(Cl)c2Cl,Clc1ccc(-c2c(Cl)c(Cl)cc(Cl)c2Cl)cc1Cl,-8.48
Clc1ccc(Cl)c(c2cc(Cl)c(Cl)c(Cl)c2)c1Cl,Clc1cc(-c2c(Cl)ccc(Cl)c2Cl)cc(Cl)c1Cl,-8.27
Clc1cc(Cl)cc(c1)c2c(Cl)c(Cl)cc(Cl)c2Cl,Clc1cc(Cl)cc(-c2c(Cl)c(Cl)cc(Cl)c2Cl)c1,-8.2696
Clc1ccc(c(Cl)c1)c2c(Cl)c(Cl)c(Cl)c(Cl)c2Cl,Clc1ccc(-c2c(Cl)c(Cl)c(Cl)c(Cl)c2Cl)c(Cl)c1,-8.9706
Clc1cc(Cl)c(c2cc(Cl)c(Cl)c(Cl)c2)c(Cl)c1Cl,Clc1cc(-c2c(Cl)cc(Cl)c(Cl)c2Cl)cc(Cl)c1Cl,-9.1
Clc1cc(Cl)c(c(Cl)c1)c2c(Cl)c(Cl)c(Cl)c(Cl)c2Cl,Clc1cc(Cl)c(-c2c(Cl)c(Cl)c(Cl)c(Cl)c2Cl)c(Cl)c1,-9.48
Clc1cc(cc(Cl)c1Cl)c2c(Cl)c(Cl)c(Cl)c(Cl)c2Cl,Clc1cc(-c2c(Cl)c(Cl)c(Cl)c(Cl)c2Cl)cc(Cl)c1Cl,-9.6997
Clc1cc(Cl)c(c(Cl)c1)c2c(Cl)c(Cl)cc(Cl)c2Cl,Clc1cc(Cl)c(-c2c(Cl)c(Cl)cc(Cl)c2Cl)c(Cl)c1,-8.4901
Brc1ccc(Br)c(C=O)c1,O=Cc1cc(Br)ccc1Br,-3.8003
O[S](=O)(=O)C(Cl)[S](O)(=O)=O,O=S(=O)(O)C(Cl)S(=O)(=O)O,0.6765
CC(C)(C)C(Br)C(=O)NC(C)(C)c1ccccc1,CC(C)(NC(=O)C(Br)C(C)(C)C)c1ccccc1,-4.9455
Clc1cccc(c1Cl)c2c[nH]cc2C#N,N#Cc1c[nH]cc1-c1cccc(Cl)c1Cl,-4.6937
N#CC(=N\OCC1OCCO1)/c2ccccc2,N#C/C(=N\OCC1OCCO1)c1ccccc1,-4.0649
CC(C)(C)C(O)C(Cc1ccc(Cl)cc1Cl)n2cncn2,CC(C)(C)C(O)C(Cc1ccc(Cl)cc1Cl)n1cncn1,-4.5619
CCOC(=O)[C@H](CCc1ccccc1)N[C@@H](C)C(=O)N2CCC[C@H]2C(O)=O,CCOC(=O)[C@H](CCc1ccccc1)N[C@@H](C)C(=O)N1CCC[C@H]1C(=O)O,-1.3609
CCO[P](=O)(Cc1ccc(cc1)c2sc3ccccc3n2)OCC,CCOP(=O)(Cc1ccc(-c2nc3ccccc3s2)cc1)OCC,-4.0017
CCN1CC(=O)N=C1N,CCN1CC(=O)N=C1N,-0.165
OC(=O)c1c(Cl)c(Cl)c(Cl)c(Cl)c1C(=O)Nc2cccc(Cl)c2Cl,O=C(O)c1c(Cl)c(Cl)c(Cl)c(Cl)c1C(=O)Nc1cccc(Cl)c1Cl,-4.5051
O[S](=O)(=O)C(Cl)([S](O)(=O)=O)[S](O)(=O)=O,O=S(=O)(O)C(Cl)(S(=O)(=O)O)S(=O)(=O)O,0.5366
CCOC(=O)[C@H](C)NC(=O)CCl,CCOC(=O)[C@H](C)NC(=O)CCl,-0.4628
CSCOC(=O)c1ccccc1OC(C)=O,CSCOC(=O)c1ccccc1OC(C)=O,-2.6404
CC(=O)Oc1ccccc1C(=O)OC[S](C)=O,CC(=O)Oc1ccccc1C(=O)OC[S+](C)[O-],-1.7824
CC(=O)Oc1ccccc1C(=O)OC[S](C)(=O)=O,CC(=O)Oc1ccccc1C(=O)OCS(C)(=O)=O,-3.3936
CC(Oc1ccccc1Cl)C(O)=O,CC(Oc1ccccc1Cl)C(=O)O,-2.2232
CC(Oc1ccc(Oc2cnc3cc(Cl)ccc3n2)cc1)C(O)=O,CC(Oc1ccc(Oc2cnc3cc(Cl)ccc3n2)cc1)C(=O)O,-6.0604
OC(Cn1cncn1)(c2ccc(F)cc2)c3ccccc3F,OC(Cn1cncn1)(c1ccc(F)cc1)c1ccccc1F,-3.3651
Clc1cccc(c2cc(Cl)c(Cl)c(Cl)c2)c1Cl,Clc1cc(-c2cccc(Cl)c2Cl)cc(Cl)c1Cl,-7.4052
[NH4+].C[P](O)(=O)CCC(N)C([O-])=O,CP(=O)(O)CCC(N)C(=O)[O-].[NH4+],0.8397
CC(C)C[C@H](N)C(=O)N[C@@H](C)C(=O)NCC(O)=O,CC(C)C[C@H](N)C(=O)N[C@@H](C)C(=O)NCC(=O)O,-0.8953
CCOC(=O)N(C)CC,CCOC(=O)N(C)CC,-0.4189
CCCS[P](=O)(OCC)Oc1cnn(c1)c2ccc(Cl)cc2,CCCSP(=O)(OCC)Oc1cnn(-c2ccc(Cl)cc2)c1,-4.0388
CCOC(=O)COC(=O)c1cc(Oc2ccc(cc2Cl)C(F)(F)F)ccc1[N+]([O-])=O,CCOC(=O)COC(=O)c1cc(Oc2ccc(C(F)(F)F)cc2Cl)ccc1[N+](=O)[O-],-5.8729
CCOC(CC(C)O)OCC,CCOC(CC(C)O)OCC,0.0909
NN=C1N=CNc2nccnc12,NN=c1nc[nH]c2nccnc12,-1.8632
COCC(=O)N(N1CCOC1=O)c2c(C)cccc2C,COCC(=O)N(c1c(C)cccc1C)N1CCOC1=O,-1.913
CCCCCCNC(=O)c1cccnc1,CCCCCCNC(=O)c1cccnc1,-2.5221
CCC1(C(=O)NC(=O)N(CC(O)CO)C1=O)c2ccccc2,CCC1(c2ccccc2)C(=O)NC(=O)N(CC(O)CO)C1=O,-1.7872
C[C@H]1C(SC(=O)N1C(=O)NC2CCCCC2)c3ccc(Cl)cc3,C[C@H]1C(c2ccc(Cl)cc2)SC(=O)N1C(=O)NC1CCCCC1,-5.8487
CCCCOC(=O)[C@@H](C)Oc1ccc(Oc2ccc(cn2)C(F)(F)F)cc1,CCCCOC(=O)[C@@H](C)Oc1ccc(Oc2ccc(C(F)(F)F)cn2)cc1,-5.2826
COC(=O)c1sccc1[S](=O)(=O)NC(=O)Nc2nc(C)nc(OC)n2,COC(=O)c1sccc1S(=O)(=O)NC(=O)Nc1nc(C)nc(OC)n1,-2.2379
Cc1c(F)c(F)c(COC(=O)C2C(\C=C(/Cl)C(F)(F)F)C2(C)C)c(F)c1F,Cc1c(F)c(F)c(COC(=O)C2C(/C=C(\Cl)C(F)(F)F)C2(C)C)c(F)c1F,-7.3209
CCC(CC)C(=O)N(CC)CC,CCC(CC)C(=O)N(CC)CC,-1.0876
CCC(C)(C)C(=O)O[C@H]1C[C@@H](C)C=C2C=C[C@H](C)[C@H](CC[C@@H]3C[C@@H](O)CC(=O)O3)[C@@H]12,CCC(C)(C)C(=O)O[C@H]1C[C@@H](C)C=C2C=C[C@H](C)[C@H](CC[C@@H]3C[C@@H](O)CC(=O)O3)[C@H]21,-7.1447
CCCCC(O)(Cn1cncn1)c2ccc(Cl)cc2Cl,CCCCC(O)(Cn1cncn1)c1ccc(Cl)cc1Cl,-4.2668
CC(C)c1cc(Oc2ccccc2)cc(C(C)C)c1NC(=S)NC(C)(C)C,CC(C)c1cc(Oc2ccccc2)cc(C(C)C)c1NC(=S)NC(C)(C)C,-6.8068
CCOc1ccc(cc1)C(C)(C)COCc2cccc(Oc3ccccc3)c2,CCOc1ccc(C(C)(C)COCc2cccc(Oc3ccccc3)c2)cc1,-8.5758
CCc1cnc(C2=NC(C)(C(C)C)C(=O)N2)c(c1)C(O)=O,CCc1cnc(C2=NC(C)(C(C)C)C(=O)N2)c(C(=O)O)c1,-2.3153
COC(=O)c1ccc(C)cc1C2=NC(C)(C(C)C)C(=O)N2,COC(=O)c1ccc(C)cc1C1=NC(C)(C(C)C)C(=O)N1,-2.4599
CCCCCCCCNC(=O)c1cccnc1,CCCCCCCCNC(=O)c1cccnc1,-3.0081
CCCCCCCCCNC(=O)c1cccnc1,CCCCCCCCCNC(=O)c1cccnc1,-3.1398
CCCCCCCCCCNC(=O)c1cccnc1,CCCCCCCCCCNC(=O)c1cccnc1,-3.0765
CCCCCCCCCCCNC(=O)c1cccnc1,CCCCCCCCCCCNC(=O)c1cccnc1,-3.0266
CCCCCCCCCCCCNC(=O)c1cccnc1,CCCCCCCCCCCCNC(=O)c1cccnc1,-3.2078
CC1(C)CON(Cc2ccccc2Cl)C1=O,CC1(C)CON(Cc2ccccc2Cl)C1=O,-2.3383
COc1nc(C)nc(NC(=O)N[S](=O)(=O)c2ccccc2OCCCl)n1,COc1nc(C)nc(NC(=O)NS(=O)(=O)c2ccccc2OCCCl)n1,-4.0989
ON=C1C=CC(=NO)c2ncccc12,ON=C1C=CC(=NO)c2ncccc21,-3.7998
CC(C)(C)[C@H](O)[C@H](Oc1ccc(Cl)cc1)n2cncn2,CC(C)(C)[C@H](O)[C@H](Oc1ccc(Cl)cc1)n1cncn1,-3.9524
OC(c1ccccc1)c2cc(Cl)ccc2NC(=O)c3ccncc3,O=C(Nc1ccc(Cl)cc1C(O)c1ccccc1)c1ccncc1,-5.5299
CCC(C)(CC)c1cc(NC(=O)c2c(OC)cccc2OC)on1,CCC(C)(CC)c1cc(NC(=O)c2c(OC)cccc2OC)on1,-5.3694
CCOC(C)CCO,CCOC(C)CCO,-0.3736
Cc1c(COC(=O)C2C(\C=C(/Cl)C(F)(F)F)C2(C)C)cccc1c3ccccc3,Cc1c(COC(=O)C2C(/C=C(\Cl)C(F)(F)F)C2(C)C)cccc1-c1ccccc1,-6.6262
Cn1nc(C)c(C(=O)c2ccc(Cl)c(C)c2Cl)c1OCC(=O)c3ccc(C)cc3,Cc1ccc(C(=O)COc2c(C(=O)c3ccc(Cl)c(C)c3Cl)c(C)nn2C)cc1,-6.5209
COC(=O)c1ccccc1C[S](=O)(=O)NC(=O)Nc2nc(OC)cc(OC)n2,COC(=O)c1ccccc1CS(=O)(=O)NC(=O)Nc1nc(OC)cc(OC)n1,-3.534
Fc1cccc(F)c1C(=O)NC(=O)Nc2cc(Cl)c(F)c(Cl)c2F,O=C(NC(=O)c1c(F)cccc1F)Nc1cc(Cl)c(F)c(Cl)c1F,-7.3023
CCOC(=O)CCN(Cc1ccccc1)SN(C)C(=O)O\N=C(\C)SC,CCOC(=O)CCN(Cc1ccccc1)SN(C)C(=O)O/N=C(/C)SC,-4.3005
Fc1ccc(NC(=O)c2cccnc2Oc3cccc(c3)C(F)(F)F)c(F)c1,O=C(Nc1ccc(F)cc1F)c1cccnc1Oc1cccc(C(F)(F)F)c1,-6.8969
OC(=O)C(I)=C(Br)I,O=C(O)C(I)=C(Br)I,-1.2891
CC(C)(C)[C@H](O)\C(=C/c1ccc(Cl)cc1)n2cncn2,CC(C)(C)[C@H](O)/C(=C\c1ccc(Cl)cc1)n1cncn1,-4.5403
CC(C)(C)C(O)\C(=C/c1ccc(Cl)cc1)n2cncn2,CC(C)(C)C(O)/C(=C\c1ccc(Cl)cc1)n1cncn1,-4.5403
CC(C)(C)C(O)\C(=C/c1ccc(Cl)cc1Cl)n2cncn2,CC(C)(C)C(O)/C(=C\c1ccc(Cl)cc1Cl)n1cncn1,-4.9115
CCCC(=O)N(CS[P](=S)(OC)OC)c1ccccc1Cl,CCCC(=O)N(CSP(=S)(OC)OC)c1ccccc1Cl,-5.204
OC(=O)c1ccc(c2cccnc12)[N+]([O-])=O,O=C(O)c1ccc([N+](=O)[O-])c2cccnc12,-3.1656
CCOC(=O)C1(C)OC(=O)N(C1=O)c2cc(Cl)cc(Cl)c2,CCOC(=O)C1(C)OC(=O)N(c2cc(Cl)cc(Cl)c2)C1=O,-5.2203
Nc1ncc2ncn(COCCO)c2n1,Nc1ncc2ncn(COCCO)c2n1,-1.0775
CC(Oc1ccc(Cl)c(C)c1Cl)C(=O)Nc2ccccc2,Cc1c(Cl)ccc(OC(C)C(=O)Nc2ccccc2)c1Cl,-7.0057
CCCCCS[S](=O)CCCCC,CCCCCS[S+]([O-])CCCCC,-3.1711
COCCCCC=O,COCCCCC=O,0.4574
CCC(=O)OCc1ccc(Cl)cc1Cl,CCC(=O)OCc1ccc(Cl)cc1Cl,-3.0665
C[Si](Cn1cncn1)(c2ccc(F)cc2)c3ccc(F)cc3,C[Si](Cn1cncn1)(c1ccc(F)cc1)c1ccc(F)cc1,-3.7665
CCN(C(C)C(C)C)C(=O)SCc1ccccc1,CCN(C(=O)SCc1ccccc1)C(C)C(C)C,-4.7337
COC(=O)c1ccccc1[S](=O)(=O)NC(=O)Nc2nc(OC(F)F)cc(OC(F)F)n2,COC(=O)c1ccccc1S(=O)(=O)NC(=O)Nc1nc(OC(F)F)cc(OC(F)F)n1,-5.152
Clc1ccc(CSC(Cn2cncn2)=Nc3ccc(Cl)cc3Cl)cc1,Clc1ccc(CSC(Cn2cncn2)=Nc2ccc(Cl)cc2Cl)cc1,-5.3842
CCc1cccc(C)c1N(COC(C)C)C(=O)CCl,CCc1cccc(C)c1N(COC(C)C)C(=O)CCl,-3.1882
Fc1cccc(F)c1C(=O)NC(=O)Nc2ccc(Cl)c(Oc3ncc(cc3Cl)C(F)(F)F)c2,O=C(NC(=O)c1c(F)cccc1F)Nc1ccc(Cl)c(Oc2ncc(C(F)(F)F)cc2Cl)c1,-7.4033
CCOc1ccc(NC(=O)OC(C)C)cc1OCC,CCOc1ccc(NC(=O)OC(C)C)cc1OCC,-4.0022
CCOCCOC(=O)C(C)Oc1ccc(Oc2ncc(cc2Cl)C(F)(F)F)cc1,CCOCCOC(=O)C(C)Oc1ccc(Oc2ncc(C(F)(F)F)cc2Cl)cc1,-5.8739
CCc1cccc(CC)c1N(COC\C=C/C)C(=O)CCl,C/C=C\COCN(C(=O)CCl)c1c(CC)cccc1CC,-4.0287
CCCCCOC(=O)COc1cc(N2C(=O)C3=C(CCCC3)C2=O)c(F)cc1Cl,CCCCCOC(=O)COc1cc(N2C(=O)C3=C(CCCC3)C2=O)c(F)cc1Cl,-6.3508
COCC(C)N(C(=O)CCl)c1c(C)scc1C,COCC(C)N(C(=O)CCl)c1c(C)csc1C,-2.3614
CC(Oc1ccc(Oc2ncc(Cl)cc2Cl)cc1)C(=O)N3CCCO3,CC(Oc1ccc(Oc2ncc(Cl)cc2Cl)cc1)C(=O)N1CCCO1,-4.5922
CC(C)C12CCC(C)(O1)C(C2)OCc3ccccc3C,Cc1ccccc1COC1CC2(C(C)C)CCC1(C)O2,-3.6391
FC(F)(F)C(=N/OCC1OCCO1)/c2ccc(Cl)cc2,FC(F)(F)/C(=N/OCC1OCCO1)c1ccc(Cl)cc1,-4.0138
OC(=O)C(Br)=C(Cl)Br,O=C(O)C(Br)=C(Cl)Br,-1.0071
OC(=O)C(Cl)=C(Br)Br,O=C(O)C(Cl)=C(Br)Br,-0.6873
CC(O)C([N+]([O-])=O)[N+]([O-])=O,CC(O)C([N+](=O)[O-])[N+](=O)[O-],0.0789
Cc1cc(C)nc(N\N=C(\C)c2ccccc2C)n1,C/C(=N/Nc1nc(C)cc(C)n1)c1ccccc1C,-3.1959
CN1C(=O)N=CC2=C1NC(=O)N2,Cn1c(=O)ncc2[nH]c(=O)[nH]c21,-0.794
CC(C)(C)[C@@H](O)[C@H](Oc1ccc(Cl)cc1)n2cncn2,CC(C)(C)[C@@H](O)[C@H](Oc1ccc(Cl)cc1)n1cncn1,-3.6786
C[C@@H](CCO)CCC=O,C[C@@H](CCO)CCC=O,-1.0732
CN1C=C2N=CC=NC2=NC1=O,Cn1cc2nccnc2nc1=O,-0.9089
O=C1OCc2ccc(cc12)C#N,N#Cc1ccc2c(c1)C(=O)OC2,-2.7021
CC[S](=O)(=O)C(C)(CO)[S](=O)(=O)CC,CCS(=O)(=O)C(C)(CO)S(=O)(=O)CC,-0.1653
COc1c(N)c(C=O)ccc1O,COc1c(O)ccc(C=O)c1N,-0.2232
COC(=O)c1ccc(cc1C([O-])=O)[N+]([O-])=O,COC(=O)c1ccc([N+](=O)[O-])cc1C(=O)[O-],-2.0558
OC(=O)CC[C@H](NCCC#N)C(O)=O,N#CCCN[C@@H](CCC(=O)O)C(=O)O,-1.3015
CCC1(CC(C)=O)C(=O)NC(=O)NC1=O,CCC1(CC(C)=O)C(=O)NC(=O)NC1=O,-0.7661
CCCCCCC(O)C(O)C(O)=O,CCCCCCC(O)C(O)C(=O)O,-1.5469
Cc1cnc2c(ccc(Cl)c2C(O)=O)c1,Cc1cnc2c(C(=O)O)c(Cl)ccc2c1,-2.9973
CC[C@H](C)[C@H](NCCC#N)C(O)=O,CC[C@H](C)[C@H](NCCC#N)C(=O)O,-0.9818
CCc1nc2cnc(O)nc2nc1CC,CCc1nc2cnc(O)nc2nc1CC,-2.2644
CC(C)(OC1CCCCC1)C(O)=O,CC(C)(OC1CCCCC1)C(=O)O,-1.0798
COC(CC(O)=O)c1ccccc1,COC(CC(=O)O)c1ccccc1,-1.6952
[O-][N+](=O)C1C(=O)CC(CC1=O)c2ccccc2,O=C1CC(c2ccccc2)CC(=O)C1[N+](=O)[O-],-1.6688
OC(O)(C(=O)Nc1ccccc1)C(=O)Nc2ccccc2,O=C(Nc1ccccc1)C(O)(O)C(=O)Nc1ccccc1,-2.4568
CC=CCC1(C)C(=O)NC(=O)N(C)C1=O,CC=CCC1(C)C(=O)NC(=O)N(C)C1=O,-1.5445
CCOC(=O)C(O)C=C,C=CC(O)C(=O)OCC,0.3627
CC1CCCC(O1)OC2CCCC(C)O2,CC1CCCC(OC2CCCC(C)O2)O1,-1.1083
CCCO[P](=O)(OC)OCCC,CCCOP(=O)(OC)OCCC,-0.6592
CN1C=NC2=C(N(C)C(=O)N(C)C2=O)C1=O,Cn1cnc2c(=O)n(C)c(=O)n(C)c2c1=O,-1.985
[O-]C(=O)CN[S](=O)(=O)c1ccc2ccccc2c1,O=C([O-])CNS(=O)(=O)c1ccc2ccccc2c1,-2.8497
CCCCc1c2ccccc2cc3ccc4ccccc4c13,CCCCc1c2ccccc2cc2ccc3ccccc3c12,-7.5245
CCC(Br)(Br)C(O)=O,CCC(Br)(Br)C(=O)O,-0.8722
CCOC(=O)c1cnn(C)c1[S](=O)(=O)NC(=O)Nc2nc(OC)cc(OC)n2,CCOC(=O)c1cnn(C)c1S(=O)(=O)NC(=O)Nc1nc(OC)cc(OC)n1,-4.4561
OC(=O)CNC(=O)CN[S](=O)(=O)c1ccc2ccccc2c1,O=C(O)CNC(=O)CNS(=O)(=O)c1ccc2ccccc2c1,-2.6954
CC(C1CC1)C(O)(Cn2cncn2)c3ccc(Cl)cc3,CC(C1CC1)C(O)(Cn1cncn1)c1ccc(Cl)cc1,-3.3189
COCCOc1ccccc1[S](=O)(=O)NC(=O)Nc2nc(OC)nc(OC)n2,COCCOc1ccccc1S(=O)(=O)NC(=O)Nc1nc(OC)nc(OC)n1,-3.5372
CCO[P](=O)(SC(C)CC)SC(C)CC,CCOP(=O)(SC(C)CC)SC(C)CC,-3.0376
OC(=O)COC1CCCC1,O=C(O)COC1CCCC1,-0.8471
CCO[P](=S)(OC(C)C)Oc1cnc(nc1)C(C)(C)C,CCOP(=S)(Oc1cnc(C(C)(C)C)nc1)OC(C)C,-4.7626
CC(C)(C)N1N=CC(=C(Cl)C1=O)SCc2ccc(cc2)C(C)(C)C,CC(C)(C)c1ccc(CSc2cnn(C(C)(C)C)c(=O)c2Cl)cc1,-7.483
COc1ccsc1CN(C(=O)CCl)c2c(C)cccc2C,COc1ccsc1CN(C(=O)CCl)c1c(C)cccc1C,-4.4689
CNC1=C(C(=O)C(O1)c2ccccc2)c3cccc(c3)C(F)(F)F,CNC1=C(c2cccc(C(F)(F)F)c2)C(=O)C(c2ccccc2)O1,-3.9788
CCCCCCCCCCCCCCNC(=O)C(C)O,CCCCCCCCCCCCCCNC(=O)C(C)O,-3.9784
COC(=O)C1(CC1)[S](=O)(=O)c2ccccc2,COC(=O)C1(S(=O)(=O)c2ccccc2)CC1,-2.2601
ClC(Cl)C(=O)N(CC=C)CC(=O)NCC=C,C=CCNC(=O)CN(CC=C)C(=O)C(Cl)Cl,-1.0397
CSC(=O)c1c(CC(C)C)c(C(=O)SC)c(nc1C(F)F)C(F)(F)F,CSC(=O)c1c(C(F)F)nc(C(F)(F)F)c(C(=O)SC)c1CC(C)C,-5.4575
COc1nsc(N)n1,COc1nsc(N)n1,-1.2427
CCOc1nsc(N)n1,CCOc1nsc(N)n1,-0.6514
CC(=O)OCC(S)CS,CC(=O)OCC(S)CS,-1.2208
CCCCC(=CC)C(N)=O,CC=C(CCCC)C(N)=O,-1.3717
O=C(Nc1ncccn1)c2cnccn2,O=C(Nc1ncccn1)c1cnccn1,-0.3036
CCCCCCCCCOC(=O)c1cccnc1,CCCCCCCCCOC(=O)c1cccnc1,-3.0958
CCO[P](=O)(SC(C)CC)N1CCSC1=O,CCOP(=O)(SC(C)CC)N1CCSC1=O,-1.4589
Cc1ccn2nc(nc2n1)[S](=O)(=O)Nc3c(F)cccc3F,Cc1ccn2nc(S(=O)(=O)Nc3c(F)cccc3F)nc2n1,-3.8248
Cc1ccnc(NC(=O)c2cnccn2)n1,Cc1ccnc(NC(=O)c2cnccn2)n1,-0.7308
C[S](=O)(=O)c1ccc(c(Cl)c1)C(=O)C2C(=O)CCCC2=O,CS(=O)(=O)c1ccc(C(=O)C2C(=O)CCCC2=O)c(Cl)c1,-3.2994
CC1(C)OC(=O)c2cc(ccc12)[N+]([O-])=O,CC1(C)OC(=O)c2cc([N+](=O)[O-])ccc21,-3.0516
CCC1OC(=O)c2cc(ccc12)[N+]([O-])=O,CCC1OC(=O)c2cc([N+](=O)[O-])ccc21,-2.55
CC(O)C(C)C=O,CC(O)C(C)C=O,-0.4906
Cc1ncnc2c(O)cccc12,Cc1ncnc2c(O)cccc12,-2.6025
CN1C(=O)C(=Nc2cncnc12)C,Cc1nc2cncnc2n(C)c1=O,-1.489
NC(=O)C1CCCC(N1)C(N)=O,NC(=O)C1CCCC(C(N)=O)N1,0.2893
CCC(C)(C)C1CCC(=NO)C(C1)=NO,CCC(C)(C)C1CCC(=NO)C(=NO)C1,-3.9652
CCCc1ncnc2c(O)cccc12,CCCc1ncnc2c(O)cccc12,-2.9206
[NH3+][C@H](CC([O-])=O)c1cccc2ccccc12,[NH3+][C@H](CC(=O)[O-])c1cccc2ccccc12,-1.5902
CCCCCCCOC(=O)c1cccnc1,CCCCCCCOC(=O)c1cccnc1,-2.7429
CCOC(=O)[C@@H](C)Oc1ccc(Oc2cnc3cc(Cl)ccc3n2)cc1,CCOC(=O)[C@@H](C)Oc1ccc(Oc2cnc3cc(Cl)ccc3n2)cc1,-5.9694
COC(=O)c1c(Cl)nn(C)c1[S](=O)(=O)NC(=O)Nc2nc(OC)cc(OC)n2,COC(=O)c1c(Cl)nn(C)c1S(=O)(=O)NC(=O)Nc1nc(OC)cc(OC)n1,-4.4642
CCOc1ccc(NC(C)=O)c2cccnc12,CCOc1ccc(NC(C)=O)c2cccnc12,-1.5171
CCCCO[P](=O)(OCCCC)OCCCCOCC,CCCCOP(=O)(OCCCC)OCCCCOCC,-2.6468
CC1(C)[C@@H](\C=C/C(=O)OC(C(F)(F)F)C(F)(F)F)[C@H]1C(=O)O[C@H](C#N)c2cccc(Oc3ccccc3)c2,CC1(C)[C@H](C(=O)O[C@H](C#N)c2cccc(Oc3ccccc3)c2)[C@@H]1/C=C\C(=O)OC(C(F)(F)F)C(F)(F)F,-7.4325
COC(=O)c1ccccc1[S](=O)(=O)NC(=O)N(C)c2nc(C)nc(OC)n2,COC(=O)c1ccccc1S(=O)(=O)NC(=O)N(C)c1nc(C)nc(OC)n1,-3.8981
OC(=O)C(Cl)(Cl)CCCl,O=C(O)C(Cl)(Cl)CCCl,-0.5831
COC(=O)c1cc(ccc1C([O-])=O)[N+]([O-])=O,COC(=O)c1cc([N+](=O)[O-])ccc1C(=O)[O-],-1.721
NCCCCCCNCCCCCCCCCCC(O)=O,NCCCCCCNCCCCCCCCCCC(=O)O,-2.3017
CCC(N(Cc1occc1)C(=O)n2ccnc2)C(=O)OCCCC=C,C=CCCCOC(=O)C(CC)N(Cc1ccco1)C(=O)n1ccnc1,-2.8919
COc1ncc2nccnc2n1,COc1ncc2nccnc2n1,-1.113
CN1C(=O)N=Cc2nccnc12,Cn1c(=O)ncc2nccnc21,-1.3713
CCCC\C(=C\C)C(=O)NC(N)=O,C/C=C(/CCCC)C(=O)NC(N)=O,-2.7883
COC(C)C(C)Cl,COC(C)C(C)Cl,-1.9986
COc1cc(Br)c2COC(=O)c2c1OC,COc1cc(Br)c2c(c1OC)C(=O)OC2,-3.9311
CCc1nc2ncnc(O)c2nc1CC,CCc1nc2ncnc(O)c2nc1CC,-1.9122
CCOC(=O)c1nn(c2ccc(Cl)cc2Cl)c(n1)C(Cl)(Cl)Cl,CCOC(=O)c1nc(C(Cl)(Cl)Cl)n(-c2ccc(Cl)cc2Cl)n1,-5.6516
Fc1cc2OCC(=O)N(CC#C)c2cc1N3C(=O)C4=C(CCCC4)C3=O,C#CCN1C(=O)COc2cc(F)c(N3C(=O)C4=C(CCCC4)C3=O)cc21,-5.2966
OC(=O)CCCC(C(O)=O)(c1ccccc1)c2ccccc2,O=C(O)CCCC(C(=O)O)(c1ccccc1)c1ccccc1,-3.1737
CC(C)C1(C)N=C(NC1=O)c2ncc(C)cc2C(O)=O,Cc1cnc(C2=NC(C)(C(C)C)C(=O)N2)c(C(=O)O)c1,-2.0911
COc1c(oc2ccccc12)C(O)=O,COc1c(C(=O)O)oc2ccccc12,-2.8857
COC/C(=N/OCC(=O)OC)c1cc(Oc2ccc(cc2Cl)C(F)(F)F)ccc1[N+]([O-])=O,COC/C(=N/OCC(=O)OC)c1cc(Oc2ccc(C(F)(F)F)cc2Cl)ccc1[N+](=O)[O-],-5.6783
CCOc1ccc(cc1)[Si](C)(C)CCCc2ccc(F)c(Oc3ccccc3)c2,CCOc1ccc([Si](C)(C)CCCc2ccc(F)c(Oc3ccccc3)c2)cc1,-8.6113
C[C@@H](Oc1ccc(Oc2ncc(Cl)cc2F)cc1)C(=O)OCC#C,C#CCOC(=O)[C@@H](C)Oc1ccc(Oc2ncc(Cl)cc2F)cc1,-4.9417
CCOCCc1ccc(OCCNc2ncnc(CC)c2Cl)c(C)c1C,CCOCCc1ccc(OCCNc2ncnc(CC)c2Cl)c(C)c1C,-5.2409
CC(CCC(O)=O)NC(=O)c1ccccc1,CC(CCC(=O)O)NC(=O)c1ccccc1,-1.6917
Cc1nc(Br)[nH]c1[N+]([O-])=O,Cc1nc(Br)[nH]c1[N+](=O)[O-],-1.7914
CNC(=O)COC(=O)c1ccccc1,CNC(=O)COC(=O)c1ccccc1,-1.7178
CCCNC(=O)COC(=O)c1ccccc1,CCCNC(=O)COC(=O)c1ccccc1,-2.5387
CC(C)(C)NC(=O)COC(=O)c1ccccc1,CC(C)(C)NC(=O)COC(=O)c1ccccc1,-2.8665
NC(=O)CNC(=O)COC(=O)c1ccccc1,NC(=O)CNC(=O)COC(=O)c1ccccc1,-1.4983
CN(C)C(=O)COC(=O)c1ccccc1,CN(C)C(=O)COC(=O)c1ccccc1,-1.372
CCCN(CCC)C(=O)COC(=O)c1ccccc1,CCCN(CCC)C(=O)COC(=O)c1ccccc1,-2.3791
CCCCN(CCCC)C(=O)COC(=O)c1ccccc1,CCCCN(CCCC)C(=O)COC(=O)c1ccccc1,-3.5614
C=CCN(CC=C)C(=O)COC(=O)c1ccccc1,C=CCN(CC=C)C(=O)COC(=O)c1ccccc1,-2.5626
CN(CC(O)=O)C(=O)COC(=O)c1ccccc1,CN(CC(=O)O)C(=O)COC(=O)c1ccccc1,-2.254
O=C(COC(=O)c1ccccc1)N2CCCCC2,O=C(OCC(=O)N1CCCCC1)c1ccccc1,-2.5011
O=C(COC(=O)c1ccccc1)N2CCOCC2,O=C(OCC(=O)N1CCOCC1)c1ccccc1,-1.7734
CCC(NC=O)C(O)=O,CCC(NC=O)C(=O)O,-0.5918
CC(C)(C)C(O)(CCc1ccc(Cl)cc1)Cn2cncn2,CC(C)(C)C(O)(CCc1ccc(Cl)cc1)Cn1cncn1,-3.932
N[S](=O)(=O)c1ccc(SCCO)cc1,NS(=O)(=O)c1ccc(SCCO)cc1,-1.8239
N[S](=O)(=O)c1ccc(SCCCO)cc1,NS(=O)(=O)c1ccc(SCCCO)cc1,-2.2472
N[S](=O)(=O)c1ccc(SCCCCCO)cc1,NS(=O)(=O)c1ccc(SCCCCCO)cc1,-2.6618
CC(O)(CCC(C)(O)C(O)=O)C(O)=O,CC(O)(CCC(C)(O)C(=O)O)C(=O)O,-0.8372
CCCc1nc(N)c(CC)c(CCC)n1,CCCc1nc(N)c(CC)c(CCC)n1,-2.5132
C\C(=N/NC(=O)Nc1cc(F)cc(F)c1)c2ncccc2C(O)=O,C/C(=N\NC(=O)Nc1cc(F)cc(F)c1)c1ncccc1C(=O)O,-3.7248
OC(=O)c1ccccc1C2OC(=O)c3ccccc23,O=C(O)c1ccccc1C1OC(=O)c2ccccc21,-3.1042
O=C1CCCCCCCCCCCCCCCCCN1,O=C1CCCCCCCCCCCCCCCCCN1,-2.8474
CC(Oc1ccc(Oc2cnc3cc(Cl)ccc3n2)cc1)C(=O)OCCON=C(C)C,CC(C)=NOCCOC(=O)C(C)Oc1ccc(Oc2cnc3cc(Cl)ccc3n2)cc1,-5.8479
Cn1nc(C)c(\C=N\OCc2ccc(cc2)C(=O)OC(C)(C)C)c1Oc3ccccc3,Cc1nn(C)c(Oc2ccccc2)c1/C=N/OCc1ccc(C(=O)OC(C)(C)C)cc1,-7.4604
CC(C)(COCc1cccc(Oc2ccccc2)c1)c3ccc(OC(F)(F)Br)cc3,CC(C)(COCc1cccc(Oc2ccccc2)c1)c1ccc(OC(F)(F)Br)cc1,-9.9799
CCOC(=O)CSc1nc(nn1C(=O)N(C)C)C(C)(C)C,CCOC(=O)CSc1nc(C(C)(C)C)nn1C(=O)N(C)C,-2.861
CC(C)(C)N(NC(=O)c1ccc(Cl)cc1)C(=O)c2ccccc2,CC(C)(C)N(NC(=O)c1ccc(Cl)cc1)C(=O)c1ccccc1,-4.4404
CCc1ccc(cc1)C(=O)NN(C(=O)c2cc(C)cc(C)c2)C(C)(C)C,CCc1ccc(C(=O)NN(C(=O)c2cc(C)cc(C)c2)C(C)(C)C)cc1,-5.6281
OC(=O)C1CC1C(=O)Nc2ccc(Cl)cc2Cl,O=C(O)C1CC1C(=O)Nc1ccc(Cl)cc1Cl,-3.8697
CC(Oc1ccc(Oc2oc3cc(Cl)ccc3n2)cc1)C(O)=O,CC(Oc1ccc(Oc2nc3ccc(Cl)cc3o2)cc1)C(=O)O,-3.092
COCc1cnc(C2=NC(C)(C(C)C)C(=O)N2)c(c1)C(O)=O,COCc1cnc(C2=NC(C)(C(C)C)C(=O)N2)c(C(=O)O)c1,-1.84
Clc1ccc(CCC(Cn2cncn2)(C#N)c3ccccc3)cc1,N#CC(CCc1ccc(Cl)cc1)(Cn1cncn1)c1ccccc1,-6.2264
CC[C@H]1[C@H](C)OC1=O,CC[C@@H]1C(=O)O[C@H]1C,-0.6665
O=C(COC(=O)c1ccccc1)N2CCC2,O=C(OCC(=O)N1CCC1)c1ccccc1,-1.6085
O=C(COC(=O)c1ccccc1)N2CCCCCC2,O=C(OCC(=O)N1CCCCCC1)c1ccccc1,-2.5421
OC1CCN(CC1)C(=O)COC(=O)c2ccccc2,O=C(OCC(=O)N1CCC(O)CC1)c1ccccc1,-1.3486
OC(=O)[C@@H]1CCCN1C(=O)COC(=O)c2ccccc2,O=C(OCC(=O)N1CCC[C@H]1C(=O)O)c1ccccc1,-1.5917
COC(=O)[C@@H]1CCCN1C(=O)COC(=O)c2ccccc2,COC(=O)[C@@H]1CCCN1C(=O)COC(=O)c1ccccc1,-2.0841
CN(C)C(=O)CCOC(=O)c1ccccc1,CN(C)C(=O)CCOC(=O)c1ccccc1,-1.0994
CN(C)C(=O)CCCOC(=O)c1ccccc1,CN(C)C(=O)CCCOC(=O)c1ccccc1,-1.2286
CN(C(C)=O)C(=O)COC(=O)c1ccccc1,CC(=O)N(C)C(=O)COC(=O)c1ccccc1,-2.8664
CC(C)NC(=O)COC(=O)c1ccccc1,CC(C)NC(=O)COC(=O)c1ccccc1,-2.7321
CCCCNC(=O)COC(=O)c1ccccc1,CCCCNC(=O)COC(=O)c1ccccc1,-2.7588
CCCCCCNC(=O)COC(=O)c1ccccc1,CCCCCCNC(=O)COC(=O)c1ccccc1,-3.902
CC(NC(=O)COC(=O)c1ccccc1)C(N)=O,CC(NC(=O)COC(=O)c1ccccc1)C(N)=O,-2.7172
Clc1ccc(c(Cl)c1)C2(CC(Br)CO2)Cn3cncn3,Clc1ccc(C2(Cn3cncn3)CC(Br)CO2)c(Cl)c1,-3.8775
FC(OC(F)(F)F)C(F)(F)Oc1ccc(NC(=O)NC(=O)c2c(F)cccc2F)cc1Cl,O=C(NC(=O)c1c(F)cccc1F)Nc1ccc(OC(F)(F)C(F)OC(F)(F)F)c(Cl)c1,-6.9675
CCNC(C)CC,CCNC(C)CC,-0.21
NCCCCC(NC(=O)c1ccccc1)C(O)=O,NCCCCC(NC(=O)c1ccccc1)C(=O)O,-2.2845
COC(=O)CSc1cc(N=C2SC(=O)N3CCCCN23)c(F)cc1Cl,COC(=O)CSc1cc(N=c2sc(=O)n3n2CCCC3)c(F)cc1Cl,-5.6768
O[C@@H]([C@@H](O)[C@@H](O)C(O)=O)[C@@H](O)C(O)=O,O=C(O)[C@H](O)[C@H](O)[C@H](O)[C@@H](O)C(=O)O,0.1999
COC(=O)c1c(CC(C)C)c(C2=NCCS2)c(nc1C(F)F)C(F)(F)F,COC(=O)c1c(C(F)F)nc(C(F)(F)F)c(C2=NCCS2)c1CC(C)C,-5.2002
CCCN(CC)CC1COC2(CCC(CC2)C(C)(C)C)O1,CCCN(CC)CC1COC2(CCC(C(C)(C)C)CC2)O1,-2.8014
OCCc1ccc(O)c(c1)[N+]([O-])=O,O=[N+]([O-])c1cc(CCO)ccc1O,-1.1556
CC1OC(=O)c2cc(N)ccc12,CC1OC(=O)c2cc(N)ccc21,-1.7891
CC1(C)[C@H](C=C(Cl)Cl)[C@H]1C(=O)OCc2c(F)c(F)cc(F)c2F,CC1(C)[C@H](C=C(Cl)Cl)[C@H]1C(=O)OCc1c(F)c(F)cc(F)c1F,-6.8137
COc1ccc(cc1)C(=O)c2csc(c2)[S](N)(=O)=O,COc1ccc(C(=O)c2csc(S(N)(=O)=O)c2)cc1,-4.4733
N[S](=O)(=O)c1scc(c1)C(=O)c2ccc(O)cc2,NS(=O)(=O)c1cc(C(=O)c2ccc(O)cc2)cs1,-2.8612
COc1ccc(cc1)C(=O)c2coc(c2)[S](N)(=O)=O,COc1ccc(C(=O)c2coc(S(N)(=O)=O)c2)cc1,-4.1481
Cc1ccc(cc1)C(=O)c2csc(c2)[S](N)(=O)=O,Cc1ccc(C(=O)c2csc(S(N)(=O)=O)c2)cc1,-4.4492
NC(=O)c1nn(c2ccc(Cl)c(COCC(F)(F)C(F)(F)F)c2)c(n1)c3ccccc3,NC(=O)c1nc(-c2ccccc2)n(-c2ccc(Cl)c(COCC(F)(F)C(F)(F)F)c2)n1,-5.6635
CCc1nn(C)c(C(=O)NCc2ccc(cc2)C(C)(C)C)c1Cl,CCc1nn(C)c(C(=O)NCc2ccc(C(C)(C)C)cc2)c1Cl,-5.1086
CC(Oc1ccc(Oc2cnc3cc(Cl)ccc3n2)cc1)C(=O)OCC4CCCO4,CC(Oc1ccc(Oc2cnc3cc(Cl)ccc3n2)cc1)C(=O)OCC1CCCO1,-5.0303
Nc1n(nc(C#N)c1[S](=O)C(F)(F)F)c2c(Cl)cc(cc2Cl)C(F)(F)F,N#Cc1nn(-c2c(Cl)cc(C(F)(F)F)cc2Cl)c(N)c1[S+]([O-])C(F)(F)F,-5.3619
COc1cc(OC)nc(NC(=O)N[S](=O)(=O)c2n(C)ncc2c3nnn(C)n3)n1,COc1cc(OC)nc(NC(=O)NS(=O)(=O)c2c(-c3nnn(C)n3)cnn2C)n1,-2.6066
CCN(Cc1ccc(Cl)nc1)\C(NC)=C\[N+]([O-])=O,CCN(Cc1ccc(Cl)nc1)/C(=C/[N+](=O)[O-])NC,0.4918
CC(C)(C)c1ccc(CCOc2ncnc3ccccc23)cc1,CC(C)(C)c1ccc(CCOc2ncnc3ccccc23)cc1,-6.1439
COc1ccc(NCC(O)CO)cc1,COc1ccc(NCC(O)CO)cc1,-0.295
CC1(C)OC(CN1C(=O)C(Cl)Cl)c2occc2,CC1(C)OC(c2ccco2)CN1C(=O)C(Cl)Cl,-3.1498
CCCCOC(=O)C(C)Oc1ccc(Oc2ccc(cc2F)C#N)cc1,CCCCOC(=O)C(C)Oc1ccc(Oc2ccc(C#N)cc2F)cc1,-5.707999999999999
COc1cc(OC)nc(NC(=O)N[S](=O)(=O)c2n3ccccc3nc2Cl)n1,COc1cc(OC)nc(NC(=O)NS(=O)(=O)c2c(Cl)nc3ccccn23)n1,-4.7886
NC(=O)C[C@H](NC(=O)CCl)C(O)=O,NC(=O)C[C@H](NC(=O)CCl)C(=O)O,-0.3193
CC[S](=O)(=O)c1cccnc1[S](=O)(=O)NC(=O)Nc2nc(OC)cc(OC)n2,CCS(=O)(=O)c1cccnc1S(=O)(=O)NC(=O)Nc1nc(OC)cc(OC)n1,-4.6349
CC1=NNC(=O)N(C1)\N=C\c2cccnc2,CC1=NNC(=O)N(/N=C/c2cccnc2)C1,-2.8745
C[C@@H](O)CCCC=O,C[C@@H](O)CCCC=O,-0.4629999999999999
CCOC(=O)c1ccc(OC)c(OC)c1C([O-])=O,CCOC(=O)c1ccc(OC)c(OC)c1C(=O)[O-],-2.253
Fc1ccc(Oc2ccnc3cc(Cl)cc(Cl)c23)cc1,Fc1ccc(Oc2ccnc3cc(Cl)cc(Cl)c23)cc1,-6.4243
CC1(C)CCC(Cc2ccc(Cl)cc2)C1(O)Cn3cncn3,CC1(C)CCC(Cc2ccc(Cl)cc2)C1(O)Cn1cncn1,-4.3288
CC(C)C1CCC(Cc2ccc(Cl)cc2)C1(O)Cn3cncn3,CC(C)C1CCC(Cc2ccc(Cl)cc2)C1(O)Cn1cncn1,-4.6828
CCN(CC)C(=O)n1cnc(n1)[S](=O)(=O)c2c(C)cc(C)cc2C,CCN(CC)C(=O)n1cnc(S(=O)(=O)c2c(C)cc(C)cc2C)n1,-5.1467
CC=CC(=O)Nc1ccc(O)cc1,CC=CC(=O)Nc1ccc(O)cc1,-2.6464
CCC(CC)(C#N)C(=O)NC(N)=O,CCC(C#N)(CC)C(=O)NC(N)=O,-1.564
CCOc1ccccc1O[S](=O)(=O)NC(=O)Nc2nc(OC)cc(OC)n2,CCOc1ccccc1OS(=O)(=O)NC(=O)Nc1nc(OC)cc(OC)n1,-4.1853
CCOC(=O)C(Cl)Cc1cc(N2N=C(C)N(C(F)F)C2=O)c(F)cc1Cl,CCOC(=O)C(Cl)Cc1cc(-n2nc(C)n(C(F)F)c2=O)c(F)cc1Cl,-4.2727
CCC1=C(C(O)=O)C(=O)C=NN1c2ccc(Cl)cc2,CCc1c(C(=O)O)c(=O)cnn1-c1ccc(Cl)cc1,0.4
OC1(CCCCCC1n2cncn2)c3ccc(Cl)cc3,OC1(c2ccc(Cl)cc2)CCCCCC1n1cncn1,-3.3681
CCOC(=O)COc1cc(c(F)cc1Cl)c2nn(C)c(OC(F)F)c2Cl,CCOC(=O)COc1cc(-c2nn(C)c(OC(F)F)c2Cl)c(F)cc1Cl,-5.6161
Cc1sc(C(=O)Nc2c(Br)cc(OC(F)(F)F)cc2Br)c(n1)C(F)(F)F,Cc1nc(C(F)(F)F)c(C(=O)Nc2c(Br)cc(OC(F)(F)F)cc2Br)s1,-5.5186
FC1(F)Oc2cccc(c2O1)c3c[nH]cc3C#N,N#Cc1c[nH]cc1-c1cccc2c1OC(F)(F)O2,-5.1395
CC1(OC(=O)N(Nc2ccccc2)C1=O)c3ccc(Oc4ccccc4)cc3,CC1(c2ccc(Oc3ccccc3)cc2)OC(=O)N(Nc2ccccc2)C1=O,-6.8573
CO\C=C(C(=O)OC)/c1ccccc1Oc2cc(Oc3ccccc3C#N)ncn2,CO/C=C(/C(=O)OC)c1ccccc1Oc1cc(Oc2ccccc2C#N)ncn1,-4.8276
CNC(=O)C(=N/OC)\c1ccccc1Oc2ccccc2,CNC(=O)/C(=N\OC)c1ccccc1Oc1ccccc1,-3.3466
CSC(=O)c1cccc2nnsc12,CSC(=O)c1cccc2nnsc12,-4.4363
CN(Cc1ccc(Cl)nc1)C(C)=NC#N,CC(=NC#N)N(C)Cc1ccc(Cl)nc1,-1.7244
CCOC(=O)C1=NN(c2ccc(Cl)cc2Cl)C(C)(C1)C(=O)OCC,CCOC(=O)C1=NN(c2ccc(Cl)cc2Cl)C(C)(C(=O)OCC)C1,-4.271
N[S](=O)(=O)c1ccc(SCCCCO)cc1,NS(=O)(=O)c1ccc(SCCCCO)cc1,-2.5141
N[S](=O)(=O)c1ccc(CCCO)cc1,NS(=O)(=O)c1ccc(CCCO)cc1,-1.032
N[S](=O)(=O)c1ccc(CCCCO)cc1,NS(=O)(=O)c1ccc(CCCCO)cc1,-1.1931
N[S](=O)(=O)c1ccc(CCCCCO)cc1,NS(=O)(=O)c1ccc(CCCCCO)cc1,-1.9712
CN(C)c1nc(NC(=O)N[S](=O)(=O)c2c(C)cccc2C(O)=O)nc(OCC(F)(F)F)n1,Cc1cccc(C(=O)O)c1S(=O)(=O)NC(=O)Nc1nc(OCC(F)(F)F)nc(N(C)C)n1,-5.6798
CO\N=C(/C)c1cccc(Oc2nc(OC)cc(OC)n2)c1C(=O)OC,CO/N=C(\C)c1cccc(Oc2nc(OC)cc(OC)n2)c1C(=O)OC,-3.6037
Fc1ccc2N=C(n3cncn3)N(C(=O)c2c1)c4ccc(Cl)cc4Cl,O=c1c2cc(F)ccc2nc(-n2cncn2)n1-c1ccc(Cl)cc1Cl,-5.5754
COc1cc(OC)nc(NC(=O)N[S](=O)(=O)Nc2ccccc2C(=O)C3CC3)n1,COc1cc(OC)nc(NC(=O)NS(=O)(=O)Nc2ccccc2C(=O)C2CC2)n1,-6.3943
[O-][N+](=O)NC1=NCCN1Cc2ccc(Cl)nc2,O=[N+]([O-])NC1=NCCN1Cc1ccc(Cl)nc1,-2.6223
COc1cc(OC)n2nc(nc2n1)[S](=O)(=O)Nc3c(Cl)ccc(C)c3Cl,COc1cc(OC)n2nc(S(=O)(=O)Nc3c(Cl)ccc(C)c3Cl)nc2n1,-3.3204
C[S](=O)(=O)c1cc(ccc1C(=O)c2cnoc2C3CC3)C(F)(F)F,CS(=O)(=O)c1cc(C(F)(F)F)ccc1C(=O)c1cnoc1C1CC1,-4.7631
CC[S](=O)(=O)c1nc2ccccn2c1[S](=O)(=O)NC(=O)Nc3nc(OC)cc(OC)n3,CCS(=O)(=O)c1nc2ccccn2c1S(=O)(=O)NC(=O)Nc1nc(OC)cc(OC)n1,-4.4191
CC(C)N(C(=O)COc1sc(nn1)C(F)(F)F)c2ccc(F)cc2,CC(C)N(C(=O)COc1nnc(C(F)(F)F)s1)c1ccc(F)cc1,-3.8121
CO\N=C(C(=O)OC)/c1ccccc1COc2ccccc2C,CO/N=C(/C(=O)OC)c1ccccc1COc1ccccc1C,-5.195
Cc1cc(C)nc(NC(=O)N[S](=O)(=O)c2ccccc2C(=O)OC3COC3)n1,Cc1cc(C)nc(NC(=O)NS(=O)(=O)c2ccccc2C(=O)OC2COC2)n1,-3.893
COC(=O)C1(CC1)[S](=O)(=O)c2ccc(C)cc2,COC(=O)C1(S(=O)(=O)c2ccc(C)cc2)CC1,-2.8803
CCOC(=O)C1(CC1)[S](=O)(=O)c2ccc(C)cc2,CCOC(=O)C1(S(=O)(=O)c2ccc(C)cc2)CC1,-3.0104
CC(C)OC(=O)C1(CC1)[S](=O)(=O)c2ccc(C)cc2,Cc1ccc(S(=O)(=O)C2(C(=O)OC(C)C)CC2)cc1,-3.2307
COC(=O)C1(CC1)[S](=O)(=O)c2ccc(Cl)cc2,COC(=O)C1(S(=O)(=O)c2ccc(Cl)cc2)CC1,-3.3086
CC(C)OC(=O)C1(CC1)[S](=O)(=O)c2ccc(Cl)cc2,CC(C)OC(=O)C1(S(=O)(=O)c2ccc(Cl)cc2)CC1,-3.5401
CC(C)(C)OC(=O)C1(CC1)[S](=O)(=O)c2ccc(Cl)cc2,CC(C)(C)OC(=O)C1(S(=O)(=O)c2ccc(Cl)cc2)CC1,-4.1206
COC(=O)C1(CC1)[S](=O)(=O)c2ccc(Br)cc2,COC(=O)C1(S(=O)(=O)c2ccc(Br)cc2)CC1,-3.6703
COC(=O)C1(CC1)[S](=O)(=O)c2ccc(cc2)[N+]([O-])=O,COC(=O)C1(S(=O)(=O)c2ccc([N+](=O)[O-])cc2)CC1,-3.3797
CC(C)OC(=O)C1(CC1)[S](=O)(=O)c2ccc(cc2)[N+]([O-])=O,CC(C)OC(=O)C1(S(=O)(=O)c2ccc([N+](=O)[O-])cc2)CC1,-4.2605
NC1[C@H]2CN(C[C@@H]12)c3nc4N(C=C(C(O)=O)C(=O)c4cc3F)c5ccc(F)cc5F,NC1[C@H]2CN(c3nc4c(cc3F)c(=O)c(C(=O)O)cn4-c3ccc(F)cc3F)C[C@@H]12,-4.5296
CCOc1nc(F)cc2nc(nn12)[S](=O)(=O)Nc3c(Cl)cccc3C(=O)OC,CCOc1nc(F)cc2nc(S(=O)(=O)Nc3c(Cl)cccc3C(=O)OC)nn12,-4.4292
COc1ccc(cc1NNC(=O)OC(C)C)c2ccccc2,COc1ccc(-c2ccccc2)cc1NNC(=O)OC(C)C,-4.9025
CCOc1cc(ccc1C2COC(=N2)c3c(F)cccc3F)C(C)(C)C,CCOc1cc(C(C)(C)C)ccc1C1COC(c2c(F)cccc2F)=N1,-6.6782
CCN(C1CCCCC1)C(=O)N2N=NN(C2=O)c3ccccc3Cl,CCN(C(=O)n1nnn(-c2ccccc2Cl)c1=O)C1CCCCC1,-5.1821
CC(C)OC(=O)C1(CCC1)[S](=O)(=O)c2ccc(cc2)[N+]([O-])=O,CC(C)OC(=O)C1(S(=O)(=O)c2ccc([N+](=O)[O-])cc2)CCC1,-3.7599
CC(C)OC(=O)C1(CCCCC1)[S](=O)(=O)c2ccc(cc2)[N+]([O-])=O,CC(C)OC(=O)C1(S(=O)(=O)c2ccc([N+](=O)[O-])cc2)CCCCC1,-4.8796
CC(C)OC(=O)C1(CCCCCC1)[S](=O)(=O)c2ccc(cc2)[N+]([O-])=O,CC(C)OC(=O)C1(S(=O)(=O)c2ccc([N+](=O)[O-])cc2)CCCCCC1,-5.0706
COC(=O)C1(CCC1)[S](=O)(=O)c2ccc(Br)cc2,COC(=O)C1(S(=O)(=O)c2ccc(Br)cc2)CCC1,-3.55
COC(=O)C1(CCCC1)[S](=O)(=O)c2ccc(Br)cc2,COC(=O)C1(S(=O)(=O)c2ccc(Br)cc2)CCCC1,-4.0104
COC(=O)C1(CCCCC1)[S](=O)(=O)c2ccc(Br)cc2,COC(=O)C1(S(=O)(=O)c2ccc(Br)cc2)CCCCC1,-4.4786
COC(=O)C1(CCC1)[S](=O)(=O)c2ccc(Cl)cc2,COC(=O)C1(S(=O)(=O)c2ccc(Cl)cc2)CCC1,-2.9996
CC(C)OC(=O)C1(CCCC1)[S](=O)(=O)c2ccc(Cl)cc2,CC(C)OC(=O)C1(S(=O)(=O)c2ccc(Cl)cc2)CCCC1,-4.6498
CCOC(=O)C1(CCC1)[S](=O)(=O)c2ccc(C)cc2,CCOC(=O)C1(S(=O)(=O)c2ccc(C)cc2)CCC1,-2.9594
COC(=O)C1(CCC1)[S](=O)(=O)c2ccccc2,COC(=O)C1(S(=O)(=O)c2ccccc2)CCC1,-3.0005
COC(=O)C1(CCCC1)[S](=O)(=O)c2ccccc2,COC(=O)C1(S(=O)(=O)c2ccccc2)CCCC1,-2.5501
CC(C)C(C(=O)OC(C#N)c1cccc(Oc2ccc(Br)cc2)c1)c3ccc(OC(F)F)cc3,CC(C)C(C(=O)OC(C#N)c1cccc(Oc2ccc(Br)cc2)c1)c1ccc(OC(F)F)cc1,-8.1731
COc1cccc(C(=O)NN(C(=O)c2cc(C)cc(C)c2)C(C)(C)C)c1C,COc1cccc(C(=O)NN(C(=O)c2cc(C)cc(C)c2)C(C)(C)C)c1C,-5.5664
CC(C)OC(=O)c1cc(c(F)cc1Cl)c2nn(C)c(c2Br)C(F)(F)F,CC(C)OC(=O)c1cc(-c2nn(C)c(C(F)(F)F)c2Br)c(F)cc1Cl,-6.9227
CCOC(=O)C(NC=O)=Cc1cocc1,CCOC(=O)C(=Cc1ccoc1)NC=O,-2.7477
CC(C)C(C)C,CC(C)C(C)C,-3.5832
CCC(C)CC,CCC(C)CC,-3.6826
CC1CCCC1,CC1CCCC1,-3.3019
CCCCCCCC,CCCCCCCC,-5.2382
CCCCCCC,CCCCCCC,-4.4694
C1CCCCCCC1,C1CCCCCCC1,-4.1524
CC(C)(C)C,CC(C)(C)C,-3.3371
c1ccc2c(c1)cc3ccc4cccc5ccc2c3c45,c1ccc2c(c1)cc1ccc3cccc4ccc2c1c34,-8.1924
c1ccc2c(c1)ccc3cc4c(ccc5ccccc45)cc23,c1ccc2c(c1)ccc1cc3c(ccc4ccccc43)cc12,-8.6679
Cc1ccc2cc3c(ccc4ccccc34)c5CCc1c25,Cc1ccc2cc3c(ccc4ccccc43)c3c2c1CC3,-7.9663
c1ccc2cc3c(ccc4ccccc34)cc2c1,c1ccc2cc3c(ccc4ccccc43)cc2c1,-7.3854
c1ccc2c(c1)ccc3ccccc23,c1ccc2c(c1)ccc1ccccc12,-5.1903
s1c2ccccc2c3ccccc13,c1ccc2c(c1)sc1ccccc12,-5.0981
c1cc2ccc3ccc4ccc5cccc6c(c1)c2c3c4c56,c1cc2ccc3ccc4ccc5cccc6c(c1)c2c3c4c56,-9.0265
c1cc2cccc3C=Cc(c1)c23,C1=Cc2cccc3cccc1c23,-3.9756
c1ccc2cc3c4ccccc4c5ccccc5c3cc2c1,c1ccc2cc3c4ccccc4c4ccccc4c3cc2c1,-8.2405
c1ccc2c(c1)c3ccccc3c4ccccc24,c1ccc2c(c1)c1ccccc1c1ccccc21,-6.7447
c1ccc2c(c1)ccc3c4ccccc4ccc23,c1ccc2c(c1)ccc1c3ccccc3ccc21,-8.0575
c1ccc2c(c1)ccc3cc4ccc5ccccc5c4cc23,c1ccc2c(c1)ccc1cc3ccc4ccccc4c3cc12,-8.4318
C1c2ccccc2c3cc4ccccc4cc13,c1ccc2c(c1)Cc1cc3ccccc3cc1-2,-7.733
[O-][N+](=O)c1c2ccccc2cc3ccccc13,O=[N+]([O-])c1c2ccccc2cc2ccccc12,-6.2918
Cc1ccc2cc3ccccc3cc2c1,Cc1ccc2cc3ccccc3cc2c1,-6.9555
Cc1c2ccccc2c(C)c3ccccc13,Cc1c2ccccc2c(C)c2ccccc12,-6.5663
Cc1cccc2c1ccc3ccccc23,Cc1cccc2c1ccc1ccccc12,-5.8541
Cc1cccc2c1Cc3ccccc23,Cc1cccc2c1Cc1ccccc1-2,-5.2184
Cc1ccc2c(ccc3ccccc23)c1,Cc1ccc2c(ccc3ccccc32)c1,-5.8367
CCc1ccc2cc3ccccc3cc2c1,CCc1ccc2cc3ccccc3cc2c1,-6.8863
CC(C)(C)c1ccccc1,CC(C)(C)c1ccccc1,-3.658
CC(C)c1ccccc1,CC(C)c1ccccc1,-3.2924
C(Cc1ccccc1)c2ccccc2,c1ccc(CCc2ccccc2)cc1,-4.6272
CCCc1ccccc1,CCCc1ccccc1,-3.3622
CCCCc1ccccc1,CCCCc1ccccc1,-4.0559
CCc1ccccc1CC,CCc1ccccc1CC,-3.2759
CCc1cccc(CC)c1,CCc1cccc(CC)c1,-3.7476
Cc1cccc(C)c1C,Cc1cccc(C)c1C,-3.2037
C#Cc1ccccc1,C#Cc1ccccc1,-2.3502
CCCCCc1ccccc1,CCCCCc1ccccc1,-4.6434
CC(C)Cc1ccccc1,CC(C)Cc1ccccc1,-4.1235
CCc1ccccc1C,CCc1ccccc1C,-3.2072
Cc1ccc(cc1)c2ccc(C)cc2,Cc1ccc(-c2ccc(C)cc2)cc1,-6.0177
CCc1ccc(C)cc1,CCc1ccc(C)cc1,-3.1026
Cc1cc(C)c(C)c(C)c1C,Cc1cc(C)c(C)c(C)c1C,-3.9807
CCCCCCc1ccccc1,CCCCCCc1ccccc1,-5.2551
CCCCCCCCc1ccccc1,CCCCCCCCc1ccccc1,-6.46
[O-][N+](=O)c1c(Cl)c(Cl)c(Cl)c(Cl)c1Cl,O=[N+]([O-])c1c(Cl)c(Cl)c(Cl)c(Cl)c1Cl,-5.8269
[O-][N+](=O)c1cc(Cl)c(Cl)cc1Cl,O=[N+]([O-])c1cc(Cl)c(Cl)cc1Cl,-3.8866
Cc1ccccc1Cl,Cc1ccccc1Cl,-2.5295
Brc1ccc(Br)cc1,Brc1ccc(Br)cc1,-4.0717
Cc1ccc(Br)cc1,Cc1ccc(Br)cc1,-3.1917
Clc1ccc(Br)cc1,Clc1ccc(Br)cc1,-3.6298
Brc1cccc(Br)c1,Brc1cccc(Br)c1,-3.5435
Clc1cccc(Br)c1,Clc1cccc(Br)c1,-3.2102
[O-][N+](=O)c1c(Cl)c(Cl)cc(Cl)c1Cl,O=[N+]([O-])c1c(Cl)c(Cl)cc(Cl)c1Cl,-5.0963
Fc1ccc(CCl)cc1,Fc1ccc(CCl)cc1,-2.5442
Fc1ccc(F)cc1,Fc1ccc(F)cc1,-1.9709
Brc1ccccc1Br,Brc1ccccc1Br,-3.5
Cc1cccc(Br)c1,Cc1cccc(Br)c1,-3.523
Fc1cccc(Cl)c1,Fc1cccc(Cl)c1,-2.3457
Clc1ccc(Cl)c(Cl)c1Cl,Clc1ccc(Cl)c(Cl)c1Cl,-4.5619
[O-][N+](=O)c1cc(Cl)c(Cl)c(Cl)c1Cl,O=[N+]([O-])c1cc(Cl)c(Cl)c(Cl)c1Cl,-4.5531
Fc1cccc(Br)c1,Fc1cccc(Br)c1,-2.6656
[O-][N+](=O)c1ccc(Cl)c(Cl)c1Cl,O=[N+]([O-])c1ccc(Cl)c(Cl)c1Cl,-3.94
[O-][N+](=O)c1c(Cl)cc(Cl)cc1Cl,O=[N+]([O-])c1c(Cl)cc(Cl)cc1Cl,-4.5591
CN(C)C,CN(C)C,1.1777
CCN(CC)c1ccccc1,CCN(CC)c1ccccc1,-3.0278
CNc1ccccc1,CNc1ccccc1,-1.2803
N(c1ccccc1)c2ccccc2,c1ccc(Nc2ccccc2)cc1,-3.5042
COc1ccc(C=O)cc1,COc1ccc(C=O)cc1,-1.5016
Nc1cc(Cl)cc(Cl)c1,Nc1cc(Cl)cc(Cl)c1,-2.3153
Oc1c(Cl)c(Cl)c(Cl)c(Cl)c1Cl,Oc1c(Cl)c(Cl)c(Cl)c(Cl)c1Cl,-4.2793
CCc1ccccc1O,CCc1ccccc1O,-1.3594
COc1ccccc1O,COc1ccccc1O,-0.8221
COc1cccc(OC)c1O,COc1cccc(OC)c1O,-0.9525
Oc1ccc(cc1)c2ccccc2,Oc1ccc(-c2ccccc2)cc1,-3.4812
Oc1cc(Cl)c(Cl)cc1Cl,Oc1cc(Cl)c(Cl)cc1Cl,-2.2163
Cc1ccc(O)c(C)c1,Cc1ccc(O)c(C)c1,-1.1909999999999998
Oc1ccc(Br)cc1,Oc1ccc(Br)cc1,-1.092
COc1ccc(O)cc1,COc1ccc(O)cc1,-0.4919
Cc1cc(C)c(O)c(C)c1,Cc1cc(C)c(O)c(C)c1,-2.055
Oc1cccc(Cl)c1Cl,Oc1cccc(Cl)c1Cl,-1.6559
Oc1cccc(Br)c1,Oc1cccc(Br)c1,-0.8764
Oc1cc(Cl)cc(Cl)c1,Oc1cc(Cl)cc(Cl)c1,-1.5590000000000002
Oc1ccc(Br)cc1Br,Oc1ccc(Br)cc1Br,-2.1225
OC(=O)C(O)(c1ccccc1)c2ccccc2,O=C(O)C(O)(c1ccccc1)c1ccccc1,-2.2092
CC12[C@@H](O)C=C[C@@]3(OC1=O)[C@@H]4CC[C@]5(O)C[C@]4(CC5=C)[C@H]([C@H]23)C(O)=O,C=C1C[C@]23C[C@@]1(O)CC[C@H]2[C@@]12C=C[C@H](O)C(C)(C(=O)O1)[C@H]2[C@@H]3C(=O)O,-1.8406
OC(=O)CCl,O=C(O)CCl,0.9277
CC(C)C(O)=O,CC(C)C(=O)O,0.2777
CCC(Br)C(O)=O,CCC(Br)C(=O)O,-0.3776
OC(=O)Cc1cccc2ccccc12,O=C(O)Cc1cccc2ccccc12,-2.6468
OC(=O)Cc1c[nH]c2ccccc12,O=C(O)Cc1c[nH]c2ccccc12,-2.0674
CCC(CC)C(O)=O,CCC(CC)C(=O)O,-0.8098
Cc1cc(Cl)ccc1OCC(O)=O,Cc1cc(Cl)ccc1OCC(=O)O,-2.503
OC(=O)CCCCCC(O)=O,O=C(O)CCCCCC(=O)O,-0.5056
CCCCCCCCCCC(O)=O,CCCCCCCCCCC(=O)O,-3.5525
OC(=O)COc1ccccc1,O=C(O)COc1ccccc1,-1.1031
OC(=O)COc1ccc(Cl)cc1,O=C(O)COc1ccc(Cl)cc1,-2.29
OC(=O)\C=C\c1ccccc1,O=C(O)/C=C/c1ccccc1,-2.4335
CCCCC(CC)C(O)=O,CCCCC(CC)C(=O)O,-1.858
CCCCCCCCCCCCCC(O)=O,CCCCCCCCCCCCCC(=O)O,-5.3293
OC(=O)COc1ccc(Cl)c(Cl)c1,O=C(O)COc1ccc(Cl)c(Cl)c1,-2.6846
OC(=O)COc1ccccc1Cl,O=C(O)COc1ccccc1Cl,-2.1637
COc1ccc(\C=C\C(O)=O)cc1,COc1ccc(/C=C/C(=O)O)cc1,-2.3984
OC(=O)c1cc(Cl)cc(Cl)c1,O=C(O)c1cc(Cl)cc(Cl)c1,-3.1137
OC(=O)c1ccc(Cl)c(Cl)c1,O=C(O)c1ccc(Cl)c(Cl)c1,-3.495
OC(=O)c1cccc2ccccc12,O=C(O)c1cccc2ccccc12,-3.3015
OC(=O)c1cscc1,O=C(O)c1ccsc1,-1.4743
OC(=O)c1occc1,O=C(O)c1ccco1,-0.4802
OC(=O)c1ccccc1I,O=C(O)c1ccccc1I,-2.7308
OC(=O)c1ccc2ccccc2c1,O=C(O)c1ccc2ccccc2c1,-3.5639
Cc1cccc(c1)C(O)=O,Cc1cccc(C(=O)O)c1,-2.1428
COc1ccc(cc1)C(O)=O,COc1ccc(C(=O)O)cc1,-2.458
Cc1ccccc1C(O)=O,Cc1ccccc1C(=O)O,-2.0621
OC(=O)c1cccc(F)c1,O=C(O)c1cccc(F)c1,-1.9704
OC(=O)c1ccc(F)cc1,O=C(O)c1ccc(F)cc1,-2.0673
OC(=O)c1cccc(Cl)c1,O=C(O)c1cccc(Cl)c1,-2.5415
CC(C)c1ccc(cc1)C(O)=O,CC(C)c1ccc(C(=O)O)cc1,-3.0364
OC(=O)c1cccc(Br)c1,O=C(O)c1cccc(Br)c1,-2.699
OC(=O)c1ccc(Br)cc1,O=C(O)c1ccc(Br)cc1,-3.5251
OC(=O)c1cccc(I)c1,O=C(O)c1cccc(I)c1,-3.2706
OC(=O)c1ccc(I)cc1,O=C(O)c1ccc(I)cc1,-3.9631
CC(C)(C)CO,CC(C)(C)CO,-0.4012
CCC(C)O,CCC(C)O,0.3877
OC(c1ccccc1)c2ccccc2,OC(c1ccccc1)c1ccccc1,-2.5494
OCc1ccccc1,OCc1ccccc1,-0.4319
OC1CCCCC1,OC1CCCCC1,-0.3774
CCCCCCCO,CCCCCCCO,-1.8425
OCCCc1ccccc1,OCCCc1ccccc1,-1.3798
CCCCCCC(C)O,CCCCCCC(C)O,-2.0655
CCCCCC(C)O,CCCCCC(C)O,-1.5507
CCC(O)CC,CCC(O)CC,-0.2334
Cc1ccc(CO)cc1,Cc1ccc(CO)cc1,-1.1999
CCCC(O)CCC,CCCC(O)CCC,-1.3931
CCCCC(O)CC,CCCCC(O)CC,-1.4631
CC1CCC(O)CC1,CC1CCC(O)CC1,-0.8815
CCCC(O)CC,CCCC(O)CC,-0.8025
CCCCC(C)O,CCCCC(C)O,-0.8726
OCc1c(Cl)cccc1Cl,OCc1c(Cl)cccc1Cl,-2.1019
CBr,CBr,-0.7956
CCBr,CCBr,-1.086
CCI,CCI,-1.6009
ICI,ICI,-2.3345
CC(C)Cl,CC(C)Cl,-1.4037
CC(Cl)Cl,CC(Cl)Cl,-1.2913
FC(Cl)Cl,FC(Cl)Cl,-0.7383
FC(F)F,FC(F)F,-1.2334
FC(Cl)(Cl)Cl,FC(Cl)(Cl)Cl,-2.0965
ClC(Cl)C(Cl)(Cl)Cl,ClC(Cl)C(Cl)(Cl)Cl,-2.6248
FC(F)(Cl)C(F)(Cl)Cl,FC(F)(Cl)C(F)(Cl)Cl,-3.0423
ClC(Cl)C(Cl)Cl,ClC(Cl)C(Cl)Cl,-1.7536
BrC1CCCCC1,BrC1CCCCC1,-2.2943
CCCCCBr,CCCCCBr,-3.0753
CCCCCCBr,CCCCCCBr,-3.8078
ClCCCCl,ClCCCCl,-1.6137
CCCCCCCBr,CCCCCCCBr,-4.431
CCCCCCCCl,CCCCCCCCl,-3.9957
CCCCCCCI,CCCCCCCI,-4.8102
O=Cc1occc1,O=Cc1ccco1,-0.0962
O=Cc1ccc2OCOc2c1,O=Cc1ccc2c(c1)OCO2,-1.6324
[O-][N+](=O)c1ccccc1C=O,O=Cc1ccccc1[N+](=O)[O-],-1.8138
[O-][N+](=O)c1ccc(C=O)cc1,O=Cc1ccc([N+](=O)[O-])cc1,-1.8101
CCOC(=O)C(C)=C,C=C(C)C(=O)OCC,-1.3251
CC(C)COC(=O)C(C)=C,C=C(C)C(=O)OCC(C)C,-2.039
CCOC(=O)NC,CCOC(=O)NC,0.8255
CCOC(=O)CCC(=O)OCC,CCOC(=O)CCC(=O)OCC,-0.96
CCCCOC(=O)c1ccccc1,CCCCOC(=O)c1ccccc1,-3.4801
CC(=O)OCc1ccccc1,CC(=O)OCc1ccccc1,-1.6853
CCOC(=O)CC(C)=O,CCOC(=O)CC(C)=O,-0.073
CCC(=O)OC,CCC(=O)OC,-0.1498
CC(C)OC(=O)c1ccccc1C(=O)OC(C)C,CC(C)OC(=O)c1ccccc1C(=O)OC(C)C,-2.8773
CC(=O)OCCBr,CC(=O)OCCBr,-0.6737
CCC(=O)CC,CCC(=O)CC,-0.253
CC(C)CCC(C)=O,CC(=O)CCC(C)C,-1.3252
CC(C)C(C)=O,CC(=O)C(C)C,-0.1513
CCCCCCCCC(C)=O,CCCCCCCCC(C)=O,-3.3085
CC(C)(O)C(Cl)(Cl)Cl,CC(C)(O)C(Cl)(Cl)Cl,-1.346
OCC(Cl)(Cl)Cl,OCC(Cl)(Cl)Cl,-0.2537
N#Cc1ccccc1,N#Cc1ccccc1,-1.7123
CCC#N,CCC#N,0.2718
C=CC#N,C=CC#N,0.1474
CCCC#N,CCCC#N,-0.321
Clc1cccc(Cl)c1C#N,N#Cc1c(Cl)cccc1Cl,-3.9803
CCCCCCC=C,C=CCCCCCC,-4.4373
CCCCCCCC=C,C=CCCCCCCC,-5.052
C1C=CC=CC=C1,C1=CC=CCC=C1,-2.1721
C\C=C/C,C/C=C\C,-1.9302
C=CCC=C,C=CCC=C,-2.0866
CCCCC=C,C=CCCCC,-3.2261
C=CCCC=C,C=CCCC=C,-2.6867
CCCCCC=C,C=CCCCCC,-3.732
C1C=CCC=C1,C1=CCC=CC1,-2.0587
Cc1c[nH]c2ccccc12,Cc1c[nH]c2ccccc12,-2.4206
[nH]1nc2ccccc2n1,c1ccc2n[nH]nc2c1,-0.7794
s1ccc2ccccc12,c1ccc2sccc2c1,-3.0138
[nH]1cccc1,c1cc[nH]c1,-0.1734
[nH]1ncc2ccccc12,c1ccc2[nH]ncc2c1,-2.1554
o1cnc2ccccc12,c1ccc2ocnc2c1,-1.1548
C1Cc2ccccc2C1,c1ccc2c(c1)CCC2,-3.0351
Cc1occc1,Cc1ccco1,-1.4372
COCc1oc(cc1)[N+]([O-])=O,COCc1ccc([N+](=O)[O-])o1,-1.1548
Cc1[nH]c2ccccc2n1,Cc1nc2ccccc2[nH]1,-1.9598
CSc1sc2ccccc2n1,CSc1nc2ccccc2s1,-3.1614
Cc1cscc1,Cc1ccsc1,-2.3899
CCc1sccc1,CCc1cccs1,-2.5846
S=C1NCCN1,S=C1NCCN1,-0.7083
FC(F)=C,C=C(F)F,-0.7061
ClC1=C(Cl)C(Cl)(Cl)C(=C1Cl)Cl,ClC1=C(Cl)C(Cl)(Cl)C(Cl)=C1Cl,-5.1805
ClC(Cl)=C(Cl)C(Cl)=C(Cl)Cl,ClC(Cl)=C(Cl)C(Cl)=C(Cl)Cl,-4.9111
BrCC=C,C=CCBr,-1.4995
BrCCC=C,C=CCCBr,-2.2473
Cc1cccc2ccccc12,Cc1cccc2ccccc12,-3.7413
Clc1cccc2ccccc12,Clc1cccc2ccccc12,-3.9706
Cc1ccc2ccccc2c1,Cc1ccc2ccccc2c1,-3.762
Clc1ccc2ccccc2c1,Clc1ccc2ccccc2c1,-4.143
Nc1cccc2ccccc12,Nc1cccc2ccccc12,-1.9255
Oc1ccc2ccccc2c1,Oc1ccc2ccccc2c1,-2.2809
S=C=Nc1cccc2ccccc12,S=C=Nc1cccc2ccccc12,-4.6022
Cc1ccc(C)c2ccccc12,Cc1ccc(C)c2ccccc12,-4.1369
Cc1cc(C)c2ccccc2c1,Cc1cc(C)c2ccccc2c1,-4.2907
Cc1ccc2cc(C)ccc2c1,Cc1ccc2cc(C)ccc2c1,-4.8927
Cc1ccc2cc(C)c(C)cc2c1,Cc1ccc2cc(C)c(C)cc2c1,-5.0007
CCc1ccc2ccccc2c1,CCc1ccc2ccccc2c1,-4.2901
CCc1cccc2ccccc12,CCc1cccc2ccccc12,-4.1644
OCc1cccc2ccccc12,OCc1cccc2ccccc12,-1.7444
O1c2ccccc2Oc3ccccc13,c1ccc2c(c1)Oc1ccccc1O2,-5.3106
Clc1cccc2Oc3ccccc3Oc12,Clc1cccc2c1Oc1ccccc1O2,-5.7196
Clc1ccc2Oc3ccccc3Oc2c1,Clc1ccc2c(c1)Oc1ccccc1O2,-5.8359
Cc1ccccc1[N+]([O-])=O,Cc1ccccc1[N+](=O)[O-],-2.3243
COc1ccccc1[N+]([O-])=O,COc1ccccc1[N+](=O)[O-],-1.9572
[O-][N+](=O)c1cc(cc(c1)[N+]([O-])=O)[N+]([O-])=O,O=[N+]([O-])c1cc([N+](=O)[O-])cc([N+](=O)[O-])c1,-2.8846
[O-][N+](=O)c1cccc(c1)[N+]([O-])=O,O=[N+]([O-])c1cccc([N+](=O)[O-])c1,-2.4989
COc1ccc(cc1)[N+]([O-])=O,COc1ccc([N+](=O)[O-])cc1,-2.4142
[O-][N+](=O)c1ccc(cc1)[N+]([O-])=O,O=[N+]([O-])c1ccc([N+](=O)[O-])cc1,-3.3867
Cc1c(cc(cc1[N+]([O-])=O)[N+]([O-])=O)[N+]([O-])=O,Cc1c([N+](=O)[O-])cc([N+](=O)[O-])cc1[N+](=O)[O-],-3.2423
[O-][N+](=O)c1ccccc1[N+]([O-])=O,O=[N+]([O-])c1ccccc1[N+](=O)[O-],-3.1017
COc1cccc(c1)[N+]([O-])=O,COc1cccc([N+](=O)[O-])c1,-2.4861
Cc1c(cccc1[N+]([O-])=O)[N+]([O-])=O,Cc1c([N+](=O)[O-])cccc1[N+](=O)[O-],-3.0003
Cc1ccc(c(c1)[N+]([O-])=O)[N+]([O-])=O,Cc1ccc([N+](=O)[O-])c([N+](=O)[O-])c1,-3.2604
CCOC(N)=O,CCOC(N)=O,0.7314
NC(=O)C=C,C=CC(N)=O,0.9544
CCCC(N)=O,CCCC(N)=O,0.2721
OC(CO[N+]([O-])=O)CO[N+]([O-])=O,O=[N+]([O-])OCC(O)CO[N+](=O)[O-],-0.366
CCCC[N+]([O-])=O,CCCC[N+](=O)[O-],-1.3506
CCCCC[N+]([O-])=O,CCCCC[N+](=O)[O-],-1.9548
[O-][N+](=O)OCCO[N+]([O-])=O,O=[N+]([O-])OCCO[N+](=O)[O-],-1.3495
CCCC#C,C#CCCC,-1.6374
CCOCC,CCOCC,-0.0889
CCCOCCC,CCCOCCC,-1.3192
CCCCCCOCCO,CCCCCCOCCO,-1.1694
CCCCOCCOCCCC,CCCCOCCOCCCC,-1.9402
C1CCOCC1,C1CCOCC1,-0.031
CCCCOCCCC,CCCCOCCCC,-2.6376
FC(F)OC(F)(F)C(F)Cl,FC(F)OC(F)(F)C(F)Cl,-1.5162
FC(F)OC(Cl)C(F)(F)F,FC(F)OC(Cl)C(F)(F)F,-1.6157
CCN(CC)N=O,CCN(CC)N=O,0.0161
O=NN(c1ccccc1)c2ccccc2,O=NN(c1ccccc1)c1ccccc1,-3.7531
Oc1c(ccc2ccccc12)N=O,O=Nc1ccc2ccccc2c1O,-2.5395
CC(C)N(N=O)C(C)C,CC(C)N(N=O)C(C)C,-1.0006
CCCN(CCC)N=O,CCCN(CCC)N=O,-1.0006
CCCCN(CCCC)N=O,CCCCN(CCCC)N=O,-2.0955
CCCCN(CC)N=O,CCCCN(CC)N=O,-1.0354
CCCCN(C)N=O,CCCCN(C)N=O,-0.6996
CCN(C)N=O,CCN(C)N=O,0.5321
Brc1ccc(cc1)c2ccccc2,Brc1ccc(-c2ccccc2)cc1,-5.5526
Cc1ccc(cc1)c2ccccc2,Cc1ccc(-c2ccccc2)cc1,-4.6185
Clc1cccc(c1)c2cccc(Cl)c2,Clc1cccc(-c2cccc(Cl)c2)c1,-5.7983
Clc1ccc(cc1)c2ccc(Cl)cc2,Clc1ccc(-c2ccc(Cl)cc2)cc1,-6.5561
Clc1ccccc1c2ccccc2,Clc1ccccc1-c1ccccc1,-4.5917
Clc1ccc(cc1Cl)c2ccccc2,Clc1ccc(-c2ccccc2)cc1Cl,-6.3899
Clc1ccccc1c2ccccc2Cl,Clc1ccccc1-c1ccccc1Cl,-5.0813
Clc1cccc(Cl)c1c2c(Cl)cccc2Cl,Clc1cccc(Cl)c1-c1c(Cl)cccc1Cl,-7.3898
Clc1cccc(c2ccccc2)c1Cl,Clc1cccc(-c2ccccc2)c1Cl,-5.3498
Clc1c(Cl)c(Cl)c(c2ccccc2)c(Cl)c1Cl,Clc1c(Cl)c(Cl)c(-c2ccccc2)c(Cl)c1Cl,-7.9107
Clc1cccc(c1)c2ccccc2Cl,Clc1cccc(-c2ccccc2Cl)c1,-5.5851
Clc1ccc(cc1Cl)c2cc(Cl)c(Cl)cc2Cl,Clc1ccc(-c2cc(Cl)c(Cl)cc2Cl)cc1Cl,-7.3867
Clc1ccc(c(Cl)c1)c2ccc(Cl)c(Cl)c2,Clc1ccc(-c2ccc(Cl)c(Cl)c2)c(Cl)c1,-6.8995
Clc1ccc(Cl)c(c1)c2ccc(Cl)c(Cl)c2,Clc1ccc(Cl)c(-c2ccc(Cl)c(Cl)c2)c1,-6.8526
Clc1ccc(cc1)c2cc(Cl)c(Cl)cc2Cl,Clc1ccc(-c2cc(Cl)c(Cl)cc2Cl)cc1,-7.7699
Clc1ccc(cc1)c2ccc(Cl)c(Cl)c2Cl,Clc1ccc(-c2ccc(Cl)c(Cl)c2Cl)cc1,-6.8754
Clc1ccc(c(Cl)c1)c2ccccc2,Clc1ccc(-c2ccccc2)c(Cl)c1,-5.2878
Clc1ccc(Cl)c(c1)c2ccccc2,Clc1ccc(Cl)c(-c2ccccc2)c1,-5.2993
Clc1ccc(cc1)c2ccccc2Cl,Clc1ccc(-c2ccccc2Cl)cc1,-5.2803
Clc1ccc(c(Cl)c1Cl)c2cc(Cl)c(Cl)cc2Cl,Clc1cc(Cl)c(-c2ccc(Cl)c(Cl)c2Cl)cc1Cl,-8.3813
Brc1ccc(c(Br)c1Br)c2ccc(Br)c(Br)c2Br,Brc1ccc(-c2ccc(Br)c(Br)c2Br)c(Br)c1Br,-7.7563
Clc1ccc(c(Cl)c1)c2ccccc2Cl,Clc1ccc(-c2ccccc2Cl)c(Cl)c1,-6.4902
Clc1ccc(Cl)c(c1)c2cc(Cl)c(Cl)cc2Cl,Clc1ccc(Cl)c(-c2cc(Cl)c(Cl)cc2Cl)c1,-7.3263
Clc1ccc(Cl)c(c1)c2c(Cl)ccc(Cl)c2Cl,Clc1ccc(Cl)c(-c2c(Cl)ccc(Cl)c2Cl)c1,-7.1895
Clc1ccc(c(Cl)c1)c2cc(Cl)c(Cl)cc2Cl,Clc1ccc(-c2cc(Cl)c(Cl)cc2Cl)c(Cl)c1,-7.9503
Clc1ccc(cc1Cl)c2c(Cl)ccc(Cl)c2Cl,Clc1ccc(-c2c(Cl)ccc(Cl)c2Cl)cc1Cl,-7.6499
Clc1ccc(Cl)c(c1Cl)c2c(Cl)ccc(Cl)c2Cl,Clc1ccc(Cl)c(-c2c(Cl)ccc(Cl)c2Cl)c1Cl,-7.9032
Clc1ccccc1c2c(Cl)cccc2Cl,Clc1ccccc1-c1c(Cl)cccc1Cl,-5.9003
Clc1ccc(cc1)c2c(Cl)cccc2Cl,Clc1ccc(-c2c(Cl)cccc2Cl)cc1,-6.2095
Clc1cccc(c1Cl)c2ccccc2Cl,Clc1ccccc1-c1cccc(Cl)c1Cl,-5.944
Clc1cccc(c1)c2cc(Cl)ccc2Cl,Clc1cccc(-c2cc(Cl)ccc2Cl)c1,-6.0077
Clc1ccc(cc1Cl)c2ccccc2Cl,Clc1ccc(-c2ccccc2Cl)cc1Cl,-6.287000000000001
Clc1ccc(cc1)c2ccc(Cl)c(Cl)c2,Clc1ccc(-c2ccc(Cl)c(Cl)c2)cc1,-6.5541
Clc1cccc(c1Cl)c2cccc(Cl)c2Cl,Clc1cccc(-c2cccc(Cl)c2Cl)c1Cl,-7.2722
Clc1ccc(Cl)c(c1)c2cccc(Cl)c2Cl,Clc1ccc(Cl)c(-c2cccc(Cl)c2Cl)c1,-6.4654
Clc1ccc(c(Cl)c1Cl)c2ccccc2Cl,Clc1ccccc1-c1ccc(Cl)c(Cl)c1Cl,-6.8299
Clc1ccc(Cl)c(c1)c2cc(Cl)cc(Cl)c2Cl,Clc1ccc(Cl)c(-c2cc(Cl)cc(Cl)c2Cl)c1,-7.8201
Clc1cc(Cl)c(Cl)c(c1)c2c(Cl)ccc(Cl)c2Cl,Clc1cc(Cl)c(Cl)c(-c2c(Cl)ccc(Cl)c2Cl)c1,-7.8218
Clc1cccc(c1Cl)c2cc(Cl)c(Cl)c(Cl)c2Cl,Clc1cccc(-c2cc(Cl)c(Cl)c(Cl)c2Cl)c1Cl,-8.4206
NC(=O)c1ccccc1,NC(=O)c1ccccc1,-0.953
CC1=CC(=O)c2ccccc2C1=O,CC1=CC(=O)c2ccccc2C1=O,-3.0319
ClCc1ccccc1,ClCc1ccccc1,-2.3822
CSc1ccccc1,CSc1ccccc1,-2.39
O=CNc1ccccc1,O=CNc1ccccc1,-0.6785
S=C=Nc1ccccc1,S=C=Nc1ccccc1,-3.1772
CC(=O)Nc1ccccc1Cl,CC(=O)Nc1ccccc1Cl,-1.4001
CC(=O)Nc1cccc(C)c1,CC(=O)Nc1cccc(C)c1,-2.091
CC(=O)Nc1ccccc1[N+]([O-])=O,CC(=O)Nc1ccccc1[N+](=O)[O-],-1.9093
S=C=NCc1ccccc1,S=C=NCc1ccccc1,-3.1364
Oc1ccc2CCCCc2c1,Oc1ccc2c(c1)CCCC2,-1.9948
NC(=O)c1c(Cl)cccc1Cl,NC(=O)c1c(Cl)cccc1Cl,-1.8427
Cc1cccc(Oc2ccc(cc2)[N+]([O-])=O)c1,Cc1cccc(Oc2ccc([N+](=O)[O-])cc2)c1,-4.6613
CCNCNC(=O)c1ccccc1,CCNCNC(=O)c1ccccc1,-0.0749
CNCC(C)c1ccccc1,CNCC(C)c1ccccc1,-1.0947
O=NN1CCCCC1,O=NN1CCCCC1,-0.1738
c1ccc(cc1)N=Nc2ccccc2,c1ccc(N=Nc2ccccc2)cc1,-4.4544
COC(=O)[C@H]1[C@H](CC2CCC1N2C)OC(=O)c3ccccc3,COC(=O)[C@@H]1C2CCC(C[C@@H]1OC(=O)c1ccccc1)N2C,-2.2267
CN(C)CCCN1c2ccccc2CCc3ccccc13,CN(C)CCCN1c2ccccc2CCc2ccccc21,-4.187
CO[P](=O)(OC)OC,COP(=O)(OC)OC,0.5526
CC(C)O[P](C)(=O)OC(C)C,CC(C)OP(C)(=O)OC(C)C,-0.0516
NC(=O)NCc1ccccc1,NC(=O)NCc1ccccc1,-0.9462
N[S](=O)(=O)c1ccccc1,NS(=O)(=O)c1ccccc1,-1.5630000000000002
Cc1cccc(c1)[S](N)(=O)=O,Cc1cccc(S(N)(=O)=O)c1,-1.3409
ClCCN(CCCl)[P]1(=O)NCCCO1,O=P1(N(CCCl)CCCl)NCCCO1,-0.8147
Clc1ccc(cc1)C(c2ccc(Cl)cc2)C(Cl)(Cl)Cl,Clc1ccc(C(c2ccc(Cl)cc2)C(Cl)(Cl)Cl)cc1,-7.8092
CO[P](=S)(OC)Oc1ccc(SC)c(C)c1,COP(=S)(OC)Oc1ccc(SC)c(C)c1,-4.5695
CNC(=O)CS[P](=S)(OC)OC,CNC(=O)CSP(=S)(OC)OC,-0.9624
Clc1ccc(cc1)C(=C(Cl)Cl)c2ccc(Cl)cc2,ClC(Cl)=C(c1ccc(Cl)cc1)c1ccc(Cl)cc1,-6.9004
OC(=O)COc1ccc(Cl)cc1Cl,O=C(O)COc1ccc(Cl)cc1Cl,-2.5139
CCO[P](=S)(OCC)Oc1ccc(Cl)cc1Cl,CCOP(=S)(OCC)Oc1ccc(Cl)cc1Cl,-6.1094
CC(C)OC(=O)Nc1cccc(Cl)c1,CC(C)OC(=O)Nc1cccc(Cl)c1,-3.3804
CN(C)C(=O)Nc1ccccc1,CN(C)C(=O)Nc1ccccc1,-1.6101
CC(CCl)OC(C)CCl,CC(CCl)OC(C)CCl,-2.0027
OC(c1ccc(Cl)cc1)(c2ccc(Cl)cc2)C(Cl)(Cl)Cl,OC(c1ccc(Cl)cc1)(c1ccc(Cl)cc1)C(Cl)(Cl)Cl,-5.6657
CC(Oc1ccc(Cl)cc1Cl)C(O)=O,CC(Oc1ccc(Cl)cc1Cl)C(=O)O,-2.8271
CCOC(=O)CC(S[P](=S)(OC)OC)C(=O)OCC,CCOC(=O)CC(SP(=S)(OC)OC)C(=O)OCC,-3.3637
CC(C)OC(=O)Nc1ccccc1,CC(C)OC(=O)Nc1ccccc1,-3.0005
CCO[P](=S)(OCC)SCSCC,CCOP(=S)(OCC)SCSCC,-3.7166
CCO[P](=S)(OCC)SCCSCC,CCOP(=S)(OCC)SCCSCC,-4.2262
CO[P](=S)(OC)Oc1cc(Cl)c(Cl)cc1Cl,COP(=S)(OC)Oc1cc(Cl)c(Cl)cc1Cl,-5.5072
CO[P](=S)(NC(C)C)Oc1ccc(Cl)cc1Cl,COP(=S)(NC(C)C)Oc1ccc(Cl)cc1Cl,-4.7982
CN[P](=O)(OC)Oc1ccc(cc1Cl)C(C)(C)C,CNP(=O)(OC)Oc1ccc(C(C)(C)C)cc1Cl,-3.1639
CO[P](=O)(OC)OC(Br)C(Cl)(Cl)Br,COP(=O)(OC)OC(Br)C(Cl)(Cl)Br,-2.2797
CCO[P](=O)(OCC)Oc1ccc(cc1)[N+]([O-])=O,CCOP(=O)(OCC)Oc1ccc([N+](=O)[O-])cc1,-2.0594
CCO[P](=S)(CC)Oc1cc(Cl)c(Cl)cc1Cl,CCOP(=S)(CC)Oc1cc(Cl)c(Cl)cc1Cl,-5.7524
CN(C)C(=O)Nc1ccc(Cl)c(Cl)c1,CN(C)C(=O)Nc1ccc(Cl)c(Cl)c1,-3.7443
CON(C)C(=O)Nc1ccc(Cl)c(Cl)c1,CON(C)C(=O)Nc1ccc(Cl)c(Cl)c1,-3.5213
CCO[P](=O)(OCC)OC(=C\Cl)/c1ccc(Cl)cc1Cl,CCOP(=O)(OCC)O/C(=C\Cl)c1ccc(Cl)cc1Cl,-3.4624
CO[P](=S)(OC)Oc1ccc(c(Cl)c1)[N+]([O-])=O,COP(=S)(OC)Oc1ccc([N+](=O)[O-])c(Cl)c1,-3.8717
CCCCN(C)C(=O)Nc1ccc(Cl)c(Cl)c1,CCCCN(C)C(=O)Nc1ccc(Cl)c(Cl)c1,-4.7584
CCCCOC(N)=O,CCCCOC(N)=O,-0.6571
COC(N)=O,COC(N)=O,0.964
CCCOC(N)=O,CCCOC(N)=O,-0.1302
CCC(=O)Nc1ccc(Cl)c(Cl)c1,CCC(=O)Nc1ccc(Cl)c(Cl)c1,-2.9864
CO[P](=S)(OC)SCSc1ccc(Cl)cc1,COP(=S)(OC)SCSc1ccc(Cl)cc1,-5.2939
CNC(=O)Oc1cccc(C)c1,CNC(=O)Oc1cccc(C)c1,-1.803
Clc1c(Cl)c(C#N)c(Cl)c(C#N)c1Cl,N#Cc1c(Cl)c(Cl)c(Cl)c(C#N)c1Cl,-5.6466
CCO[P](=S)(Oc1ccc(cc1)[N+]([O-])=O)c2ccccc2,CCOP(=S)(Oc1ccc([N+](=O)[O-])cc1)c1ccccc1,-5.0169
CO[P](=S)(OC)Oc1cc(Cl)c(Br)cc1Cl,COP(=S)(OC)Oc1cc(Cl)c(Br)cc1Cl,-6.0864
CN(C)C(=O)Nc1cccc(c1)C(F)(F)F,CN(C)C(=O)Nc1cccc(C(F)(F)F)c1,-3.4365
CCSC(=O)N1CCCCCC1,CCSC(=O)N1CCCCCC1,-2.2858
CCCC(C)C(=O)Nc1ccc(C)c(Cl)c1,CCCC(C)C(=O)Nc1ccc(C)c(Cl)c1,-4.4503
CNC(=O)Oc1cc(C)cc(c1)C(C)C,CNC(=O)Oc1cc(C)cc(C(C)C)c1,-3.3575
CNC(=O)Oc1ccccc1C(C)C,CNC(=O)Oc1ccccc1C(C)C,-2.6841
CO[P](=S)(OC)Oc1ccc(cc1)C#N,COP(=S)(OC)Oc1ccc(C#N)cc1,-3.7232
CNC(=O)Oc1cc(C)cc(C)c1,CNC(=O)Oc1cc(C)cc(C)c1,-2.5813
CON(C)C(=O)Nc1ccc(Br)cc1,CON(C)C(=O)Nc1ccc(Br)cc1,-2.895
CO[P](=S)(OC)Oc1ccc(Sc2ccc(O[P](=S)(OC)OC)cc2)cc1,COP(=S)(OC)Oc1ccc(Sc2ccc(OP(=S)(OC)OC)cc2)cc1,-6.2375
CC(C#C)N(C)C(=O)Nc1ccc(Cl)cc1,C#CC(C)N(C)C(=O)Nc1ccc(Cl)cc1,-3.8971
CO[P]1(=S)OCc2ccccc2O1,COP1(=S)OCc2ccccc2O1,-3.5714
CCO[P](=S)(OCC)Oc1cc(Cl)c(Br)cc1Cl,CCOP(=S)(OCC)Oc1cc(Cl)c(Br)cc1Cl,-5.9521
CCCC(C)(C)C(=O)Nc1ccc(Cl)cc1,CCCC(C)(C)C(=O)Nc1ccc(Cl)cc1,-4.0218
CCCO[P](=O)(OCCC)Oc1ccc(SC)cc1,CCCOP(=O)(OCCC)Oc1ccc(SC)cc1,-3.3865
CCO[P](=S)(Oc1ccc(cc1)C#N)c2ccccc2,CCOP(=S)(Oc1ccc(C#N)cc1)c1ccccc1,-5.7037
CCO[P](=S)(OCC)SCSC(C)(C)C,CCOP(=S)(OCC)SCSC(C)(C)C,-4.755
CON(C)C(=O)Nc1ccc(Br)c(Cl)c1,CON(C)C(=O)Nc1ccc(Br)c(Cl)c1,-3.9236
CN(C)C(=O)Nc1ccc(C)c(Cl)c1,Cc1ccc(NC(=O)N(C)C)cc1Cl,-3.4826
CCO[P](=O)(Sc1ccccc1)Sc2ccccc2,CCOP(=O)(Sc1ccccc1)Sc1ccccc1,-3.3305
CO[P](=S)(OC)Oc1cc(Cl)c(I)cc1Cl,COP(=S)(OC)Oc1cc(Cl)c(I)cc1Cl,-6.6160000000000005
CO[P](=S)(Oc1cc(Cl)c(Br)cc1Cl)c2ccccc2,COP(=S)(Oc1cc(Cl)c(Br)cc1Cl)c1ccccc1,-7.1379
CCO[P](=O)(NC(C)C)Oc1ccc(SC)c(C)c1,CCOP(=O)(NC(C)C)Oc1ccc(SC)c(C)c1,-2.9648
CCCO[P](=S)(OCCC)SCC(=O)N1CCCCC1C,CCCOP(=S)(OCCC)SCC(=O)N1CCCCC1C,-4.1504
CCO[P](=S)(NC(C)C)Oc1ccccc1C(=O)OC(C)C,CCOP(=S)(NC(C)C)Oc1ccccc1C(=O)OC(C)C,-4.1939
CC(C)O[P](=O)(OC(C)C)SCc1ccccc1,CC(C)OP(=O)(OC(C)C)SCc1ccccc1,-2.8579
CCN(CC)C(=O)SCc1ccc(Cl)cc1,CCN(CC)C(=O)SCc1ccc(Cl)cc1,-3.9641
CC(C)C(C(=O)OC(C#N)c1cccc(Oc2ccccc2)c1)c3ccc(Cl)cc3,CC(C)C(C(=O)OC(C#N)c1cccc(Oc2ccccc2)c1)c1ccc(Cl)cc1,-7.2429
CCCN,CCCN,1.2283
CC=O,CC=O,1.3561
CN(C)N=O,CN(C)N=O,1.1303
[O-][n+]1ccccc1,[O-][n+]1ccccc1,1.0218
CSSC,CSSC,-1.4969
Cc1cccnc1C,Cc1cccnc1C,0.0938
Cc1ccnc(C)c1,Cc1ccnc(C)c1,0.4471
Cc1ccc(C)nc1,Cc1ccc(C)nc1,-0.03
Cc1ccncc1C,Cc1ccncc1C,-0.314
Cc1cncc(C)c1,Cc1cncc(C)c1,-0.5115
C=Cc1ccccn1,C=Cc1ccccn1,-0.5824
C=Cc1ccncc1,C=Cc1ccncc1,-0.5579
c1ccc(nc1)c2ccccn2,c1ccc(-c2ccccn2)nc1,-1.4206
c1cc(ccn1)c2ccncc2,c1cc(-c2ccncc2)ccn1,-1.5376
c1cnc2c(c1)ccc3ncccc23,c1cnc2c(c1)ccc1ncccc12,-2.6806
c1ccc2nc3ccccc3cc2c1,c1ccc2nc3ccccc3cc2c1,-3.6691
c1ccc2c(c1)ccc3ncccc23,c1ccc2c(c1)ccc1ncccc12,-3.3574
c1ccc2cnccc2c1,c1ccc2cnccc2c1,-1.456
c1ccc2nc(ccc2c1)c3ccc4ccccc4n3,c1ccc2nc(-c3ccc4ccccc4n3)ccc2c1,-5.4002
c1ccc2cnncc2c1,c1ccc2cnncc2c1,-0.4155
CCO[P](=S)(OCC)Oc1cc(C)nc(n1)C(C)C,CCOP(=S)(OCC)Oc1cc(C)nc(C(C)C)n1,-3.8813
Oc1ccc(Cl)cc1Cc2cc(Cl)ccc2O,Oc1ccc(Cl)cc1Cc1cc(Cl)ccc1O,-3.9528
CCCCCCc1ccc(O)cc1O,CCCCCCc1ccc(O)cc1O,-2.5895
CC\C(c1ccc(O)cc1)=C(\CC)c2ccc(O)cc2,CC/C(=C(/CC)c1ccc(O)cc1)c1ccc(O)cc1,-4.3495
Nc1ccc(cc1Cl)c2ccc(N)c(Cl)c2,Nc1ccc(-c2ccc(N)c(Cl)c2)cc1Cl,-4.912
Nc1ccc(N)cc1,Nc1ccc(N)cc1,-0.4658
COc1cc(ccc1N)c2ccc(N)c(OC)c2,COc1cc(-c2ccc(N)c(OC)c2)ccc1N,-3.6098
Cc1ccc(cc1)[S](C)(=O)=O,Cc1ccc(S(C)(=O)=O)cc1,-1.9873
CCN(CC)C=O,CCN(C=O)CC,0.995
CCOC(=O)[C@H](Cc1c[nH]c2ccccc12)N(C)C=O,CCOC(=O)[C@H](Cc1c[nH]c2ccccc12)N(C)C=O,-2.2709
C=C[S](=O)(=O)Nc1ccccc1,C=CS(=O)(=O)Nc1ccccc1,-1.4996
Cc1ccc(NO)cc1,Cc1ccc(NO)cc1,-0.7894
ONc1ccccc1,ONc1ccccc1,-0.4359
CCO[P](=S)(OCC)SCC[S](=O)CC,CCOP(=S)(OCC)SCC[S+]([O-])CC,-1.8609
CCO[P](=O)(OCC)SC[S](=O)CC,CCOP(=O)(OCC)SC[S+]([O-])CC,-1.5124
CC[S](=O)CCS[P](=S)(OC)OC,CC[S+]([O-])CCSP(=S)(OC)OC,-0.9137
ClCC[S](=O)CCCl,[O-][S+](CCCl)CCCl,-1.1641
CC[S](=O)CS[P](=S)(OC(C)C)OC(C)C,CC[S+]([O-])CSP(=S)(OC(C)C)OC(C)C,-2.3074
CCO[P](=S)(OCC)SC[S](=O)(=O)C(C)(C)C,CCOP(=S)(OCC)SCS(=O)(=O)C(C)(C)C,-2.8951
CC[S](=O)(=O)CC,CCS(=O)(=O)CC,0.0433
CC[S](=O)(=O)CI,CCS(=O)(=O)CI,-0.9714
CCO[S](=O)(=O)c1ccccc1,CCOS(=O)(=O)c1ccccc1,-2.1308
CO[S](=O)(=O)c1ccccc1,COS(=O)(=O)c1ccccc1,-1.7419
Cn1nc(C)c(C(=O)c2ccc(Cl)cc2Cl)c1O[S](=O)(=O)c3ccc(C)cc3,Cc1ccc(S(=O)(=O)Oc2c(C(=O)c3ccc(Cl)cc3Cl)c(C)nn2C)cc1,-6.8946
Nc1ccc(cc1)[S](=O)(=O)c2ccc(Cl)cc2,Nc1ccc(S(=O)(=O)c2ccc(Cl)cc2)cc1,-4.1267
Nc1ccc(N)c(c1)[S](=O)(=O)c2ccccc2C(O)=O,Nc1ccc(N)c(S(=O)(=O)c2ccccc2C(=O)O)c1,-1.8395
CC(=O)Nc1ccc(cc1)[S](=O)(=O)c2ccc(N)cc2,CC(=O)Nc1ccc(S(=O)(=O)c2ccc(N)cc2)cc1,-3.6116
CCC(CC)COC(=O)N[S](N)(=O)=O,CCC(CC)COC(=O)NS(N)(=O)=O,-1.7487
CCCCOC(=O)N[S](N)(=O)=O,CCCCOC(=O)NS(N)(=O)=O,-1.0375
CCCCC(CC)COC(=O)N[S](N)(=O)=O,CCCCC(CC)COC(=O)NS(N)(=O)=O,-2.402
CC(C)N1C(=O)c2ccccc2N[S]1(=O)=O,CC(C)N1C(=O)c2ccccc2NS1(=O)=O,-2.6817
OC(=O)C(=O)c1ccc2OCOc2c1,O=C(O)C(=O)c1ccc2c(c1)OCO2,-1.1912
O=C1C(=O)c2ccccc2c3ccccc13,O=C1C(=O)c2ccccc2-c2ccccc21,-4.4435
OC(=O)C(=O)c1c(cccc1C(O)=O)C(O)=O,O=C(O)C(=O)c1c(C(=O)O)cccc1C(=O)O,-0.4541
CN1N(C(=CC1=S)C)c2ccccc2,Cc1cc(=S)n(C)n1-c1ccccc1,-1.6668
N[C@@H](CSC(/Cl)=C/Cl)C(O)=O,N[C@@H](CS/C(Cl)=C/Cl)C(=O)O,-1.4895
CC(=O)CC1=NCCS1,CC(=O)CC1=NCCS1,-1.156
C[Si](C)(C)CN,C[Si](C)(C)CN,-1.7619999999999998
C[Si](C)(C)CCN,C[Si](C)(C)CCN,-1.807
CC[Si](CC)(CC)CC,CC[Si](CC)(CC)CC,-5.6475
Cc1ccc(c(C)c1)[P](O)(O)=O,Cc1ccc(P(=O)(O)O)c(C)c1,-1.0938
O[P](O)(=O)c1cccc2ccccc12,O=P(O)(O)c1cccc2ccccc12,-1.6194
[Cl-].[Cl-].C[n+]1ccc(cc1)c2cc[n+](C)cc2,C[n+]1ccc(-c2cc[n+](C)cc2)cc1.[Cl-].[Cl-],0.4349
[Br-].[Br-].C1C[n+]2ccccc2c3cccc[n+]13,[Br-].[Br-].c1cc[n+]2c(c1)-c1cccc[n+]1CC2,0.3133
CCCCOC(=O)N(C)SN(C)C(=O)Oc1cccc2CC(C)(C)Oc12,CCCCOC(=O)N(C)SN(C)C(=O)Oc1cccc2c1OC(C)(C)C2,-4.5412
CCOC(=O)CCN(SN(C)C(=O)Oc1cccc2CC(C)(C)Oc12)C(C)C,CCOC(=O)CCN(SN(C)C(=O)Oc1cccc2c1OC(C)(C)C2)C(C)C,-4.7103
CCCCN(CCCC)SN(C)C(=O)Oc1cccc2CC(C)(C)Oc12,CCCCN(CCCC)SN(C)C(=O)Oc1cccc2c1OC(C)(C)C2,-6.1033
CC(=O)O[Hg]c1ccccc1,CC(=O)[O-].[Hg+][c]1ccccc1,-1.8868
[Cl-].COCC[Hg+],COC[CH2][Hg+].[Cl-],-0.7709999999999999
[Hg++].CC([O-])=O.CC([O-])=O,CC(=O)[O-].CC(=O)[O-].[Hg+2],-0.1054
C=O,C=O,1.1206
C#CC#C,C#CC#C,-0.7241
O=C1CC=CS1,O=C1CC=CS1,-0.2225
CO[S](=O)(=O)OC,COS(=O)(=O)OC,-0.6537
CC(=O)C(=O)c1ccccc1,CC(=O)C(=O)c1ccccc1,-1.7558
CC(=O)C(C)=O,CC(=O)C(C)=O,0.3661
CCC(=O)C(C)=O,CCC(=O)C(C)=O,-0.1764
SC(=O)CCCCC(S)=O,O=C(S)CCCCC(=O)S,-1.7326
COC(=O)OC(C)C(=O)OC,COC(=O)OC(C)C(=O)OC,-0.6003
CCO[P](=S)(OCC)O/N=C(C#N)/c1ccccc1Cl,CCOP(=S)(OCC)O/N=C(\C#N)c1ccccc1Cl,-5.2917
NC(=S)c1c(Cl)cccc1Cl,NC(=S)c1c(Cl)cccc1Cl,-2.3363
CC(=O)CSC#N,CC(=O)CSC#N,-0.2162
N#CSCC(CSC#N)SC#N,N#CSCC(CSC#N)SC#N,-1.9351
O[S](=O)(=O)c1c(Br)c(Br)c(Br)c(Br)c1Br,O=S(=O)(O)c1c(Br)c(Br)c(Br)c(Br)c1Br,-2.0061
[O-][S](=O)(=O)c1ccc2oc3ccccc3c2c1,O=S(=O)([O-])c1ccc2oc3ccccc3c2c1,-0.4655
O=C=O,O=C=O,-1.4748
COc1cccc(n1)N(C)C(=S)Oc2cccc(c2)C(C)(C)C,COc1cccc(N(C)C(=S)Oc2cccc(C(C)(C)C)c2)n1,-6.013999999999999
ClC1=C(Cl)C2(Cl)C3CO[S](=O)(=O)OCC3C1(Cl)C2(Cl)Cl,O=S1(=O)OCC2C(CO1)C1(Cl)C(Cl)=C(Cl)C2(Cl)C1(Cl)Cl,-5.945
CC(C)(C)c1ccc(OC2CCCCC2O[S](=O)OCC#C)cc1,C#CCOS(=O)OC1CCCCC1Oc1ccc(C(C)(C)C)cc1,-5.8457
ClC1=C(Cl)C2(Cl)[C@H]3CO[S](=O)OC[C@H]3[C@]1(Cl)C2(Cl)Cl,O=S1OC[C@@H]2[C@H](CO1)C1(Cl)C(Cl)=C(Cl)[C@@]2(Cl)C1(Cl)Cl,-5.9019
O=[S]1OCCO1,O=S1OCCO1,0.2214
CCO[P](=S)(OCC)O[P](=S)(OCC)OCC,CCOP(=S)(OCC)OP(=S)(OCC)OCC,-4.0312
OC(=S)c1cccnc1,OC(=S)c1cccnc1,-1.3801
CCOC(=S)SC(C)C(O)=O,CCOC(=S)SC(C)C(=O)O,-1.4489
Brc1cc(Br)cc(Br)c1,Brc1cc(Br)cc(Br)c1,-5.6004
Oc1c(Br)cc(Br)cc1Br,Oc1c(Br)cc(Br)cc1Br,-3.6745
Nc1c(Cl)cc(Cl)cc1Cl,Nc1c(Cl)cc(Cl)cc1Cl,-3.6912
OCC(C(O)=O)c1ccccc1,O=C(O)C(CO)c1ccccc1,-0.9305
OC(=O)c1ccccc1c2ccccc2C(O)=O,O=C(O)c1ccccc1-c1ccccc1C(=O)O,-2.2839
OCc1ccccc1O,OCc1ccccc1O,-0.2946
FC(F)(F)Cl,FC(F)(F)Cl,-3.0647
CCCCCCCCBr,CCCCCCCCBr,-5.0631
FC(F)(F)C(Cl)Br,FC(F)(F)C(Cl)Br,-1.7043
CC(=O)OC[C@@H](OC(C)=O)[C@@H](OC(C)=O)[C@H](OC(C)=O)[C@@H](OC(C)=O)C=O,CC(=O)OC[C@@H](OC(C)=O)[C@@H](OC(C)=O)[C@H](OC(C)=O)[C@H](C=O)OC(C)=O,-2.4154
CC(=O)c1ccc(N)cc1,CC(=O)c1ccc(N)cc1,-1.6058
CN(C)c1nc(nc(n1)N(C)C)N(C)C,CN(C)c1nc(N(C)C)nc(N(C)C)n1,-3.3638
CC1=CC(=O)NO1,Cc1cc(=O)[nH]o1,-0.0666
NC(=S)Nc1cccc2ccccc12,NC(=S)Nc1cccc2ccccc12,-2.5278
NC(=S)Nc1ccccc1,NC(=S)Nc1ccccc1,-1.7898
Clc1cc2Oc3cc(Cl)c(Cl)cc3Oc2cc1Cl,Clc1cc2c(cc1Cl)Oc1cc(Cl)c(Cl)cc1O2,-9.2068
Clc1c(Cl)c(Cl)c2Oc3c(Cl)c(Cl)c(Cl)c(Cl)c3Oc2c1Cl,Clc1c(Cl)c(Cl)c2c(c1Cl)Oc1c(Cl)c(Cl)c(Cl)c(Cl)c1O2,-12.0605
Clc1cc(Cl)c2Oc3cc(Cl)cc(Cl)c3Oc2c1,Clc1cc(Cl)c2c(c1)Oc1c(Cl)cc(Cl)cc1O2,-9.0027
Clc1ccc2Oc3cc(Cl)ccc3Oc2c1,Clc1ccc2c(c1)Oc1ccc(Cl)cc1O2,-7.8292
Clc1cc2Oc3c(Cl)c(Cl)c(Cl)c(Cl)c3Oc2cc1Cl,Clc1cc2c(cc1Cl)Oc1c(Cl)c(Cl)c(Cl)c(Cl)c1O2,-10.9486
Clc1ccc2Oc3c(Cl)c(Cl)c(Cl)c(Cl)c3Oc2c1,Clc1ccc2c(c1)Oc1c(Cl)c(Cl)c(Cl)c(Cl)c1O2,-9.4728
Clc1cc2oc3cc(Cl)c(Cl)cc3c2cc1Cl,Clc1cc2oc3cc(Cl)c(Cl)cc3c2cc1Cl,-8.6456
Clc1ccc2Oc3c(Cl)c(Cl)c(Cl)cc3Oc2c1,Clc1ccc2c(c1)Oc1cc(Cl)c(Cl)c(Cl)c1O2,-8.8744
Clc1cccc(c1Cl)c2c(Cl)ccc(Cl)c2Cl,Clc1cccc(-c2c(Cl)ccc(Cl)c2Cl)c1Cl,-6.7798
Oc1ccccc1C(=O)Nc2ccccc2,O=C(Nc1ccccc1)c1ccccc1O,-3.5885
O=C(OOC(=O)c1ccccc1)c2ccccc2,O=C(OOC(=O)c1ccccc1)c1ccccc1,-4.4252
CC(=O)Nc1ccc(cc1)[S](N)(=O)=O,CC(=O)Nc1ccc(S(N)(=O)=O)cc1,-1.6066
CCC1(C(=O)NCNC1=O)c2ccccc2,CCC1(c2ccccc2)C(=O)NCNC1=O,-2.64
CN1CC(=O)N=C1N,CN1CC(=O)N=C1N,-0.1499
C[C@H]1C[C@H](C)C(=O)[C@@H](C1)[C@H](O)CC2CC(=O)NC(=O)C2,C[C@@H]1C[C@@H]([C@H](O)CC2CC(=O)NC(=O)C2)C(=O)[C@@H](C)C1,-1.127
[O-][N+](=O)C(Cl)(Cl)Cl,O=[N+]([O-])C(Cl)(Cl)Cl,-2.0063
CCC1(CCC(=O)NC1=O)c2ccccc2,CCC1(c2ccccc2)CCC(=O)NC1=O,-2.3374
[O-][N+](=O)O[C@H]1CO[C@@H]2[C@@H](CO[C@H]12)O[N+]([O-])=O,O=[N+]([O-])O[C@H]1CO[C@H]2[C@@H]1OC[C@H]2O[N+](=O)[O-],-2.6328
O=C1NNC(=O)C=C1,O=c1ccc(=O)[nH][nH]1,-1.2714
Cc1cc(N)nc(C)n1,Cc1cc(N)nc(C)n1,-1.2843
CCCCC1C(=O)N(N(C1=O)c2ccccc2)c3ccccc3,CCCCC1C(=O)N(c2ccccc2)N(c2ccccc2)C1=O,-3.8124
CC(C)(S)[C@@H](N)C(O)=O,CC(C)(S)[C@@H](N)C(=O)O,-0.1285
OC1(CCN(CCCC(=O)c2ccc(F)cc2)CC1)c3ccc(Cl)cc3,O=C(CCCN1CCC(O)(c2ccc(Cl)cc2)CC1)c1ccc(F)cc1,-4.4289
OCC(NC(=O)C(Cl)Cl)C(O)c1ccc(cc1)[N+]([O-])=O,O=C(NC(CO)C(O)c1ccc([N+](=O)[O-])cc1)C(Cl)Cl,-2.1114
O=C1C[C@@H]2OCC=C3CN4CC[C@@]56[C@@H]4C[C@@H]3[C@@H]2[C@@H]5N1c7ccccc67,O=C1C[C@@H]2OCC=C3CN4CC[C@]56c7ccccc7N1[C@H]5[C@H]2[C@H]3C[C@H]46,-3.3202
CN(C)C1=C(C)N(C)N(c2ccccc2)C1=O,Cc1c(N(C)C)c(=O)n(-c2ccccc2)n1C,-0.6286
OCCN1CCN(CCCN2c3ccccc3Sc4ccc(Cl)cc24)CC1,OCCN1CCN(CCCN2c3ccccc3Sc3ccc(Cl)cc32)CC1,-4.1546
CN(C)CCCN1c2ccccc2Sc3ccccc13,CN(C)CCCN1c2ccccc2Sc2ccccc21,-4.3017
CN1N(C(=O)C=C1C)c2ccccc2,Cc1cc(=O)n(-c2ccccc2)n1C,-0.5642
CC(CN1c2ccccc2Sc3ccccc13)N(C)C,CC(CN1c2ccccc2Sc2ccccc21)N(C)C,-4.2597
[O-][N+](=O)c1sc(nc1)N2CCNC2=O,O=C1NCCN1c1ncc([N+](=O)[O-])s1,-3.2169
OCCN1CCN(CCCN2c3ccccc3Sc4ccc(cc24)C(F)(F)F)CC1,OCCN1CCN(CCCN2c3ccccc3Sc3ccc(C(F)(F)F)cc32)CC1,-4.1488
Nc1ncnc2n(ccc12)C3OC(CO)C(O)C3O,Nc1ncnc2c1ccn2C1OC(CO)C(O)C1O,-1.9515
Nc1ccc(cc1)[S](=O)(=O)Nc2sccn2,Nc1ccc(S(=O)(=O)Nc2nccs2)cc1,-2.4248
CCCC(C)C1(CC=C)C(=O)NC(=S)NC1=O,C=CCC1(C(C)CCC)C(=O)NC(=S)NC1=O,-3.4585
Cn1cnc2N(C)C(=O)NC(=O)c12,Cn1cnc2c1c(=O)[nH]c(=O)n2C,-2.7372
O=C1NC(=O)c2ccccc12,O=C1NC(=O)c2ccccc21,-2.6114
CN1CCN(CCCN2c3ccccc3Sc4ccc(cc24)C(F)(F)F)CC1,CN1CCN(CCCN2c3ccccc3Sc3ccc(C(F)(F)F)cc32)CC1,-4.5238
COc1cc(N[S](=O)(=O)c2ccc(N)cc2)nc(OC)n1,COc1cc(NS(=O)(=O)c2ccc(N)cc2)nc(OC)n1,-2.9565
COC1CC(=O)C[C@@H](C)[C@]12Oc3c(Cl)c(OC)cc(OC)c3C2=O,COc1cc(OC)c2c(c1Cl)O[C@]1(C2=O)C(OC)CC(=O)C[C@H]1C,-4.611000000000001
CCCCC1C(=O)N(N(C1=O)c2ccc(O)cc2)c3ccccc3,CCCCC1C(=O)N(c2ccccc2)N(c2ccc(O)cc2)C1=O,-3.7329
Cc1sc(N[S](=O)(=O)c2ccc(N)cc2)nn1,Cc1nnc(NS(=O)(=O)c2ccc(N)cc2)s1,-2.4107
OCC(O)C(O)CO,OCC(O)C(O)CO,0.6985
CN[C@@H](C)[C@H](O)c1ccccc1,CN[C@@H](C)[C@H](O)c1ccccc1,-0.4147
O=C1N=CN=C2NNC=C12,O=c1ncnc2[nH][nH]cc1-2,-2.3788
CCCCNC(=O)N[S](=O)(=O)c1ccc(N)cc1,CCCCNC(=O)NS(=O)(=O)c1ccc(N)cc1,-2.1782
COc1cc2N3C4[C@@H]5C(CC3=O)OCC=C6CN7CC[C@]4([C@@H]7C[C@H]56)c2cc1OC,COc1cc2c(cc1OC)[C@@]13CCN4CC5=CCOC6CC(=O)N2C1[C@H]6[C@H]5C[C@H]43,-2.0909
Nc1ccc(cc1)[S](=O)(=O)Nc2ccnn2c3ccccc3,Nc1ccc(S(=O)(=O)Nc2ccnn2-c2ccccc2)cc1,-2.3213
Oc1cc(O)c2C(=O)C[C@H](Oc2c1)c3ccc(O)c(O)c3,O=C1C[C@@H](c2ccc(O)c(O)c2)Oc2cc(O)cc(O)c21,-3.6147
Cc1cnc(N[S](=O)(=O)c2ccc(N)cc2)nc1,Cc1cnc(NS(=O)(=O)c2ccc(N)cc2)nc1,-2.82
COc1cnc(N[S](=O)(=O)c2ccc(N)cc2)nc1,COc1cnc(NS(=O)(=O)c2ccc(N)cc2)nc1,-2.5843
Cc1ccc(cc1)[S](=O)(=O)NC(=O)NC2CCCCC2,Cc1ccc(S(=O)(=O)NC(=O)NC2CCCCC2)cc1,-4.207
Cc1onc(N[S](=O)(=O)c2ccc(N)cc2)c1,Cc1cc(NS(=O)(=O)c2ccc(N)cc2)no1,-2.6183
COc1cc(Cc2cnc(N)nc2N)cc(OC)c1OC,COc1cc(Cc2cnc(N)nc2N)cc(OC)c1OC,-2.8608
CC(=O)OCC(=O)[C@H]1CC[C@H]2[C@@H]3CCC4=CC(=O)CC[C@]4(C)[C@H]3CC[C@]12C,CC(=O)OCC(=O)[C@H]1CC[C@H]2[C@@H]3CCC4=CC(=O)CC[C@]4(C)[C@H]3CC[C@]12C,-4.6301
C[C@]12C[C@H](O)[C@@]3(F)[C@@H](CCC4=CC(=O)C=C[C@]34C)[C@@H]1C[C@@H](O)[C@]2(O)C(=O)CO,C[C@]12C=CC(=O)C=C1CC[C@H]1[C@@H]3C[C@@H](O)[C@](O)(C(=O)CO)[C@@]3(C)C[C@H](O)[C@@]12F,-3.6929
CCCCC(=O)O[C@@]1([C@@H](C)C[C@H]2[C@@H]3CCC4=CC(=O)C=C[C@]4(C)[C@@]3(F)[C@@H](O)C[C@]12C)C(=O)CO,CCCCC(=O)O[C@]1(C(=O)CO)[C@@H](C)C[C@H]2[C@@H]3CCC4=CC(=O)C=C[C@]4(C)[C@@]3(F)[C@@H](O)C[C@@]21C,-4.7101
Nc1ccccc1O,Nc1ccccc1O,-0.7369
Nc1cc(cc(c1O)[N+]([O-])=O)[N+]([O-])=O,Nc1cc([N+](=O)[O-])cc([N+](=O)[O-])c1O,-2.4862
Nc1cccc(c1)[N+]([O-])=O,Nc1cccc([N+](=O)[O-])c1,-2.0611
Nc1ccc(cc1)[N+]([O-])=O,Nc1ccc([N+](=O)[O-])cc1,-2.2782
Oc1ccc(cc1[N+]([O-])=O)[N+]([O-])=O,O=[N+]([O-])c1ccc(O)c([N+](=O)[O-])c1,-2.5976
Cc1ccc(O)c(c1)[N+]([O-])=O,Cc1ccc(O)c([N+](=O)[O-])c1,-2.3837
Oc1ccc(C=O)cc1,O=Cc1ccc(O)cc1,-0.9762
Oc1cc(ccc1[N+]([O-])=O)[N+]([O-])=O,O=[N+]([O-])c1ccc([N+](=O)[O-])c(O)c1,-2.6796
Oc1cc(F)ccc1[N+]([O-])=O,O=[N+]([O-])c1ccc(F)cc1O,-2.05
Cc1cc(cc(c1O)[N+]([O-])=O)[N+]([O-])=O,Cc1cc([N+](=O)[O-])cc([N+](=O)[O-])c1O,-3.0003
Oc1c(cccc1[N+]([O-])=O)[N+]([O-])=O,O=[N+]([O-])c1cccc([N+](=O)[O-])c1O,-2.7668
Oc1cccc(O)c1[N+]([O-])=O,O=[N+]([O-])c1c(O)cccc1O,-2.0734
Oc1ccc(cc1[N+]([O-])=O)c2ccccc2,O=[N+]([O-])c1cc(-c2ccccc2)ccc1O,-4.4101
CCC(C)c1ccc(O)c(c1)[N+]([O-])=O,CCC(C)c1ccc(O)c([N+](=O)[O-])c1,-3.8403
Nc1ccc(C(O)=O)c(O)c1,Nc1ccc(C(=O)O)c(O)c1,-1.9572
Nc1cccc(c1)C(O)=O,Nc1cccc(C(=O)O)c1,-1.3663
OC(=O)c1ccc(O)c(O)c1,O=C(O)c1ccc(O)c(O)c1,-0.9278
COc1cc(ccc1O)C(O)=O,COc1cc(C(=O)O)ccc1O,-2.0496
Nc1cc(Cl)cc(C(O)=O)c1Cl,Nc1cc(Cl)cc(C(=O)O)c1Cl,-2.4688
Nc1ccc(cc1)C(O)=O,Nc1ccc(C(=O)O)cc1,-1.3511
OC(=O)c1c(O)cccc1O,O=C(O)c1c(O)cccc1O,-1.2074
CCCCOC(=O)c1ccc(O)cc1,CCCCOC(=O)c1ccc(O)cc1,-2.9723
COC(=O)c1ccccc1O,COC(=O)c1ccccc1O,-1.3130000000000002
Nc1ccc(c(O)c1)C(=O)Oc2ccccc2,Nc1ccc(C(=O)Oc2ccccc2)c(O)c1,-4.5152
COC(=O)c1ccc(N)cc1,COC(=O)c1ccc(N)cc1,-1.5974
CCCCCOC(=O)c1ccc(N)cc1,CCCCCOC(=O)c1ccc(N)cc1,-3.3499
CCCCCCCOC(=O)c1ccc(N)cc1,CCCCCCCOC(=O)c1ccc(N)cc1,-4.6001
CCCCCCCCOC(=O)c1ccc(N)cc1,CCCCCCCCOC(=O)c1ccc(N)cc1,-5.3999
CCOC(C)OCC,CCOC(C)OCC,-0.4291
COCOC,COCOC,0.506
CC1OC(C)OC(C)O1,CC1OC(C)OC(C)O1,-0.0719
CCOCOCC,CCOCOCC,-0.1726
C[C@@H]1C[C@H]2[C@@H]3CCC4=CC(=O)C=C[C@]4(C)[C@@]3(F)[C@@H](O)C[C@]2(C)[C@@]1(O)C(=O)CO,C[C@@H]1C[C@H]2[C@@H]3CCC4=CC(=O)C=C[C@]4(C)[C@@]3(F)[C@@H](O)C[C@]2(C)[C@@]1(O)C(=O)CO,-3.6444
CC(=O)OCC(=O)[C@@]1(O)CC[C@H]2[C@@H]3CCC4=CC(=O)CC[C@]4(C)[C@H]3[C@@H](O)C[C@]12C,CC(=O)OCC(=O)[C@@]1(O)CC[C@H]2[C@@H]3CCC4=CC(=O)CC[C@]4(C)[C@H]3[C@@H](O)C[C@@]21C,-4.4577
CC(=O)OCC(=O)[C@@]1(O)CC[C@H]2[C@@H]3CCC4=CC(=O)CC[C@]4(C)[C@H]3C(=O)C[C@]12C,CC(=O)OCC(=O)[C@@]1(O)CC[C@H]2[C@@H]3CCC4=CC(=O)CC[C@]4(C)[C@H]3C(=O)C[C@@]21C,-4.3037
C[C@]12C[C@H](O)[C@H]3[C@@H](CCC4=CC(=O)CC[C@]34C)[C@@H]1CC[C@@H]2C(=O)CO,C[C@]12C[C@H](O)[C@H]3[C@@H](CCC4=CC(=O)CC[C@@]43C)[C@@H]1CC[C@@H]2C(=O)CO,-3.2408
CC(=O)OCC(=O)[C@@]1(O)CC[C@H]2[C@@H]3CCC4=CC(=O)C=C[C@]4(C)[C@H]3[C@@H](O)C[C@]12C,CC(=O)OCC(=O)[C@@]1(O)CC[C@H]2[C@@H]3CCC4=CC(=O)C=C[C@]4(C)[C@H]3[C@@H](O)C[C@@]21C,-4.3692
C[C@]12CCC(=O)C=C1CC[C@H]3[C@@H]4CC[C@](O)(C(=O)CO)[C@@]4(C)CC(=O)[C@H]23,C[C@]12CCC(=O)C=C1CC[C@@H]1[C@@H]2C(=O)C[C@@]2(C)[C@H]1CC[C@]2(O)C(=O)CO,-3.1097
CC(=O)[C@H]1CC[C@H]2[C@@H]3CCC4=CC(=O)CC[C@]4(C)[C@H]3CC[C@]12C,CC(=O)[C@H]1CC[C@H]2[C@@H]3CCC4=CC(=O)CC[C@]4(C)[C@H]3CC[C@]12C,-4.5526
C[C@]1(O)CC[C@H]2[C@@H]3CCC4=CC(=O)CC[C@]4(C)[C@H]3CC[C@]12C,C[C@]12CCC(=O)C=C1CC[C@@H]1[C@@H]2CC[C@@]2(C)[C@H]1CC[C@]2(C)O,-3.9505
C[C@]12CC[C@H]3[C@@H](CCC4=CC(=O)CC[C@]34C)[C@@H]1CC[C@@H]2O,C[C@]12CC[C@H]3[C@@H](CCC4=CC(=O)CC[C@@]43C)[C@@H]1CC[C@@H]2O,-4.0908
C[C@]12CC[C@H]3[C@@H](CCC4=CC(=O)CC[C@]34C)[C@@H]1CCC2=O,C[C@]12CCC(=O)C=C1CC[C@@H]1[C@@H]2CC[C@]2(C)C(=O)CC[C@@H]12,-3.6949
C[C@]12CC[C@H]3[C@@H](CCC4=CC(=O)CC[C@]34C)[C@@H]1CC[C@@H]2C(=O)CO,C[C@]12CC[C@H]3[C@@H](CCC4=CC(=O)CC[C@@]43C)[C@@H]1CC[C@@H]2C(=O)CO,-3.7446
CC(=O)OCC(=O)[C@@]1(O)[C@@H](C[C@H]2[C@@H]3CCC4=CC(=O)C=C[C@]4(C)[C@@]3(F)[C@@H](O)C[C@]12C)OC(C)=O,CC(=O)OCC(=O)[C@@]1(O)[C@H](OC(C)=O)C[C@H]2[C@@H]3CCC4=CC(=O)C=C[C@]4(C)[C@@]3(F)[C@@H](O)C[C@@]21C,-4.1297
CC(=O)[C@@]1(O)CC[C@H]2[C@@H]3CCC4=CC(=O)CC[C@]4(C)[C@H]3CC[C@]12C,CC(=O)[C@@]1(O)CC[C@H]2[C@@H]3CCC4=CC(=O)CC[C@]4(C)[C@H]3CC[C@@]21C,-4.7076
C[C@]12C[C@H](O)[C@@]3(F)[C@@H](CCC4=CC(=O)CC[C@]34C)[C@@H]1CC[C@]2(O)C(=O)CO,C[C@]12CCC(=O)C=C1CC[C@H]1[C@@H]3CC[C@](O)(C(=O)CO)[C@@]3(C)C[C@H](O)[C@@]12F,-3.4342
C[C@H]1C[C@H]2[C@@H]3CC[C@](O)(C(C)=O)[C@@]3(C)C[C@H](O)[C@]2(F)[C@@]4(C)C=CC(=O)C=C14,CC(=O)[C@@]1(O)CC[C@H]2[C@@H]3C[C@H](C)C4=CC(=O)C=C[C@]4(C)[C@@]3(F)[C@@H](O)C[C@@]21C,-4.0986
C[C@@H]1C[C@H]2[C@@H]3CCC4=CC(=O)C=C[C@]4(C)[C@@]3(F)[C@@H](O)C[C@]2(C)[C@@]1(O)C(=O)COC(C)=O,CC(=O)OCC(=O)[C@@]1(O)[C@H](C)C[C@H]2[C@@H]3CCC4=CC(=O)C=C[C@]4(C)[C@@]3(F)[C@@H](O)C[C@@]21C,-4.9
FC1=CNC(=O)NC1=O,O=c1[nH]cc(F)c(=O)[nH]1,-1.0689
CC1=CNC(=O)NC1=O,Cc1c[nH]c(=O)[nH]c1=O,-1.5187
O=C1CNC(=O)N1,O=C1CNC(=O)N1,-0.4016
CN1C=CC(=O)NC1=O,Cn1ccc(=O)[nH]c1=O,-0.7998
CCC1(C(=O)NC(=O)NC1=O)C2=CCCCC2,CCC1(C2=CCCCC2)C(=O)NC(=O)NC1=O,-2.1693
C=CCC1(CC=C)C(=O)NC(=O)NC1=O,C=CCC1(CC=C)C(=O)NC(=O)NC1=O,-2.0608
CCC1(CCC(C)C)C(=O)NC(=O)NC1=O,CCC1(CCC(C)C)C(=O)NC(=O)NC1=O,-2.5743
CC(C)C1(CC=C)C(=O)NC(=O)NC1=O,C=CCC1(C(C)C)C(=O)NC(=O)NC1=O,-1.712
Oc1cccnc1,Oc1cccnc1,-0.4557
[O-]c1cccc2[nH+]cccc12,O=c1cccc2[nH]cccc1-2,-2.5417
Oc1ccc2ncccc2c1,Oc1ccc2ncccc2c1,-2.1618
Clc1nc(Cl)nc(Nc2ccccc2Cl)n1,Clc1nc(Cl)nc(Nc2ccccc2Cl)n1,-4.5371
CCNc1nc(NC(C)(C)C)nc(SC)n1,CCNc1nc(NC(C)(C)C)nc(SC)n1,-3.9847
CCNc1nc(Cl)nc(n1)N(CC)CC,CCNc1nc(Cl)nc(N(CC)CC)n1,-4.0601
CC(C)Nc1nc(N)nc(Cl)n1,CC(C)Nc1nc(N)nc(Cl)n1,-2.7063
CSc1nc(NC(C)C)nc(NC(C)C)n1,CSc1nc(NC(C)C)nc(NC(C)C)n1,-3.8642
CCNc1nc(Cl)nc(NC(C)(C)C#N)n1,CCNc1nc(Cl)nc(NC(C)(C)C#N)n1,-3.151
CCNc1nc(NC(C)(C)C)nc(OC)n1,CCNc1nc(NC(C)(C)C)nc(OC)n1,-3.2388
Brc1ccccn1,Brc1ccccn1,-0.8806
NC1(CCCC1)C(O)=O,NC1(C(=O)O)CCCC1,-0.4122
NC(Cc1ccccc1)C(O)=O,NC(Cc1ccccc1)C(=O)O,-1.0657
OC(=O)c1cccc(c1)C(O)=O,O=C(O)c1cccc(C(=O)O)c1,-3.2204
OC(=O)c1ccnc(c1)C(O)=O,O=C(O)c1ccnc(C(=O)O)c1,-1.8268
OC(=O)c1ccc(nc1)C(O)=O,O=C(O)c1ccc(C(=O)O)nc1,-2.1296
OC(=O)c1cccc(n1)C(O)=O,O=C(O)c1cccc(C(=O)O)n1,-1.5241
OC(=O)c1ccncc1C(O)=O,O=C(O)c1ccncc1C(=O)O,-1.8538
OC(=O)c1cncc(c1)C(O)=O,O=C(O)c1cncc(C(=O)O)c1,-2.2230000000000003
OC(=O)c1cccnc1,O=C(O)c1cccnc1,-0.835
CCCCCCCC[S](=O)(=O)N[S](=O)(=O)CCCCCCCC,CCCCCCCCS(=O)(=O)NS(=O)(=O)CCCCCCCC,-3.9145
NC(=O)CCl,NC(=O)CCl,-0.0166
NC(=O)CBr,NC(=O)CBr,0.0643
CCC(Cl)(CC)C(N)=O,CCC(Cl)(CC)C(N)=O,-1.0289
NC(=O)C(Cl)CCl,NC(=O)C(Cl)CCl,-0.5138
CN(C(C)=O)c1ccccc1,CC(=O)N(C)c1ccccc1,-0.951
CC(C)N(C(=O)CCl)c1ccccc1,CC(C)N(C(=O)CCl)c1ccccc1,-2.4806
CCOCN(C(=O)CCl)c1c(C)cccc1CC,CCOCN(C(=O)CCl)c1c(C)cccc1CC,-3.0827
NCC(O)=O,NCC(=O)O,0.92
CC1=CCC(CC1)C(C)(C)O,CC1=CCC(C(C)(C)O)CC1,-1.91
CC(C)COC(N)=O,CC(C)COC(N)=O,-0.3
CC(=C)C1CC=C(C)C(O)C1,C=C(C)C1CC=C(C)C(O)C1,-1.72
CC(C)(C)OC(N)=O,CC(C)(C)OC(N)=O,0.1
OCC1OC(O)C(O)C(O)C1O,OCC1OC(O)C(O)C(O)C1O,0.74
CCNC(=S)NCC,CCNC(=S)NCC,-1.46
C\C=C\C=C\C(O)=O,C/C=C/C=C/C(=O)O,-1.77
NC(CO)C(O)=O,NC(CO)C(=O)O,-0.02
ClC(Cl)(Cl)C(Cl)(Cl)Cl,ClC(Cl)(Cl)C(Cl)(Cl)Cl,-3.94
OC(=O)CCCC(O)=O,O=C(O)CCCC(=O)O,1.0
OC(=O)CCC(O)=O,O=C(O)CCC(=O)O,-0.17
CC(C)(S)C(N)C(O)=O,CC(C)(S)C(N)C(=O)O,-0.13
OC(=O)CCCCC(O)=O,O=C(O)CCCCC(=O)O,-0.82
OC(CC(O)=O)C(O)=O,O=C(O)CC(O)C(=O)O,0.64
OC1=CC=CC=C1,Oc1ccccc1,-0.04
NC(CCC(N)=O)C(O)=O,NC(=O)CCC(N)C(=O)O,-0.54
CCC1(CC)C(=O)NCC(C)C1=O,CCC1(CC)C(=O)NCC(C)C1=O,-0.38
NC(CCCNC(N)=N)C(O)=O,N=C(N)NCCCC(N)C(=O)O,0.0
CNC(=O)O\N=C(\C)SC,CNC(=O)O/N=C(/C)SC,-1.21
[O-][N+](=O)OC1COC2C(COC12)O[N+]([O-])=O,O=[N+]([O-])OC1COC2C(O[N+](=O)[O-])COC12,-2.63
CC1(C)C(=O)NC(=O)NC1=O,CC1(C)C(=O)NC(=O)NC1=O,-1.74
NC1=CC(=CC=C1)N,Nc1cccc(N)c1,0.51
O=C1NC(=O)C2(CC2)C(=O)N1,O=C1NC(=O)C2(CC2)C(=O)N1,-1.89
CCCCCCCCCCNC(=O)NC1CCCCC1,CCCCCCCCCCNC(=O)NC1CCCCC1,-2.81
CCC1=CC=C(O)C=C1,CCc1ccc(O)cc1,-1.4
CCC1(C)C(=O)NC(=O)NC1=O,CCC1(C)C(=O)NC(=O)NC1=O,-1.23
O=C1NC(=O)C2(CCC2)C(=O)N1,O=C1NC(=O)C2(CCC2)C(=O)N1,-1.66
CC1=CC(=C(C)C=C1C)C,Cc1cc(C)c(C)cc1C,-3.84
ClC1=CC=C(Cl)C=C1,Clc1ccc(Cl)cc1,-3.35
CCC1(CC)C(=O)NC(=O)NC1=O,CCC1(CC)C(=O)NC(=O)NC1=O,-1.42
CC1(CC=C)C(=O)NC(=O)NC1=O,C=CCC1(C)C(=O)NC(=O)NC1=O,-1.16
OC1=CC=CC(=C1)C=O,O=Cc1cccc(O)c1,-1.23
OC1=CC(=CC(=C1)O)O,Oc1cc(O)cc(O)c1,-1.05
CCCC1(CC)C(=O)NC(=O)NC1=O,CCCC1(CC)C(=O)NC(=O)NC1=O,-1.49
CCC1(CC=C)C(=O)NC(=O)NC1=O,C=CCC1(CC)C(=O)NC(=O)NC1=O,-1.61
CCC1(CC)C(=O)NC(=O)N(C)C1=O,CCC1(CC)C(=O)NC(=O)N(C)C1=O,-2.1
O=C1NC(=O)C2(CCCCC2)C(=O)N1,O=C1NC(=O)C2(CCCCC2)C(=O)N1,-3.06
CC1=CC=C(C=C1)C(O)=O,Cc1ccc(C(=O)O)cc1,-2.53
CC(C)=CCC1(C)C(=O)NC(=O)NC1=O,CC(C)=CCC1(C)C(=O)NC(=O)NC1=O,-2.6
NC(=O)OCC1=CC=CC=C1,NC(=O)OCc1ccccc1,-0.35
COC1=NN(CS[P](=S)(OC)OC)C(=O)S1,COc1nn(CSP(=S)(OC)OC)c(=O)s1,-3.1
NNC(=O)C1=CC=NC=C1,NNC(=O)c1ccncc1,-0.04
CCC(C)C1(CC)C(=O)NC(=O)NC1=O,CCC(C)C1(CC)C(=O)NC(=O)NC1=O,-2.39
OC(=O)C1=C(F)C=CC=C1,O=C(O)c1ccccc1F,-1.39
CC(C)C1(C(C)C)C(=O)NC(=O)NC1=O,CC(C)C1(C(C)C)C(=O)NC(=O)NC1=O,-2.77
NC1=C(C=CC=C1)C(O)=O,Nc1ccccc1C(=O)O,-1.52
OC(=O)C1=CC(=CC=C1)O,O=C(O)c1cccc(O)c1,-1.24
CCCCCC1(CC)C(=O)NC(=O)NC1=O,CCCCCC1(CC)C(=O)NC(=O)NC1=O,-2.51
CCNC(=O)NC(=O)C(=N/OC)/C#N,CCNC(=O)NC(=O)/C(C#N)=N/OC,-2.3
OC1=CC=C(C=C1)[N+]([O-])=O,O=[N+]([O-])c1ccc(O)cc1,-0.94
NC1=C(C=CC=C1)[N+]([O-])=O,Nc1ccccc1[N+](=O)[O-],-1.96
CC1=C(C)C(=C(C)C(=C1C)C)C,Cc1c(C)c(C)c(C)c(C)c1C,-5.23
OC1=CC(=CC=C1)[N+]([O-])=O,O=[N+]([O-])c1cccc(O)c1,-1.07
CCCCCOC(=O)CCCNC(=O)NC1CCCCC1,CCCCCOC(=O)CCCNC(=O)NC1CCCCC1,-2.3
CCC1(CC=C(C)C)C(=O)NC(=O)NC1=O,CCC1(CC=C(C)C)C(=O)NC(=O)NC1=O,-2.25
CCCCCC(O)/C=C/C1C(O)CC(O)C1C\C=C\CCCC(O)=O,CCCCCC(O)/C=C/C1C(O)CC(O)C1C/C=C/CCCC(=O)O,-2.33
O=C1NC(=S)NC(=O)C12CCCCC2,O=C1NC(=S)NC(=O)C12CCCCC2,-3.46
CCCCCCC1(CC)C(=O)NC(=O)NC1=O,CCCCCCC1(CC)C(=O)NC(=O)NC1=O,-3.05
O=C1NC(=O)C2(CCCCCCC2)C(=O)N1,O=C1NC(=O)C2(CCCCCCC2)C(=O)N1,-2.98
CCCCCCCCCCNC(=O)N[C]12C[CH]3[CH2]C([CH2][CH](C3)C1)C2,CCCCCCCCCCNC(=O)NC12CC3CC(CC(C3)C1)C2,-5.83
CC/C=C(C)/C1(CC)C(=O)NC(=O)NC1=O,CC/C=C(\C)C1(CC)C(=O)NC(=O)NC1=O,-2.31
[NH]1C=CC2=C1C=CC=C2,c1ccc2[nH]ccc2c1,-1.21
CCC(C)C1(CC=C)C(=O)NC(=O)NC1=O,C=CCC1(C(C)CC)C(=O)NC(=O)NC1=O,-2.02
CC12CCC3C(CCC4CC(=O)CCC34C)C1CCC2O,CC12CCC3C(CCC4CC(=O)CCC43C)C1CCC2O,-4.74
CC(=O)NC1=CC=CC(=C1)O,CC(=O)Nc1cccc(O)c1,-1.06
CCCCCCCC1(CC)C(=O)NC(=O)NC1=O,CCCCCCCC1(CC)C(=O)NC(=O)NC1=O,-3.43
COC1=CC(=CC=C1)C(O)=O,COc1cccc(C(=O)O)c1,-1.93
CC(=O)NC1=C(O)C=CC=C1,CC(=O)Nc1ccccc1O,-2.13
COC1=CC=CC=C1C(O)=O,COc1ccccc1C(=O)O,-1.6
CC(C)C1(CC=C(C)C)C(=O)NC(=O)NC1=O,CC(C)=CCC1(C(C)C)C(=O)NC(=O)NC1=O,-2.59
CC1=CC(=C(O)C=C1)C(O)=O,Cc1ccc(O)c(C(=O)O)c1,-2.76
CO[P](=O)(NC(C)=O)SC,COP(=O)(NC(C)=O)SC,0.54
CCCCCCCCC1(CC)C(=O)NC(=O)NC1=O,CCCCCCCCC1(CC)C(=O)NC(=O)NC1=O,-3.94
[O-][N+](=O)C1=CC=CC(=C1)C=O,O=Cc1cccc([N+](=O)[O-])c1,-1.98
CCCC(C)C1(CC)C(=O)NC(=S)NC1=O,CCCC(C)C1(CC)C(=O)NC(=S)NC1=O,-3.6
CCOC(=O)C1=CC=C(O)C=C1,CCOC(=O)c1ccc(O)cc1,-2.2
CCC1C(=O)NC(=O)NC1=O,CCC1C(=O)NC(=O)NC1=O,-0.92
NC1=CC(=C(O)C=C1)C(O)=O,Nc1ccc(O)c(C(=O)O)c1,-2.26
S=C=NC1=CC=CC(=C1)C#N,N#Cc1cccc(N=C=S)c1,-3.19
COC(=O)C1=CC=C(OC)C=C1,COC(=O)c1ccc(OC)cc1,-2.34
CCCCCCCCCC1(CC)C(=O)NC(=O)NC1=O,CCCCCCCCCC1(CC)C(=O)NC(=O)NC1=O,-4.46
COC(=O)CCCNC(=O)N[C]12C[CH]3[CH2]C([CH2][CH](C3)C1)C2,COC(=O)CCCNC(=O)NC12CC3CC(CC(C3)C1)C2,-2.25
OC(=O)C1=CC(=CC=C1O)O,O=C(O)c1cc(O)ccc1O,-0.85
CC(C)=CCC1(C(=O)NC(=O)NC1=O)C(C)(C)C,CC(C)=CCC1(C(C)(C)C)C(=O)NC(=O)NC1=O,-3.55
CC(=O)NC1=CC=C(C=O)C=C1,CC(=O)Nc1ccc(C=O)cc1,-1.63
CCC1(C(=O)NC(=O)NC1=O)C2=CCCCCC2,CCC1(C2=CCCCCC2)C(=O)NC(=O)NC1=O,-3.0
CCCOC(=O)C1=CC=C(O)C=C1,CCCOC(=O)c1ccc(O)cc1,-2.68
O=C1NC(=O)C2(CCCCCCCCCC2)C(=O)N1,O=C1NC(=O)C2(CCCCCCCCCC2)C(=O)N1,-4.59
CN(C)C1=CC=C(C=C1)N=C=S,CN(C)c1ccc(N=C=S)cc1,-4.13
CC12CCC3C(CCC4=CC(=O)CCC34)C1CCC2(O)C#C,C#CC1(O)CCC2C3CCC4=CC(=O)CCC4C3CCC21C,-4.63
N#CC(=NNC1=CC=CC=C1)C#N,N#CC(C#N)=NNc1ccccc1,-3.36
CCCCCC(O)/C=C/C1C(O)CC(=O)C1CCCCCCC(O)=O,CCCCCC(O)/C=C/C1C(O)CC(=O)C1CCCCCCC(=O)O,-3.67
OC1=C(F)C(=C(F)C(=C1F)F)F,Oc1c(F)c(F)c(F)c(F)c1F,-0.52
OC(=O)C1=C(Br)C=CC=C1,O=C(O)c1ccccc1Br,-2.05
CN(C)C=NC1=C(C)C=C(Cl)C=C1,Cc1cc(Cl)ccc1N=CN(C)C,-2.88
O=C1NC(=O)C2(CCCCCCCCCCC2)C(=O)N1,O=C1NC(=O)C2(CCCCCCCCCCC2)C(=O)N1,-5.8
CCCCCC(O)/C=C/C1C(O)CC(=O)C1C\C=C\CCCC(O)=O,CCCCCC(O)/C=C/C1C(O)CC(=O)C1C/C=C/CCCC(=O)O,-2.47
ClC1=C(Cl)C2(Cl)C3C4CC(C=C4)C3C1(Cl)C2(Cl)Cl,ClC1=C(Cl)C2(Cl)C3C4C=CC(C4)C3C1(Cl)C2(Cl)Cl,-6.31
CC12CCC3C(CCC4=CC(=O)CCC34C)C1CCC2=O,CC12CCC3C(CCC4=CC(=O)CCC43C)C1CCC2=O,-3.7
CCC1=C(CCCC1)C2(CC)C(=O)NC(=O)NC2=O,CCC1=C(C2(CC)C(=O)NC(=O)NC2=O)CCCC1,-3.53
CCC12CCC3C(CCC4=CC(=O)CCC34)C1CCC2(O)C#C,C#CC1(O)CCC2C3CCC4=CC(=O)CCC4C3CCC21CC,-5.19
C1=NC2=C(N=C1)N=CN=C2,c1cnc2ncncc2n1,0.02
CC(C)=CC1C(C(=O)OCN2C(=O)C3=C(CCCC3)C2=O)C1(C)C,CC(C)=CC1C(C(=O)OCN2C(=O)C3=C(CCCC3)C2=O)C1(C)C,-5.26
OC(=O)CNC(=O)C1=CC=CC=C1,O=C(O)CNC(=O)c1ccccc1,-1.69
CN(C)C(=O)NC1=CC=C(Cl)C=C1,CN(C)C(=O)Nc1ccc(Cl)cc1,-2.89
OC(=O)C1=C(C=CC=C1)[N+]([O-])=O,O=C(O)c1ccccc1[N+](=O)[O-],-1.35
OC(=O)C1=CC=C(C=C1)N=C=S,O=C(O)c1ccc(N=C=S)cc1,-3.98
NCC(CC(O)=O)C1=CC=C(Cl)C=C1,NCC(CC(=O)O)c1ccc(Cl)cc1,-1.7
OC(=O)C1=CC(=CC=C1)N=C=S,O=C(O)c1cccc(N=C=S)c1,-3.25
CCNC1=NC(=NC(=N1)Cl)NCC,CCNc1nc(Cl)nc(NCC)n1,-4.55
CCC(C)C1(CC(Br)=C)C(=O)NC(=O)NC1=O,C=C(Br)CC1(C(C)CC)C(=O)NC(=O)NC1=O,-2.65
CCCCCOC(=O)CCCNC(=O)N[C]12C[CH]3[CH2]C([CH2][CH](C3)C1)C2,CCCCCOC(=O)CCCNC(=O)NC12CC3CC(CC(C3)C1)C2,-2.32
OCC(O)C1OC(=O)C(=C1O)O,O=C1OC(C(O)CO)C(O)=C1O,0.28
OC(=O)C1=C(O)C=CC(=C1)Br,O=C(O)c1cc(Br)ccc1O,-2.65
C1=CC=C(C=C1)C2=CC=CC=C2,c1ccc(-c2ccccc2)cc1,-4.32
CC(CCC(O)=O)C1CCC2C3C(O)CC4CC(O)CCC4(C)C3CCC12C,CC(CCC(=O)O)C1CCC2C3C(O)CC4CC(O)CCC4(C)C3CCC12C,-4.57
IC1=CC=C(C=C1)N=C=S,S=C=Nc1ccc(I)cc1,-4.05
CC(=O)C1CCC2C3CCC4=CC(=O)CCC4(C)C3CCC12C,CC(=O)C1CCC2C3CCC4=CC(=O)CCC4(C)C3CCC12C,-4.43
NC(=O)N/N=C/C1=CC=C(O1)[N+]([O-])=O,NC(=O)N/N=C/c1ccc([N+](=O)[O-])o1,-2.98
CC(C)NC1=NC(=NC(=N1)Cl)NC(C)C,CC(C)Nc1nc(Cl)nc(NC(C)C)n1,-4.46
ClC(Cl)(Cl)C(NC=O)N1CCN(CC1)C(NC=O)C(Cl)(Cl)Cl,O=CNC(N1CCN(C(NC=O)C(Cl)(Cl)Cl)CC1)C(Cl)(Cl)Cl,-4.16
CON(C)C(=O)NC1=CC=C(Cl)C=C1,CON(C)C(=O)Nc1ccc(Cl)cc1,-2.47
OC(=O)C1=CC=C(Cl)C(=C1)[N+]([O-])=O,O=C(O)c1ccc(Cl)c([N+](=O)[O-])c1,-2.76
OC(=O)CCCOC1=C(Cl)C=C(Cl)C=C1,O=C(O)CCCOc1ccc(Cl)cc1Cl,-3.57
CC(CCC(O)=O)C1CCC2C3C(O)CC4CC(O)CCC4(C)C3CC(O)C12C,CC(CCC(=O)O)C1CCC2C3C(O)CC4CC(O)CCC4(C)C3CC(O)C12C,-3.63
OC(=O)CC1=CC(=C(OCC=C)C=C1)Cl,C=CCOc1ccc(CC(=O)O)cc1Cl,-3.13
CC1=CC=C(C)C2=C1C=CC=C2C,Cc1ccc(C)c2c(C)cccc12,-4.92
OC(=O)C1=C(C(=CC=C1)Cl)[N+]([O-])=O,O=C(O)c1cccc(Cl)c1[N+](=O)[O-],-2.63
OC1=CC=CC2=C1C=CC=C2O,Oc1cccc2c(O)cccc12,-2.92
NNC1=NN=CC2=C1C=CC=C2,NNc1nncc2ccccc12,-2.6
COC1=C(C(O)=O)C(=CC=C1Cl)Cl,COc1c(Cl)ccc(Cl)c1C(=O)O,-1.7
CC(=O)C1CCC2C3CCC4=CC(=O)CCC4(C)C3C(O)CC12C,CC(=O)C1CCC2C3CCC4=CC(=O)CCC4(C)C3C(O)CC12C,-3.82
ClCC#CCOC(=O)NC1=CC(=CC=C1)Cl,O=C(Nc1cccc(Cl)c1)OCC#CCCl,-4.24
CCC(=O)OC1CCC2C3CCC4=CC(=O)CCC4(C)C3CCC12C,CCC(=O)OC1CCC2C3CCC4=CC(=O)CCC4(C)C3CCC12C,-5.37
C[S](=O)(=O)OCCCCO[S](C)(=O)=O,CS(=O)(=O)OCCCCOS(C)(=O)=O,-2.27
OC(=O)CC1=C(Cl)C=CC(=C1Cl)Cl,O=C(O)Cc1c(Cl)ccc(Cl)c1Cl,-3.08
OC(CCN1CCCC1)(C2CCCCC2)C3=CC=CC=C3,OC(CCN1CCCC1)(c1ccccc1)C1CCCCC1,-4.7
CNC(=O)OC1=C2OC(C)(C)CC2=CC=C1,CNC(=O)Oc1cccc2c1OC(C)(C)C2,-2.42
OC(CCN1CCCCC1)(C2CCCCC2)C3=CC=CC=C3,OC(CCN1CCCCC1)(c1ccccc1)C1CCCCC1,-5.2
ClC1=CC2=C(C=CC=C2)C=C1Cl,Clc1cc2ccccc2cc1Cl,-5.36
ClC1=CC2=C(C=CC=C2Cl)C=C1,Clc1ccc2cccc(Cl)c2c1,-5.92
OCC1OC(OC2=CC=CC=C2CO)C(O)C(O)C1O,OCc1ccccc1OC1OC(CO)C(O)C(O)C1O,-0.85
ClC1=CC=CC2=C1C=CC=C2Cl,Clc1cccc2c(Cl)cccc12,-5.7
S=C=NC1=CC2=CC=CC=C2C=C1,S=C=Nc1ccc2ccccc2c1,-4.44
CC12CC(O)C3C(CCC4=CC(=O)CCC34C)C1CCC2C(=O)CO,CC12CCC(=O)C=C1CCC1C2C(O)CC2(C)C(C(=O)CO)CCC12,-3.24
OC(=O)COC1=C(Cl)C=C(Cl)C(=C1)Cl,O=C(O)COc1cc(Cl)c(Cl)cc1Cl,-2.98
OC(=O)COC1=C(Cl)C(=C(Cl)C=C1)Cl,O=C(O)COc1ccc(Cl)c(Cl)c1Cl,-3.1
CC12CCC3C(CCC4=CC(=CC=C34)O)C1CCC2O,CC12CCC3c4ccc(O)cc4CCC3C1CCC2O,-4.83
CCC(C)C(=O)OC1CC(C)C=C2C=CC(C)C(CCC3CC(O)CC(=O)O3)C12,CCC(C)C(=O)OC1CC(C)C=C2C=CC(C)C(CCC3CC(O)CC(=O)O3)C21,-6.01
CC1=C(SCCO1)C(=O)NC2=CC=CC=C2,CC1=C(C(=O)Nc2ccccc2)SCCO1,-3.14
CC(C)(C)NCC(O)COC1=CC=CC2=C1CC(O)C(O)C2,CC(C)(C)NCC(O)COc1cccc2c1CC(O)C(O)C2,-1.01
CN1C2CCC1CC(C2)OC(=O)C(CO)C3=CC=CC=C3,CN1C2CCC1CC(OC(=O)C(CO)c1ccccc1)C2,-1.91
CC(=O)N[S](=O)(=O)C1=CC=C(N)C=C1,CC(=O)NS(=O)(=O)c1ccc(N)cc1,-1.41
CC1CC2C3CCC(O)(C(C)=O)C3(C)CC(O)C2(F)C4(C)C=CC(=O)C=C14,CC(=O)C1(O)CCC2C3CC(C)C4=CC(=O)C=CC4(C)C3(F)C(O)CC21C,-4.1
OC(=O)COC1=CC2=C(C=CC=C2)C=C1,O=C(O)COc1ccc2ccccc2c1,-3.36
C[N]1C=NC2=C1C(=O)N(C)C(=O)N2C,Cn1c(=O)c2c(ncn2C)n(C)c1=O,-0.91
CC(C)NCC1CCC2=C(N1)C=C(C(=C2)CO)[N+]([O-])=O,CC(C)NCC1CCc2cc(CO)c([N+](=O)[O-])cc2N1,-2.97
CC1CC2C3CCC(O)(C(=O)CO)C3(C)CC(O)C2C4(C)C=CC(=O)C=C14,CC1CC2C(C(O)CC3(C)C2CCC3(O)C(=O)CO)C2(C)C=CC(=O)C=C12,-3.49
CC12CCC3C(CCC4=CC(=CC=C34)O)C1CCC2(O)C#C,C#CC1(O)CCC2C3CCc4cc(O)ccc4C3CCC21C,-4.47
CCC1(C(=O)NC(=O)N(C)C1=O)C2=CC=CC=C2,CCC1(c2ccccc2)C(=O)NC(=O)N(C)C1=O,-3.68
O1C2=C(C=CC=C2)C3=C1C=CC=C3,c1ccc2c(c1)oc1ccccc12,-4.6
CCCCN1CCCCC1C(=O)NC2=C(C)C=CC=C2C,CCCCN1CCCCC1C(=O)Nc1c(C)cccc1C,-3.22
CN1C2CC(CC1C3OC23)OC(=O)C(CO)C4=CC=CC=C4,CN1C2CC(OC(=O)C(CO)c3ccccc3)CC1C1OC12,-1.24
CCN(CC)CCNC(=O)C1=CC(=C(N)C=C1OC)Cl,CCN(CC)CCNC(=O)c1cc(Cl)c(N)cc1OC,-3.18
NC(CC1=CC=C(C=C1)N(CCCl)CCCl)C(O)=O,NC(Cc1ccc(N(CCCl)CCCl)cc1)C(=O)O,-3.49
COC(=O)N[S](=O)(=O)C1=CC=C(N)C=C1,COC(=O)NS(=O)(=O)c1ccc(N)cc1,-1.76
CC(=O)OCC(=O)C1CCC2C3CCC4=CC(=O)CCC4(C)C3CCC12C,CC(=O)OCC(=O)C1CCC2C3CCC4=CC(=O)CCC4(C)C3CCC12C,-4.97
NC1=NC2=C(N=C[N]2COCCO)C(=O)N1,Nc1nc2c(ncn2COCCO)c(=O)[nH]1,-2.12
COC1=CC=C2C3CCC4(C)C(CCC4(O)C#C)C3CCC2=C1,C#CC1(O)CCC2C3CCc4cc(OC)ccc4C3CCC21C,-5.49
CC12CCC(=O)C=C1CCC3C4CCC(O)(C(=O)CO)C4(C)CC(=O)C23,CC12CCC(=O)C=C1CCC1C2C(=O)CC2(C)C1CCC2(O)C(=O)CO,-3.11
NC1=NC(=C(C=C1)N=NC2=CC=CC=C2)N,Nc1ccc(N=Nc2ccccc2)c(N)n1,-4.24
COC(=O)C[S](=O)(=O)C1=CC=C(Cl)C=C1,COC(=O)CS(=O)(=O)c1ccc(Cl)cc1,-2.38
OC1=C(C=C(C=C1[N+]([O-])=O)[N+]([O-])=O)[N+]([O-])=O,O=[N+]([O-])c1cc([N+](=O)[O-])c(O)c([N+](=O)[O-])c1,-1.97
CN1N(C2=CC=CC=C2)C(=O)C(=C1C)N,Cc1c(N)c(=O)n(-c2ccccc2)n1C,0.31
OC(=O)C1=CC=CC=C1NC2=CC=CC=C2,O=C(O)c1ccccc1Nc1ccccc1,-4.96
CC12CC(O)C3(F)C(CCC4=CC(=O)C=CC34C)C1CC(O)C2(O)C(=O)CO,CC12C=CC(=O)C=C1CCC1C3CC(O)C(O)(C(=O)CO)C3(C)CC(O)C12F,-3.68
OCC1CCC(O1)[N]2C=NC3=C2N=CNC3=O,O=c1[nH]cnc2c1ncn2C1CCC(CO)O1,-0.94
CC1=CC(=NO1)C(=O)NNCC2=CC=CC=C2,Cc1cc(C(=O)NNCc2ccccc2)no1,-2.46
C1=CC2=C(C=C1)N=C3C=CC=CC3=N2,c1ccc2nc3ccccc3nc2c1,-3.7
O=C(NC1=CN=NS1)NC2=CC=CC=C2,O=C(Nc1ccccc1)Nc1cnns1,-3.85
CCCCNC(=O)N[S](=O)(=O)C1=CC=C(C)C=C1,CCCCNC(=O)NS(=O)(=O)c1ccc(C)cc1,-3.17
CC1=NC(=NC(=C1)C2CC2)NC3=CC=CC=C3,Cc1cc(C2CC2)nc(Nc2ccccc2)n1,-4.05
COC(=O)C1(CCCCC1)[S](=O)(=O)C2=CC=CC=C2,COC(=O)C1(S(=O)(=O)c2ccccc2)CCCCC1,-3.85
CC(=O)OCC(=O)C1(O)CCC2C3CCC4=CC(=O)CCC4(C)C3C(O)CC12C,CC(=O)OCC(=O)C1(O)CCC2C3CCC4=CC(=O)CCC4(C)C3C(O)CC21C,-4.61
CCOC(=O)C1=CN=C[N]1C(C)C2=CC=CC=C2,CCOC(=O)c1cncn1C(C)c1ccccc1,-4.73
COC1=CC=C2C=C(C=CC2=C1)C(C)C(O)=O,COc1ccc2cc(C(C)C(=O)O)ccc2c1,-3.29
CC12CC3=C(ON=C3)C=C1CCC4C2CCC5(C)C4CCC5(O)C#C,C#CC1(O)CCC2C3CCC4=Cc5oncc5CC4(C)C3CCC21C,-5.51
NC1=NC2=C(N=C[N]2COC(CO)CO)C(=O)N1,Nc1nc2c(ncn2COC(CO)CO)c(=O)[nH]1,-1.77
CC1N(C)CN2C(=O)C3=C(C=CC=C3)N=C12,CC1c2nc3ccccc3c(=O)n2CN1C,0.03
ClC1=CC=C(C=C1)C2=C(Cl)C=C(Cl)C=C2,Clc1ccc(-c2ccc(Cl)cc2Cl)cc1,-6.0
CC(C)OC(=O)C[S](=O)(=O)C1=CC=C(Cl)C=C1,CC(C)OC(=O)CS(=O)(=O)c1ccc(Cl)cc1,-2.41
CC1=CN(C2CC(N=[N+]=[N-])C(CO)O2)C(=O)NC1=O,Cc1cn(C2CC(N=[N+]=[N-])C(CO)O2)c(=O)[nH]c1=O,-1.16
CC(C)OC(=O)C1(CCC1)[S](=O)(=O)C2=CC=C(C)C=C2,Cc1ccc(S(=O)(=O)C2(C(=O)OC(C)C)CCC2)cc1,-3.34
CC(=O)OCC(=O)C1(O)CCC2C3CCC4=CC(=O)C=CC4(C)C3C(O)CC12C,CC(=O)OCC(=O)C1(O)CCC2C3CCC4=CC(=O)C=CC4(C)C3C(O)CC21C,-4.38
NC(=O)C1=CC(=C(C=C1[N+]([O-])=O)[N+]([O-])=O)N2CC2,NC(=O)c1cc(N2CC2)c([N+](=O)[O-])cc1[N+](=O)[O-],-2.3
COC(=O)C[S](=O)(=O)C1=CC=C(Br)C=C1,COC(=O)CS(=O)(=O)c1ccc(Br)cc1,-2.48
ClC1=CC(=C(C(=C1)Cl)C2=CC=CC=C2)Cl,Clc1cc(Cl)c(-c2ccccc2)c(Cl)c1,-6.06
N[S](=O)(=O)C1=CC2=C(SCCC2O)S1,NS(=O)(=O)c1cc2c(s1)SCCC2O,-2.59
COC(=O)C1(CCCCC1)[S](=O)(=O)C2=CC=C(C)C=C2,COC(=O)C1(S(=O)(=O)c2ccc(C)cc2)CCCCC1,-4.61
CN1N=C(SC1=NC(C)=O)[S](N)(=O)=O,CC(=O)N=c1sc(S(N)(=O)=O)nn1C,-1.92
ClC1=CC=C(Cl)C(=C1Cl)C2=CC=CC=C2,Clc1ccc(Cl)c(-c2ccccc2)c1Cl,-6.29
[O-][N+](=O)C1=CC=C(O1)\C=N\N2CC(=O)NC2=O,O=C1CN(/N=C/c2ccc([N+](=O)[O-])o2)C(=O)N1,-3.38
CO[P](=S)(OC)OC1=CC=C(C=C1)[N+]([O-])=O,COP(=S)(OC)Oc1ccc([N+](=O)[O-])cc1,-3.68
CC1=NC(=O)C(=C(NCC2=CN=CC=C2)N1)C#N,Cc1nc(=O)c(C#N)c(NCc2cccnc2)[nH]1,-2.35
CCOC1OC2=CC=C(O[S](C)(=O)=O)C=C2C1(C)C,CCOC1Oc2ccc(OS(C)(=O)=O)cc2C1(C)C,-3.42
NC1=NC=NC2=C1N=C[N]2C3OC(CO)C(O)C3O,Nc1ncnc2c1ncn2C1OC(CO)C(O)C1O,-1.73
CC(C(O)=O)C1=CC=C(C(=C1)F)C2=CC=CC=C2,CC(C(=O)O)c1ccc(-c2ccccc2)c(F)c1,-4.29
CC(C)OC(=O)C1(CCCC1)[S](=O)(=O)C2=CC=C(C)C=C2,Cc1ccc(S(=O)(=O)C2(C(=O)OC(C)C)CCCC2)cc1,-3.91
CNC(=O)C1=CC(=C(C=C1[N+]([O-])=O)[N+]([O-])=O)N2CC2,CNC(=O)c1cc(N2CC2)c([N+](=O)[O-])cc1[N+](=O)[O-],-2.85
CC1(C)OC2CC3C4CCC5=CC(=O)C=CC5(C)C4(F)C(O)CC3(C)C2(O1)C(=O)CO,CC1(C)OC2CC3C4CCC5=CC(=O)C=CC5(C)C4(F)C(O)CC3(C)C2(C(=O)CO)O1,-4.31
CCCSC1=CC2=C([NH]C(=N2)NC(=O)OC)C=C1,CCCSc1ccc2[nH]c(NC(=O)OC)nc2c1,-4.22
CCCN1CN2C(=O)C3=C(C=CC=C3)N=C2C1C,CCCN1Cn2c(nc3ccccc3c2=O)C1C,-2.67
CCCCC(C[N]1C=NC=N1)(C#N)C2=CC=C(Cl)C=C2,CCCCC(C#N)(Cn1cncn1)c1ccc(Cl)cc1,-3.31
CN1CCC23C4CCC(=O)C2OC5=C(O)C=CC(=C35)CC14,CN1CCC23c4c5ccc(O)c4OC2C(=O)CCC3C1C5,-2.1
N[S](=O)(=O)C1=CC2=C(SCCC2=O)S1,NS(=O)(=O)c1cc2c(s1)SCCC2=O,-3.55
N[S](=O)(=O)C1=CC2=C(S1)C(=O)CCS2,NS(=O)(=O)c1cc2c(s1)C(=O)CCS2,-3.49
N[S](=O)(=O)C1=CC2=C(S1)C(O)CCS2,NS(=O)(=O)c1cc2c(s1)C(O)CCS2,-2.25
CC(C)OC(=O)C1(CCCCC1)[S](=O)(=O)C2=CC=C(C)C=C2,Cc1ccc(S(=O)(=O)C2(C(=O)OC(C)C)CCCCC2)cc1,-4.62
NC1=C(C2=CC=CC=C2C=C1)[S](O)(=O)=O,Nc1ccc2ccccc2c1S(=O)(=O)O,-1.7
C[N]1C(=CC=C1C(=O)C2=CC=C(C)C=C2)CC(O)=O,Cc1ccc(C(=O)c2ccc(CC(=O)O)n2C)cc1,-4.09
CN(C)C(=O)C1=CC(=C(C=C1[N+]([O-])=O)[N+]([O-])=O)N2CC2,CN(C)C(=O)c1cc(N2CC2)c([N+](=O)[O-])cc1[N+](=O)[O-],-2.48
ClC1=CC=C(C=C1)C2=CC(=C(Cl)C(=C2)Cl)Cl,Clc1ccc(-c2cc(Cl)c(Cl)c(Cl)c2)cc1,-7.96
OC(=O)C1=CC(=CC=C1O)C2=C(F)C=C(F)C=C2,O=C(O)c1cc(-c2ccc(F)cc2F)ccc1O,-4.61
CC1CC2C3CCC4=CC(=O)C=CC4(C)C3(F)C(O)CC2(C)C1(O)C(=O)COC(C)=O,CC(=O)OCC(=O)C1(O)C(C)CC2C3CCC4=CC(=O)C=CC4(C)C3(F)C(O)CC21C,-4.9
ClC1=CC(=C(C=C1)C2=CC=C(Cl)C=C2Cl)Cl,Clc1ccc(-c2ccc(Cl)cc2Cl)c(Cl)c1,-6.51
ClC1=CC(=C(C=C1)C2=CC(=CC=C2Cl)Cl)Cl,Clc1ccc(-c2cc(Cl)ccc2Cl)c(Cl)c1,-7.26
ClC1=CC(=C(Cl)C=C1)C2=CC(=CC=C2Cl)Cl,Clc1ccc(Cl)c(-c2cc(Cl)ccc2Cl)c1,-7.04
ClC1=CC(=C(Cl)C(=C1Cl)Cl)C2=CC=CC=C2,Clc1cc(-c2ccccc2)c(Cl)c(Cl)c1Cl,-7.16
CNCCCC12CCC(C3=C1C=CC=C3)C4=C2C=CC=C4,CNCCCC12CCC(c3ccccc31)c1ccccc12,-4.69
CCN(CC)C(=O)\C(=C/C1=CC(=C(O)C(=C1)[N+]([O-])=O)O)C#N,CCN(CC)C(=O)/C(C#N)=C\c1cc(O)c(O)c([N+](=O)[O-])c1,-4.26
ClC(Cl)C(C1=CC=C(Cl)C=C1)C2=CC=C(Cl)C=C2,Clc1ccc(C(c2ccc(Cl)cc2)C(Cl)Cl)cc1,-7.2
[O-][N+](=O)C1=C(C=C(C(=O)NC2CC2)C(=C1)[N+]([O-])=O)N3CC3,O=C(NC1CC1)c1cc(N2CC2)c([N+](=O)[O-])cc1[N+](=O)[O-],-3.39
CC1=NC2=C(C=C(Cl)C=C2)[S](=O)(=O)N1,CC1=Nc2ccc(Cl)cc2S(=O)(=O)N1,-3.36
OC1=C(Br)C(=C(Br)C(=C1Br)Br)Br,Oc1c(Br)c(Br)c(Br)c(Br)c1Br,-6.6
CC(C)(C)C(=O)OCC1OC(CC1O)N2C=C(I)C(=O)NC2=O,CC(C)(C)C(=O)OCC1OC(n2cc(I)c(=O)[nH]c2=O)CC1O,-3.36
C[S](=O)(=O)C1=CC=C(C=C1)C(O)C(CO)NC(=O)C(Cl)Cl,CS(=O)(=O)c1ccc(C(O)C(CO)NC(=O)C(Cl)Cl)cc1,-2.15
CC(C(O)=O)C1=CC=C(C=C1)C(=O)C2=CC=CS2,CC(C(=O)O)c1ccc(C(=O)c2cccs2)cc1,-2.0
CN1CCN=C(C2=CC=CC=C2)C3=C1C=CC(=C3)Cl,CN1CCN=C(c2ccccc2)c2cc(Cl)ccc21,-4.43
NC(=O)N1C2=C(C=CC=C2)C=CC3=C1C=CC=C3,NC(=O)N1c2ccccc2C=Cc2ccccc21,-3.29
OC(=O)C1=CC=CC=C1NC2=CC(=CC=C2)C(F)(F)F,O=C(O)c1ccccc1Nc1cccc(C(F)(F)F)c1,-4.4
CCCN(CCC)C1=C(C=C(C=C1[N+]([O-])=O)C(F)(F)F)[N+]([O-])=O,CCCN(CCC)c1c([N+](=O)[O-])cc(C(F)(F)F)cc1[N+](=O)[O-],-6.05
CC(C)OC(=O)C1(CCCCCC1)[S](=O)(=O)C2=CC=C(Cl)C=C2,CC(C)OC(=O)C1(S(=O)(=O)c2ccc(Cl)cc2)CCCCCC1,-5.52
CC(CN(C)C)CN1C2=C(CCC3=C1C=CC=C3)C=CC=C2,CC(CN(C)C)CN1c2ccccc2CCc2ccccc21,-4.79
N[S](=O)(=O)C1=CC2=C(S1)[S](=O)CCC2O,NS(=O)(=O)c1cc2c(s1)[S+]([O-])CCC2O,-1.35
CCCC(=O)OCC1OC(CC1O)N2C=C(I)C(=O)NC2=O,CCCC(=O)OCC1OC(n2cc(I)c(=O)[nH]c2=O)CC1O,-2.84
CC(C)C(=O)OCC1OC(CC1O)N2C=C(I)C(=O)NC2=O,CC(C)C(=O)OCC1OC(n2cc(I)c(=O)[nH]c2=O)CC1O,-2.76
CCC(=O)N(C1CCN(CC1)CCC2=CC=CC=C2)C3=CC=CC=C3,CCC(=O)N(c1ccccc1)C1CCN(CCc2ccccc2)CC1,-3.82
CC12CCC3C(CCC4=CC(=O)CCC34C)C1CCC2OC(=O)C5=CC=CC=C5,CC12CCC(=O)C=C1CCC1C2CCC2(C)C(OC(=O)c3ccccc3)CCC12,-4.48
ClC1=CC=C(N[S](=O)(=O)C2=CC=CC=C2)C=C1,O=S(=O)(Nc1ccc(Cl)cc1)c1ccccc1,-4.03
COC(=O)C1CC1[S](=O)(=O)C2=CC=C(C=C2)[N+]([O-])=O,COC(=O)C1CC1S(=O)(=O)c1ccc([N+](=O)[O-])cc1,-3.38
CC12CCC3C(CCC4=CC(=O)CCC34C)C1CCC2OC(=O)CCC5=CC=CC=C5,CC12CCC(=O)C=C1CCC1C2CCC2(C)C(OC(=O)CCc3ccccc3)CCC12,-5.27
C1=CC2=C(C=C1)C3=C4C(=CC=C3)C=CC=C24,c1ccc2c(c1)-c1cccc3cccc-2c13,-5.93
CCCCNC(=O)[N]1C(=NC2=C1C=CC=C2)NC(=O)OC,CCCCNC(=O)n1c(NC(=O)OC)nc2ccccc21,-4.86
CC12CCC3C(CCC4=CC(=O)CCC34C)C1CCC2OC(=O)CCCC5=CC=CC=C5,CC12CCC(=O)C=C1CCC1C2CCC2(C)C(OC(=O)CCCc3ccccc3)CCC12,-5.43
CCCCC(=O)OCC1OC(CC1O)N2C=C(I)C(=O)NC2=O,CCCCC(=O)OCC1OC(n2cc(I)c(=O)[nH]c2=O)CC1O,-3.4
ClC1=CC=C(C=C1Cl)C2=CC(=C(Cl)C(=C2)Cl)Cl,Clc1ccc(-c2cc(Cl)c(Cl)c(Cl)c2)cc1Cl,-8.39
ClC1=CC=CC=C1N[S](=O)(=O)C2=CC=CC=C2,O=S(=O)(Nc1ccccc1Cl)c1ccccc1,-4.32
CCN1CCCC1CNC(=O)C2=C(OC)C=CC(=C2)[S](N)(=O)=O,CCN1CCCC1CNC(=O)c1cc(S(N)(=O)=O)ccc1OC,-2.88
ClC1=CC(=C(C=C1)C2=CC(=C(Cl)C(=C2)Cl)Cl)Cl,Clc1ccc(-c2cc(Cl)c(Cl)c(Cl)c2)c(Cl)c1,-8.55
CC12CCC3C(CCC4=CC(=O)CCC34C)C1CCC2OC(=O)CC5=CC=CC=C5,CC12CCC(=O)C=C1CCC1C2CCC2(C)C(OC(=O)Cc3ccccc3)CCC12,-4.66
OC(=O)CC1=CC=CC=C1OC2=C(Cl)C=C(Cl)C=C2,O=C(O)Cc1ccccc1Oc1ccc(Cl)cc1Cl,-4.86
ClC1=NC=CC=C1N[S](=O)(=O)C2=CC=CC=C2,O=S(=O)(Nc1cccnc1Cl)c1ccccc1,-3.76
COC1=CC=C2N=CC=C(C(O)C3CC4CCN3CC4C=C)C2=C1,C=CC1CN2CCC1CC2C(O)c1ccnc2ccc(OC)cc12,-2.79
ClC1=CC=CN=C1N[S](=O)(=O)C2=CC=CC=C2,O=S(=O)(Nc1ncccc1Cl)c1ccccc1,-3.17
COC12C(COC(N)=O)C3=C(N1CC4NC24)C(=O)C(=C(N)C3=O)C,COC12C(COC(N)=O)C3=C(C(=O)C(C)=C(N)C3=O)N1CC1NC12,-2.56
CCCCC(=O)OC1(C(C)CC2C3CCC4=CC(=O)C=CC4(C)C3(F)C(O)CC12C)C(=O)CO,CCCCC(=O)OC1(C(=O)CO)C(C)CC2C3CCC4=CC(=O)C=CC4(C)C3(F)C(O)CC21C,-4.71
ClC1=CC2=C(OC3=C(O2)C=CC=C3)C=C1Cl,Clc1cc2c(cc1Cl)Oc1ccccc1O2,-7.23
COC1=CC2=C(C=CN=C2C=C1)C(O)C3CN4CCC3C(C4)C=C,C=CC1CN2CCC1C(C(O)c1ccnc3ccc(OC)cc13)C2,-3.36
ClC1=CC(=C(Cl)C=C1)C2=C(Cl)C(=C(Cl)C=C2)Cl,Clc1ccc(Cl)c(-c2ccc(Cl)c(Cl)c2Cl)c1,-7.91
N[S](=O)(=O)C1=CC2=C(S1)[S](=O)(=O)CCC2,NS(=O)(=O)c1cc2c(s1)S(=O)(=O)CCC2,-2.68
CCOC1=CC2=C(C=C1)N=C(S2)[S](N)(=O)=O,CCOc1ccc2nc(S(N)(=O)=O)sc2c1,-4.03
CC(C)(C)C1CCC(CC1)CC2=C(O)C(=O)C3=C(C=CC=C3)C2=O,CC(C)(C)C1CCC(CC2=C(O)C(=O)c3ccccc3C2=O)CC1,-7.04
CCC1=CC=C(N[S](=O)(=O)C2=CC=C(N)C=C2)C=C1,CCc1ccc(NS(=O)(=O)c2ccc(N)cc2)cc1,-4.52
NC1=CC=C(C=C1)[S](=O)(=O)NC2=CC=C(Cl)C=C2,Nc1ccc(S(=O)(=O)Nc2ccc(Cl)cc2)cc1,-4.13
CCCN(CCC)C1=C(C(=C(C=C1[N+]([O-])=O)C(F)(F)F)N)[N+]([O-])=O,CCCN(CCC)c1c([N+](=O)[O-])cc(C(F)(F)F)c(N)c1[N+](=O)[O-],-7.07
COC1=CC=C(N[S](=O)(=O)C2=CC=C(N)C=C2)C=C1,COc1ccc(NS(=O)(=O)c2ccc(N)cc2)cc1,-4.23
NC1=CC=C(C=C1)[S](=O)(=O)NC2=CC=C(C=C2)C#N,N#Cc1ccc(NS(=O)(=O)c2ccc(N)cc2)cc1,-3.6
CCC(=O)OC(CC1=CC=CC=C1)(C(C)CN(C)C)C2=CC=CC=C2,CCC(=O)OC(Cc1ccccc1)(c1ccccc1)C(C)CN(C)C,-2.61
CC(C)N(CCC(C(N)=O)(C1=CC=CC=C1)C2=NC=CC=C2)C(C)C,CC(C)N(CCC(C(N)=O)(c1ccccc1)c1ccccn1)C(C)C,-1.7
O=C1NC(=O)C(C(=O)N1)(C2=CC=CC=C2)C3=CC=CC=C3,O=C1NC(=O)C(c2ccccc2)(c2ccccc2)C(=O)N1,-4.2
[O-][N+](=O)C1=CC=C(N[S](=O)(=O)C2=CC=CC=C2)C=C1,O=[N+]([O-])c1ccc(NS(=O)(=O)c2ccccc2)cc1,-3.93
COC1=CC=C(N[S](=O)(=O)C2=CC=C(N)C=C2)N=N1,COc1ccc(NS(=O)(=O)c2ccc(N)cc2)nn1,-2.68
CC1=C(C(=O)NC2=CC=CC=C2)[S](=O)(=O)CCO1,CC1=C(C(=O)Nc2ccccc2)S(=O)(=O)CCO1,-2.43
CC1=C(Cl)C=C(N[S](=O)(=O)C2=CC=C(N)C=C2)C=C1,Cc1ccc(NS(=O)(=O)c2ccc(N)cc2)cc1Cl,-4.91
CC1=C(N[S](=O)(=O)C2=CC=C(N)C=C2)C=CC(=C1)Cl,Cc1cc(Cl)ccc1NS(=O)(=O)c1ccc(N)cc1,-4.35
CC(=O)OCC(=O)C1(O)C(CC2C3CCC4=CC(=O)C=CC4(C)C3(F)C(O)CC12C)OC(C)=O,CC(=O)OCC(=O)C1(O)C(OC(C)=O)CC2C3CCC4=CC(=O)C=CC4(C)C3(F)C(O)CC21C,-4.13
ClC1=CC=CC(=C1Cl)N[S](=O)(=O)C2=CC=CC=C2,O=S(=O)(Nc1cccc(Cl)c1Cl)c1ccccc1,-4.73
CC1=C(C=CC(=C1)N)[S](=O)(=O)NC2=CC=C(Cl)C=C2,Cc1cc(N)ccc1S(=O)(=O)Nc1ccc(Cl)cc1,-4.42
CC1=CC(=NC(=N1)C)N[S](=O)(=O)C2=CC=C(N)C=C2,Cc1cc(NS(=O)(=O)c2ccc(N)cc2)nc(C)n1,-2.3
CC1=CC=CC=C1N2C(=NC3=C(C=CC=C3)C2=O)C,Cc1ccccc1-n1c(C)nc2ccccc2c1=O,-2.92
ClC1=CC=C(C2=CC(=C(Cl)C(=C2)Cl)Cl)C(=C1Cl)Cl,Clc1cc(-c2ccc(Cl)c(Cl)c2Cl)cc(Cl)c1Cl,-9.1
CC1=C(N[S](=O)(=O)C2=CC=C(N)C=C2)C=C(Cl)C=C1,Cc1ccc(Cl)cc1NS(=O)(=O)c1ccc(N)cc1,-3.98
CC1=CC(=C(N[S](=O)(=O)C2=CC=C(N)C=C2)C=C1)Cl,Cc1ccc(NS(=O)(=O)c2ccc(N)cc2)c(Cl)c1,-4.32
[O-][N+](=O)C1=CC=CC=C1N[S](=O)(=O)C2=CC=CC=C2,O=[N+]([O-])c1ccccc1NS(=O)(=O)c1ccccc1,-4.01
ClC1=C(Cl)C(=C(C=C1)C2=CC=C(Cl)C(=C2Cl)Cl)Cl,Clc1ccc(-c2ccc(Cl)c(Cl)c2Cl)c(Cl)c1Cl,-8.78
CC1=C(C=CC(=C1)N)[S](=O)(=O)NC2=C(Cl)C=CC=C2,Cc1cc(N)ccc1S(=O)(=O)Nc1ccccc1Cl,-5.05
COC1=CC(=C2C(=O)C3(OC2=C1Cl)C(C)CC(=O)C=C3OC)OC,COC1=CC(=O)CC(C)C12Oc1c(Cl)c(OC)cc(OC)c1C2=O,-3.97
ClC1=CC(=C(C(=C1)Cl)C2=C(Cl)C=C(Cl)C=C2Cl)Cl,Clc1cc(Cl)c(-c2c(Cl)cc(Cl)cc2Cl)c(Cl)c1,-8.71
CCCC(=O)OCN1C=NC2=C(C=N[N]2COC(=O)CCC)C1=O,CCCC(=O)OCn1cnc2c(cnn2COC(=O)CCC)c1=O,-3.83
CC(C)(C)CC(=O)OCC(=O)C12OC(C)(C)OC1CC3C4CCC5=CC(=O)C=CC5(C)C4(F)C(O)CC23C,CC(C)(C)CC(=O)OCC(=O)C12OC(C)(C)OC1CC1C3CCC4=CC(=O)C=CC4(C)C3(F)C(O)CC12C,-5.12
[O-][N+](=O)C1=CC=C2NC(=O)CN=C(C3=CC=CC=C3)C2=C1,O=C1CN=C(c2ccccc2)c2cc([N+](=O)[O-])ccc2N1,-3.8
CCN1C=CC(=NC1=O)N[S](=O)(=O)C2=CC=C(N)C=C2,CCn1ccc(NS(=O)(=O)c2ccc(N)cc2)nc1=O,-2.23
CC1=CC=C(N[S](=O)(=O)C2=CC=C(C=C2)[N+]([O-])=O)N=C1,Cc1ccc(NS(=O)(=O)c2ccc([N+](=O)[O-])cc2)nc1,-4.29
CC1OC(CC(O)C1O)OC2C(O)CC(OC2C)OC3C(O)CC(OC3C)OC4CCC5(C)C(CCC6C5CCC7(C)C(CCC67O)C8=CC(=O)OC8)C4,CC1OC(OC2C(O)CC(OC3C(O)CC(OC4CCC5(C)C(CCC6C5CCC5(C)C(C7=CC(=O)OC7)CCC65O)C4)OC3C)OC2C)CC(O)C1O,-5.29
NC1=CC=C(C=C1)[S](=O)(=O)NC2=CC=C(C=C2)[N+]([O-])=O,Nc1ccc(S(=O)(=O)Nc2ccc([N+](=O)[O-])cc2)cc1,-3.94
CNC1=NC2=CC=C(Cl)C=C2C(=[N+]([O-])C1)C3=CC=CC=C3,CNC1=Nc2ccc(Cl)cc2C(c2ccccc2)=[N+]([O-])C1,-4.48
NC1=CC=C(C(=C1)Cl)[S](=O)(=O)NC2=CC=C(Cl)C=C2,Nc1ccc(S(=O)(=O)Nc2ccc(Cl)cc2)c(Cl)c1,-4.59
NC1=CC=C(C=C1)[S](=O)(=O)NC2=CC(=CC=C2Cl)Cl,Nc1ccc(S(=O)(=O)Nc2cc(Cl)ccc2Cl)cc1,-4.4
NC1=CC=C(C=C1)[S](=O)(=O)NC2=CC=CC(=C2Cl)Cl,Nc1ccc(S(=O)(=O)Nc2cccc(Cl)c2Cl)cc1,-4.73
CCN1C=C(C(O)=O)C(=O)C2=C1C=C(N3CCN(C)CC3)C(=C2)F,CCn1cc(C(=O)O)c(=O)c2cc(F)c(N3CCN(C)CC3)cc21,-1.47
CC1=C(N=C2C=C(O)C(=O)C3=C2C=CC=C3)C(=NO1)C,Cc1noc(C)c1N=C1C=C(O)C(=O)c2ccccc21,-3.89
N[S](=O)(=O)C1=CC2=C(S1)C(O)CC[S]2=O,NS(=O)(=O)c1cc2c(s1)C(O)CC[S+]2[O-],-1.57
CCCN(CCC)C1=C(C=C(C=C1[N+]([O-])=O)[S](N)(=O)=O)[N+]([O-])=O,CCCN(CCC)c1c([N+](=O)[O-])cc(S(N)(=O)=O)cc1[N+](=O)[O-],-5.13
NC1=CC=C(C=C1)[S](=O)(=O)NC2=CC=CC=C2[N+]([O-])=O,Nc1ccc(S(=O)(=O)Nc2ccccc2[N+](=O)[O-])cc1,-4.49
NC1=CC(=C(C=C1)[S](=O)(=O)NC2=CC=CC=C2Cl)Cl,Nc1ccc(S(=O)(=O)Nc2ccccc2Cl)c(Cl)c1,-5.11
COC1=C(N[S](=O)(=O)C2=CC=C(N)C=C2)C=CC=C1Cl,COc1c(Cl)cccc1NS(=O)(=O)c1ccc(N)cc1,-4.15
CN1CCN(CC1)C2=NC3=C(OC4=C2C=C(Cl)C=C4)C=CC=C3,CN1CCN(C2=Nc3ccccc3Oc3ccc(Cl)cc32)CC1,-4.42
CC(=O)OCN1C(=O)NC(C1=O)(C2=CC=CC=C2)C3=CC=CC=C3,CC(=O)OCN1C(=O)NC(c2ccccc2)(c2ccccc2)C1=O,-4.47
CN1C(=O)CCC(N2C(=O)C3=C(C=CC=C3)C2=O)C1=O,CN1C(=O)CCC(N2C(=O)c3ccccc3C2=O)C1=O,-2.99
NC1=CC=C(C=C1)[S](=O)(=O)NC2=CC=C(I)C=C2,Nc1ccc(S(=O)(=O)Nc2ccc(I)cc2)cc1,-4.52
CO[P](=S)(OC)SCN1N=NC2=CC=CC=C2C1=O,COP(=S)(OC)SCn1nnc2ccccc2c1=O,-4.04
COC(=O)NC1=NC2=CC(=CC=C2[NH]1)C(=O)C3=CC=CC=C3,COC(=O)Nc1nc2cc(C(=O)c3ccccc3)ccc2[nH]1,-3.88
C[N]1C=NC(=C1SC2=NC=NC3=C2[NH]C=N3)[N+]([O-])=O,Cn1cnc([N+](=O)[O-])c1Sc1ncnc2nc[nH]c12,-3.21
CC1N(CN2C(=O)C3=C(C=CC=C3)N=C12)CC4=CC=CC=C4,CC1c2nc3ccccc3c(=O)n2CN1Cc1ccccc1,-4.0
CCC1=C(N=C2C=C(O)C(=O)C3=C2C=CC=C3)C(=NO1)C,CCc1onc(C)c1N=C1C=C(O)C(=O)c2ccccc21,-2.72
ClC1=CC(=C(C=C1Cl)C2=C(Cl)C=C(Cl)C(=C2Cl)Cl)Cl,Clc1cc(Cl)c(-c2c(Cl)cc(Cl)c(Cl)c2Cl)cc1Cl,-7.92
CCOC1=CC=C(N[S](=O)(=O)C2=CC=C(C=C2)[N+]([O-])=O)C=C1,CCOc1ccc(NS(=O)(=O)c2ccc([N+](=O)[O-])cc2)cc1,-4.72
CC(C)=C1OC(=O)N(C1=O)C2=C(F)C=C(Cl)C(=C2)OC3CCCC3,CC(C)=C1OC(=O)N(c2cc(OC3CCCC3)c(Cl)cc2F)C1=O,-6.21
CCC(=O)OCN1C(=O)NC(C1=O)(C2=CC=CC=C2)C3=CC=CC=C3,CCC(=O)OCN1C(=O)NC(c2ccccc2)(c2ccccc2)C1=O,-4.91
ClC1=CC=C(Cl)C(=C1)C2=C(Cl)C(=C(Cl)C(=C2Cl)Cl)Cl,Clc1ccc(Cl)c(-c2c(Cl)c(Cl)c(Cl)c(Cl)c2Cl)c1,-8.46
CC1=C(C=CC(=C1)N)[S](=O)(=O)NC2=C(C=CC=C2)[N+]([O-])=O,Cc1cc(N)ccc1S(=O)(=O)Nc1ccccc1[N+](=O)[O-],-4.51
CC1=C2C=CC3=C(C=CC=C3)C2=C(C)C4=C1C=CC=C4,Cc1c2ccccc2c(C)c2c1ccc1ccccc12,-6.78
FC1=C(C(=CC=C1)F)C2=NN=C(N=N2)C3=C(Cl)C=CC=C3,Fc1cccc(F)c1-c1nnc(-c2ccccc2Cl)nn1,-6.12
C1CN(CCN1C\C=C\C2=CC=CC=C2)C(C3=CC=CC=C3)C4=CC=CC=C4,C(=C/c1ccccc1)\CN1CCN(C(c2ccccc2)c2ccccc2)CC1,-4.2
CCCC1=C(N=C2C=C(O)C(=O)C3=C2C=CC=C3)C(=NO1)C,CCCc1onc(C)c1N=C1C=C(O)C(=O)c2ccccc21,-3.7
NC1=CC=C(C=C1)[S](=O)(=O)NC2=C(Cl)C=C(Cl)C(=C2)Cl,Nc1ccc(S(=O)(=O)Nc2cc(Cl)c(Cl)cc2Cl)cc1,-4.83
BrC1=CC=C(N[S](=O)(=O)C2=CC=CC=C2)C(=C1)Br,O=S(=O)(Nc1ccc(Br)cc1Br)c1ccccc1,-5.01
N[S](=O)(=O)C1=CC2=C(C=C1Cl)N=CN[S]2(=O)=O,NS(=O)(=O)c1cc2c(cc1Cl)N=CNS2(=O)=O,-2.92
CN(C)CC\C=C/1C2=C(SC3=C1C=C(Cl)C=C3)C=CC=C2,CN(C)CC/C=C1/c2ccccc2Sc2ccc(Cl)cc21,-5.87
N[S](=O)(=O)C1=CC2=C(CC(O)C[S]2(=O)=O)S1,NS(=O)(=O)c1cc2c(s1)CC(O)CS2(=O)=O,-1.59
CCCCC(=O)OCN1C(=O)NC(C1=O)(C2=CC=CC=C2)C3=CC=CC=C3,CCCCC(=O)OCN1C(=O)NC(c2ccccc2)(c2ccccc2)C1=O,-4.68
N[S](=O)(=O)C1=CC2=C(S1)[S](=O)(=O)CC(O)C2,NS(=O)(=O)c1cc2c(s1)S(=O)(=O)CC(O)C2,-1.54
N[S](=O)(=O)C1=CC2=C(S1)C(=O)CC[S]2(=O)=O,NS(=O)(=O)c1cc2c(s1)C(=O)CCS2(=O)=O,-3.67
N[S](=O)(=O)C1=CC2=C(S1)C(O)CC[S]2(=O)=O,NS(=O)(=O)c1cc2c(s1)C(O)CCS2(=O)=O,-1.28
CCCN1C(=O)CCC(N2C(=O)C3=C(C=CC=C3)C2=O)C1=O,CCCN1C(=O)CCC(N2C(=O)c3ccccc3C2=O)C1=O,-3.72
N[S](=O)(=O)C1=CC2=C(S1)[S](=O)(=O)CCC2=O,NS(=O)(=O)c1cc2c(s1)S(=O)(=O)CCC2=O,-3.02
CC1(O)CC(C2=CC=CC=C2)C3=C(O1)C4=C(OC3=O)C=CC=C4,CC1(O)CC(c2ccccc2)c2c(c3ccccc3oc2=O)O1,-4.74
CC(=O)OCC1=C(N2C(SC1)C(NC(=O)CC3=CC=CS3)C2=O)C(O)=O,CC(=O)OCC1=C(C(=O)O)N2C(=O)C(NC(=O)Cc3cccs3)C2SC1,-2.94
CCC1OC(=O)C(C)C(OC2CC(C)(OC)C(O)C(C)O2)C(C)C(OC3OC(C)CC(C3O)N(C)C)C(C)(O)CC(C)C(=O)C(C)C(O)C1(C)O,CCC1OC(=O)C(C)C(OC2CC(C)(OC)C(O)C(C)O2)C(C)C(OC2OC(C)CC(N(C)C)C2O)C(C)(O)CC(C)C(=O)C(C)C(O)C1(C)O,-1.27
ClC1=CC(=C(Cl)C(=C1Cl)Cl)C2=CC(=C(Cl)C(=C2Cl)Cl)Cl,Clc1cc(-c2cc(Cl)c(Cl)c(Cl)c2Cl)c(Cl)c(Cl)c1Cl,-9.16
CCCCCC1=C(N=C2C=C(O)C(=O)C3=C2C=CC=C3)C(=NO1)C,CCCCCc1onc(C)c1N=C1C=C(O)C(=O)c2ccccc21,-3.18
CCO/N=C(OC(=O)C1=CC=CC=C1)/C2=C(OC)C(=CC=C2OC)Cl,CCO/N=C(\OC(=O)c1ccccc1)c1c(OC)ccc(Cl)c1OC,-4.08
CC1COC2=C(N3CCN(C)CC3)C(=CC4=C2N1C=C(C(O)=O)C4=O)F,CC1COc2c(N3CCN(C)CC3)c(F)cc3c(=O)c(C(=O)O)cn1c23,-1.27
COC1=CC2=C(C=C1OC)C(=NC(=N2)N3CCN(CC3)C(=O)C4CCCO4)N,COc1cc2nc(N3CCN(C(=O)C4CCCO4)CC3)nc(N)c2cc1OC,-1.8
CCN1C(=C(N=NC2=C(C=C(Cl)C=C2)[N+]([O-])=O)C(=C(C#N)C1=O)C)O,CCn1c(O)c(N=Nc2ccc(Cl)cc2[N+](=O)[O-])c(C)c(C#N)c1=O,-6.69
COC1=CC2=C(SC3=C(C=CC=C3)N2CC(C)CN(C)C)C=C1,COc1ccc2c(c1)N(CC(C)CN(C)C)c1ccccc1S2,-4.37
ClC1=C(Cl)C(=C(Cl)C(=C1)Cl)C2=C(Cl)C(=CC(=C2Cl)Cl)Cl,Clc1cc(Cl)c(Cl)c(-c2c(Cl)c(Cl)cc(Cl)c2Cl)c1Cl,-9.38
CCC1OC(=O)C(C)C(OC2CC(C)(OC)C(O)C(C)O2)C(C)C(OC3OC(C)CC(C3O)N(C)C)C(C)(CC(C)C(=O)C(C)C(O)C1(C)O)OC,CCC1OC(=O)C(C)C(OC2CC(C)(OC)C(O)C(C)O2)C(C)C(OC2OC(C)CC(N(C)C)C2O)C(C)(OC)CC(C)C(=O)C(C)C(O)C1(C)O,-2.2
CC1=C(NC(=O)C2=CC(=C(Cl)C=C2O)[S](N)(=O)=O)C(=CC=C1)C,Cc1cccc(C)c1NC(=O)c1cc(S(N)(=O)=O)c(Cl)cc1O,-3.9
CC(=O)NC1=C(N[S](=O)(=O)C2=CC=C(C=C2)[N+]([O-])=O)C=NC=C1,CC(=O)Nc1ccncc1NS(=O)(=O)c1ccc([N+](=O)[O-])cc1,-3.39
CCCCCN1C(=O)CCC(N2C(=O)C3=C(C=CC=C3)C2=O)C1=O,CCCCCN1C(=O)CCC(N2C(=O)c3ccccc3C2=O)C1=O,-4.7
CC1=CN(C2CC(N=[N+]=[N-])C(COC(=O)C3=CC=NC=C3)O2)C(=O)NC1=O,Cc1cn(C2CC(N=[N+]=[N-])C(COC(=O)c3ccncc3)O2)c(=O)[nH]c1=O,-2.72
COC1=CC=C2C(=CC1=O)C(CCC3=C2C(=C(OC)C(=C3)OC)OC)NC(C)=O,COc1cc2c(c(OC)c1OC)-c1ccc(OC)c(=O)cc1C(NC(C)=O)CC2,-0.94
CC1=NN=C2CN=C(C3=CC=CC=C3)C4=C(C=CC(=C4)Cl)[N]12,Cc1nnc2n1-c1ccc(Cl)cc1C(c1ccccc1)=NC2,-3.6
C1=CC2=C3C(=C1)C=CC=C3C4=CC=CC5=CC=CC2=C45,c1cc2cccc3c4cccc5cccc(c(c1)c23)c54,-8.7
C1=CC2=C3C=CC=C4C=CC5=CC=CC(=C2C=C1)C5=C34,c1ccc2c(c1)c1cccc3ccc4cccc2c4c31,-7.66
COC1=CC2=C(N)N=C(N=C2C(=C1OC)OC)N3CCN(CC3)C(=O)OCC(C)(C)O,COc1cc2c(N)nc(N3CCN(C(=O)OCC(C)(C)O)CC3)nc2c(OC)c1OC,-3.64
COC1=C2C(=O)C3=C(C=CC=C3)N(C)C2=C4C=CC(C)(C)OC4=C1,COc1cc2c(c3c1c(=O)c1ccccc1n3C)C=CC(C)(C)O2,-5.21
ClC1=C(Cl)C(=C(Cl)C(=C1)C2=C(Cl)C(=C(Cl)C(=C2Cl)Cl)Cl)Cl,Clc1cc(-c2c(Cl)c(Cl)c(Cl)c(Cl)c2Cl)c(Cl)c(Cl)c1Cl,-9.62
O=[P](OC1=CC=CC=C1)(OC2=CC=CC=C2)OC3=CC=CC=C3,O=P(Oc1ccccc1)(Oc1ccccc1)Oc1ccccc1,-5.66
CSC1=CC2=C(SC3=C(C=CC=C3)N2CCC4CCCCN4C)C=C1,CSc1ccc2c(c1)N(CCC1CCCCN1C)c1ccccc1S2,-5.82
CCOC(=O)C(C)OC1=CC=C(OC2=NC3=C(S2)C=C(Cl)C=C3)C=C1,CCOC(=O)C(C)Oc1ccc(Oc2nc3ccc(Cl)cc3s2)cc1,-5.67
CC1=NN=C2CN=C(C3=CC=CC=C3Cl)C4=C(C=CC(=C4)Cl)[N]12,Cc1nnc2n1-c1ccc(Cl)cc1C(c1ccccc1Cl)=NC2,-4.08
COC1=CC2=C(C=C1OC)C3C(CO2)OC4=C(C=CC5=C4CC(O5)C(C)=C)C3=O,C=C(C)C1Cc2c(ccc3c2OC2COc4cc(OC)c(OC)cc4C2C3=O)O1,-4.47
CN1C(CCl)NC2=C(C=C(C(=C2)Cl)[S](N)(=O)=O)[S]1(=O)=O,CN1C(CCl)Nc2cc(Cl)c(S(N)(=O)=O)cc2S1(=O)=O,-3.78
CC(OC1=CC=C(OC2=NC3=C(C=C(Cl)C=C3)N=C2)C=C1)C(=O)OC4CCCO4,CC(Oc1ccc(Oc2cnc3cc(Cl)ccc3n2)cc1)C(=O)OC1CCCO1,-5.02
N[S](=O)(=O)C1=C(Cl)C=C2NC(N[S](=O)(=O)C2=C1)C(Cl)Cl,NS(=O)(=O)c1cc2c(cc1Cl)NC(C(Cl)Cl)NS2(=O)=O,-3.18
CCOC(=O)C1=CC=CC=C1[S](=O)(=O)NC(=O)NC2=NC(=CC(=N2)OC)Cl,CCOC(=O)c1ccccc1S(=O)(=O)NC(=O)Nc1nc(Cl)cc(OC)n1,-4.58
CN1C(=C(O)C2=C(C=CC=C2)[S]1(=O)=O)C(=O)NC3=CC=CC=N3,CN1C(C(=O)Nc2ccccn2)=C(O)c2ccccc2S1(=O)=O,-4.5
CC1=CC=C(C=C1)C2=CC(=N[N]2C3=CC=C(C=C3)[S](N)(=O)=O)C(F)(F)F,Cc1ccc(-c2cc(C(F)(F)F)nn2-c2ccc(S(N)(=O)=O)cc2)cc1,-4.74
CN(C)C1C2C(O)C3C(=C(O)C2(O)C(=O)C(=C1O)C(N)=O)C(=O)C4=C(C=CC=C4O)C3(C)O,CN(C)C1C(O)=C(C(N)=O)C(=O)C2(O)C(O)=C3C(=O)c4c(O)cccc4C(C)(O)C3C(O)C12,-3.15
OC1=C(CC2=C(O)C3=CC=CC=C3OC2=O)C(=O)OC4=C1C=CC=C4,O=c1oc2ccccc2c(O)c1Cc1c(O)c2ccccc2oc1=O,-4.27
CN1C(=C(O)C2=CC=CC=C2[S]1(=O)=O)C(=O)NC3=NC=C(C)S3,Cc1cnc(NC(=O)C2=C(O)c3ccccc3S(=O)(=O)N2C)s1,-1.92
CC(C)(C)C1=CC(=CC(=C1SC(C)(C)SC2=C(C=C(O)C=C2C(C)(C)C)C(C)(C)C)C(C)(C)C)O,CC(C)(Sc1c(C(C)(C)C)cc(O)cc1C(C)(C)C)Sc1c(C(C)(C)C)cc(O)cc1C(C)(C)C,-8.17
CCOC(=O)NC1=CC2=C(SC3=C(C=CC=C3)N2C(=O)CCN4CCOCC4)C=C1,CCOC(=O)Nc1ccc2c(c1)N(C(=O)CCN1CCOCC1)c1ccccc1S2,-3.9
FC1=C(NC(=O)NC(=O)C2=C(F)C=CC=C2F)C=CC(=C1)OC3=CC=C(C=C3Cl)C(F)(F)F,O=C(NC(=O)c1c(F)cccc1F)Nc1ccc(Oc2ccc(C(F)(F)F)cc2Cl)cc1F,-8.09
COC(=O)C1=CC=C(N=C1[S](=O)(=O)NC(=O)NC2=NC(=CC(=N2)OC)OC)C(F)(F)F,COC(=O)c1ccc(C(F)(F)F)nc1S(=O)(=O)NC(=O)Nc1nc(OC)cc(OC)n1,-3.89
CN(CC1=NC2=C(N=C1)N=C(N)N=C2N)C3=CC=C(C=C3)C(=O)NC(CCC(O)=O)C(O)=O,CN(Cc1cnc2nc(N)nc(N)c2n1)c1ccc(C(=O)NC(CCC(=O)O)C(=O)O)cc1,-4.0
C1=CC2=C3C4=C1C=CC5=C4C6=C(C=C5)C=CC7=C6C3=C(C=C2)C=C7,c1cc2ccc3ccc4ccc5ccc6ccc1c1c2c3c4c5c61,-8.83
COC1=C(C=C(NC(C)=O)C(=C1)N=NC2=C(Br)C=C(C=C2[N+]([O-])=O)[N+]([O-])=O)N(CCC#N)CC=C,C=CCN(CCC#N)c1cc(NC(C)=O)c(N=Nc2c(Br)cc([N+](=O)[O-])cc2[N+](=O)[O-])cc1OC,-8.9
COC1=CC(=CC(=C1O)OC)C2C3C(COC3=O)C(OC4OC5COC(C)OC5C(O)C4O)C6=C2C=C7OCOC7=C6,COc1cc(C2c3cc4c(cc3C(OC3OC5COC(C)OC5C(O)C3O)C3COC(=O)C23)OCO4)cc(OC)c1O,-3.47
CCC1NC(=O)C(C(O)C(C)C\C=C\C)N(C)C(=O)C(C(C)C)N(C)C(=O)C(CC(C)C)N(C)C(=O)C(CC(C)C)N(C)C(=O)C(C)NC(=O)C(C)NC(=O)C(CC(C)C)N(C)C(=O)C(NC(=O)C(CC(C)C)N(C)C(=O)CN(C)C1=O)C(C)C,C/C=C/CC(C)C(O)C1C(=O)NC(CC)C(=O)N(C)CC(=O)N(C)C(CC(C)C)C(=O)NC(C(C)C)C(=O)N(C)C(CC(C)C)C(=O)NC(C)C(=O)NC(C)C(=O)N(C)C(CC(C)C)C(=O)N(C)C(CC(C)C)C(=O)N(C)C(C(C)C)C(=O)N1C,-4.64
N#CCC#N,N#CCC#N,0.25
C[S](C)(=O)=O,CS(C)(=O)=O,0.2
OC1=CC=C(F)C=C1,Oc1ccc(F)cc1,-0.21
CC(=C\CO)/C=C/C=C(C)/C=C/C1=C(C)CCCC1(C)C,CC1=C(/C=C/C(C)=C/C=C/C(C)=C/CO)C(C)(C)CCC1,-3.81
O=C1C=CC(=O)C=C1,O=C1C=CC(=O)C=C1,-0.89
CCC(Br)(CC)C(=O)NC(N)=O,CCC(Br)(CC)C(=O)NC(N)=O,-2.68
OC1=CC(=CC=C1)Cl,Oc1cccc(Cl)c1,-0.71
CCC(CC)(C(=O)NC(N)=O)C(=O)OC,CCC(CC)(C(=O)NC(N)=O)C(=O)OC,-1.96
CCOC(=O)C(CC)(CC)C(=O)NC(N)=O,CCOC(=O)C(CC)(CC)C(=O)NC(N)=O,-2.08
OC(=O)C1C2CCC(O2)C1C(O)=O,O=C(O)C1C2CCC(O2)C1C(=O)O,-0.27
CCOC1=CC=C(O)C=C1,CCOc1ccc(O)cc1,-1.29
CC1=NC=C([NH]1)[N+]([O-])=O,Cc1ncc([N+](=O)[O-])[nH]1,-1.63
CCC(CC)(C(=O)NC(N)=O)C(=O)OC(C)C,CCC(CC)(C(=O)NC(N)=O)C(=O)OC(C)C,-2.77
CCC(CC)(C(=O)NC(N)=O)C(=O)OCOC,CCC(CC)(C(=O)NC(N)=O)C(=O)OCOC,-2.17
NC(=S)C1=CC=CC=C1,NC(=S)c1ccccc1,-1.92
ClCCN(N=O)C(=O)NC1CCCCC1,O=NN(CCCl)C(=O)NC1CCCCC1,-3.37
COC(=O)C(CC=C)(CC=C)C(=O)NC(N)=O,C=CCC(CC=C)(C(=O)NC(N)=O)C(=O)OC,-2.17
CC1=C(Cl)C(=CC(=C1)O)C,Cc1cc(O)cc(C)c1Cl,-2.67
OCNC(=O)C1=CC=CC=C1,O=C(NCO)c1ccccc1,-0.52
C[N]1C(=NC=C1[N+]([O-])=O)C,Cc1ncc([N+](=O)[O-])n1C,-1.16
CCC1=CC=C(C=C1)C(O)=O,CCc1ccc(C(=O)O)cc1,-2.52
CC(C)C1=NC(=C[NH]1)[N+]([O-])=O,CC(C)c1nc([N+](=O)[O-])c[nH]1,-1.15
COC1=CC=C(C=C1)C(N)=O,COc1ccc(C(N)=O)cc1,-1.72
COC1=CC=CC(=C1)C(N)=O,COc1cccc(C(N)=O)c1,-1.72
CC(C)(C)C(=O)OCN1C=C(F)C(=O)N(COC(=O)C(C)(C)C)C1=O,CC(C)(C)C(=O)OCn1cc(F)c(=O)n(COC(=O)C(C)(C)C)c1=O,-3.9
CN(C)CNC(=O)C1=CC=CC=C1,CN(C)CNC(=O)c1ccccc1,0.42
OC1=CC=C(I)C=C1,Oc1ccc(I)cc1,-1.71
CCCCC1=CC=C(C=C1)C(O)=O,CCCCc1ccc(C(=O)O)cc1,-3.08
CC(=O)OCN1C=C(F)C(=O)N(COC(C)=O)C1=O,CC(=O)OCn1cc(F)c(=O)n(COC(C)=O)c1=O,-1.81
CCOC(=O)C(C)(C(=O)NC(=O)NC)C1=CCCCC1,CCOC(=O)C(C)(C(=O)NC(=O)NC)C1=CCCCC1,-3.0
CC(C)C1=NC=C([N]1C)[N+]([O-])=O,CC(C)c1ncc([N+](=O)[O-])n1C,-1.26
CNC(=O)OC1=CC(=C(C)C=C1)C,CNC(=O)Oc1ccc(C)c(C)c1,-2.49
CC(O)C[N]1C(=NC=C1[N+]([O-])=O)C,Cc1ncc([N+](=O)[O-])n1CC(C)O,-0.74
CC1=CC2=C(C=CC=C2)C=N1,Cc1cc2ccccc2cn1,-2.19
CCC(C)C1=C(OC(=O)NC)C=CC=C1,CCC(C)c1ccccc1OC(=O)NC,-2.53
CCC(CC)(C(=O)NC(N)=O)C(=O)OCC(=O)OC,CCC(CC)(C(=O)NC(N)=O)C(=O)OCC(=O)OC,-2.01
OC(=O)CONC(=O)C1=CC=CC=C1,O=C(O)CONC(=O)c1ccccc1,-0.95
COC1=C(O)C=CC(=C1)\C=C\C(O)=O,COc1cc(/C=C/C(=O)O)ccc1O,-3.05
S=C1NC=NC2=C1N=C[NH]2,S=c1[nH]cnc2[nH]cnc12,-2.95
CNC(=O)N1C=C(F)C(=O)NC1=O,CNC(=O)n1cc(F)c(=O)[nH]c1=O,-2.28
CCC(=O)N1C(=O)NC=C(F)C1=O,CCC(=O)n1c(=O)[nH]cc(F)c1=O,-0.7
COC(=O)N1C=C(F)C(=O)NC1=O,COC(=O)n1cc(F)c(=O)[nH]c1=O,-0.91
CC(=O)OCN1C=C(F)C(=O)NC1=O,CC(=O)OCn1cc(F)c(=O)[nH]c1=O,-0.67
COC(=O)C1=CC=CC=C1OC(C)=O,COC(=O)c1ccccc1OC(C)=O,-1.84
O=C1NC(=O)C2=C([NH]C=N2)N1,O=c1[nH]c(=O)c2nc[nH]c2[nH]1,-3.87
CC(=O)OCN1C(=O)NC=C(F)C1=O,CC(=O)OCn1c(=O)[nH]cc(F)c1=O,-1.2
CCNC1=NC(=NC(=N1)Cl)NC(C)(C)C,CCNc1nc(Cl)nc(NC(C)(C)C)n1,-4.43
CCNC1=NC(=NC(=N1)NCC)SC,CCNc1nc(NCC)nc(SC)n1,-2.73
CCC(C)([S](=O)(=O)CC)[S](=O)(=O)CC,CCC(C)(S(=O)(=O)CC)S(=O)(=O)CC,-1.91
CCNC(=O)N1C=C(F)C(=O)NC1=O,CCNC(=O)n1cc(F)c(=O)[nH]c1=O,-2.13
NC1=[N+]([O-])C(=NC(=C1)N2CCCCC2)N,Nc1cc(N2CCCCC2)nc(N)[n+]1[O-],-1.94
CCOC(=O)OCN1C(=O)NC=C(F)C1=O,CCOC(=O)OCn1c(=O)[nH]cc(F)c1=O,-1.46
CC(C)NCC(O)COC1=C(OCC=C)C=CC=C1,C=CCOc1ccccc1OCC(O)CNC(C)C,-0.32
COC1=NC(=NC(=N1)NC(C)C)NC(C)C,COc1nc(NC(C)C)nc(NC(C)C)n1,-2.56
CCOC(=O)N1C=C(F)C(=O)NC1=O,CCOC(=O)n1cc(F)c(=O)[nH]c1=O,-1.47
CN(C)C(=O)N1C=C(F)C(=O)NC1=O,CN(C)C(=O)n1cc(F)c(=O)[nH]c1=O,-1.53
CCC(=O)OCN1C=C(F)C(=O)NC1=O,CCC(=O)OCn1cc(F)c(=O)[nH]c1=O,-0.81
CCOC(=O)N1C(=O)NC=C(F)C1=O,CCOC(=O)n1c(=O)[nH]cc(F)c1=O,-0.45
CCC(C)(C)C(=O)OC1CC(C)C=C2C=CC(C)C(CCC3CC(O)CC(=O)O3)C12,CCC(C)(C)C(=O)OC1CC(C)C=C2C=CC(C)C(CCC3CC(O)CC(=O)O3)C21,-5.48
CC(C)(C)C(=O)OCN1C=C(F)C(=O)NC1=O,CC(C)(C)C(=O)OCn1cc(F)c(=O)[nH]c1=O,-2.03
CCCC(=O)OCN1C=C(F)C(=O)NC1=O,CCCC(=O)OCn1cc(F)c(=O)[nH]c1=O,-1.31
O=C(COC(=O)C1=CC=CC=C1)N2CCCC2,O=C(OCC(=O)N1CCCC1)c1ccccc1,-1.57
CC(C)(C)NCC(O)COC1=C(C=CC=C1)C2CCCC2,CC(C)(C)NCC(O)COc1ccccc1C1CCCC1,-1.84
CN(C)C(=O)COC(=O)C1=C(O)C=CC=C1,CN(C)C(=O)COC(=O)c1ccccc1O,-1.71
CCC(C)C(=O)OC1CCC=C2C=CC(C)C(CCC3CC(O)CC(=O)O3)C12,CCC(C)C(=O)OC1CCC=C2C=CC(C)C(CCC3CC(O)CC(=O)O3)C21,-5.42
CCCCOC(=O)N1C=C(F)C(=O)NC1=O,CCCCOC(=O)n1cc(F)c(=O)[nH]c1=O,-1.59
COCCN(C(=O)CCl)C1=C(C)C=CC=C1C,COCCN(C(=O)CCl)c1c(C)cccc1C,-2.09
CC(C)COC(=O)N1C=C(F)C(=O)NC1=O,CC(C)COC(=O)n1cc(F)c(=O)[nH]c1=O,-1.89
CCN(CCO)C(=O)COC(=O)C1=CC=CC=C1,CCN(CCO)C(=O)COC(=O)c1ccccc1,-1.37
FC1=CN(C(=O)NC1=O)C(=O)OCCCl,O=C(OCCCl)n1cc(F)c(=O)[nH]c1=O,-1.91
CN1CCC23CCCCC2C1CC4=C3C=C(O)C=C4,CN1CCC23CCCCC2C1Cc1ccc(O)cc13,-2.72
COC(=O)NC1=NC2=CC=CC=C2[NH]1,COC(=O)Nc1nc2ccccc2[nH]1,-4.52
CCC(C)C(=O)OC1CC(O)C=C2C=CC(C)C(CCC3CC(O)CC(=O)O3)C12,CCC(C)C(=O)OC1CC(O)C=C2C=CC(C)C(CCC3CC(O)CC(=O)O3)C21,-3.35
OC(=O)CCCC1=CC=C(C=C1)N(CCCl)CCCl,O=C(O)CCCc1ccc(N(CCCl)CCCl)cc1,-3.4
CC(C)N(C(C)C)C(=O)COC(=O)C1=CC=CC=C1,CC(C)N(C(=O)COC(=O)c1ccccc1)C(C)C,-3.34
OCCN(CCO)C(=O)COC(=O)C1=CC=CC=C1,O=C(OCC(=O)N(CCO)CCO)c1ccccc1,0.43
CCCCCCOC(=O)N1C=C(F)C(=O)NC1=O,CCCCCCOC(=O)n1cc(F)c(=O)[nH]c1=O,-2.24
CCN(CC)C(=O)COC(=O)C1=C(O)C=CC=C1,CCN(CC)C(=O)COC(=O)c1ccccc1O,-2.56
COC1=CC2=C(CC3C4CCCCC24CCN3C)C=C1,COc1ccc2c(c1)C13CCCCC1C(C2)N(C)CC3,-3.48
CNC1=CC=C(C=C1)[S](=O)(=O)N(C)C,CNc1ccc(S(=O)(=O)N(C)C)cc1,-3.08
OCC(CO)(CO)NC(=O)COC(=O)C1=CC=CC=C1,O=C(COC(=O)c1ccccc1)NC(CO)(CO)CO,-1.27
CN(CC(N)=O)C(=O)COC(=O)C1=CC=CC=C1,CN(CC(N)=O)C(=O)COC(=O)c1ccccc1,-0.92
CCCCCCCCNC(=O)N1C=C(F)C(=O)NC1=O,CCCCCCCCNC(=O)n1cc(F)c(=O)[nH]c1=O,-4.18
CC1CCCC(C)N1C(=O)COC(=O)C2=CC=CC=C2,CC1CCCC(C)N1C(=O)COC(=O)c1ccccc1,-3.26
COCCN(CCOC)C(=O)COC(=O)C1=CC=CC=C1,COCCN(CCOC)C(=O)COC(=O)c1ccccc1,-1.57
CC(=O)OC1=CC=CC=C1C(=O)OCC(N)=O,CC(=O)Oc1ccccc1C(=O)OCC(N)=O,-1.79
CON(C1CCCCC1)C(=O)C2=C(C)OC(=C2)C,CON(C(=O)c1cc(C)oc1C)C1CCCCC1,-2.92
OC(=O)C1=C(C=CC=C1)C2=CC=CC=C2,O=C(O)c1ccccc1-c1ccccc1,-2.73
CCOC(=O)CN(C)C(=O)COC(=O)C1=CC=CC=C1,CCOC(=O)CN(C)C(=O)COC(=O)c1ccccc1,-1.67
CC(=O)OC[N]1N=CC2=C1N=CNC2=O,CC(=O)OCn1ncc2c(=O)[nH]cnc21,-2.56
OC(=O)C1CCN1C(=O)COC(=O)C2=CC=CC=C2,O=C(OCC(=O)N1CCC1C(=O)O)c1ccccc1,-2.14
FC(F)(F)C1=CC=CC(=C1)N2CC(CCl)C(Cl)C2=O,O=C1C(Cl)C(CCl)CN1c1cccc(C(F)(F)F)c1,-4.05
CCNC(=O)COC(=O)C1=CC=CC=C1OC(C)=O,CCNC(=O)COC(=O)c1ccccc1OC(C)=O,-1.68
CCOC(=O)COC(=O)C1=CC=CC=C1OC(C)=O,CCOC(=O)COC(=O)c1ccccc1OC(C)=O,-2.58
CN(C)C(=O)COC(=O)C1=CC=CC=C1OC(C)=O,CC(=O)Oc1ccccc1C(=O)OCC(=O)N(C)C,-1.55
CN(C)[S](=O)(=O)C1=CC=C(C=C1)N(C)C=O,CN(C=O)c1ccc(S(=O)(=O)N(C)C)cc1,-2.37
CC(=O)OCCOC[N]1C=NC2=C1N=C(N)N=C2,CC(=O)OCCOCn1cnc2cnc(N)nc21,-0.97
NC(=O)C1CCCN1C(=O)COC(=O)C2=CC=CC=C2,NC(=O)C1CCCN1C(=O)COC(=O)c1ccccc1,-2.27
CN1CCC23C4OC5=C(O)C=CC(=C25)CC1C3C=CC4O,CN1CCC23c4c5ccc(O)c4OC2C(O)C=CC3C1C5,-3.15
OC(=O)C1CCCN1C(=O)COC(=O)C2=CC=CC=C2,O=C(OCC(=O)N1CCCC1C(=O)O)c1ccccc1,-1.59
CCCC(=O)OC[N]1C=C2C(=O)NC=NC2=N1,CCCC(=O)OCn1cc2c(=O)[nH]cnc2n1,-2.2
CCCC(=O)OC[N]1N=CC2=C1N=CNC2=O,CCCC(=O)OCn1ncc2c(=O)[nH]cnc21,-2.83
CC(=O)NC1=NC2=C(C=N1)N=C[N]2COCCO,CC(=O)Nc1ncc2ncn(COCCO)c2n1,-0.86
CN(C)[S](=O)(=O)C1=CC=C(C=C1)N(C)C(C)=O,CC(=O)N(C)c1ccc(S(=O)(=O)N(C)C)cc1,-2.3
COCC(=O)N(C(C)C(=O)OC)C1=C(C)C=CC=C1C,COCC(=O)N(c1c(C)cccc1C)C(C)C(=O)OC,-1.6
CCN(CC)C(=O)COC(=O)C1=CC=CC=C1OC(C)=O,CCN(CC)C(=O)COC(=O)c1ccccc1OC(C)=O,-2.11
CC(C)(C)C(=O)OC[N]1C=C2C(=O)NC=NC2=N1,CC(C)(C)C(=O)OCn1cc2c(=O)[nH]cnc2n1,-2.17
CC1(C)C(C=C(Cl)Cl)C1C(=O)OCC2=C(F)C(=CC(=C2F)F)F,CC1(C)C(C=C(Cl)Cl)C1C(=O)OCc1c(F)c(F)cc(F)c1F,-6.81
CC(C)(C)C(=O)OC[N]1N=CC2=C1N=CNC2=O,CC(C)(C)C(=O)OCn1ncc2c(=O)[nH]cnc21,-2.68
ClC1=C(Cl)C(=CC(=C1)OC2=CC=CC=C2)Cl,Clc1cc(Oc2ccccc2)cc(Cl)c1Cl,-6.77
CC(=O)OCCOC[N]1C=NC2=C1N=C(N)NC2=O,CC(=O)OCCOCn1cnc2c(=O)[nH]c(N)nc21,-2.7
CCC(=O)N(C)C1=CC=C(C=C1)[S](=O)(=O)N(C)C,CCC(=O)N(C)c1ccc(S(=O)(=O)N(C)C)cc1,-2.48
ClC1=CC(=C(OC2=CC=CC=C2)C=C1Cl)Cl,Clc1cc(Cl)c(Oc2ccccc2)cc1Cl,-6.58
CC(=O)OC1=CC=CC=C1C(=O)OCC(=O)N2CCOCC2,CC(=O)Oc1ccccc1C(=O)OCC(=O)N1CCOCC1,-1.8
NC1=C(C=CC2=C1C=CC=C2)[S](O)(=O)=O,Nc1c(S(=O)(=O)O)ccc2ccccc12,-2.96
CCCCCCC(C)OC(=O)COC1=NC(=C(Cl)C(=C1Cl)N)F,CCCCCCC(C)OC(=O)COc1nc(F)c(Cl)c(N)c1Cl,-6.43
FC1=CNC(=O)N(C1=O)C(=O)C2=CC=CC=C2,O=C(c1ccccc1)n1c(=O)[nH]cc(F)c1=O,-2.26
CCCN(CCC)C(=O)COC(=O)C1=CC=CC=C1OC(C)=O,CCCN(CCC)C(=O)COC(=O)c1ccccc1OC(C)=O,-2.65
CC1=CC(=NC(=N1)NN=C(C)C2=CC=CC=C2C)C,CC(=NNc1nc(C)cc(C)n1)c1ccccc1C,-3.2
CC(=O)OC1=CC=CC=C1C(=O)OCC(=O)NCC(N)=O,CC(=O)Oc1ccccc1C(=O)OCC(=O)NCC(N)=O,-2.52
CCCC(=O)N(C)C1=CC=C(C=C1)[S](=O)(=O)N(C)C,CCCC(=O)N(C)c1ccc(S(=O)(=O)N(C)C)cc1,-2.16
CCN(CC)CCCC(C)NC1=CC=NC2=C1C=CC(=C2)Cl,CCN(CC)CCCC(C)Nc1ccnc2cc(Cl)ccc12,-2.83
CCN(CC)C(=O)C(C)OC(=O)C1=CC=CC=C1OC(C)=O,CCN(CC)C(=O)C(C)OC(=O)c1ccccc1OC(C)=O,-1.6
CC(C)N(C(C)C)C(=O)COC(=O)C1=CC=CC=C1OC(C)=O,CC(=O)Oc1ccccc1C(=O)OCC(=O)N(C(C)C)C(C)C,-3.25
CC(=O)NC1=NC2=C(N=C[N]2COCCO)C(=O)N1,CC(=O)Nc1nc2c(ncn2COCCO)c(=O)[nH]1,-1.92
CC1=C(NC2=CC=CC=C2C(O)=O)C=CC=C1Cl,Cc1c(Cl)cccc1Nc1ccccc1C(=O)O,-5.06
CCN1C=C(C(=O)OC)C(=O)C2=C1N=C(C)C=C2,CCn1cc(C(=O)OC)c(=O)c2ccc(C)nc21,-2.7
FC1=CN(C(=O)NC1=O)C(=O)OCC2=CC=CC=C2,O=C(OCc1ccccc1)n1cc(F)c(=O)[nH]c1=O,-2.82
CC1C(SC(=O)N1C(=O)NC2CCCCC2)C3=CC=C(Cl)C=C3,CC1C(c2ccc(Cl)cc2)SC(=O)N1C(=O)NC1CCCCC1,-5.85
FC1=CN(C(=O)NC1=O)C(=O)OC2=CC=CC=C2,O=C(Oc1ccccc1)n1cc(F)c(=O)[nH]c1=O,-2.44
CCCCC(=O)N(C)C1=CC=C(C=C1)[S](=O)(=O)N(C)C,CCCCC(=O)N(C)c1ccc(S(=O)(=O)N(C)C)cc1,-2.85
CCN(CC)CC(=O)OC[N]1N=CC2=C1N=CNC2=O,CCN(CC)CC(=O)OCn1ncc2c(=O)[nH]cnc21,-1.79
FC1=CNC(=O)N(C(=O)OC2=CC=CC=C2)C1=O,O=C(Oc1ccccc1)n1c(=O)[nH]cc(F)c1=O,-3.22
NC1=NC2=C(N=C[N]2C3OC(CO)C(O)C3O)C(=O)N1,Nc1nc2c(ncn2C2OC(CO)C(O)C2O)c(=O)[nH]1,-2.74
CCCCCC(=O)N(C)C1=CC=C(C=C1)[S](=O)(=O)N(C)C,CCCCCC(=O)N(C)c1ccc(S(=O)(=O)N(C)C)cc1,-2.95
CC(=O)NC1=NC2=C(C=N1)N=C[N]2COCCOC(C)=O,CC(=O)Nc1ncc2ncn(COCCOC(C)=O)c2n1,-0.73
CC(C)(C)C(O)C(CC1=CC=C(Cl)C=C1)[N]2C=NC=N2,CC(C)(C)C(O)C(Cc1ccc(Cl)cc1)n1cncn1,-4.05
CCN(CC)C(=O)NC1=CC(=C(OCC(O)CNC(C)(C)C)C=C1)C(C)=O,CCN(CC)C(=O)Nc1ccc(OCC(O)CNC(C)(C)C)c(C(C)=O)c1,-1.9
CCOC(=O)CNC(=O)COC(=O)C1=CC=CC=C1OC(C)=O,CCOC(=O)CNC(=O)COC(=O)c1ccccc1OC(C)=O,-1.87
ClC1=CC(=C(OC2=CC=C(Cl)C=C2Cl)C=C1)Cl,Clc1ccc(Oc2ccc(Cl)cc2Cl)c(Cl)c1,-6.82
CO[P](=S)(OC)OC1=C(Cl)C=C(C=C1)[N+]([O-])=O,COP(=S)(OC)Oc1ccc([N+](=O)[O-])cc1Cl,-4.68
FC1=CNC(=O)N(COC(=O)OC2=CC=CC=C2)C1=O,O=C(OCn1c(=O)[nH]cc(F)c1=O)Oc1ccccc1,-2.45
CCCCCCC(=O)N(C)C1=CC=C(C=C1)[S](=O)(=O)N(C)C,CCCCCCC(=O)N(C)c1ccc(S(=O)(=O)N(C)C)cc1,-3.68
CCCCCCC(=O)N(C)[S](=O)(=O)C1=CC=C(C=C1)N(C)C,CCCCCCC(=O)N(C)S(=O)(=O)c1ccc(N(C)C)cc1,-3.68
CCCCCCCC(=O)N(C)C1=CC=C(C=C1)[S](=O)(=O)N(C)C,CCCCCCCC(=O)N(C)c1ccc(S(=O)(=O)N(C)C)cc1,-3.59
CC(=O)OC[N]1C=C2C(=O)N(COC(C)=O)C=NC2=N1,CC(=O)OCn1cc2c(=O)n(COC(C)=O)cnc2n1,-1.99
CCOC(=O)CN(C)C(=O)COC(=O)C1=CC=CC=C1OC(C)=O,CCOC(=O)CN(C)C(=O)COC(=O)c1ccccc1OC(C)=O,-2.55
COC1=CC=C2C=C(C=CC2=C1)C(C)C(=O)OCC(N)=O,COc1ccc2cc(C(C)C(=O)OCC(N)=O)ccc2c1,-3.93
CO[P](=O)(OC)SCN1C(=O)OC2=CC(=CN=C12)Cl,COP(=O)(OC)SCn1c(=O)oc2cc(Cl)cnc21,-2.47
OC1=C2OC3C(=O)CCC4(O)C5CC(=C2C34CCN5CC=C)C=C1,C=CCN1CCC23c4c5ccc(O)c4OC2C(=O)CCC3(O)C1C5,-3.39
CC(=O)OC1=CC=CC=C1C(=O)OCN2C(=O)CCC2=O,CC(=O)Oc1ccccc1C(=O)OCN1C(=O)CCC1=O,-2.77
CCOC(=O)NC1=CC(=CC=C1)OC(=O)NC2=CC=CC=C2,CCOC(=O)Nc1cccc(OC(=O)Nc2ccccc2)c1,-4.52
CC(C(O)=O)C1=CC=C(C=C1)N2CC3=C(C=CC=C3)C2=O,CC(C(=O)O)c1ccc(N2Cc3ccccc3C2=O)cc1,-4.72
CC(=O)NC1=NC2=C(N=C[N]2COCCOC(C)=O)C(=O)N1,CC(=O)Nc1nc2c(ncn2COCCOC(C)=O)c(=O)[nH]1,-2.14
[O-][N+]1=NC(=NC2=C1C=C(Cl)C=C2)[N]3C=CN=C3,[O-][n+]1nc(-n2ccnc2)nc2ccc(Cl)cc21,-3.63
CC1=C(C)N=C(N[S](=O)(=O)C2=CC=C(N)C=C2)O1,Cc1nc(NS(=O)(=O)c2ccc(N)cc2)oc1C,-2.22
ClC1=CC=C(OC2=C(Cl)C(=C(Cl)C=C2)Cl)C=C1Cl,Clc1ccc(Oc2ccc(Cl)c(Cl)c2Cl)cc1Cl,-7.67
OC(=O)C(=C)CC(=O)C1=CC=C(C=C1)C2=CC=CC=C2Cl,C=C(CC(=O)c1ccc(-c2ccccc2Cl)cc1)C(=O)O,-3.2
CCN(CC)C(=O)CCC(=O)OC[N]1N=CC2=C1N=CNC2=O,CCN(CC)C(=O)CCC(=O)OCn1ncc2c(=O)[nH]cnc21,-0.99
COC1=CC=C2C=C(C=CC2=C1)C(C)C(=O)OCC(=O)N(C)C,COc1ccc2cc(C(C)C(=O)OCC(=O)N(C)C)ccc2c1,-4.9
CO[P](=O)(OC)OC(=C\Cl)/C1=C(Cl)C=C(Cl)C(=C1)Cl,COP(=O)(OC)O/C(=C\Cl)c1cc(Cl)c(Cl)cc1Cl,-4.52
CO/N=C(C(=O)OC)/C1=C(COC2=C(C)C=CC=C2)C=CC=C1,CO/N=C(\C(=O)OC)c1ccccc1COc1ccccc1C,-5.19
OC1=CC(=C2C(=O)CC(OC2=C1)C3=CC=C(O)C(=C3)O)O,O=C1CC(c2ccc(O)c(O)c2)Oc2cc(O)cc(O)c21,-3.62
CCN1C=C(C(=O)OCOC(C)=O)C(=O)C2=C1N=C(C)C=C2,CCn1cc(C(=O)OCOC(C)=O)c(=O)c2ccc(C)nc21,-2.49
O=C1NC=NC2=C1C=N[N]2COC(=O)C3=CC=CC=C3,O=C(OCn1ncc2c(=O)[nH]cnc21)c1ccccc1,-4.05
CCCC(=O)OC[N]1C=C2C(=O)N(COC(=O)CCC)C=NC2=N1,CCCC(=O)OCn1cc2c(=O)n(COC(=O)CCC)cnc2n1,-3.55
CCN1C=C(C(=O)OCOC(=O)CC)C(=O)C2=C1N=C(C)C=C2,CCC(=O)OCOC(=O)c1cn(CC)c2nc(C)ccc2c1=O,-2.83
CCO[P](=S)(OCC)OC1=CC=C(C=C1)[S](C)(=O)=O,CCOP(=S)(OCC)Oc1ccc(S(C)(=O)=O)cc1,-3.58
CCN(CC)C(=O)COC(=O)C(C)C1=CC2=CC=C(OC)C=C2C=C1,CCN(CC)C(=O)COC(=O)C(C)c1ccc2cc(OC)ccc2c1,-4.46
COC1=CC=C2C=C(C=CC2=C1)C(C)C(=O)OCC(=O)N(C)CCO,COc1ccc2cc(C(C)C(=O)OCC(=O)N(C)CCO)ccc2c1,-3.39
CC(C)(C)C(=O)OC[N]1C=C2C(=O)N(COC(=O)C(C)(C)C)C=NC2=N1,CC(C)(C)C(=O)OCn1cc2c(=O)n(COC(=O)C(C)(C)C)cnc2n1,-3.91
ClC1=CC(=C(OC2=CC(=C(Cl)C(=C2)Cl)Cl)C=C1Cl)Cl,Clc1cc(Cl)c(Oc2cc(Cl)c(Cl)c(Cl)c2)cc1Cl,-8.72
CC(C)OC1=C(Cl)C=C(Cl)C(=C1)N2N=C(OC2=O)C(C)(C)C,CC(C)Oc1cc(-n2nc(C(C)(C)C)oc2=O)c(Cl)cc1Cl,-5.54
ClC1=CC=C(OC2=C(Cl)C(=C(Cl)C(=C2)Cl)Cl)C=C1Cl,Clc1ccc(Oc2cc(Cl)c(Cl)c(Cl)c2Cl)cc1Cl,-8.78
ClC1=CC(=C(OC2=CC(=C(Cl)C=C2Cl)Cl)C=C1Cl)Cl,Clc1cc(Cl)c(Oc2cc(Cl)c(Cl)cc2Cl)cc1Cl,-8.36
CC(C)(C)C(=O)OCN1C=NC2=C(C=N[N]2COC(=O)C(C)(C)C)C1=O,CC(C)(C)C(=O)OCn1cnc2c(cnn2COC(=O)C(C)(C)C)c1=O,-4.26
ClC1=C(Cl)C(=C(OC2=CC(=C(Cl)C=C2Cl)Cl)C=C1)Cl,Clc1cc(Cl)c(Oc2ccc(Cl)c(Cl)c2Cl)cc1Cl,-8.31
COC(=O)[N]1C2=C(C=CC=C2)N=C1C3=CSC=N3,COC(=O)n1c(-c2cscn2)nc2ccccc21,-3.11
ClC1=C(Cl)C(=C(OC2=CC=C(Cl)C(=C2Cl)Cl)C=C1)Cl,Clc1ccc(Oc2ccc(Cl)c(Cl)c2Cl)c(Cl)c1Cl,-8.14
CCCC(=O)OCOC(=O)C1=CN(CC)C2=C(C=CC(=N2)C)C1=O,CCCC(=O)OCOC(=O)c1cn(CC)c2nc(C)ccc2c1=O,-2.95
ClC1=CC=C(OC2=C(Cl)C(=C(Cl)C(=C2)Cl)Cl)C(=C1)Cl,Clc1ccc(Oc2cc(Cl)c(Cl)c(Cl)c2Cl)c(Cl)c1,-8.44
ClC1=CC(=C(OC2=C(Cl)C=C(Cl)C(=C2)Cl)C(=C1)Cl)Cl,Clc1cc(Cl)c(Oc2cc(Cl)c(Cl)cc2Cl)c(Cl)c1,-8.04
CCN1C=C(C(=O)OCOC(=O)C(C)C)C(=O)C2=C1N=C(C)C=C2,CCn1cc(C(=O)OCOC(=O)C(C)C)c(=O)c2ccc(C)nc21,-3.02
ClC1=CC(=C(OC2=C(Cl)C(=C(Cl)C=C2)Cl)C(=C1)Cl)Cl,Clc1cc(Cl)c(Oc2ccc(Cl)c(Cl)c2Cl)c(Cl)c1,-8.1
ClC1=CC=C(OC2=C(Cl)C(=C(Cl)C(=C2Cl)Cl)Cl)C=C1,Clc1ccc(Oc2c(Cl)c(Cl)c(Cl)c(Cl)c2Cl)cc1,-8.94
CC(OC1=CC=C(OC2=NC=C(Cl)C=C2F)C=C1)C(=O)OCC#C,C#CCOC(=O)C(C)Oc1ccc(Oc2ncc(Cl)cc2F)cc1,-5.15
CN1C(=O)C(O)N=C(C2=CC=CC=C2)C3=C1C=CC(=C3)Cl,CN1C(=O)C(O)N=C(c2ccccc2)c2cc(Cl)ccc21,-2.7
CN1CCN(CC1)C2=NC3=C(NC4=C2C=CC=C4)C=CC(=C3)Cl,CN1CCN(C2=Nc3cc(Cl)ccc3Nc3ccccc32)CC1,-4.64
CCOC(=O)[N]1C2=C(C=CC=C2)N=C1C3=CSC=N3,CCOC(=O)n1c(-c2cscn2)nc2ccccc21,-2.92
COC1=CC=C2C=C(C=CC2=C1)C(C)C(=O)OCC(=O)N(CCO)CCO,COc1ccc2cc(C(C)C(=O)OCC(=O)N(CCO)CCO)ccc2c1,-2.96
ClC1=CC2=C(C=C1)N(CC3CC3)C(=O)CN=C2C4=CC=CC=C4,O=C1CN=C(c2ccccc2)c2cc(Cl)ccc2N1CC1CC1,-4.91
CCN(CC)C(=O)COC(=O)C1=CN(CC)C2=C(C=CC(=N2)C)C1=O,CCN(CC)C(=O)COC(=O)c1cn(CC)c2nc(C)ccc2c1=O,-1.43
COC1=CC=C2C=C(C=CC2=C1)C(C)C(=O)OCC(=O)N(C)CC(N)=O,COc1ccc2cc(C(C)C(=O)OCC(=O)N(C)CC(N)=O)ccc2c1,-3.78
CCCOC(=O)[N]1C2=C(C=CC=C2)N=C1C3=CSC=N3,CCCOC(=O)n1c(-c2cscn2)nc2ccccc21,-3.52
OC1=C(C2CCCC3=CC=CC=C23)C(=O)OC4=CC=CC=C14,O=c1oc2ccccc2c(O)c1C1CCCc2ccccc21,-4.86
CCCCNC(=O)OC1=C(O)C(=CC(=C1)\C=C(C#N)/C(=O)N(CC)CC)[N+]([O-])=O,CCCCNC(=O)Oc1cc(/C=C(/C#N)C(=O)N(CC)CC)cc([N+](=O)[O-])c1O,-2.32
ClC1=C(Cl)C=C(OC2=C(Cl)C(=C(Cl)C(=C2)Cl)Cl)C(=C1)Cl,Clc1cc(Cl)c(Oc2cc(Cl)c(Cl)c(Cl)c2Cl)cc1Cl,-9.5
ClC1=CC=C(OC2=C(Cl)C(=C(Cl)C(=C2Cl)Cl)Cl)C=C1Cl,Clc1ccc(Oc2c(Cl)c(Cl)c(Cl)c(Cl)c2Cl)cc1Cl,-9.46
CCN(CC)C(=O)\C(=C/C1=CC(=C(O)C(=C1)[N+]([O-])=O)OC(=O)NC(C)(C)C)C#N,CCN(CC)C(=O)/C(C#N)=C\c1cc(OC(=O)NC(C)(C)C)c(O)c([N+](=O)[O-])c1,-3.53
ClC1=C(Cl)C=C(OC2=C(Cl)C(=CC(=C2Cl)Cl)Cl)C(=C1)Cl,Clc1cc(Cl)c(Oc2c(Cl)c(Cl)cc(Cl)c2Cl)cc1Cl,-9.05
ClC1=CC=C(OC2=C(Cl)C(=CC(=C2Cl)Cl)Cl)C(=C1Cl)Cl,Clc1ccc(Oc2c(Cl)c(Cl)cc(Cl)c2Cl)c(Cl)c1Cl,-9.09
ClC1=CC=C(Cl)C(=C1Cl)OC2=C(Cl)C(=C(Cl)C(=C2)Cl)Cl,Clc1cc(Oc2c(Cl)ccc(Cl)c2Cl)c(Cl)c(Cl)c1Cl,-8.89
CC(C)COC(=O)[N]1C2=C(C=CC=C2)N=C1C3=CSC=N3,CC(C)COC(=O)n1c(-c2cscn2)nc2ccccc21,-4.17
CO[P](=O)(OC1=C(Cl)C=C(Br)C(=C1)Cl)C2=CC=CC=C2,COP(=O)(Oc1cc(Cl)c(Br)cc1Cl)c1ccccc1,-4.99
ClC1=C(Cl)C=C(OC2=C(Cl)C(=C(Cl)C(=C2Cl)Cl)Cl)C(=C1)Cl,Clc1cc(Cl)c(Oc2c(Cl)c(Cl)c(Cl)c(Cl)c2Cl)cc1Cl,-10.1
ClC1=C(Cl)C(=C(OC2=C(Cl)C(=C(Cl)C(=C2Cl)Cl)Cl)C=C1)Cl,Clc1ccc(Oc2c(Cl)c(Cl)c(Cl)c(Cl)c2Cl)c(Cl)c1Cl,-10.6
ClC1=C(Cl)C(=C(Cl)C(=C1)Cl)OC2=C(Cl)C(=C(Cl)C(=C2)Cl)Cl,Clc1cc(Oc2c(Cl)c(Cl)cc(Cl)c2Cl)c(Cl)c(Cl)c1Cl,-10.1
CO\N=C(C)/C1=CC=CC(=C1C(=O)OC)OC2=NC(=CC(=N2)OC)OC,CO/N=C(/C)c1cccc(Oc2nc(OC)cc(OC)n2)c1C(=O)OC,-3.31
COC1=CC2=C([NH]C(=N2)[S](=O)CC3=C(C)C(=C(C)C=N3)OC)C=C1,COc1ccc2[nH]c([S+]([O-])Cc3ncc(C)c(OC)c3C)nc2c1,-4.28
CCOC(=O)C(C)OC1=CC=C(OC2=NC3=C(C=C(Cl)C=C3)N=C2)C=C1,CCOC(=O)C(C)Oc1ccc(Oc2cnc3cc(Cl)ccc3n2)cc1,-5.97
[NH]1C2=C(C=CC3=C2C=CC=C3)C4=C1C5=C(C=CC=C5)C=C4,c1ccc2c(c1)ccc1c3ccc4ccccc4c3[nH]c21,-7.41
NC1=NC2=C(N=C[N]2COCCOC(=O)C3=CC=C(CN4CCOCC4)C=C3)C(=O)N1,Nc1nc2c(ncn2COCCOC(=O)c2ccc(CN3CCOCC3)cc2)c(=O)[nH]1,-2.75
FC(F)C(F)(F)OC1=C(Cl)C=C(NC(=O)NC(=O)C2=C(F)C=CC=C2F)C=C1Cl,O=C(NC(=O)c1c(F)cccc1F)Nc1cc(Cl)c(OC(F)(F)C(F)F)c(Cl)c1,-5.82
OC1=C(Br)C=C(\C=N\OC2=C(C=C(C=C2)[N+]([O-])=O)[N+]([O-])=O)C=C1Br,O=[N+]([O-])c1ccc(O/N=C/c2cc(Br)c(O)c(Br)c2)c([N+](=O)[O-])c1,-5.19
CC1COC(C[N]2C=NC=N2)(O1)C3=C(Cl)C=C(OC4=CC=C(Cl)C=C4)C=C3,CC1COC(Cn2cncn2)(c2ccc(Oc3ccc(Cl)cc3)cc2Cl)O1,-4.91
O=C1C2=C(SC(=C(S2)C#N)C#N)C(=O)C3=C1C=CC=C3,N#Cc1sc2c(=O)c3ccccc3c(=O)c=2sc1C#N,-6.33
CC(C)N=C1C=C2N(C3=CC=C(Cl)C=C3)C4=C(C=CC=C4)N=C2C=C1NC5=CC=C(Cl)C=C5,CC(C)N=c1cc2n(-c3ccc(Cl)cc3)c3ccccc3nc-2cc1Nc1ccc(Cl)cc1,-6.24
CC(=O)OC1C(=O)C2(C)C(O)CC3OCC3(OC(C)=O)C2C(OC(=O)C4=CC=CC=C4)C5(O)CC(OC(=O)C(O)C(NC(=O)C6=CC=CC=C6)C7=CC=CC=C7)C(=C1C5(C)C)C,CC(=O)OC1C(=O)C2(C)C(O)CC3OCC3(OC(C)=O)C2C(OC(=O)c2ccccc2)C2(O)CC(OC(=O)C(O)C(NC(=O)c3ccccc3)c3ccccc3)C(C)=C1C2(C)C,-6.33
C1CCCNCC1,C1CCCNCC1,-0.49
CC(C)(C)C(C)(C)C,CC(C)(C)C(C)(C)C,-4.87
CC1CNC(C)CN1,CC1CNC(C)CN1,0.49
CCC(C)(N)C(O)=O,CCC(C)(N)C(=O)O,0.38
CCCC(=O)CCC,CCCC(=O)CCC,-1.48
OC1CC(O)C(O)C(O)C1O,OC1CC(O)C(O)C(O)C1O,-0.17
CCC(CO)NCCNC(CC)CO,CCC(CO)NCCNC(CC)CO,0.57
N[C]12C[CH]3[CH2]C([CH2][CH](C3)C1)C2,NC12CC3CC(CC(C3)C1)C2,-1.85
I\C=C\I,I/C=C/I,-3.22
CC(\C=N\O)=N/O,CC(/C=N/O)=N\O,-0.35
CCCC(N)C(O)=O,CCCC(N)C(=O)O,-0.11
C\C(Br)=C\C(O)=O,C/C(Br)=C/C(=O)O,-0.6
CCC(Br)(CC)C(N)=O,CCC(Br)(CC)C(N)=O,-1.44
CC(=N\O)\C(C)=N\O,CC(=N/O)/C(C)=N/O,-2.16
CC(CC(O)=O)C(O)=O,CC(CC(=O)O)C(=O)O,0.48
C\C(I)=C\C(O)=O,C/C(I)=C/C(=O)O,-1.16
CCCCCCCCCCCCCCC(O)=O,CCCCCCCCCCCCCCC(=O)O,-4.31
NCC(=O)NCC(O)=O,NCC(=O)NCC(=O)O,0.1
CC(CCC(O)=O)CC(O)=O,CC(CCC(=O)O)CC(=O)O,0.09
CN(C)C(=O)NC1CCCCCCC1,CN(C)C(=O)NC1CCCCCCC1,-2.26
OC1CC(=CC(O)C1O)C(O)=O,O=C(O)C1=CC(O)C(O)C(O)C1,0.01
CC12C3CCC(O3)C1(C)C(=O)OC2=O,CC12C(=O)OC(=O)C1(C)C1CCC2O1,-3.82
CCCCCCCCCCCCCCCCC(O)=O,CCCCCCCCCCCCCCCCC(=O)O,-4.69
OC(=O)\C=C\C=C\C(O)=O,O=C(O)/C=C/C=C/C(=O)O,-2.85
OC(C(O)=O)C(Cl)(Cl)Cl,O=C(O)C(O)C(Cl)(Cl)Cl,0.36
CCCCCCCCCCCCCCCCCC(O)=O,CCCCCCCCCCCCCCCCCC(=O)O,-4.98
O=C1CCC(=O)N1,O=C1CCC(=O)N1,0.39
CC(=O)OC1CC2CCC1(C)C2(C)C,CC(=O)OC1CC2CCC1(C)C2(C)C,-3.93
NC1CONC1=O,NC1CONC1=O,-0.01
OC(=O)/C(S)=C/C1CCCCC1,O=C(O)/C(S)=C/C1CCCCC1,-2.67
OC(=O)C1CCC(=CC1)C(O)=O,O=C(O)C1=CCC(C(=O)O)CC1,-2.93
OC(=O)CCCCCCCCCCCC(O)=O,O=C(O)CCCCCCCCCCCC(=O)O,-3.79
CC1=CC=CC=C1CO,Cc1ccccc1CO,-1.09
NC1=NC(=CC=C1)N,Nc1cccc(N)n1,-0.08
NC1=CC=CN=C1N,Nc1cccnc1N,-1.75
CCCCCCCCCCCCCCCCCC(=O)OC=C,C=COC(=O)CCCCCCCCCCCCCCCCC,-6.15
CC1=CNC(=O)N=C1N,Cc1c[nH]c(=O)nc1N,-1.44
CCC(CC=C)(C(=O)NC(N)=O)C(=O)OC,C=CCC(CC)(C(=O)NC(N)=O)C(=O)OC,-1.92
OCC(O)C(O)C(O)C(=O)CO,O=C(CO)C(O)C(O)C(O)CO,0.32
NC1=CNC(=O)NC1=O,Nc1c[nH]c(=O)[nH]c1=O,-2.41
N#CC1=C(C=CC=C1)C#N,N#Cc1ccccc1C#N,-2.38
CN(C)C(CSC(N)=O)CSC(N)=O,CN(C)C(CSC(N)=O)CSC(N)=O,-0.07
O=CC(=O)C1=CC=CC=C1,O=CC(=O)c1ccccc1,-0.74
OC(=O)C1=CC=C(Cl)O1,O=C(O)c1ccc(Cl)o1,-1.69
O=CC1=CC=CC=C1C=O,O=Cc1ccccc1C=O,-1.34
CCCCNC(=O)OCC(C)(CCC)COC(N)=O,CCCCNC(=O)OCC(C)(CCC)COC(N)=O,-2.74
OC(=O)CCCC1=CC=CC=C1,O=C(O)CCCc1ccccc1,-1.78
O=C1NC(=O)C2(CCCCCC2)C(=O)N1,O=C1NC(=O)C2(CCCCCC2)C(=O)N1,-2.98
NCCC1=CC(=C(O)C=C1)O,NCCc1ccc(O)c(O)c1,0.12
CCC(=O)NC1=CC=CC=C1,CCC(=O)Nc1ccccc1,-1.55
CCCC1(CC)C(=O)NC(=S)NC1=O,CCCC1(CC)C(=O)NC(=S)NC1=O,-2.8
CC12CCC3C(CCC4CC(=O)CCC34C)C1CC=C2,CC12C=CCC1C1CCC3CC(=O)CCC3(C)C1CC2,-6.07
CCCCC1(CC=C)C(=O)NC(=O)NC1=O,C=CCC1(CCCC)C(=O)NC(=O)NC1=O,-2.17
CC1=C(C)C=C(C=C1)C(O)=O,Cc1ccc(C(=O)O)cc1C,-3.16
CC1=CC(=C(C=C1)C(O)=O)C,Cc1ccc(C(=O)O)c(C)c1,-2.97
CC1=CC(=C(C)C=C1)C(O)=O,Cc1ccc(C)c(C(=O)O)c1,-2.92
CNC(=O)C1=CC=C(N)C=C1,CNC(=O)c1ccc(N)cc1,-1.24
OC1=CC=C(C=C1)N=C=S,Oc1ccc(N=C=S)cc1,-2.67
CCCCC1(CC)C(=O)NC(=S)NC1=O,CCCCC1(CC)C(=O)NC(=S)NC1=O,-3.14
OC1=CC=CC(=C1)N=C=S,Oc1cccc(N=C=S)c1,-1.99
CC12CCC3C(CCC4=CC(=O)CCC34)C1CCC2O,CC12CCC3C4CCC(=O)C=C4CCC3C1CCC2O,-3.02
CC1C(=O)NC(=O)NC1=O,CC1C(=O)NC(=O)NC1=O,-1.13
CC1NC(=O)C(C)NC1=O,CC1NC(=O)C(C)NC1=O,-0.75
CC(C)C1=CC2=CCC3C(C)(CCCC3(C)C(O)=O)C2CC1,CC(C)C1=CC2=CCC3C(C)(C(=O)O)CCCC3(C)C2CC1,-3.8
OC(=O)C(=O)C1=CC=CC=C1,O=C(O)C(=O)c1ccccc1,-0.37
CC12CCC(O)CC1CCC3C4CCC(=O)C4(C)CC(O)C23,CC12CC(O)C3C(CCC4CC(O)CCC43C)C1CCC2=O,-3.59
OC(=O)C1=CC(=CC=C1)C#N,N#Cc1cccc(C(=O)O)c1,-2.63
CNC(=O)NC(=O)C(C)(C(=O)OC)C1=CCCCC1,CNC(=O)NC(=O)C(C)(C(=O)OC)C1=CCCCC1,-2.68
CCCCCC1(CC)C(=O)NC(=S)NC1=O,CCCCCC1(CC)C(=O)NC(=S)NC1=O,-3.71
OCNC(=S)C1=CC=CC=C1,OCNC(=S)c1ccccc1,-1.14
OC(=O)CCCNC(=O)N[C]12C[CH]3[CH2]C([CH2][CH](C3)C1)C2,O=C(O)CCCNC(=O)NC12CC3CC(CC(C3)C1)C2,-1.6
CC1=CC=CC(=C1O)C(O)=O,Cc1cccc(C(=O)O)c1O,-2.04
CC1=CC=CC(=C1C(O)=O)O,Cc1cccc(O)c1C(=O)O,-2.04
CNC(=O)C(C)SCCS[P](=O)(OC)OC,CNC(=O)C(C)SCCSP(=O)(OC)OC,0.54
OC(=O)C1=C(Br)C=CO1,O=C(O)c1occc1Br,-1.17
CN(C)C1=C(C)N=C(Cl)N=C1,Cc1nc(Cl)ncc1N(C)C,-1.26
CCCCCCC1(CC)C(=O)NC(=S)NC1=O,CCCCCCC1(CC)C(=O)NC(=S)NC1=O,-4.08
O=C1NC(=O)C2(CCCCCCCCC2)C(=O)N1,O=C1NC(=O)C2(CCCCCCCCC2)C(=O)N1,-4.59
CC12CCC3C(CC=C4CC(CCC34C)OC=O)C1CCC2=O,CC12CCC3C(CC=C4CC(OC=O)CCC43C)C1CCC2=O,-4.41
OC(=O)C1=CC=C(O)C=C1O,O=C(O)c1ccc(O)cc1O,-1.41
CC(C)CC1NC(=O)CNC1=O,CC(C)CC1NC(=O)CNC1=O,-1.25
O[S](=O)(=O)C1=NC=C[NH]1,O=S(=O)(O)c1ncc[nH]1,-0.3
OC(=O)/C=C/C=C/C1=CC=CC=C1,O=C(O)/C=C/C=C/c1ccccc1,-3.64
CC12CCC(=O)CC1CCC3C4CCC(OC=O)C4(C)CCC23,CC12CCC(=O)CC1CCC1C2CCC2(C)C(OC=O)CCC12,-5.32
CCOC1=CC=C(C=C1)N=C=S,CCOc1ccc(N=C=S)cc1,-4.26
CNC(=O)NC(=O)C(C)(C(=O)OCOC)C1=CCCCC1,CNC(=O)NC(=O)C(C)(C(=O)OCOC)C1=CCCCC1,-2.42
COC1=CC=C(C=C1)C(=O)NCO,COc1ccc(C(=O)NCO)cc1,-1.22
OC(=O)/C=C(Cl)/C1=CC=CC=C1,O=C(O)/C=C(\Cl)c1ccccc1,-2.77
COC1=CC=CC(=C1)C(=O)NCO,COc1cccc(C(=O)NCO)c1,-1.29
CCCCCCC1=CC=C(C=C1)C(O)=O,CCCCCCc1ccc(C(=O)O)cc1,-3.65
CC1=NC2=C([NH]1)C=NC=N2,Cc1nc2ncncc2[nH]1,-0.41
BrC1=CC=C(C=C1)N=C=S,S=C=Nc1ccc(Br)cc1,-4.27
CN1C(=O)C23CC4=CC=CC(O)C4N2C(=O)C1(CO)SS3,CN1C(=O)C23CC4=CC=CC(O)C4N2C(=O)C1(CO)SS3,-3.67
CC12CCC3C(CCC4=CC(=O)CCC34C)C1CCC2OC=O,CC12CCC(=O)C=C1CCC1C2CCC2(C)C(OC=O)CCC12,-4.93
CC(=O)C1=CC=C(C=C1)N=C=S,CC(=O)c1ccc(N=C=S)cc1,-4.02
NC1=NC2=C([NH]1)N=CN=C2,Nc1nc2cncnc2[nH]1,-2.43
OC(=O)/C(S)=C/C1=CC=CC=C1,O=C(O)/C(S)=C/c1ccccc1,-2.96
OC(=O)C(S)CC1=CC=CC=C1,O=C(O)C(S)Cc1ccccc1,-1.56
OC(=O)CCCOC1=CC=C(Cl)C=C1,O=C(O)CCCOc1ccc(Cl)cc1,-3.29
OC(=O)C1=CC=CN=C1C(O)=O,O=C(O)c1cccnc1C(=O)O,-1.48
O=C(NCN1CCCCC1)C2=CC=CC=C2,O=C(NCN1CCCCC1)c1ccccc1,-2.15
CC(=O)OC1=CC=C(C=C1)C(C)=O,CC(=O)Oc1ccc(C(C)=O)cc1,-1.52
CC(=O)OC1=CC=C(C=C1)C(N)=O,CC(=O)Oc1ccc(C(N)=O)cc1,-1.64
CC(=O)N1C=C(F)C(=O)NC1=O,CC(=O)n1cc(F)c(=O)[nH]c1=O,-0.6
[O-][N+](=O)C1=CC=CC(=C1)N=C=S,O=[N+]([O-])c1cccc(N=C=S)c1,-3.55
NCCC1=C[NH]C2=C1C=CC=C2,NCCc1c[nH]c2ccccc12,-3.3
CC(CCC(O)=O)C1CCC2C3CCC4CC(O)CCC4(C)C3CCC12C,CC(CCC(=O)O)C1CCC2C3CCC4CC(O)CCC4(C)C3CCC12C,-7.34
CC(=O)N1C(=O)NC=C(F)C1=O,CC(=O)n1c(=O)[nH]cc(F)c1=O,-0.6
CC(CCC(O)=O)C1CCC2C3C(O)CC4CCCCC4(C)C3CCC12C,CC(CCC(=O)O)C1CCC2C3C(O)CC4CCCCC4(C)C3CCC12C,-6.46
S=C=NC1=CC=CC(=C1)N=C=S,S=C=Nc1cccc(N=C=S)c1,-4.7
CC(=O)OC1CCC2(C)C3CCC4(C)C(CCC4=O)C3CC=C2C1,CC(=O)OC1CCC2(C)C(=CCC3C4CCC(=O)C4(C)CCC32)C1,-4.53
OC1=CC=CC(=C1)NN=C(C#N)C#N,N#CC(C#N)=NNc1cccc(O)c1,-2.95
COC1=NC2=C([NH]C=N2)C=N1,COc1ncc2[nH]cnc2n1,-1.48
CCC1=CC(=CC(=C1)OC(=O)NC)CC,CCc1cc(CC)cc(OC(=O)NC)c1,-3.32
CCOC(=O)C1=CC(=C(O)C=C1)OC,CCOC(=O)c1ccc(O)c(OC)c1,-1.72
CC(=O)NC1=CC=CC(=C1)N=C=S,CC(=O)Nc1cccc(N=C=S)c1,-3.53
COC1=NC=NC2=C1[NH]C=N2,COc1ncnc2nc[nH]c12,-1.53
OCC1=NC2=C([NH]1)C=NC=N2,OCc1nc2ncncc2[nH]1,-1.52
COC(=O)C1=CC=C(NC(C)=O)C=C1,COC(=O)c1ccc(NC(C)=O)cc1,-1.9
CC1=NC2=C(C=NC=N2)N=C1,Cc1cnc2cncnc2n1,-0.01
CC(C)NC1=NC(=NC(=O)N1)NC(C)C,CC(C)Nc1nc(NC(C)C)[nH]c(=O)n1,-2.81
ClC1=CC=C(NN=C(C#N)C#N)C=C1,N#CC(C#N)=NNc1ccc(Cl)cc1,-4.36
CC(=O)OC1CCC2C3CCC4CC(=O)CCC4(C)C3CCC12C,CC(=O)OC1CCC2C3CCC4CC(=O)CCC4(C)C3CCC12C,-5.35
OC(=O)CC(C(CC(O)=O)C(O)=O)C(O)=O,O=C(O)CC(C(=O)O)C(CC(=O)O)C(=O)O,-0.18
OC(=O)C1=CC=C(O)C(=C1)C(O)=O,O=C(O)c1ccc(O)c(C(=O)O)c1,-1.78
COC(=O)C1=CC=C(OC(C)=O)C=C1,COC(=O)c1ccc(OC(C)=O)cc1,-2.5
CCC(=O)OC1CCC2(C)C3CCC4(C)C(CCC4=O)C3CC=C2C1,CCC(=O)OC1CCC2(C)C(=CCC3C4CCC(=O)C4(C)CCC32)C1,-4.69
NC1=NC2=C(C=NC=N2)N=C1,Nc1cnc2cncnc2n1,-2.31
NC1=NC2=C(N=CN=C2)N=C1,Nc1cnc2ncncc2n1,-2.34
CCCC(=O)NNC(=O)C1=CC=NC=C1,CCCC(=O)NNC(=O)c1ccncc1,-0.32
CC(=O)OC1=CC=C(NC(N)=O)C=C1,CC(=O)Oc1ccc(NC(N)=O)cc1,-2.49
OC(=O)C1=C(O)C(=CC=C1)C(O)=O,O=C(O)c1cccc(C(=O)O)c1O,-2.11
NC1=NC2=C(N=C[NH]2)C(=N1)N,Nc1nc(N)c2nc[nH]c2n1,-1.8
CCNC1=NC(=NC(=O)N1)N(CC)CC,CCNc1nc(N(CC)CC)nc(=O)[nH]1,-3.64
IC1=CC=CC(=C1)N=C=S,S=C=Nc1cccc(I)c1,-4.68
NC1=NC=NC2=C1N=CC=N2,Nc1ncnc2nccnc12,-2.31
CC1CCC2(OC1)OC3CC4C5CC=C6CC(O)CCC6(C)C5CCC4(C)C3C2C,CC1CCC2(OC1)OC1CC3C4CC=C5CC(O)CCC5(C)C4CCC3(C)C1C2C,-7.32
O=C1NC2=C(C=NC=N2)N=C1,O=c1cnc2cncnc2[nH]1,-2.12
O=C1NC2=C(N=CN=C2)N=C1,O=c1cnc2ncncc2[nH]1,-2.71
O=C1NC2=C(C=N1)N=CC=N2,O=c1ncc2nccnc2[nH]1,-2.0
OC(=O)C1=CC=CC(=C1C(O)=O)O,O=C(O)c1cccc(O)c1C(=O)O,-2.11
CCOC(=O)C1=CC=C(C=C1)N=C=S,CCOC(=O)c1ccc(N=C=S)cc1,-4.05
CCCNC1=NC(=NC(=N1)Cl)NC(C)C,CCCNc1nc(Cl)nc(NC(C)C)n1,-3.74
NC1=NC(=O)NC2=C1N=C[NH]2,Nc1nc(=O)[nH]c2[nH]cnc12,-3.38
O=C1NC2=C(N1)C=NC(=O)N2,O=c1ncc2[nH]c(=O)[nH]c2[nH]1,-3.6
O=C1NC2=C(N1)C(=O)NC=N2,O=c1[nH]c2nc[nH]c(=O)c2[nH]1,-2.96
CC(=O)OC(C(O)=O)C1=CC=CC=C1,CC(=O)OC(C(=O)O)c1ccccc1,-1.23
OC(=O)COC1=C(Cl)C=CC(=C1)Cl,O=C(O)COc1cc(Cl)ccc1Cl,-2.62
OC(=O)COC1=C(Cl)C=CC=C1Cl,O=C(O)COc1c(Cl)cccc1Cl,-2.15
CN(C)C1=NC=NC2=C1N=C[NH]2,CN(C)c1ncnc2[nH]cnc12,-1.3
CCCCC(=O)NNC(=O)C1=CC=NC=C1,CCCCC(=O)NNC(=O)c1ccncc1,-1.01
CCCC(=O)N1C(=O)NC=C(F)C1=O,CCCC(=O)n1c(=O)[nH]cc(F)c1=O,-1.28
CCC(=O)OC1=CC=C(NC(C)=O)C=C1,CCC(=O)Oc1ccc(NC(C)=O)cc1,-2.72
CC1=CC=C(C=C1)[S](=O)(=O)NN,Cc1ccc(S(=O)(=O)NN)cc1,-1.48
CCC(=O)NC1=NC(=C(Cl)S1)C,CCC(=O)Nc1nc(C)c(Cl)s1,-3.06
CC(CCC(O)=O)C1CCC2C3C(O)C(O)C4CC(O)CCC4(C)C3CCC12C,CC(CCC(=O)O)C1CCC2C3C(O)C(O)C4CC(O)CCC4(C)C3CCC12C,-4.35
ClC1=NC2=C(C=N1)N=CC=N2,Clc1ncc2nccnc2n1,-0.71
CCCC(=O)OC1CCC2C3CCC4=CC(=O)CCC4C3CCC12C,CCCC(=O)OC1CCC2C3CCC4=CC(=O)CCC4C3CCC12C,-5.91
CCCCC(=O)OC1CCC2(C)C3CCC4(C)C(CCC4=O)C3CC=C2C1,CCCCC(=O)OC1CCC2(C)C(=CCC3C4CCC(=O)C4(C)CCC32)C1,-4.76
CNC(=S)N(C)C1=C(C)C=C(Cl)C=C1,CNC(=S)N(C)c1ccc(Cl)cc1C,-3.66
O[S](=O)(=O)C1=CC=C(C=C1)[N+]#N,N#[N+]c1ccc(S(=O)(=O)O)cc1,-2.42
CC1=C(CCCO1)C(=O)NC2=CC=CC=C2,CC1=C(C(=O)Nc2ccccc2)CCCO1,-2.56
COC(=O)OC1=CC=C(NC(C)=O)C=C1,COC(=O)Oc1ccc(NC(C)=O)cc1,-1.69
CC1=C(C=C(N)C=C1)[S](O)(=O)=O,Cc1ccc(N)cc1S(=O)(=O)O,-1.62
CCCOC(=O)C1=CC=C(NC(C)=O)C=C1,CCCOC(=O)c1ccc(NC(C)=O)cc1,-3.29
CCC(=O)OCN1C(=O)NC=C(F)C1=O,CCC(=O)OCn1c(=O)[nH]cc(F)c1=O,-0.77
COC1=NC2=C(N=CN=C2)N=C1,COc1cnc2ncncc2n1,-1.14
COC1=NC2=C(C=NC=N2)N=C1,COc1cnc2cncnc2n1,-0.91
CCCCCC(=O)NNC(=O)C1=CC=NC=C1,CCCCCC(=O)NNC(=O)c1ccncc1,-1.24
COC(=O)C(N)CC1=CC(=C(O)C=C1)O,COC(=O)C(N)Cc1ccc(O)c(O)c1,0.48
CC1=NC2=C(N=CN=C2)N=C1C,Cc1nc2cncnc2nc1C,-0.46
S=C1NC2=C(C=NC=N2)N=C1,S=c1cnc2cncnc2[nH]1,-2.71
S=C1NC2=C(C=N1)N=CC=N2,S=c1ncc2nccnc2[nH]1,-2.68
C[N+](C)(C)C(CC1=CN=C(S)[NH]1)C([O-])=O,C[N+](C)(C)C(Cc1cnc(S)[nH]1)C(=O)[O-],-0.46
CCCNC(=O)N1C=C(F)C(=O)NC1=O,CCCNC(=O)n1cc(F)c(=O)[nH]c1=O,-1.83
CCCCC(=O)N1C(=O)NC=C(F)C1=O,CCCCC(=O)n1c(=O)[nH]cc(F)c1=O,-2.3
OCC1OC(C(O)C1O)N2C=CC(=O)CC2=O,O=C1C=CN(C2OC(CO)C(O)C2O)C(=O)C1,-0.77
CCCC(=O)OC1=CC=C(NC(C)=O)C=C1,CCCC(=O)Oc1ccc(NC(C)=O)cc1,-2.83
CN1C(=O)C=NC2=C1N=CN=C2,Cn1c(=O)cnc2cncnc21,-0.92
CC(=O)OC1(C)CCC2C3CCC4=CC(=O)CCC4(C)C3CCC12C,CC(=O)OC1(C)CCC2C3CCC4=CC(=O)CCC4(C)C3CCC21C,-5.28
CN1C=NC2=C(N=CC=N2)C1=O,Cn1cnc2nccnc2c1=O,-1.07
OCC1OC(OCC2OC(OC3(CO)OC(CO)C(O)C3O)C(O)C(O)C2O)C(O)C(O)C1O,OCC1OC(OCC2OC(OC3(CO)OC(CO)C(O)C3O)C(O)C(O)C2O)C(O)C(O)C1O,0.3
NC1=NC2=C(N=C[NH]2)C(=S)N1,Nc1nc2[nH]cnc2c(=S)[nH]1,-3.31
CCOC(=O)OCOC1=CC=C(NC(C)=O)C=C1,CCOC(=O)OCOc1ccc(NC(C)=O)cc1,-2.43
CC12CC(=O)C3C(CCC4=CC(=O)CCC34C)C1CCC2=O,CC12CC(=O)C3C(CCC4=CC(=O)CCC43C)C1CCC2=O,-3.48
CC(C)(C)C(=O)OC1(CCC2C3CCC4=CC(=O)CCC4C3CCC12C)C#C,C#CC1(OC(=O)C(C)(C)C)CCC2C3CCC4=CC(=O)CCC4C3CCC21C,-7.16
CC(C)(C)C(=O)OC1=C(C=CC=C1)C(O)=O,CC(C)(C)C(=O)Oc1ccccc1C(=O)O,-3.01
CCCCCCC(=O)NNC(=O)C1=CC=NC=C1,CCCCCCC(=O)NNC(=O)c1ccncc1,-2.1
NC1=NC2=C([NH]1)N=C(N)N=C2N,Nc1nc(N)c2nc(N)[nH]c2n1,-1.52
CC1=NC2=C(N=C1)C(=O)NC=N2,Cc1cnc2c(=O)[nH]cnc2n1,-1.56
CCCCOC(=O)C1=CC=C(NC(C)=O)C=C1,CCCCOC(=O)c1ccc(NC(C)=O)cc1,-3.46
CC1=NC2=C(N=CNC2=O)N=C1,Cc1cnc2nc[nH]c(=O)c2n1,-1.65
NC1=NC2=C(N=CC=N2)C(=N1)N,Nc1nc(N)c2nccnc2n1,-2.69
CCCC(=O)OC1CCC2C3CCC4=CC(=O)CCC4(C)C3CCC12C,CCCC(=O)OC1CCC2C3CCC4=CC(=O)CCC4(C)C3CCC12C,-5.93
CCCC(=O)OCN1C(=O)NC=C(F)C1=O,CCCC(=O)OCn1c(=O)[nH]cc(F)c1=O,-1.13
CC(=O)C1=CC=C(NN=C(C#N)C#N)C=C1,CC(=O)c1ccc(NN=C(C#N)C#N)cc1,-2.71
NC1=NC(=O)NC2=C1N=CC=N2,Nc1nc(=O)[nH]c2nccnc12,-3.36
NC1=NC(=O)C2=C(N1)N=CC=N2,Nc1nc(=O)c2nccnc2[nH]1,-3.97
O=C1NC2=C(NC1=O)N=CN=C2,O=c1[nH]c2cncnc2[nH]c1=O,-2.69
CC(=O)OC1=CC=C(C=C1)\C=N\NC(N)=O,CC(=O)Oc1ccc(/C=N/NC(N)=O)cc1,-2.84
O=C1NC2=C(N=C1)C(=O)NC=N2,O=c1cnc2c(=O)[nH]cnc2[nH]1,-2.82
CN(C)C1=NC2=C(C=NC=N2)N=C1,CN(C)c1cnc2cncnc2n1,-0.09
O=C1NC2=C(N=CNC2=O)N=C1,O=c1cnc2nc[nH]c(=O)c2[nH]1,-2.96
CCCCCCCC(=O)NNC(=O)C1=CC=NC=C1,CCCCCCCC(=O)NNC(=O)c1ccncc1,-2.91
CCCCC(=O)OC1CCC2C3CCC4=CC(=O)CCC4(C)C3CCC12C,CCCCC(=O)OC1CCC2C3CCC4=CC(=O)CCC4(C)C3CCC12C,-6.19
CCCCN(CC)C1=NC(=NC(=N1)N=[N+]=[N-])N,CCCCN(CC)c1nc(N)nc(N=[N+]=[N-])n1,-3.52
[O-][N+](=O)C1=CC=C(N2CC2)C(=C1)[N+]([O-])=O,O=[N+]([O-])c1ccc(N2CC2)c([N+](=O)[O-])c1,-3.0
CCCOC(=O)OC1=CC=C(NC(C)=O)C=C1,CCCOC(=O)Oc1ccc(NC(C)=O)cc1,-2.57
CCCCC(=O)OCN1C(=O)NC=C(F)C1=O,CCCCC(=O)OCn1c(=O)[nH]cc(F)c1=O,-1.66
CSC1=NC(=NC(=N1)N=[N]#N)NC(C)C,CSc1nc(N=[N+]=[N-])nc(NC(C)C)n1,-3.48
CSC1=NC2=C(C=NC=N2)N=C1,CSc1cnc2cncnc2n1,-1.55
OC(=O)COC1=CC(=C(Cl)C(=C1)Cl)Cl,O=C(O)COc1cc(Cl)c(Cl)c(Cl)c1,-2.94
CCCCCC(=O)OC1=CC=C(NC(C)=O)C=C1,CCCCCC(=O)Oc1ccc(NC(C)=O)cc1,-4.14
CCCCCCCCC(=O)NNC(=O)C1=CC=NC=C1,CCCCCCCCC(=O)NNC(=O)c1ccncc1,-3.52
CCC(CC)C(=O)OC1=C(C=CC=C1)C(O)=O,CCC(CC)C(=O)Oc1ccccc1C(=O)O,-1.84
OC(=O)COC1=C(Cl)C(=CC(=C1)Cl)Cl,O=C(O)COc1cc(Cl)cc(Cl)c1Cl,-3.0
CN1CCCCC1C(=O)NC2=C(C)C=CC=C2C,Cc1cccc(C)c1NC(=O)C1CCCCN1C,-1.99
O=C(COC(=O)C1=CC=CC=C1)NC2CCCCC2,O=C(COC(=O)c1ccccc1)NC1CCCCC1,-3.9
[O-][N+](=O)C1=C(NN=C(C#N)C#N)C=CC=C1,N#CC(C#N)=NNc1ccccc1[N+](=O)[O-],-3.93
CC12CCC3C(=CCC4=C3C=CC(=C4)O)C1CCC2O,CC12CCC3C(=CCc4cc(O)ccc43)C1CCC2O,-4.4
O=C(C1=CC=CC=C1)C2=NC=CC=C2,O=C(c1ccccc1)c1ccccn1,-2.02
CCCCCC(=O)OCN1C(=O)NC=C(F)C1=O,CCCCCC(=O)OCn1c(=O)[nH]cc(F)c1=O,-2.11
CCCC(=N\OCC)/C1=C(O)CC(CC1=O)C2CCCSC2,CCC/C(=N\OCC)C1=C(O)CC(C2CCCSC2)CC1=O,-3.58
CCCCOC(=O)OC1=CC=C(NC(C)=O)C=C1,CCCCOC(=O)Oc1ccc(NC(C)=O)cc1,-3.37
CC(=O)OC1=CC2=C(C=CC=C2)C=C1,CC(=O)Oc1ccc2ccccc2c1,-3.44
CCCCCCCCC(=O)OC1CCC2C3CCC4=CC(=O)CCC4C3CCC12C,CCCCCCCCC(=O)OC1CCC2C3CCC4=CC(=O)CCC4C3CCC12C,-5.72
CCN(CC)C(=O)C(C)OC(=O)C1=CC=CC=C1,CCN(CC)C(=O)C(C)OC(=O)c1ccccc1,-2.28
CCC1(CCC(=O)N(CO)C1=O)C2=CC=CC=C2,CCC1(c2ccccc2)CCC(=O)N(CO)C1=O,-1.66
CCCCCCCCCC(=O)NNC(=O)C1=CC=NC=C1,CCCCCCCCCC(=O)NNC(=O)c1ccncc1,-4.17
CC1=CC=C(OC2=CC=C(C)C=C2)C=C1,Cc1ccc(Oc2ccc(C)cc2)cc1,-4.85
COCCOC(=O)OC1=CC=C(NC(C)=O)C=C1,COCCOC(=O)Oc1ccc(NC(C)=O)cc1,-1.69
OCN1C(=O)OC2=CC=C(Cl)C=C12,O=c1oc2ccc(Cl)cc2n1CO,-2.7
CC(=O)[N]1N=CC2=C1N=CNC2=O,CC(=O)n1ncc2c(=O)[nH]cnc21,-2.38
ClC1=CC(=CC(=C1)C2(CO2)CC(Cl)(Cl)Cl)Cl,Clc1cc(Cl)cc(C2(CC(Cl)(Cl)Cl)CO2)c1,-5.25
CC1=NC2=C(N=C1C)C(=O)NC=N2,Cc1nc2nc[nH]c(=O)c2nc1C,-2.29
CC12CCC(=O)C=C1C=CC3C2CCC4(C)C3CCC4(O)CCC(O)=O,CC12CCC(=O)C=C1C=CC1C2CCC2(C)C1CCC2(O)CCC(=O)O,-5.17
CC(=O)OC1=CC2=C(NC(=O)C2)C=C1,CC(=O)Oc1ccc2c(c1)CC(=O)N2,-1.54
CCC1=NC2=C(N=CN=C2)N=C1CC,CCc1nc2cncnc2nc1CC,-0.18
NC(=N)NC(=O)C1=NC(=C(N)N=C1N)Cl,N=C(N)NC(=O)c1nc(Cl)c(N)nc1N,-2.87
CCN(CC)CCOC(=O)C1=CC=C(NC(C)=O)C=C1,CCN(CC)CCOC(=O)c1ccc(NC(C)=O)cc1,-1.65
ClCC(=O)C1=CC=C(NN=C(C#N)C#N)C=C1,N#CC(C#N)=NNc1ccc(C(=O)CCl)cc1,-3.19
CCCCCOC(=O)C(N)CC1=CC(=C(O)C=C1)O,CCCCCOC(=O)C(N)Cc1ccc(O)c(O)c1,-0.99
CCC(CC)(C(=O)NC(N)=O)C(=O)OCC1=CC=CC=C1,CCC(CC)(C(=O)NC(N)=O)C(=O)OCc1ccccc1,-3.66
CCCCCCCC(=O)OC1=CC=C(NC(C)=O)C=C1,CCCCCCCC(=O)Oc1ccc(NC(C)=O)cc1,-4.44
CN(C1CCCCC1)C(=O)COC(=O)C2=CC=CC=C2,CN(C(=O)COC(=O)c1ccccc1)C1CCCCC1,-3.29
NC1=NC(=O)C2=C(N1)N=CC(=O)N2,Nc1nc(=O)c2[nH]c(=O)cnc2[nH]1,-3.86
O=C1NC(=O)C2=C(N1)NC(=O)C=N2,O=c1cnc2c(=O)[nH]c(=O)[nH]c2[nH]1,-3.34
CCC1CCCCN1C(=O)COC(=O)C2=CC=CC=C2,CCC1CCCCN1C(=O)COC(=O)c1ccccc1,-2.72
CCCCCCCC(=O)OCN1C(=O)NC=C(F)C1=O,CCCCCCCC(=O)OCn1c(=O)[nH]cc(F)c1=O,-3.29
O=C1NC=NC2=C1NC(=O)C(=O)N2,O=c1[nH]c2nc[nH]c(=O)c2[nH]c1=O,-3.69
CC12CCC3C(=CCC4=C3C=CC(=C4)O)C1CCC2=O,CC12CCC3C(=CCc4cc(O)ccc43)C1CCC2=O,-4.99
CCC(C(=O)NC(N)=O)(C(=O)OC)C1=CC=CC=C1,CCC(C(=O)NC(N)=O)(C(=O)OC)c1ccccc1,-2.75
COCC(C)OC(=O)OC1=CC=C(NC(C)=O)C=C1,COCC(C)OC(=O)Oc1ccc(NC(C)=O)cc1,-2.48
CCCCCCOC(=O)OC1=CC=C(NC(C)=O)C=C1,CCCCCCOC(=O)Oc1ccc(NC(C)=O)cc1,-4.32
OCN1C=NC2=C(C=N[N]2CO)C1=O,O=c1c2cnn(CO)c2ncn1CO,-1.72
CCC(=O)[N]1N=CC2=C1N=CNC2=O,CCC(=O)n1ncc2c(=O)[nH]cnc21,-2.81
CC(C)CN(CC(C)C)C(=O)COC(=O)C1=CC=CC=C1,CC(C)CN(CC(C)C)C(=O)COC(=O)c1ccccc1,-3.56
CCCCCCC(=O)OC1(CCC2C3CCC4=CC(=O)CCC4C3CCC12C)C#C,C#CC1(OC(=O)CCCCCC)CCC2C3CCC4=CC(=O)CCC4C3CCC21C,-6.89
CC(=O)C1=CC=C(OC2OC(CO)C(O)C(O)C2O)C=C1,CC(=O)c1ccc(OC2OC(CO)C(O)C(O)C2O)cc1,-1.17
C[N]1C=NC2=C1C(=NC(=O)N2)NCCO,Cn1cnc2[nH]c(=O)nc(NCCO)c21,0.08
CNC(=O)N(C)C1=NN=C(S1)C(C)(C)CCl,CNC(=O)N(C)c1nnc(C(C)(C)CCl)s1,-2.47
CC(O)CN(CC(C)O)C(=O)COC(=O)C1=CC=CC=C1,CC(O)CN(CC(C)O)C(=O)COC(=O)c1ccccc1,-1.18
CCCCCCCCCC(=O)OC1=CC=C(NC(C)=O)C=C1,CCCCCCCCCC(=O)Oc1ccc(NC(C)=O)cc1,-4.53
CCC1(C(=O)NC(=S)NC1=O)C2=CC=CC=C2,CCC1(c2ccccc2)C(=O)NC(=S)NC1=O,-3.58
S=C=NC1=CC=C(C=C1)C2=CC=CC=C2,S=C=Nc1ccc(-c2ccccc2)cc1,-4.85
NC1=CC(=C(C=C1)C(O)=O)[S](O)(=O)=O,Nc1ccc(C(=O)O)c(S(=O)(=O)O)c1,-1.86
NC(CC1=CC(=C(O)C=C1)O)C(=O)OC2CCCCC2,NC(Cc1ccc(O)c(O)c1)C(=O)OC1CCCCC1,-1.27
C1CC2=CC=C3CCCC4=CC=C(C1)C2=C34,c1cc2c3c(ccc4c3c1CCC4)CCC2,-5.96
OC(=O)COC1=C(Cl)C(=C(Cl)C=C1Cl)Cl,O=C(O)COc1c(Cl)cc(Cl)c(Cl)c1Cl,-3.41
CCCC(=O)[N]1N=CC2=C1N=CNC2=O,CCCC(=O)n1ncc2c(=O)[nH]cnc21,-3.27
CCC1=NC2=C(N=C(N)N=C2)N=C1CC,CCc1nc2cnc(N)nc2nc1CC,-3.04
OC(=O)CC1=CC=C(C=C1)C2=CC=CC=C2,O=C(O)Cc1ccc(-c2ccccc2)cc1,-3.73
CCC1=NC2=C(N=C1CC)C(=NC=N2)N,CCc1nc2ncnc(N)c2nc1CC,-2.93
CCN(CC)[S](=O)(=O)C1=CC=C(N)C=C1,CCN(CC)S(=O)(=O)c1ccc(N)cc1,-2.63
CC(=O)OC1=CC=C(C=C1)C2=CC=CC=C2,CC(=O)Oc1ccc(-c2ccccc2)cc1,-4.4
CC(C)(C)NC(=O)C1CCC2C3CC=C4C=C(CCC4(C)C3CCC12C)C(O)=O,CC(C)(C)NC(=O)C1CCC2C3CC=C4C=C(C(=O)O)CCC4(C)C3CCC12C,-8.76
CC1(C)SC2C(N=CN3CCCCCC3)C(=O)N2C1C(O)=O,CC1(C)SC2C(N=CN3CCCCCC3)C(=O)N2C1C(=O)O,-4.5
OCC1OC(CC1O)N2C=C(C(=O)NC2=O)C(F)(F)F,O=c1[nH]c(=O)n(C2CC(O)C(CO)O2)cc1C(F)(F)F,-0.71
CN1C(=O)N(C)C2=C([N](CO)C=N2)C1=O,Cn1c(=O)c2c(ncn2CO)n(C)c1=O,-0.41
CCC1(C(=O)NC(=O)N(CO)C1=O)C2=CC=CC=C2,CCC1(c2ccccc2)C(=O)NC(=O)N(CO)C1=O,-1.6
CC(=O)OCSC1=NC=NC2=C1N=C[NH]2,CC(=O)OCSc1ncnc2[nH]cnc12,-2.15
O=C1NC(=O)C2=C(N1)NC(=O)C(=O)N2,O=c1[nH]c(=O)c2[nH]c(=O)c(=O)[nH]c2[nH]1,-4.06
CNC(/NCCSCC1=CC=C(CN(C)C)O1)=C/[N+]([O-])=O,CN/C(=C/[N+](=O)[O-])NCCSCc1ccc(CN(C)C)o1,-2.5
CC12CC(=O)C3C(CCC4=CC(=O)C=CC34C)C1CCC2(O)C(=O)CO,CC12C=CC(=O)C=C1CCC1C2C(=O)CC2(C)C1CCC2(O)C(=O)CO,-3.48
OC1CCN2C(=O)C3=C(C=CC=C3)N=C12,O=c1c2ccccc2nc2n1CCC2O,-2.1
CCC[N]1C=NC2=C1C(=O)N(C)C(=O)N2C,CCCn1cnc2c1c(=O)n(C)c(=O)n2C,0.02
CCC1=C(NC(=O)N1)C(=O)C2=CC=NC=C2,CCc1[nH]c(=O)[nH]c1C(=O)c1ccncc1,-1.99
CC(=O)NC(CC1=CC=C(OC(C)=O)C=C1)C(N)=O,CC(=O)NC(Cc1ccc(OC(C)=O)cc1)C(N)=O,-1.9
CC1=NC=C([N]1CCO[P](O)(O)=O)[N+]([O-])=O,Cc1ncc([N+](=O)[O-])n1CCOP(=O)(O)O,-1.38
CC#CC1=NC(=NC(=C1)C)NC2=CC=CC=C2,CC#Cc1cc(C)nc(Nc2ccccc2)n1,-4.6
CCC(=O)OCSC1=NC=NC2=C1N=C[NH]2,CCC(=O)OCSc1ncnc2[nH]cnc12,-2.39
CC1(C)SC2C(NC(=O)C3(N)CCCCC3)C(=O)N2C1C(O)=O,CC1(C)SC2C(NC(=O)C3(N)CCCCC3)C(=O)N2C1C(=O)O,-1.04
CC1=CC=CC(=C1)NC2=CC=CC=C2C(O)=O,Cc1cccc(Nc2ccccc2C(=O)O)c1,-5.06
CCC1=NC2=C(N=C1CC)C(=NC(=O)N2)N,CCc1nc2[nH]c(=O)nc(N)c2nc1CC,-3.55
CCC1=NC2=C(N=C1CC)C(=O)NC(=N2)N,CCc1nc2nc(N)[nH]c(=O)c2nc1CC,-4.28
CCC1=NC2=C(N=C1CC)C(=O)NC(=O)N2,CCc1nc2[nH]c(=O)[nH]c(=O)c2nc1CC,-2.39
CCCC(=O)OCSC1=NC=NC2=C1N=C[NH]2,CCCC(=O)OCSc1ncnc2[nH]cnc12,-2.69
COC1=C(OC2OC(CO)C(O)C(O)C2O)C=CC(=C1)\C=C\CO,COc1cc(/C=C/CO)ccc1OC1OC(CO)C(O)C(O)C1O,-1.87
NC1=CC=CC(=C1)NC2=CC=CC=C2C(O)=O,Nc1cccc(Nc2ccccc2C(=O)O)c1,-4.09
OC(=O)COC1=C(Cl)C(=C(Cl)C(=C1Cl)Cl)Cl,O=C(O)COc1c(Cl)c(Cl)c(Cl)c(Cl)c1Cl,-3.75
ClC1=CC2=C(C(=CC=C2Cl)Cl)C(=C1)Cl,Clc1cc(Cl)c2c(Cl)ccc(Cl)c2c1,-7.51
CCCCCCC(C(C)O)[N]1C=NC2=C1N=CN=C2N,CCCCCCC(C(C)O)n1cnc2c(N)ncnc21,-2.25
COCC1(C)OC(=O)N(C1=O)C2=CC(=CC(=C2)Cl)Cl,COCC1(C)OC(=O)N(c2cc(Cl)cc(Cl)c2)C1=O,-4.66
NC(=O)C1=C[N](CC2=C(F)C=CC=C2F)N=N1,NC(=O)c1cn(Cc2c(F)cccc2F)nn1,-3.5
OC(=O)C1=CC=CC=C1NC2=CC(=CC=C2)O,O=C(O)c1ccccc1Nc1cccc(O)c1,-3.54
COC(=O)C1CCCN1C(=O)COC(=O)C2=CC=CC=C2,COC(=O)C1CCCN1C(=O)COC(=O)c1ccccc1,-2.08
OC(=O)C1=C(Cl)C=CC2=C1N=CC(=C2)Cl,O=C(O)c1c(Cl)ccc2cc(Cl)cnc12,-3.57
[NH]1C2=C(N=CN=C2)N=C1C3=CC=CC=C3,c1ccc(-c2nc3ncncc3[nH]2)cc1,-3.06
O=C(NNC(=O)C1=CC=NC=C1)C2=CC=CC=C2,O=C(NNC(=O)c1ccncc1)c1ccccc1,-2.54
OC1=C(C(=C(C=C1[N+]([O-])=O)[N+]([O-])=O)O)[N+]([O-])=O,O=[N+]([O-])c1cc([N+](=O)[O-])c(O)c([N+](=O)[O-])c1O,-3.51
BrC1=C(C=CC2=CC=CC=C12)N=C=S,S=C=Nc1ccc2ccccc2c1Br,-4.32
CC(=O)NC1=CC=C(C=C1)[S](=O)(=O)NC(C)=O,CC(=O)Nc1ccc(S(=O)(=O)NC(C)=O)cc1,-2.78
FCCOC(=O)CC1=CC=C(C=C1)C2=CC=CC=C2,O=C(Cc1ccc(-c2ccccc2)cc1)OCCF,-5.01
CC(COC1=CC=CC=C1)NC(C)C(O)C2=CC=C(O)C=C2,CC(COc1ccccc1)NC(C)C(O)c1ccc(O)cc1,-1.53
O=C(COC(=O)C1=CC=CC=C1)N(C2CCCCC2)C3CCCCC3,O=C(OCC(=O)N(C1CCCCC1)C1CCCCC1)c1ccccc1,-5.06
CN1C(=O)N(C)C2=C([N](C=N2)C(C)=O)C1=O,CC(=O)n1cnc2c1c(=O)n(C)c(=O)n2C,-1.4
S=C(NNC1=CC=CC=C1)N=NC2=CC=CC=C2,S=C(N=Nc1ccccc1)NNc1ccccc1,-6.61
CCCCC(=O)OCSC1=NC=NC2=C1N=C[NH]2,CCCCC(=O)OCSc1ncnc2[nH]cnc12,-3.1
O=C(C1=CC=CC=C1)C2=CC=CC(=C2)N=C=S,O=C(c1ccccc1)c1cccc(N=C=S)c1,-5.4
OC(=O)C1=CC=CC=C1NC2=CC(=CC=C2)Cl,O=C(O)c1ccccc1Nc1cccc(Cl)c1,-5.3
CC1=C(CC(O)=O)SC2=C1C=CC(=C2)Cl,Cc1c(CC(=O)O)sc2cc(Cl)ccc12,-3.84
O=C(CC1=CC=CC=C1)NNC(=O)C2=CC=NC=C2,O=C(Cc1ccccc1)NNC(=O)c1ccncc1,-2.47
NC1=CC2=C(C=C1)C=CC(=C2)[S](O)(=O)=O,Nc1ccc2ccc(S(=O)(=O)O)cc2c1,-3.05
CC1=NC(=C(S1)C(=O)NC2=CC=CC=C2)C,Cc1nc(C)c(C(=O)Nc2ccccc2)s1,-1.73
ClC1=CC=C(OC2=C(Cl)C=CC=C2Cl)C=C1,Clc1ccc(Oc2c(Cl)cccc2Cl)cc1,-5.91
CCCCCC(=O)OCSC1=NC=NC2=C1N=C[NH]2,CCCCCC(=O)OCSc1ncnc2[nH]cnc12,-3.63
NC1=CC=CC2=C1C=CC(=C2)[S](O)(=O)=O,Nc1cccc2cc(S(=O)(=O)O)ccc12,-2.24
COC1=CC=CC(=C1)NC2=CC=CC=C2C(O)=O,COc1cccc(Nc2ccccc2C(=O)O)c1,-4.8
ClC1=CC(=C(OC2=CC=CC=C2)C(=C1)Cl)Cl,Clc1cc(Cl)c(Oc2ccccc2)c(Cl)c1,-6.11
COC1=CC=C2C3CC4=C5C(=C(OC)C=C4)OC1C25CCN3C,COC1=CC=C2C3Cc4ccc(OC)c5c4C2(CCN3C)C1O5,-2.66
NC1=CC(=CC2=C1C=CC=C2)[S](O)(=O)=O,Nc1cc(S(=O)(=O)O)cc2ccccc12,-2.34
ClC1=CC=C(Cl)C(=C1Cl)OC2=CC=CC=C2,Clc1ccc(Cl)c(Oc2ccccc2)c1Cl,-5.95
COC1=C(O)C2=C(CC3C4C=CC(=O)CC24CCN3C)C=C1,COc1ccc2c(c1O)C13CCN(C)C(C2)C1C=CC(=O)C3,-1.87
CC1=C(C=CC=C1)C(=O)NNC(=O)C2=CC=NC=C2,Cc1ccccc1C(=O)NNC(=O)c1ccncc1,-2.73
CCN1CCN2C(=O)C3=C(C=CC=C3)N=C2C1C,CCN1CCn2c(nc3ccccc3c2=O)C1C,-2.5
CCC(C)C1=C(OC(C)=O)C(=CC(=C1)[N+]([O-])=O)[N+]([O-])=O,CCC(C)c1cc([N+](=O)[O-])cc([N+](=O)[O-])c1OC(C)=O,-2.25
CCC(=O)[N]1C=NC2=C1C(=O)N(C)C(=O)N2C,CCC(=O)n1cnc2c1c(=O)n(C)c(=O)n2C,-1.1
C1CN=C(CN(CC2=CC=CC=C2)C3=CC=CC=C3)N1,c1ccc(CN(CC2=NCCN2)c2ccccc2)cc1,-2.6
NC1=CC2=C(C=C1)C(=CC=C2)[S](O)(=O)=O,Nc1ccc2c(S(=O)(=O)O)cccc2c1,-2.75
CC12CCC3=C(C=CC4=C3C=CC(=C4)O)C1CCC2O,CC12CCc3c(ccc4cc(O)ccc34)C1CCC2O,-4.64
CC(N(O)C(N)=O)C1=CC2=C(S1)C=CC=C2,CC(c1cc2ccccc2s1)N(O)C(N)=O,-3.37
NC1=CC=CC2=C1C=CC=C2[S](O)(=O)=O,Nc1cccc2c(S(=O)(=O)O)cccc12,-2.35
NC1=CC=C(C2=C1C=CC=C2)[S](O)(=O)=O,Nc1ccc(S(=O)(=O)O)c2ccccc12,-2.91
O=C1COC2(CCN(CCC3=C[NH]C4=C3C=CC=C4)CC2)CN1,O=C1COC2(CCN(CCc3c[nH]c4ccccc34)CC2)CN1,-2.99
CCNC(=O)C1=CC(=C(C=C1[N+]([O-])=O)[N+]([O-])=O)N2CC2,CCNC(=O)c1cc(N2CC2)c([N+](=O)[O-])cc1[N+](=O)[O-],-3.13
CSC(=O)C1(OC(C)=O)C(C)CC2C3CCC4=CC(=O)C=CC4(C)C3(F)C(O)CC12C,CSC(=O)C1(OC(C)=O)C(C)CC2C3CCC4=CC(=O)C=CC4(C)C3(F)C(O)CC21C,-6.22
CC(=O)OC1=CC=C(NC(=O)C2=CC=CC=C2)C=C1,CC(=O)Oc1ccc(NC(=O)c2ccccc2)cc1,-4.14
CC1CN(C)C(C)C2=NC3=C(C=CC=C3)C(=O)N12,CC1c2nc3ccccc3c(=O)n2C(C)CN1C,-2.09
NC1=CC=CC2=C1C(=CC=C2)[S](O)(=O)=O,Nc1cccc2cccc(S(=O)(=O)O)c12,-3.07
OC(=O)C1=CC(=O)C2=C(O1)C=C3CCCCC3=C2,O=C(O)c1cc(=O)c2cc3c(cc2o1)CCCC3,-1.05
O=C(OC1=CC=CC(=C1)N=C=S)C2=CC=CC=C2,O=C(Oc1cccc(N=C=S)c1)c1ccccc1,-4.85
COC(=O)[N]1C=NC2=C1C(=O)N(C)C(=O)N2C,COC(=O)n1cnc2c1c(=O)n(C)c(=O)n2C,-1.24
CC(C)CC1=CC=C(C=C1)C(C)C(=O)OCC(=O)N(C)CC(N)=O,CC(C)Cc1ccc(C(C)C(=O)OCC(=O)N(C)CC(N)=O)cc1,-3.41
CN1C(=O)N(C)C2=C([N](COC(C)=O)C=N2)C1=O,CC(=O)OCn1cnc2c1c(=O)n(C)c(=O)n2C,-1.83
CCN(CC1=CC=NC=C1)C(=O)C(CO)C2=CC=CC=C2,CCN(Cc1ccncc1)C(=O)C(CO)c1ccccc1,-1.7
O=C(OC1=CC=CC(=C1)N=C=S)C2=CC=CN=C2,O=C(Oc1cccc(N=C=S)c1)c1cccnc1,-4.3
CCCCCCCC(=O)OCSC1=NC=NC2=C1N=C[NH]2,CCCCCCCC(=O)OCSc1ncnc2[nH]cnc12,-4.62
CCCN1CCN2C(=O)C3=C(C=CC=C3)N=C2C1C,CCCN1CCn2c(nc3ccccc3c2=O)C1C,-2.31
CC(CN1CC(=O)NC(=O)C1)N2CC(=O)NC(=O)C2,CC(CN1CC(=O)NC(=O)C1)N1CC(=O)NC(=O)C1,-1.27
CCCC(=O)[N]1C=NC2=C1C(=O)N(C)C(=O)N2C,CCCC(=O)n1cnc2c1c(=O)n(C)c(=O)n2C,-1.53
CC(=O)OCC(=O)C1(O)CCC2C3CCC4=CC(=O)C=CC4(C)C3C(=O)CC12C,CC(=O)OCC(=O)C1(O)CCC2C3CCC4=CC(=O)C=CC4(C)C3C(=O)CC21C,-4.24
CCCNC(=O)C1=CC(=C(C=C1[N+]([O-])=O)[N+]([O-])=O)N2CC2,CCCNC(=O)c1cc(N2CC2)c([N+](=O)[O-])cc1[N+](=O)[O-],-3.89
CC12CCC3=C(C=CC4=C3C=CC(=C4)O)C1CCC2=O,CC12CCc3c(ccc4cc(O)ccc34)C1CCC2=O,-4.96
CC1=C(N2C(SC1)C(NC(=O)C(N)C3=CCC=CC3)C2=O)C(O)=O,CC1=C(C(=O)O)N2C(=O)C(NC(=O)C(N)C3=CCC=CC3)C2SC1,-1.22
CCOC(=O)OC[N]1C=NC2=C1C(=O)N(C)C(=O)N2C,CCOC(=O)OCn1cnc2c1c(=O)n(C)c(=O)n2C,-1.86
CC(C)NC(=O)C1=CC(=C(C=C1[N+]([O-])=O)[N+]([O-])=O)N2CC2,CC(C)NC(=O)c1cc(N2CC2)c([N+](=O)[O-])cc1[N+](=O)[O-],-3.5
ClC1=CC(=C(Cl)C(=C1)Cl)C2=CC=CC=C2Cl,Clc1cc(Cl)c(Cl)c(-c2ccccc2Cl)c1,-6.23
CCOC(=O)[N]1C=NC2=C1C(=O)N(C)C(=O)N2C,CCOC(=O)n1cnc2c1c(=O)n(C)c(=O)n2C,-1.65
CCN1CC(C)N2C(=O)C3=C(C=CC=C3)N=C2C1C,CCN1CC(C)n2c(nc3ccccc3c2=O)C1C,-2.46
CC(=O)OC1=CC=C(NC(=O)NC2=CC=CC=C2)C=C1,CC(=O)Oc1ccc(NC(=O)Nc2ccccc2)cc1,-4.44
CCC(=O)OC[N]1C=NC2=C1C(=O)N(C)C(=O)N2C,CCC(=O)OCn1cnc2c1c(=O)n(C)c(=O)n2C,-2.3
OCN1C(=O)CN(/N=C/C2=CC=C(O2)[N+]([O-])=O)C1=O,O=C1CN(/N=C/c2ccc([N+](=O)[O-])o2)C(=O)N1CO,-2.91
CC(=O)C1=CC=CC(=C1)NC2=CC=CC=C2C(O)=O,CC(=O)c1cccc(Nc2ccccc2C(=O)O)c1,-4.86
ClC1=CC=CC(=C1Cl)C2=C(Cl)C=CC=C2Cl,Clc1cccc(-c2c(Cl)cccc2Cl)c1Cl,-6.3
OCCN1C=CC(=O)C(=C1C(O)C2=CC=CC=C2)O,O=c1ccn(CCO)c(C(O)c2ccccc2)c1O,-2.82
ClC1=C(Cl)C=C(OC2=CC=C(Cl)C(=C2)Cl)C=C1,Clc1ccc(Oc2ccc(Cl)c(Cl)c2)cc1Cl,-6.98
CCC1=CC=CC2=C1[NH]C3=C2CCOC3(CC)CC(O)=O,CCc1cccc2c3c([nH]c12)C(CC)(CC(=O)O)OCC3,-3.31
C[S](=O)(=O)NC1=NN=C(S1)[S](N)(=O)=O,CS(=O)(=O)Nc1nnc(S(N)(=O)=O)s1,-1.68
CNC1CCC(C2=CC(=C(Cl)C=C2)Cl)C3=C1C=CC=C3,CNC1CCC(c2ccc(Cl)c(Cl)c2)c2ccccc21,-5.23
N#CC(=NNC1=CC=C(C=C1)N=NC2=CC=CC=C2)C#N,N#CC(C#N)=NNc1ccc(N=Nc2ccccc2)cc1,-4.92
ClC1=CC=C(OC2=CC(=C(Cl)C(=C2)Cl)Cl)C=C1,Clc1ccc(Oc2cc(Cl)c(Cl)c(Cl)c2)cc1,-7.35
ClC1=CC(=CC(=C1)OC2=CC=C(Cl)C(=C2)Cl)Cl,Clc1cc(Cl)cc(Oc2ccc(Cl)c(Cl)c2)c1,-7.32
CCCCC(=O)[N]1C=NC2=C1C(=O)N(C)C(=O)N2C,CCCCC(=O)n1cnc2c1c(=O)n(C)c(=O)n2C,-2.12
NC(CC1=CC(=C(O)C=C1)O)C(=O)OCC2=CC=CC=C2,NC(Cc1ccc(O)c(O)c1)C(=O)OCc1ccccc1,-1.81
ClC1=CC=C(OC2=CC(=C(Cl)C=C2)Cl)C(=C1)Cl,Clc1ccc(Oc2ccc(Cl)c(Cl)c2)c(Cl)c1,-7.0
ClC1=CC=C(OC2=CC(=C(Cl)C=C2Cl)Cl)C=C1,Clc1ccc(Oc2cc(Cl)c(Cl)cc2Cl)cc1,-7.04
[O-][N+](=O)C1=C(Cl)C2=C(C=CC=C2)C(=C1)[N+]([O-])=O,O=[N+]([O-])c1cc([N+](=O)[O-])c2ccccc2c1Cl,-5.4
CC(C)CNC(=O)C1=CC(=C(C=C1[N+]([O-])=O)[N+]([O-])=O)N2CC2,CC(C)CNC(=O)c1cc(N2CC2)c([N+](=O)[O-])cc1[N+](=O)[O-],-3.85
ClC1=CC=C(OC2=CC(=CC(=C2)Cl)Cl)C(=C1)Cl,Clc1cc(Cl)cc(Oc2ccc(Cl)cc2Cl)c1,-7.14
ClC1=CC=C(Cl)C(=C1)OC2=CC=C(Cl)C(=C2)Cl,Clc1ccc(Cl)c(Oc2ccc(Cl)c(Cl)c2)c1,-7.07
ClC1=CC=C(OC2=CC=C(Cl)C(=C2Cl)Cl)C=C1,Clc1ccc(Oc2ccc(Cl)c(Cl)c2Cl)cc1,-7.01
CCC(=O)OCC1OC(CC1O)N2C=C(I)C(=O)NC2=O,CCC(=O)OCC1OC(n2cc(I)c(=O)[nH]c2=O)CC1O,-2.46
ClC1=CC=C(OC2=CC(=CC(=C2Cl)Cl)Cl)C=C1,Clc1ccc(Oc2cc(Cl)cc(Cl)c2Cl)cc1,-7.14
ClC1=C(Cl)C=C(OC2=CC=CC(=C2Cl)Cl)C=C1,Clc1ccc(Oc2cccc(Cl)c2Cl)cc1Cl,-6.9
CN1C(=O)N(C)C2=C([N](COC(=O)C(C)(C)C)C=N2)C1=O,Cn1c(=O)c2c(ncn2COC(=O)C(C)(C)C)n(C)c1=O,-2.17
ClC1=CC=CC(=C1)OC2=CC(=C(Cl)C=C2Cl)Cl,Clc1cccc(Oc2cc(Cl)c(Cl)cc2Cl)c1,-7.27
ClC1=CC=C(OC2=C(Cl)C=C(Cl)C=C2Cl)C=C1,Clc1ccc(Oc2c(Cl)cc(Cl)cc2Cl)cc1,-6.83
OC(=O)C1=CC=CC=C1NC2=CC(=CC=C2)[N+]([O-])=O,O=C(O)c1ccccc1Nc1cccc([N+](=O)[O-])c1,-6.43
ClC1=CC=CC(=C1)OC2=CC=C(Cl)C(=C2Cl)Cl,Clc1cccc(Oc2ccc(Cl)c(Cl)c2Cl)c1,-7.09
ClC1=CC=C(OC2=C(Cl)C=CC(=C2)Cl)C(=C1)Cl,Clc1ccc(Oc2cc(Cl)ccc2Cl)c(Cl)c1,-6.77
CCCOC(=O)[N]1C=NC2=C1C(=O)N(C)C(=O)N2C,CCCOC(=O)n1cnc2c1c(=O)n(C)c(=O)n2C,-1.45
ClC1=C(Cl)C=C(OC2=C(Cl)C=CC=C2Cl)C=C1,Clc1ccc(Oc2c(Cl)cccc2Cl)cc1Cl,-6.56
ClC1=CC(=C(OC2=CC=CC(=C2Cl)Cl)C=C1)Cl,Clc1ccc(Oc2cccc(Cl)c2Cl)c(Cl)c1,-6.65
CCCN1CC(C)N2C(=O)C3=C(C=CC=C3)N=C2C1C,CCCN1CC(C)n2c(nc3ccccc3c2=O)C1C,-2.24
ClC1=CC=C(OC2=C(Cl)C=CC(=C2Cl)Cl)C=C1,Clc1ccc(Oc2c(Cl)ccc(Cl)c2Cl)cc1,-6.64
CC(C)(C)NC(=O)C1=CC(=C(C=C1[N+]([O-])=O)[N+]([O-])=O)N2CC2,CC(C)(C)NC(=O)c1cc(N2CC2)c([N+](=O)[O-])cc1[N+](=O)[O-],-3.17
CCCC(=O)OC[N]1C=NC2=C1C(=O)N(C)C(=O)N2C,CCCC(=O)OCn1cnc2c1c(=O)n(C)c(=O)n2C,-1.86
ClC1=C(OC2=CC(=C(Cl)C=C2Cl)Cl)C=CC=C1,Clc1cc(Cl)c(Oc2ccccc2Cl)cc1Cl,-7.0
NC(CC1=CC(=C(O)C(=C1)I)I)C(O)=O,NC(Cc1cc(I)c(O)c(I)c1)C(=O)O,-2.86
ClC1=CC=C(OC2=C(Cl)C=CC=C2)C(=C1Cl)Cl,Clc1ccccc1Oc1ccc(Cl)c(Cl)c1Cl,-6.74
CC1CN(CCO1)[S](=O)(=O)NC(=O)NCC2CC3CC2C=C3,CC1CN(S(=O)(=O)NC(=O)NCC2CC3C=CC2C3)CCO1,-2.26
ClC1=C(Cl)C(=C(Cl)C(=C1)OC2=CC=CC=C2)Cl,Clc1cc(Oc2ccccc2)c(Cl)c(Cl)c1Cl,-7.52
CCN(CC)C(=O)C1=CC(=C(C=C1[N+]([O-])=O)[N+]([O-])=O)N2CC2,CCN(CC)C(=O)c1cc(N2CC2)c([N+](=O)[O-])cc1[N+](=O)[O-],-2.59
OC1C(O)C(O)C2C(NC(=O)C3=C(O)C4=C(OCO4)C=C23)C1O,O=C1NC2C(O)C(O)C(O)C(O)C2c2cc3c(c(O)c21)OCO3,-3.8
ClC1=C(Cl)C(=C(OC2=CC=CC=C2)C(=C1)Cl)Cl,Clc1cc(Cl)c(Oc2ccccc2)c(Cl)c1Cl,-7.06
CC1CCC2=CC(=CC3=C2N1C=C(C(O)=O)C3=O)F,CC1CCc2cc(F)cc3c(=O)c(C(=O)O)cn1c23,-3.74
ClC1=C(Cl)C(=C(Cl)C(=C1)Cl)OC2=CC=CC=C2,Clc1cc(Cl)c(Cl)c(Oc2ccccc2)c1Cl,-7.02
CCCCOC(=O)[N]1C=NC2=C1C(=O)N(C)C(=O)N2C,CCCCOC(=O)n1cnc2c1c(=O)n(C)c(=O)n2C,-1.93
CCCCC(=O)OC[N]1C=NC2=C1C(=O)N(C)C(=O)N2C,CCCCC(=O)OCn1cnc2c1c(=O)n(C)c(=O)n2C,-2.37
CN(CC(=O)NC1=NN=C(S1)[S](N)(=O)=O)C(N)=N,CN(CC(=O)Nc1nnc(S(N)(=O)=O)s1)C(=N)N,-1.14
OC(=O)CCC(=O)OCN1C(=O)OC2=CC=C(Cl)C=C12,O=C(O)CCC(=O)OCn1c(=O)oc2ccc(Cl)cc21,-3.41
C=CC1CN2CCC1CC2C(=O)C3=CC=NC4=C3C=CC=C4,C=CC1CN2CCC1CC2C(=O)c1ccnc2ccccc12,-3.19
[O-][N+](=O)C1=C(C=C(C(=O)N2CCCCC2)C(=C1)[N+]([O-])=O)N3CC3,O=C(c1cc(N2CC2)c([N+](=O)[O-])cc1[N+](=O)[O-])N1CCCCC1,-3.17
CC1=C2C=CC3=C(C=CC=C3)C2=CC4=C1CCCC4,Cc1c2c(cc3c1ccc1ccccc13)CCCC2,-6.75
CCCCCC(=O)OC[N]1C=NC2=C1C(=O)N(C)C(=O)N2C,CCCCCC(=O)OCn1cnc2c1c(=O)n(C)c(=O)n2C,-2.64
CC(=O)OCSC1=NC=NC2=C1N=C[N]2COC(C)=O,CC(=O)OCSc1ncnc2c1ncn2COC(C)=O,-2.54
[O-][N+](=O)C1=C(C=C(C(=O)N2CCOCC2)C(=C1)[N+]([O-])=O)N3CC3,O=C(c1cc(N2CC2)c([N+](=O)[O-])cc1[N+](=O)[O-])N1CCOCC1,-2.89
CN1N=C(SC1=N[S](C)(=O)=O)[S](N)(=O)=O,Cn1nc(S(N)(=O)=O)sc1=NS(C)(=O)=O,-2.05
ClC1=CC(=C(Cl)C(=C1)C2=C(Cl)C(=CC=C2)Cl)Cl,Clc1cc(Cl)c(Cl)c(-c2cccc(Cl)c2Cl)c1,-6.96
CCCN1C(=O)N(CCC)C2=C([NH]C(=N2)C3CCCC3)C1=O,CCCn1c(=O)c2[nH]c(C3CCCC3)nc2n(CCC)c1=O,-4.96
CC1=CC=C(C=C1)C(=O)C2=CC(=C(O)C(=C2)O)[N+]([O-])=O,Cc1ccc(C(=O)c2cc(O)c(O)c([N+](=O)[O-])c2)cc1,-4.17
CC1=C(C)C(=NO1)N[S](=O)(=O)C2=CC=C(N)C=C2,Cc1onc(NS(=O)(=O)c2ccc(N)cc2)c1C,-2.19
CCCC1=C2CCCCC2=CC3=C1OC(=CC3=O)C(O)=O,CCCc1c2c(cc3c(=O)cc(C(=O)O)oc13)CCCC2,-1.9
OCN1C(=O)NC(C1=O)(C2=CC=CC=C2)C3=CC=CC=C3,O=C1NC(c2ccccc2)(c2ccccc2)C(=O)N1CO,-3.3
CCCCCCOC(=O)[N]1C=NC2=C1C(=O)N(C)C(=O)N2C,CCCCCCOC(=O)n1cnc2c1c(=O)n(C)c(=O)n2C,-3.0
ClC1=CC=C(OC2=CC(=C(Cl)C(=C2)Cl)Cl)C=C1Cl,Clc1ccc(Oc2cc(Cl)c(Cl)c(Cl)c2)cc1Cl,-8.25
CC12CCC3C(CCC4=CC(=O)CCC34)C1CCC2(OC(=O)C5=CC=CC=C5)C#C,C#CC1(OC(=O)c2ccccc2)CCC2C3CCC4=CC(=O)CCC4C3CCC21C,-7.75
ClC1=CC=C(OC2=C(Cl)C=C(Cl)C(=C2)Cl)C=C1Cl,Clc1ccc(Oc2cc(Cl)c(Cl)cc2Cl)cc1Cl,-7.83
CC1CC2C3CCC(O)(C(=O)COC(=O)CCC(O)=O)C3(C)CC(O)C2C4(C)C=CC(=O)C=C14,CC1CC2C(C(O)CC3(C)C2CCC3(O)C(=O)COC(=O)CCC(=O)O)C2(C)C=CC(=O)C=C12,-4.2
ClC1=CC=C(OC2=CC(=C(Cl)C(=C2)Cl)Cl)C(=C1)Cl,Clc1ccc(Oc2cc(Cl)c(Cl)c(Cl)c2)c(Cl)c1,-7.89
O=C1NC=NC2=C1C=N[N]2C(=O)C3=CC=CC=C3,O=C(c1ccccc1)n1ncc2c(=O)[nH]cnc21,-4.23
ClC1=CC=C(C=C1)C(C2=C(Cl)C=CC=C2)C(Cl)(Cl)Cl,Clc1ccc(C(c2ccccc2Cl)C(Cl)(Cl)Cl)cc1,-7.13
ClC1=CC(=CC(=C1)Cl)OC2=C(Cl)C=C(Cl)C(=C2)Cl,Clc1cc(Cl)cc(Oc2cc(Cl)c(Cl)cc2Cl)c1,-8.06
ClC1=CC(=C(Cl)C(=C1)Cl)OC2=CC=C(Cl)C(=C2)Cl,Clc1cc(Cl)c(Cl)c(Oc2ccc(Cl)c(Cl)c2)c1,-7.83
ClC1=CC=C(OC2=C(Cl)C=C(Cl)C(=C2)Cl)C(=C1)Cl,Clc1ccc(Oc2cc(Cl)c(Cl)cc2Cl)c(Cl)c1,-7.61
ClC1=CC(=CC(=C1)Cl)OC2=C(Cl)C(=C(Cl)C=C2)Cl,Clc1cc(Cl)cc(Oc2ccc(Cl)c(Cl)c2Cl)c1,-7.86
ClC1=CC=C(OC2=C(Cl)C(=C(Cl)C(=C2)Cl)Cl)C=C1,Clc1ccc(Oc2cc(Cl)c(Cl)c(Cl)c2Cl)cc1,-8.06
ClC1=CC(=C(OC2=CC=C(Cl)C(=C2)Cl)C(=C1)Cl)Cl,Clc1cc(Cl)c(Oc2ccc(Cl)c(Cl)c2)c(Cl)c1,-7.62
NC1=CC=C(C=C1)[S](=O)(=O)NC2=NC(=O)NC=C2,Nc1ccc(S(=O)(=O)Nc2cc[nH]c(=O)n2)cc1,-3.55
ClC1=CC=C(OC2=C(Cl)C(=C(Cl)C=C2)Cl)C(=C1)Cl,Clc1ccc(Oc2ccc(Cl)c(Cl)c2Cl)c(Cl)c1,-7.44
ClC1=CC=C(Cl)C(=C1)OC2=C(Cl)C=C(Cl)C(=C2)Cl,Clc1ccc(Cl)c(Oc2cc(Cl)c(Cl)cc2Cl)c1,-7.56
ClC1=CC=C(OC2=C(Cl)C(=CC(=C2)Cl)Cl)C(=C1)Cl,Clc1ccc(Oc2cc(Cl)cc(Cl)c2Cl)c(Cl)c1,-7.64
ClC1=CC=C(OC2=C(Cl)C(=CC=C2Cl)Cl)C=C1Cl,Clc1ccc(Oc2c(Cl)ccc(Cl)c2Cl)cc1Cl,-7.35
ClC1=CC=C(OC2=C(Cl)C(=C(Cl)C=C2Cl)Cl)C=C1,Clc1ccc(Oc2c(Cl)cc(Cl)c(Cl)c2Cl)cc1,-7.77
CCCCCCCC(=O)OC[N]1C=NC2=C1C(=O)N(C)C(=O)N2C,CCCCCCCC(=O)OCn1cnc2c1c(=O)n(C)c(=O)n2C,-3.45
ClC1=CC=C(OC2=C(Cl)C=C(Cl)C=C2Cl)C(=C1)Cl,Clc1ccc(Oc2c(Cl)cc(Cl)cc2Cl)c(Cl)c1,-7.33
ClC1=C(Cl)C(=CC=C1)OC2=C(Cl)C=C(Cl)C(=C2)Cl,Clc1cc(Cl)c(Oc2cccc(Cl)c2Cl)cc1Cl,-7.48
ClC1=CC=C(Cl)C(=C1)OC2=C(Cl)C(=C(Cl)C=C2)Cl,Clc1ccc(Cl)c(Oc2ccc(Cl)c(Cl)c2Cl)c1,-7.7
NC(=N)C1=CC(=CC=C1)NC(=O)NC2=CC(=CC=C2)C(N)=N,N=C(N)c1cccc(NC(=O)Nc2cccc(C(=N)N)c2)c1,-1.77
ClC1=C(Cl)C(=CC=C1)OC2=C(Cl)C(=C(Cl)C=C2)Cl,Clc1cccc(Oc2ccc(Cl)c(Cl)c2Cl)c1Cl,-7.38
ClC1=CC=C(OC2=C(Cl)C(=CC(=C2Cl)Cl)Cl)C=C1,Clc1ccc(Oc2c(Cl)c(Cl)cc(Cl)c2Cl)cc1,-7.76
ClC1=CC=C(C=C1)N2N=NC3C4CC(C5N=NC45)C23,Clc1ccc(N2N=NC3C4CC(C5N=NC45)C32)cc1,-4.87
ClC1=CC=C(OC2=C(Cl)C(=CC=C2Cl)Cl)C(=C1)Cl,Clc1ccc(Oc2c(Cl)ccc(Cl)c2Cl)c(Cl)c1,-7.24
ClC1=CC=CC(=C1OC2=C(Cl)C=C(Cl)C(=C2)Cl)Cl,Clc1cc(Cl)c(Oc2c(Cl)cccc2Cl)cc1Cl,-7.12
ClC1=C(Cl)C(=C(OC2=C(Cl)C=CC=C2Cl)C=C1)Cl,Clc1ccc(Oc2c(Cl)cccc2Cl)c(Cl)c1Cl,-7.23
COC1=CC=C2C=C(C=CC2=C1)C(C)C(=O)OCCOC(=O)CN,COc1ccc2cc(C(C)C(=O)OCCOC(=O)CN)ccc2c1,-1.98
CN(C)[S](=O)(=O)NC1=NN=C(S1)[S](N)(=O)=O,CN(C)S(=O)(=O)Nc1nnc(S(N)(=O)=O)s1,-2.68
ClC1=C(Cl)C(=C(OC2=CC=CC=C2)C(=C1Cl)Cl)Cl,Clc1c(Cl)c(Cl)c(Oc2ccccc2)c(Cl)c1Cl,-7.94
CCC(=O)OCSC1=NC=NC2=C1N=C[N]2COC(=O)CC,CCC(=O)OCSc1ncnc2c1ncn2COC(=O)CC,-2.78
CC(OC1=CC=C(OC2=C(Cl)C=C(Cl)C=C2)C=C1)C(O)=O,CC(Oc1ccc(Oc2ccc(Cl)cc2Cl)cc1)C(=O)O,-5.04
CC(C(O)=O)C1=CC2=C(C=C1)C3=C([NH]2)C=CC(=C3)Cl,CC(C(=O)O)c1ccc2c(c1)[nH]c1ccc(Cl)cc12,-4.7
COC1=CC=C2C=C(C=CC2=C1)C(C)C(=O)OC(C)OC(=O)CN,COc1ccc2cc(C(C)C(=O)OC(C)OC(=O)CN)ccc2c1,-2.44
OC1=CC=CC2=C1C(=O)C3=C(C=CC=C3O)C2=O,O=C1c2cccc(O)c2C(=O)c2c(O)cccc21,-5.19
CN1C=CC(=NC1=O)N[S](=O)(=O)C2=CC=C(N)C=C2,Cn1ccc(NS(=O)(=O)c2ccc(N)cc2)nc1=O,-2.36
CC(=O)NC1=CC=C(C=C1)C(=O)NC2=CC=C(OC(C)=O)C=C2,CC(=O)Nc1ccc(C(=O)Nc2ccc(OC(C)=O)cc2)cc1,-4.41
CN1C(=O)N(C)C2=C([NH]C(=N2)C3=CC=CC=C3)C1=O,Cn1c(=O)c2[nH]c(-c3ccccc3)nc2n(C)c1=O,-5.0
CCCN1C(=O)N(CCC)C2=C([NH]C(=N2)C(C3CC3)C4CC4)C1=O,CCCn1c(=O)c2[nH]c(C(C3CC3)C3CC3)nc2n(CCC)c1=O,-4.59
CCCC1=C2OC(=CC(=O)C2=C(O)C3=C1CCCC3)C(O)=O,CCCc1c2c(c(O)c3c(=O)cc(C(=O)O)oc13)CCCC2,-2.68
CC1(C)SC2C(NC(=O)C(N)C3=CC=CC=C3)C(=O)N2C1C(O)=O,CC1(C)SC2C(NC(=O)C(N)c3ccccc3)C(=O)N2C1C(=O)O,-1.99
CC(C)C1(O)CCN2CC3C4=C(CCC5=C3C(=CC=C5)C2C1)C=CC=C4,CC(C)C1(O)CCN2CC3c4ccccc4CCc4cccc(c43)C2C1,-3.81
CC1C\C=C\C=C\C=C\C=C\C(CC2OC(O)(CC(O)CC3OC3/C=C/C(=O)O1)CC(O)C2C([O-])=O)OC4OC(C)C(O)C([NH3+])C4O,CC1C/C=C/C=C/C=C/C=C/C(OC2OC(C)C(O)C([NH3+])C2O)CC2OC(O)(CC(O)CC3OC3/C=C/C(=O)O1)CC(O)C2C(=O)[O-],-2.21
CCN1C=C(C(O)=O)C(=O)C2=C1C=C(N3CCNCC3)C(=C2)F,CCn1cc(C(=O)O)c(=O)c2cc(F)c(N3CCNCC3)cc21,-2.76
CCCC(=O)OCSC1=NC=NC2=C1N=C[N]2COC(=O)CCC,CCCC(=O)OCSc1ncnc2c1ncn2COC(=O)CCC,-3.71
CC1=C(N2C(SC1)C(NC(=O)C(N)C3=CC=CC=C3)C2=O)C(O)=O,CC1=C(C(=O)O)N2C(=O)C(NC(=O)C(N)c3ccccc3)C2SC1,-1.58
CC(=O)NC1=CC=C(C=C1)[S](=O)(=O)NC2=NC=CC=N2,CC(=O)Nc1ccc(S(=O)(=O)Nc2ncccn2)cc1,-3.59
CCCN1C(=O)N(CCC)C2=C([NH]C(=N2)C3CCC(=O)C3)C1=O,CCCn1c(=O)c2[nH]c(C3CCC(=O)C3)nc2n(CCC)c1=O,-3.16
ClC1=C(Cl)C(=C(OC2=CC(=C(Cl)C(=C2)Cl)Cl)C=C1)Cl,Clc1cc(Oc2ccc(Cl)c(Cl)c2Cl)cc(Cl)c1Cl,-8.49
CC(C)C1(C)N=C(NC1=O)C2=NC3=C(C=CC=C3)C=C2C(O)=O,CC(C)C1(C)N=C(c2nc3ccccc3cc2C(=O)O)NC1=O,-3.72
CC(=O)OCN1C=C(F)C(=O)N(C1=O)C(=O)C2=CC=CC=C2,CC(=O)OCn1cc(F)c(=O)n(C(=O)c2ccccc2)c1=O,-3.34
CC1=NC=C([N]1CCOC(=O)C2=CC=C(CN3CCOCC3)C=C2)[N+]([O-])=O,Cc1ncc([N+](=O)[O-])n1CCOC(=O)c1ccc(CN2CCOCC2)cc1,-2.89
NC1=CC=C(C=C1)[S](=O)(=O)NC2=CC=C(Cl)C(=C2)Cl,Nc1ccc(S(=O)(=O)Nc2ccc(Cl)c(Cl)c2)cc1,-4.94
COC1=C(N[S](=O)(=O)C2=CC=C(N)C=C2)C=C(N)C=C1,COc1ccc(N)cc1NS(=O)(=O)c1ccc(N)cc1,-5.08
CCN1C=C(C(O)=O)C(=O)C2=C1N=C(N3CCNCC3)C(=C2)F,CCn1cc(C(=O)O)c(=O)c2cc(F)c(N3CCNCC3)nc21,-2.92
CN(C)[S](=O)(=O)N=C1SC(=NN1C)[S](N)(=O)=O,CN(C)S(=O)(=O)N=c1sc(S(N)(=O)=O)nn1C,-2.7
ClC1=CC(=C(Cl)C(=C1)Cl)OC2=CC(=C(Cl)C=C2Cl)Cl,Clc1cc(Cl)c(Cl)c(Oc2cc(Cl)c(Cl)cc2Cl)c1,-8.41
ClC1=CC(=C(Cl)C(=C1)OC2=C(Cl)C(=C(Cl)C=C2)Cl)Cl,Clc1cc(Cl)c(Cl)c(Oc2ccc(Cl)c(Cl)c2Cl)c1,-8.55
ClC1=CC=C(OC2=C(Cl)C(=CC(=C2Cl)Cl)Cl)C=C1Cl,Clc1ccc(Oc2c(Cl)c(Cl)cc(Cl)c2Cl)cc1Cl,-8.3
ClC1=CC(=C(OC2=C(Cl)C(=C(Cl)C=C2Cl)Cl)C=C1)Cl,Clc1ccc(Oc2c(Cl)cc(Cl)c(Cl)c2Cl)c(Cl)c1,-8.47
CCOC(=O)C1=CN=C(N[S](=O)(=O)C2=CC=CC=C2)C=C1,CCOC(=O)c1ccc(NS(=O)(=O)c2ccccc2)nc1,-4.24
CC(=O)OC1=CC=C(CC(NC(=O)C2=CC=CC=C2)C(N)=O)C=C1,CC(=O)Oc1ccc(CC(NC(=O)c2ccccc2)C(N)=O)cc1,-3.89
ClC1=CC=C(Cl)C(=C1Cl)OC2=C(Cl)C=C(Cl)C(=C2)Cl,Clc1cc(Cl)c(Oc2c(Cl)ccc(Cl)c2Cl)cc1Cl,-7.88
CN(CC(=O)NCCC(=O)NC1=NN=C(S1)[S](N)(=O)=O)C(N)=N,CN(CC(=O)NCCC(=O)Nc1nnc(S(N)(=O)=O)s1)C(=N)N,-1.13
CN1C(=O)N(C)C2=C([NH]C(=N2)\C=C\C3=CC=CC=C3)C1=O,Cn1c(=O)c2[nH]c(/C=C/c3ccccc3)nc2n(C)c1=O,-6.66
ClC1=CC(=C(OC2=C(Cl)C(=CC(=C2Cl)Cl)Cl)C=C1)Cl,Clc1ccc(Oc2c(Cl)c(Cl)cc(Cl)c2Cl)c(Cl)c1,-8.42
ClC1=C(Cl)C(=C(OC2=C(Cl)C=CC(=C2Cl)Cl)C=C1)Cl,Clc1ccc(Oc2c(Cl)ccc(Cl)c2Cl)c(Cl)c1Cl,-7.96
CCC(CC1=C(I)C(=C(I)C=C1I)N)C(O)=O,CCC(Cc1c(I)cc(I)c(N)c1I)C(=O)O,-4.58
CN1N=C(SC1=N[S](=O)(=O)C(F)(F)F)[S](N)(=O)=O,Cn1nc(S(N)(=O)=O)sc1=NS(=O)(=O)C(F)(F)F,-1.16
CN1C(=O)N(C)C2=C([N](C)C(=N2)C3=CC=CC=C3)C1=O,Cn1c(=O)c2c(nc(-c3ccccc3)n2C)n(C)c1=O,-3.31
CN(CC1=CC=C(OCCN2CCOCC2)C=C1)C(=O)C3=CC=C(O3)[N+]([O-])=O,CN(Cc1ccc(OCCN2CCOCC2)cc1)C(=O)c1ccc([N+](=O)[O-])o1,-2.29
NC1=CC=C(C=C1)[S](=O)(=O)NC2=NC(=O)N(CC=C)C=C2,C=CCn1ccc(NS(=O)(=O)c2ccc(N)cc2)nc1=O,-3.11
CC(=O)NC1=CC=C(C=C1)[S](=O)(=O)NC2=NC=CS2,CC(=O)Nc1ccc(S(=O)(=O)Nc2nccs2)cc1,-3.43
CC(C)N1C=CC(=NC1=O)N[S](=O)(=O)C2=CC=C(N)C=C2,CC(C)n1ccc(NS(=O)(=O)c2ccc(N)cc2)nc1=O,-3.17
CCNC(=O)OC1=C(O)C(=CC(=C1)\C=C(C#N)/C(=O)N(CC)CC)[N+]([O-])=O,CCNC(=O)Oc1cc(/C=C(/C#N)C(=O)N(CC)CC)cc([N+](=O)[O-])c1O,-3.18
CCCCC(=O)OCSC1=NC=NC2=C1N=C[N]2COC(=O)CCCC,CCCCC(=O)OCSc1ncnc2c1ncn2COC(=O)CCCC,-4.33
COC1=CC=C(N[S](=O)(=O)C2=CC=C(C=C2)[N+]([O-])=O)C=C1,COc1ccc(NS(=O)(=O)c2ccc([N+](=O)[O-])cc2)cc1,-4.64
CC1(C)SC2C(NC(=O)C(N)C3=CC=C(O)C=C3)C(=O)N2C1C(O)=O,CC1(C)SC2C(NC(=O)C(N)c3ccc(O)cc3)C(=O)N2C1C(=O)O,-2.17
CCCN1C(=O)N(CCC)C2=C([NH]C(=N2)[C]34CC5[CH2]C(C[CH]3C5)C4)C1=O,CCCn1c(=O)c2[nH]c(C34CC5CC(CC3C5)C4)nc2n(CCC)c1=O,-5.85
CN1C=C(C(N)=O)C(=C(F)C1=O)NC2=C(F)C=C(Br)C=C2,Cn1cc(C(N)=O)c(Nc2ccc(Br)cc2F)c(F)c1=O,-4.14
COC1=CC=C2C=C(C=CC2=C1)C(C)C(=O)OCCOC(=O)C(N)CC(C)C,COc1ccc2cc(C(C)C(=O)OCCOC(=O)C(N)CC(C)C)ccc2c1,-3.82
CCCCN1C=CC(=NC1=O)N[S](=O)(=O)C2=CC=C(N)C=C2,CCCCn1ccc(NS(=O)(=O)c2ccc(N)cc2)nc1=O,-3.09
CCC(C)C(N)C(=O)OCCOC(=O)C(C)C1=CC2=CC=C(OC)C=C2C=C1,CCC(C)C(N)C(=O)OCCOC(=O)C(C)c1ccc2cc(OC)ccc2c1,-3.82
FC1=C(C2SCC3=NC4=C(C=CC=C4)[N]23)C(=CC=C1)F,Fc1cccc(F)c1C1SCc2nc3ccccc3n21,-3.76
CCN(CC)C(=O)CCC(=O)OC[N]1C=NC2=C1C(=O)N(C)C(=O)N2C,CCN(CC)C(=O)CCC(=O)OCn1cnc2c1c(=O)n(C)c(=O)n2C,-1.14
CC(C)CN1C=CC(=NC1=O)N[S](=O)(=O)C2=CC=C(N)C=C2,CC(C)Cn1ccc(NS(=O)(=O)c2ccc(N)cc2)nc1=O,-3.11
CCCC(=O)OCN1C=C(F)C(=O)N(C1=O)C(=O)C2=CC=CC=C2,CCCC(=O)OCn1cc(F)c(=O)n(C(=O)c2ccccc2)c1=O,-3.73
CNN1C=C(C(O)=O)C(=O)C2=C1C=C(N3CCN(C)CC3)C(=C2)F,CNn1cc(C(=O)O)c(=O)c2cc(F)c(N3CCN(C)CC3)cc21,-3.73
CC(C)(C)C(=O)OC1=CC2=C(C=C1)N=C(S2)[S](N)(=O)=O,CC(C)(C)C(=O)Oc1ccc2nc(S(N)(=O)=O)sc2c1,-3.73
CCC(C)N1C=CC(=NC1=O)N[S](=O)(=O)C2=CC=C(N)C=C2,CCC(C)n1ccc(NS(=O)(=O)c2ccc(N)cc2)nc1=O,-2.76
COC1=CC2=CC=C(C=C2C=C1)C(C)C(=O)OCCOC(=O)CN3CCOCC3,COc1ccc2cc(C(C)C(=O)OCCOC(=O)CN3CCOCC3)ccc2c1,-4.3
ClC1=CC=C(C=C1Cl)C2=C(Cl)C(=C(Cl)C(=C2Cl)Cl)Cl,Clc1ccc(-c2c(Cl)c(Cl)c(Cl)c(Cl)c2Cl)cc1Cl,-8.9
ClC1=CC(=C(Cl)C(=C1Cl)C2=CC(=C(Cl)C(=C2)Cl)Cl)Cl,Clc1cc(-c2c(Cl)c(Cl)cc(Cl)c2Cl)cc(Cl)c1Cl,-9.1
CCCOC(=O)N1C2CN3C4=C(C(COC(N)=O)C3(OC)C12)C(=O)C(=C(C)C4=O)N,CCCOC(=O)N1C2CN3C4=C(C(=O)C(N)=C(C)C4=O)C(COC(N)=O)C3(OC)C21,-3.48
CN1C(=O)N(C)C2=C([N](C)C(=N2)\C=C\C3=CC=CC=C3)C1=O,Cn1c(=O)c2c(nc(/C=C/c3ccccc3)n2C)n(C)c1=O,-5.55
CCC(C)C(N)C(=O)OCCCCOC(=O)C(C)C1=CC2=CC=C(OC)C=C2C=C1,CCC(C)C(N)C(=O)OCCCCOC(=O)C(C)c1ccc2cc(OC)ccc2c1,-4.52
COC1=CC2=C(C=C1OC)C34CCN5CC6=CCOC7CC(=O)N2C3C7C6CC45,COc1cc2c(cc1OC)C13CCN4CC5=CCOC6CC(=O)N2C1C6C5CC43,-2.79
ClC1=CC(=CC(=C1Cl)Cl)OC2=C(Cl)C(=C(Cl)C(=C2)Cl)Cl,Clc1cc(Oc2cc(Cl)c(Cl)c(Cl)c2Cl)cc(Cl)c1Cl,-9.54
C1CC2=CC3=CC4=C(C=CC=C4)C=C3C5=C2C1=CC=C5,c1ccc2cc3c(cc4c5c(cccc53)CC4)cc2c1,-2.97
CC(C)OC1=CC=C(C=C1)C(=O)N[S](=O)(=O)C2=CC=C(N)C=C2,CC(C)Oc1ccc(C(=O)NS(=O)(=O)c2ccc(N)cc2)cc1,-4.3
CSC1=CC=C2OC3=C(C=C(C=C3)C(O)=O)C(=O)C2=C1,CSc1ccc2oc3ccc(C(=O)O)cc3c(=O)c2c1,-5.32
CCN1C=C(C(O)=O)C(=O)C2=C1C(=C(N3CCNC(C)C3)C(=C2)F)F,CCn1cc(C(=O)O)c(=O)c2cc(F)c(N3CCNC(C)C3)c(F)c21,-2.33
CCN1CCN(CC1)C2=CC3=C(C=C2F)C(=O)C(=CN3C4CC4)C(O)=O,CCN1CCN(c2cc3c(cc2F)c(=O)c(C(=O)O)cn3C2CC2)CC1,-3.18
OC(=O)CCC1=NC(=C(O1)C2=CC=CC=C2)C3=CC=CC=C3,O=C(O)CCc1nc(-c2ccccc2)c(-c2ccccc2)o1,-2.24
CC(=O)NC1=C(I)C=C(I)C(=C1I)C(O)=O,CC(=O)Nc1c(I)cc(I)c(C(=O)O)c1I,-2.64
ClC1=CC=C(OC2=C(Cl)C(=C(Cl)C(=C2Cl)Cl)Cl)C(=C1)Cl,Clc1ccc(Oc2c(Cl)c(Cl)c(Cl)c(Cl)c2Cl)c(Cl)c1,-9.64
CCN(CC)C(=O)NC1CN(C)C2CC3=C(Br)[NH]C4=C3C(=CC=C4)C2=C1,CCN(CC)C(=O)NC1C=C2c3cccc4[nH]c(Br)c(c34)CC2N(C)C1,-4.38
O=C1OC(C2=CC=CC=C2)(C3=CC=CC=C3)C4=C1C=CC=C4,O=C1OC(c2ccccc2)(c2ccccc2)c2ccccc21,-3.85
CN1CC2CC1CN2C3=CC4=C(C=C3F)C(=O)C(=CN4C5CC5)C(O)=O,CN1CC2CC1CN2c1cc2c(cc1F)c(=O)c(C(=O)O)cn2C1CC1,-2.9
OC1=CC2=C(C(=C1)O)C(=O)C=C(O2)C3=CC(=C(O)C=C3)O,O=c1cc(-c2ccc(O)c(O)c2)oc2cc(O)cc(O)c12,-3.61
CCCC1=C(O)N2N(C1=O)C3=CC(=CC=C3N=C2N(C)C)C,CCCc1c(O)n2c(N(C)C)nc3ccc(C)cc3n2c1=O,-3.63
CCCCC1=CC2=C(C=C1)C=C3C=CC4=C(C=CC=C4)C3=C2,CCCCc1ccc2cc3ccc4ccccc4c3cc2c1,-7.52
COC1=C(N2C(SC1)C(NC(=O)C(N)C3=CCC=CC3)C2=O)C(O)=O,COC1=C(C(=O)O)N2C(=O)C(NC(=O)C(N)C3=CCC=CC3)C2SC1,-1.89
CNCC(=O)NC1=C(C=C(C(=C1)Cl)[S](N)(=O)=O)[S](N)(=O)=O,CNCC(=O)Nc1cc(Cl)c(S(N)(=O)=O)cc1S(N)(=O)=O,-1.27
CC1=C2C=CC3=C(C=CC=C3)C2=CC4=CC=C(Cl)C=C14,Cc1c2cc(Cl)ccc2cc2c1ccc1ccccc12,-7.44
CC(C)OC(=O)CC(C(=O)OC(C)C)[S](=O)(=O)C1=CC=C(C=C1)[N+]([O-])=O,CC(C)OC(=O)CC(C(=O)OC(C)C)S(=O)(=O)c1ccc([N+](=O)[O-])cc1,-4.29
CN1CCN(CC1)C2=C(F)C3=C(C=C2F)C(=O)C(=CN3CCF)C(O)=O,CN1CCN(c2c(F)cc3c(=O)c(C(=O)O)cn(CCF)c3c2F)CC1,-2.73
CC1CCC2=C(N3CCC(O)CC3)C(=CC4=C2N1C=C(C(O)=O)C4=O)F,CC1CCc2c(N3CCC(O)CC3)c(F)cc3c(=O)c(C(=O)O)cn1c23,-3.78
CCN1C=CC(=NC1=O)N[S](=O)(=O)C2=CC=C(NC(C)=O)C=C2,CCn1ccc(NS(=O)(=O)c2ccc(NC(C)=O)cc2)nc1=O,-2.71
CCC1=NN=C(N[S](=O)(=O)C2=CC=C(NC(C)=O)C=C2)S1,CCc1nnc(NS(=O)(=O)c2ccc(NC(C)=O)cc2)s1,-3.4
CONC(=O)C1=CN(C)C(=O)C(=C1NC2=CC=C(Br)C=C2F)C,CONC(=O)c1cn(C)c(=O)c(C)c1Nc1ccc(Br)cc1F,-3.28
CCO[P](=O)(OCC)OC1=CC2=C(C=C1)C(=C(Cl)C(=O)O2)C,CCOP(=O)(OCC)Oc1ccc2c(C)c(Cl)c(=O)oc2c1,-3.18
CN(C)CC1=CC=C(C=C1)C(=O)OCCOC[N]2C=NC3=C2N=C(N)NC3=O,CN(C)Cc1ccc(C(=O)OCCOCn2cnc3c(=O)[nH]c(N)nc32)cc1,-2.47
OCC(CO)C(=O)OCN1C(=O)NC(C1=O)(C2=CC=CC=C2)C3=CC=CC=C3,O=C(OCN1C(=O)NC(c2ccccc2)(c2ccccc2)C1=O)C(CO)CO,-2.21
CC(C(=O)OCC(=O)N(C)CC(N)=O)C1=CC(=CC=C1)C(=O)C2=CC=CC=C2,CC(C(=O)OCC(=O)N(C)CC(N)=O)c1cccc(C(=O)c2ccccc2)c1,-2.42
CCCCCC1=C2C=CC3=C(C=CC=C3)C2=CC4=C1C=CC=C4,CCCCCc1c2ccccc2cc2c1ccc1ccccc12,-8.57
ClC1=CC(=C(Cl)C(=C1Cl)Cl)OC2=CC(=C(Cl)C(=C2Cl)Cl)Cl,Clc1cc(Oc2cc(Cl)c(Cl)c(Cl)c2Cl)c(Cl)c(Cl)c1Cl,-10.1
CCONC(=O)C1=CN(C)C(=O)C(=C1NC2=C(F)C=C(Br)C=C2)C,CCONC(=O)c1cn(C)c(=O)c(C)c1Nc1ccc(Br)cc1F,-3.82
CCCCCCCC(=O)OCN1C(=O)NC(C1=O)(C2=CC=CC=C2)C3=CC=CC=C3,CCCCCCCC(=O)OCN1C(=O)NC(c2ccccc2)(c2ccccc2)C1=O,-6.52
NC1=CC=C(C=C1)[S](=O)(=O)NC2=CC=C(C=C2Br)[N+]([O-])=O,Nc1ccc(S(=O)(=O)Nc2ccc([N+](=O)[O-])cc2Br)cc1,-4.78
C[S](=O)C1=CC=C2OC3=C(C=C(C=C3)C(O)=O)C(=O)C2=C1,C[S+]([O-])c1ccc2oc3ccc(C(=O)O)cc3c(=O)c2c1,-5.02
CSC1=CC=C(C=C1)C(=O)C2=CC(=CC3=C2OC=C3)CC(O)=O,CSc1ccc(C(=O)c2cc(CC(=O)O)cc3ccoc23)cc1,-5.51
COC1=NC(=NC(=N1)NC(=O)N[S](=O)(=O)C2=CC=CC=C2Cl)C,COc1nc(C)nc(NC(=O)NS(=O)(=O)c2ccccc2Cl)n1,-1.71
N[S](=O)(=O)C1=NN=C(N[S](=O)(=O)C2=CC=CC=C2)S1,NS(=O)(=O)c1nnc(NS(=O)(=O)c2ccccc2)s1,-2.9
CCONC(=O)C1=CN(C)C(=O)C(=C1NC2=CC=C(Br)C=C2F)F,CCONC(=O)c1cn(C)c(=O)c(F)c1Nc1ccc(Br)cc1F,-4.19
ClC1=CC2=C(C(=C1Cl)Cl)C3=C(O2)C(=C(Cl)C(=C3)Cl)Cl,Clc1cc2c(oc3cc(Cl)c(Cl)c(Cl)c32)c(Cl)c1Cl,-10.3
OC1=CC2=C(C(=C1)O)C(=O)C(=C(O2)C3=CC=C(O)C(=C3)O)O,O=c1c(O)c(-c2ccc(O)c(O)c2)oc2cc(O)cc(O)c12,-1.99
ClC1=CC(=C(COC(C[N]2C=CN=C2)C3=CC=C(Cl)C=C3Cl)C=C1)Cl,Clc1ccc(COC(Cn2ccnc2)c2ccc(Cl)cc2Cl)c(Cl)c1,-5.08
CN1C(=O)N(C)C2=C(N=C3C(=O)N(C)C(=O)N(C)C3=N2)C1=O,Cn1c(=O)c2nc3c(=O)n(C)c(=O)n(C)c3nc2n(C)c1=O,-3.31
N[S](=O)(=O)C1=NN=C(N[S](=O)(=O)CC2=CC=CC=C2)S1,NS(=O)(=O)c1nnc(NS(=O)(=O)Cc2ccccc2)s1,-2.7
COC(=O)\C(=C\C1=CC=CC=C1)[S](=O)(=O)C2=CC=C(C=C2)[N+]([O-])=O,COC(=O)/C(=C/c1ccccc1)S(=O)(=O)c1ccc([N+](=O)[O-])cc1,-4.57
CC1(O)CC(C2=CC=C(Cl)C=C2)C3=C(O1)C4=C(OC3=O)C=CC=C4,CC1(O)CC(c2ccc(Cl)cc2)c2c(c3ccccc3oc2=O)O1,-5.84
CC1=C(C2=CC=C(C=C2)[S](N)(=O)=O)C(=NO1)C3=CC=CC=C3,Cc1onc(-c2ccccc2)c1-c1ccc(S(N)(=O)=O)cc1,-4.52
CN1C=C(C(=O)NOCCO)C(=C(C)C1=O)NC2=C(F)C=C(Br)C=C2,Cc1c(Nc2ccc(Br)cc2F)c(C(=O)NOCCO)cn(C)c1=O,-2.96
NCC(=O)NCC(=O)OCCOC1=CC2=C(C=C1)N=C(S2)[S](N)(=O)=O,NCC(=O)NCC(=O)OCCOc1ccc2nc(S(N)(=O)=O)sc2c1,-1.3
CC1=CC=C(C=C1)[S](=O)(=O)NC2=NN=C(S2)[S](N)(=O)=O,Cc1ccc(S(=O)(=O)Nc2nnc(S(N)(=O)=O)s2)cc1,-1.22
CCCCNC1=C(OC2=CC=CC=C2)C(=CC(=C1)C(O)=O)[S](N)(=O)=O,CCCCNc1cc(C(=O)O)cc(S(N)(=O)=O)c1Oc1ccccc1,-3.56
CC1CN(CC(C)N1)C2=C(F)C3=C(C(=C2F)N)C(=O)C(=CN3C4CC4)C(O)=O,CC1CN(c2c(F)c(N)c3c(=O)c(C(=O)O)cn(C4CC4)c3c2F)CC(C)N1,-3.37
OCC(O)COC(=O)C1=C(NC2=C3C=CC(=CC3=NC=C2)Cl)C=CC=C1,O=C(OCC(O)CO)c1ccccc1Nc1ccnc2cc(Cl)ccc12,-4.54
NC1=CC=C(C=C1)[S](=O)(=O)NC2=NN=C(S2)[S](N)(=O)=O,Nc1ccc(S(=O)(=O)Nc2nnc(S(N)(=O)=O)s2)cc1,-1.5
CCC(/C1=CC=CC=C1)=C(\C2=CC=CC=C2)C3=CC=C(OCCN(C)C)C=C3,CC/C(=C(\c1ccccc1)c1ccc(OCCN(C)C)cc1)c1ccccc1,-8.49
NC1=CC=CC(=C1)[S](=O)(=O)NC2=NN=C(S2)[S](N)(=O)=O,Nc1cccc(S(=O)(=O)Nc2nnc(S(N)(=O)=O)s2)c1,-1.54
CC1=NC=C2CN=C(C3=C(F)C=CC=C3)C4=C(C=CC(=C4)Cl)[N]12,Cc1ncc2n1-c1ccc(Cl)cc1C(c1ccccc1F)=NC2,-4.13
CCCN(CCC)C1=C(C=C(C=C1[N+]([O-])=O)[S](=O)(=O)N=[S](C)C)[N+]([O-])=O,CCCN(CCC)c1c([N+](=O)[O-])cc(S(=O)(=O)N=S(C)C)cc1[N+](=O)[O-],-4.86
CC1(C)SC2C(NC(=O)C(N)C3=CC=C(N)C=C3)C(=O)N2C1C4=NN=N[NH]4,CC1(C)SC2C(NC(=O)C(N)c3ccc(N)cc3)C(=O)N2C1c1nnn[nH]1,-1.57
N[S](=O)(=O)C1=NN=C(NC(=O)C2=C(F)C(=C(F)C(=C2F)F)F)S1,NS(=O)(=O)c1nnc(NC(=O)c2c(F)c(F)c(F)c(F)c2F)s1,-1.37
CCCN(CCC)CC1=CC=CC(=C1)C(=O)OCCOC[N]2C=NC3=C2N=C(N)NC3=O,CCCN(CCC)Cc1cccc(C(=O)OCCOCn2cnc3c(=O)[nH]c(N)nc32)c1,-0.35
N[S](=O)(=O)C1=NN=C(N[S](=O)(=O)C2=CC=C(Cl)C=C2)S1,NS(=O)(=O)c1nnc(NS(=O)(=O)c2ccc(Cl)cc2)s1,-2.01
N[S](=O)(=O)C1=CC=C(CNC(=S)NC(C(O)C2=CC=CC=C2)C(O)=O)C=C1,NS(=O)(=O)c1ccc(CNC(=S)NC(C(=O)O)C(O)c2ccccc2)cc1,-1.29
CN1N=C(SC1=N[S](=O)(=O)CC2=CC=CC=C2)[S](N)(=O)=O,Cn1nc(S(N)(=O)=O)sc1=NS(=O)(=O)Cc1ccccc1,-2.48
COC1=CC=C(C=C1)[S](=O)(=O)NC2=NN=C(S2)[S](N)(=O)=O,COc1ccc(S(=O)(=O)Nc2nnc(S(N)(=O)=O)s2)cc1,-2.25
COC1=CC2=C(C=C1OC)C(=NC(=N2)N3CCN(CC3)C(=O)C4=CC=CO4)N,COc1cc2nc(N3CCN(C(=O)c4ccco4)CC3)nc(N)c2cc1OC,-5.09
CN1N=C(SC1=N[S](=O)(=O)C2=CC=C(C)C=C2)[S](N)(=O)=O,Cc1ccc(S(=O)(=O)N=c2sc(S(N)(=O)=O)nn2C)cc1,-2.84
COC1=CC=C2C=C(C=CC2=C1)C(C)C(=O)OCCOC(=O)C(N)CC3=CC=CC=C3,COc1ccc2cc(C(C)C(=O)OCCOC(=O)C(N)Cc3ccccc3)ccc2c1,-3.75
OCC1OC2OC3C(O)C(O)C(OC3CO)OC4C(O)C(O)C(OC4CO)OC5C(O)C(O)C(OC5CO)OC6C(O)C(O)C(OC6CO)OC7C(O)C(O)C(OC7CO)OC1C(O)C2O,OCC1OC2OC3C(CO)OC(OC4C(CO)OC(OC5C(CO)OC(OC6C(CO)OC(OC7C(CO)OC(OC1C(O)C2O)C(O)C7O)C(O)C6O)C(O)C5O)C(O)C4O)C(O)C3O,-0.91
NC1=CC=C(C=C1)[S](=O)(=O)NC2=NC(=O)N(CC3=CC=CC=C3)C=C2,Nc1ccc(S(=O)(=O)Nc2ccn(Cc3ccccc3)c(=O)n2)cc1,-4.8
CN1N=C(SC1=N[S](=O)(=O)C2=CC=C(F)C=C2)[S](N)(=O)=O,Cn1nc(S(N)(=O)=O)sc1=NS(=O)(=O)c1ccc(F)cc1,-2.03
CCN(C1CC(C)[S](=O)(=O)C2=C1C=C(S2)[S](N)(=O)=O)C(=O)CNC,CCN(C(=O)CNC)C1CC(C)S(=O)(=O)c2sc(S(N)(=O)=O)cc21,-1.21
CN1N=C(SC1=N[S](=O)(=O)C2=CC=C(N)C=C2)[S](N)(=O)=O,Cn1nc(S(N)(=O)=O)sc1=NS(=O)(=O)c1ccc(N)cc1,-2.5
CC12CCC3C(CCC4=CC(=O)CCC34)C1CCC2(OC(=O)C5=CC=C(C=C5)C6=CC=CC=C6)C#C,C#CC1(OC(=O)c2ccc(-c3ccccc3)cc2)CCC2C3CCC4=CC(=O)CCC4C3CCC21C,-8.11
CN1N=C(SC1=N[S](=O)(=O)C2=CC=CC(=C2)N)[S](N)(=O)=O,Cn1nc(S(N)(=O)=O)sc1=NS(=O)(=O)c1cccc(N)c1,-2.45
CC1=CC(=C(C(=C1)C)[S](=O)(=O)NC2=NN=C(S2)[S](N)(=O)=O)C,Cc1cc(C)c(S(=O)(=O)Nc2nnc(S(N)(=O)=O)s2)c(C)c1,-2.7
CC1CC2=C(C=CC=C2)N1NC(=O)C3=CC(=C(Cl)C=C3)[S](N)(=O)=O,CC1Cc2ccccc2N1NC(=O)c1ccc(Cl)c(S(N)(=O)=O)c1,-3.79
CC1C(NC(=O)C(=N\OC(C)(C)C(O)=O)/C2=CSC(=N2)N)C(=O)N1[S](O)(=O)=O,CC1C(NC(=O)/C(=N\OC(C)(C)C(=O)O)c2csc(N)n2)C(=O)N1S(=O)(=O)O,-1.64
COC1=CC=C2C=C(C=CC2=C1)C(C)C(=O)OC(C)OC(=O)C(N)CC3=CC=CC=C3,COc1ccc2cc(C(C)C(=O)OC(C)OC(=O)C(N)Cc3ccccc3)ccc2c1,-3.5
N[S](=O)(=O)C1=NN=C(N[S](=O)(=O)C2=CC=C(Br)C=C2)S1,NS(=O)(=O)c1nnc(NS(=O)(=O)c2ccc(Br)cc2)s1,-2.13
CN1N=C(SC1=N[S](=O)(=O)C2=CC=C(Cl)C=C2)[S](N)(=O)=O,Cn1nc(S(N)(=O)=O)sc1=NS(=O)(=O)c1ccc(Cl)cc1,-2.44
CC(=O)N1CCN(CC1)C(=O)/C=C/C2=CC(=C(SC3=CC4=C(OCCO4)C=C3)C=C2)Cl,CC(=O)N1CCN(C(=O)/C=C/c2ccc(Sc3ccc4c(c3)OCCO4)c(Cl)c2)CC1,-2.05
COC1=CC2=C(C=C1OC)C(=NC=N2)N3CCN(CC3)C(=S)NCC4=CC=CO4,COc1cc2ncnc(N3CCN(C(=S)NCc4ccco4)CC3)c2cc1OC,-5.63
COC1=CC2=C(C=C1OC)C(=NC=N2)N3CCN(CC3)C(=O)NC4=CSC=C4,COc1cc2ncnc(N3CCN(C(=O)Nc4ccsc4)CC3)c2cc1OC,-5.3
N[S](=O)(=O)C1=CC=C(NC2=NC(=NC=C2)NC(=O)C3=CC=CN=C3)C=C1,NS(=O)(=O)c1ccc(Nc2ccnc(NC(=O)c3cccnc3)n2)cc1,-1.27
CC(=O)NC1=C(I)C(=C(I)C(=C1I)C(O)=O)NC(C)=O,CC(=O)Nc1c(I)c(NC(C)=O)c(I)c(C(=O)O)c1I,-2.01
CC12CCC3C(CCC4=CC(=O)CCC34)C1CCC2(OC(=O)C5=CC=C(OC6=CC=CC=C6)C=C5)C#C,C#CC1(OC(=O)c2ccc(Oc3ccccc3)cc2)CCC2C3CCC4=CC(=O)CCC4C3CCC21C,-6.84
COC1=CC=C(C=C1)[S](=O)(=O)N=C2SC(=NN2C)[S](N)(=O)=O,COc1ccc(S(=O)(=O)N=c2sc(S(N)(=O)=O)nn2C)cc1,-2.76
N[S](=O)(=O)C1=NN=C(N[S](=O)(=O)C2=CC=C(C=C2)[N+]([O-])=O)S1,NS(=O)(=O)c1nnc(NS(=O)(=O)c2ccc([N+](=O)[O-])cc2)s1,-1.33
NCC(=O)NCC(=O)NC1=C(Cl)C(=C(C=C1[S](N)(=O)=O)[S](N)(=O)=O)Cl,NCC(=O)NCC(=O)Nc1c(S(N)(=O)=O)cc(S(N)(=O)=O)c(Cl)c1Cl,-1.23
CN(C)C1C2CC3CC4=C(C=CC(=C4C(=O)C3=C(O)C2(O)C(=O)C(=C1O)C(N)=O)O)N(C)C,CN(C)c1ccc(O)c2c1CC1CC3C(N(C)C)C(O)=C(C(N)=O)C(=O)C3(O)C(O)=C1C2=O,-0.94
N[S](=O)(=O)C1=NN=C(N[S](=O)(=O)C2=CC(=CC=C2)[N+]([O-])=O)S1,NS(=O)(=O)c1nnc(NS(=O)(=O)c2cccc([N+](=O)[O-])c2)s1,-1.46
CC(C)C1=C(SC2=C(C=C(\C=C\C(=O)N3CCN(CC3)C(C)=O)C=C2)[N+]([O-])=O)C=CC=C1,CC(=O)N1CCN(C(=O)/C=C/c2ccc(Sc3ccccc3C(C)C)c([N+](=O)[O-])c2)CC1,-2.7
N[S](=O)(=O)C1=NN=C(N[S](=O)(=O)C2=C(C=CC=C2)C(O)=O)S1,NS(=O)(=O)c1nnc(NS(=O)(=O)c2ccccc2C(=O)O)s1,-2.32
CC(=O)NC1=CC=C(C=C1)[S](=O)(=O)NC2=NN=C(S2)[S](N)(=O)=O,CC(=O)Nc1ccc(S(=O)(=O)Nc2nnc(S(N)(=O)=O)s2)cc1,-1.62
N[S](=O)(=O)C1=NN=C(N[S](=O)(=O)C2=C(C=CC=C2)[N+]([O-])=O)S1,NS(=O)(=O)c1nnc(NS(=O)(=O)c2ccccc2[N+](=O)[O-])s1,-1.82
CC(=O)N1CCN(CC1)C(=O)/C=C/C2=CC(=C(SC3=CC4=C([NH]C=C4)C=C3)C=C2)Cl,CC(=O)N1CCN(C(=O)/C=C/c2ccc(Sc3ccc4[nH]ccc4c3)c(Cl)c2)CC1,-2.74
CN1N=C(SC1=N[S](=O)(=O)C2=C(C)C=C(C)C=C2C)[S](N)(=O)=O,Cc1cc(C)c(S(=O)(=O)N=c2sc(S(N)(=O)=O)nn2C)c(C)c1,-3.0
COC1=NC(=NC(=C1)OC)NC(=O)N[S](=O)(=O)C2=NC=CC=C2C(=O)N(C)C,COc1cc(OC)nc(NC(=O)NS(=O)(=O)c2ncccc2C(=O)N(C)C)n1,-3.97
N[S](=O)(=O)C1=NN=C(N[S](=O)(=O)C2=CC=C(I)C=C2)S1,NS(=O)(=O)c1nnc(NS(=O)(=O)c2ccc(I)cc2)s1,-2.2
COC1=CC=C(C=C1)C2SC3=CC=CC=C3N(CCN(C)C)C(=O)C2OC(C)=O,COc1ccc(C2Sc3ccccc3N(CCN(C)C)C(=O)C2OC(C)=O)cc1,-2.95
CN1N=C(SC1=N[S](=O)(=O)C2=CC=C(Br)C=C2)[S](N)(=O)=O,Cn1nc(S(N)(=O)=O)sc1=NS(=O)(=O)c1ccc(Br)cc1,-2.51
COC(=O)C1=C(C=CS1)[S](=O)(=O)NC(=O)NC2=NC(=NC(=N2)OC)OC,COC(=O)c1sccc1S(=O)(=O)NC(=O)Nc1nc(OC)nc(OC)n1,-3.19
CN1CCC(C(O)C1)C2=C(O)C=C(O)C3=C2OC(=CC3=O)C4=C(Cl)C=CC=C4,CN1CCC(c2c(O)cc(O)c3c(=O)cc(-c4ccccc4Cl)oc23)C(O)C1,-4.26
FC1=CC=C(C=C1)C([N]2C=CN=C2)(C3=CC=CC=C3)C4=C(F)C=CC=C4,Fc1ccc(C(c2ccccc2)(c2ccccc2F)n2ccnc2)cc1,-8.4
CN1C(=C(O)C2=C(C=CS2)[S]1(=O)=O)C(=O)NC3=NC=CC=C3,CN1C(C(=O)Nc2ccccn2)=C(O)c2sccc2S1(=O)=O,-3.88
NCC(=O)NC1=CC=C(C=C1)[S](=O)(=O)NC2=NN=C(S2)[S](N)(=O)=O,NCC(=O)Nc1ccc(S(=O)(=O)Nc2nnc(S(N)(=O)=O)s2)cc1,-1.19
CN1N=C(SC1=N[S](=O)(=O)C2=CC=C(C=C2)[N+]([O-])=O)[S](N)(=O)=O,Cn1nc(S(N)(=O)=O)sc1=NS(=O)(=O)c1ccc([N+](=O)[O-])cc1,-2.7
CN1N=C(SC1=N[S](=O)(=O)C2=CC=CC(=C2)[N+]([O-])=O)[S](N)(=O)=O,Cn1nc(S(N)(=O)=O)sc1=NS(=O)(=O)c1cccc([N+](=O)[O-])c1,-2.67
CN1CCN(CC1)C2=CC3=C(C=C2F)C(=O)C(=CN3C4=CC=C(F)C=C4)C(O)=O,CN1CCN(c2cc3c(cc2F)c(=O)c(C(=O)O)cn3-c2ccc(F)cc2)CC1,-3.82
CCNC1CN(CCCOC)[S](=O)(=O)C2=C1C=C(S2)[S](N)(=O)=O,CCNC1CN(CCCOC)S(=O)(=O)c2sc(S(N)(=O)=O)cc21,-2.95
CN1N=C(SC1=N[S](=O)(=O)C2=CC=C(NC(C)=O)C=C2)[S](N)(=O)=O,CC(=O)Nc1ccc(S(=O)(=O)N=c2sc(S(N)(=O)=O)nn2C)cc1,-1.69
CN1N=C(SC1=N[S](=O)(=O)C2=C(C=CC=C2)C(O)=O)[S](N)(=O)=O,Cn1nc(S(N)(=O)=O)sc1=NS(=O)(=O)c1ccccc1C(=O)O,-2.51
OC(=O)C1=C(O)C=CC(=C1)N=NC2=CC=C(C=C2)[S](=O)(=O)NC3=CC=CC=N3,O=C(O)c1cc(N=Nc2ccc(S(=O)(=O)Nc3ccccn3)cc2)ccc1O,-6.14
CCCCC(=O)N(CC1=CC=C(C=C1)C2=C(C=CC=C2)C3=NN=N[NH]3)C(C(C)C)C(O)=O,CCCCC(=O)N(Cc1ccc(-c2ccccc2-c2nnn[nH]2)cc1)C(C(=O)O)C(C)C,-4.2
CN1N=C(SC1=N[S](=O)(=O)C2=CC=CC=C2[N+]([O-])=O)[S](N)(=O)=O,Cn1nc(S(N)(=O)=O)sc1=NS(=O)(=O)c1ccccc1[N+](=O)[O-],-2.79
N[S](=O)(=O)C1=NN=C(N[S](=O)(=O)C2=CC(=C(Cl)C=C2)[N+]([O-])=O)S1,NS(=O)(=O)c1nnc(NS(=O)(=O)c2ccc(Cl)c([N+](=O)[O-])c2)s1,-1.99
COC1=CC2=C(C=C1OC)C(=NC=N2)N3CCN(CC3)C(=O)NC4=CC=C(C=C4)[N+]([O-])=O,COc1cc2ncnc(N3CCN(C(=O)Nc4ccc([N+](=O)[O-])cc4)CC3)c2cc1OC,-6.95
OC(=O)C1=CC=CC=C1C2=C3C=CC(=O)C=C3OC4=C2C=CC(=C4)O,O=C(O)c1ccccc1-c1c2ccc(=O)cc-2oc2cc(O)ccc12,-3.82
COC1=C(N=CN=C1)N2CCN(CC2)CCC3=C[NH]C4=C3C=C(C[S](=O)(=O)N(C)C)C=C4,COc1cncnc1N1CCN(CCc2c[nH]c3ccc(CS(=O)(=O)N(C)C)cc23)CC1,-3.76
CN1N=C(SC1=N[S](=O)(=O)C2=CC=C(I)C=C2)[S](N)(=O)=O,Cn1nc(S(N)(=O)=O)sc1=NS(=O)(=O)c1ccc(I)cc1,-2.77
CC1=NN=C(SCC2=C(N3C(SC2)C(NC(=O)C[N]4C=NN=N4)C3=O)C(O)=O)S1,Cc1nnc(SCC2=C(C(=O)O)N3C(=O)C(NC(=O)Cn4cnnn4)C3SC2)s1,-2.62
CC(C)(C)NC(=O)C1N(CSC1(C)C)C(=O)C(O)C(CC2=CC=CC=C2)NC(=O)C3=CC=CC=C3,CC(C)(C)NC(=O)C1N(C(=O)C(O)C(Cc2ccccc2)NC(=O)c2ccccc2)CSC1(C)C,-3.62
N[S](=O)(=O)C1=NN=C(N[S](=O)(=O)C2=C(F)C(=C(F)C(=C2F)F)F)S1,NS(=O)(=O)c1nnc(NS(=O)(=O)c2c(F)c(F)c(F)c(F)c2F)s1,-1.21
C[N]1N=NN=C1SCC2=C(N3C(SC2)C(NC(=O)C(O)C4=CC=CC=C4)C3=O)C(O)=O,Cn1nnnc1SCC1=C(C(=O)O)N2C(=O)C(NC(=O)C(O)c3ccccc3)C2SC1,-0.14
CC1=C(C(O)=O)C2=CC(=CC=C2N=C1C3=CC=C(C=C3)C4=C(F)C=CC=C4)F,Cc1c(-c2ccc(-c3ccccc3F)cc2)nc2ccc(F)cc2c1C(=O)O,-6.39
FC(F)(F)N=C1SC(=NC2=CC=CC=C2)N(C3=CC=CC=C3)C1=NC(F)(F)F,FC(F)(F)N=C1SC(=Nc2ccccc2)N(c2ccccc2)C1=NC(F)(F)F,-5.42
CC(C)(C)NC(=O)C1N(CSC1(C)C)C(=O)C(O)C(CC2=CC=CC=C2)NC(=O)CC3=CC=CC=C3,CC(C)(C)NC(=O)C1N(C(=O)C(O)C(Cc2ccccc2)NC(=O)Cc2ccccc2)CSC1(C)C,-3.72
CC1CN(CCN1)C2=CC3=C(C=C2F)C(=O)C(=CN3C4=C(F)C=C(F)C=C4)C(O)=O,CC1CN(c2cc3c(cc2F)c(=O)c(C(=O)O)cn3-c2ccc(F)cc2F)CCN1,-3.8
CC1=CC=C(C=C1)C(=O)NC(CC2=CC=CC=C2)C(O)C(=O)N3CSC(C)(C)C3C(=O)NC(C)(C)C,Cc1ccc(C(=O)NC(Cc2ccccc2)C(O)C(=O)N2CSC(C)(C)C2C(=O)NC(C)(C)C)cc1,-4.11
NC1=NC(=O)C2=C(N1)N=CC(=N2)CNC3=CC=C(C=C3)C(=O)NC(CCC(O)=O)C(O)=O,Nc1nc(=O)c2nc(CNc3ccc(C(=O)NC(CCC(=O)O)C(=O)O)cc3)cnc2[nH]1,-5.44
NC1C2CN(CC12)C3=NC4=C(C=C3F)C(=O)C(=CN4C5=CC=C(F)C=C5F)C(O)=O,NC1C2CN(c3nc4c(cc3F)c(=O)c(C(=O)O)cn4-c3ccc(F)cc3F)CC12,-4.53
CN1N=C(SC1=N[S](=O)(=O)C2=CC(=C(Cl)C=C2)[N+]([O-])=O)[S](N)(=O)=O,Cn1nc(S(N)(=O)=O)sc1=NS(=O)(=O)c1ccc(Cl)c([N+](=O)[O-])c1,-2.47
N[S](=O)(=O)C1=CC=C(NC2=NC(=NC=C2)N[S](=O)(=O)C3=CC=CC=C3)C=C1,NS(=O)(=O)c1ccc(Nc2ccnc(NS(=O)(=O)c3ccccc3)n2)cc1,-2.55
OCC1OC2OC3C(O)C(O)C(OC3CO)OC4C(O)C(O)C(OC4CO)OC5C(O)C(O)C(OC5CO)OC6C(O)C(O)C(OC6CO)OC7C(O)C(O)C(OC7CO)OC8C(O)C(O)C(OC8CO)OC1C(O)C2O,OCC1OC2OC3C(CO)OC(OC4C(CO)OC(OC5C(CO)OC(OC6C(CO)OC(OC7C(CO)OC(OC8C(CO)OC(OC1C(O)C2O)C(O)C8O)C(O)C7O)C(O)C6O)C(O)C5O)C(O)C4O)C(O)C3O,-1.84
CC(C)(C)NC(=O)C1N(CSC1(C)C)C(=O)C(O)C(CC2=CC=CC=C2)NC(=O)COC3=CC=CC=C3,CC(C)(C)NC(=O)C1N(C(=O)C(O)C(Cc2ccccc2)NC(=O)COc2ccccc2)CSC1(C)C,-3.83
N[S](=O)(=O)C1=CC=C(NC2=CC=NC(=N2)N[S](=O)(=O)CC3=CC=CC=C3)C=C1,NS(=O)(=O)c1ccc(Nc2ccnc(NS(=O)(=O)Cc3ccccc3)n2)cc1,-2.7
CC(C)(C)NC(=O)C1N(CSC1(C)C)C(=O)C(O)C(CC2=CC=CC=C2)NC(=O)C3=CC=C(Cl)C=C3,CC(C)(C)NC(=O)C1N(C(=O)C(O)C(Cc2ccccc2)NC(=O)c2ccc(Cl)cc2)CSC1(C)C,-4.28
N[S](=O)(=O)C1=NN=C(N[S](=O)(=O)C2=C(C=C(C=C2)[N+]([O-])=O)[N+]([O-])=O)S1,NS(=O)(=O)c1nnc(NS(=O)(=O)c2ccc([N+](=O)[O-])cc2[N+](=O)[O-])s1,-2.91
COC1=CC=C(C=C1)C(=O)NC(CC2=CC=CC=C2)C(O)C(=O)N3CSC(C)(C)C3C(=O)NC(C)(C)C,COc1ccc(C(=O)NC(Cc2ccccc2)C(O)C(=O)N2CSC(C)(C)C2C(=O)NC(C)(C)C)cc1,-4.11
NCC(=O)NCC(=O)NC1=CC=C(C=C1)[S](=O)(=O)NC2=NN=C(S2)[S](N)(=O)=O,NCC(=O)NCC(=O)Nc1ccc(S(=O)(=O)Nc2nnc(S(N)(=O)=O)s2)cc1,-1.29
COC(=O)C1=C(C(=CC=C1)C)[S](=O)(=O)NC(=O)NC2=NC(=NC(=N2)OCC(F)(F)F)N(C)C,COC(=O)c1cccc(C)c1S(=O)(=O)NC(=O)Nc1nc(OCC(F)(F)F)nc(N(C)C)n1,-5.69
CC1=C(OCC(=O)NC(CC2=CC=CC=C2)C(O)C(=O)N3CSC(C)(C)C3C(=O)NC(C)(C)C)C(=CC=C1)C,Cc1cccc(C)c1OCC(=O)NC(Cc1ccccc1)C(O)C(=O)N1CSC(C)(C)C1C(=O)NC(C)(C)C,-5.01
CN1N=C(SC1=N[S](=O)(=O)C2=C(C=C(C=C2)[N+]([O-])=O)[N+]([O-])=O)[S](N)(=O)=O,Cn1nc(S(N)(=O)=O)sc1=NS(=O)(=O)c1ccc([N+](=O)[O-])cc1[N+](=O)[O-],-2.74
CC(C)(C)NC(=O)C1N(CSC1(C)C)C(=O)C(O)C(CC2=CC=CC=C2)NC(=O)C3=CC=C(C=C3)[N+]([O-])=O,CC(C)(C)NC(=O)C1N(C(=O)C(O)C(Cc2ccccc2)NC(=O)c2ccc([N+](=O)[O-])cc2)CSC1(C)C,-3.98
NC1=CC=C(C=C1)[S](=O)(=O)NC2=NC(=CS2)C3=CC=C(C=C3)C4=CC=CC=C4,Nc1ccc(S(=O)(=O)Nc2nc(-c3ccc(-c4ccccc4)cc3)cs2)cc1,-5.61
N[S](=O)(=O)C1=CC=C(NC2=NC(=NC=C2)N[S](=O)(=O)C3=CC=C(Br)C=C3)C=C1,NS(=O)(=O)c1ccc(Nc2ccnc(NS(=O)(=O)c3ccc(Br)cc3)n2)cc1,-2.62
CC1=CC=C(C=C1)[S](=O)(=O)NC(=O)NC2=NC(=CC=N2)NC3=CC=C(C=C3)[S](N)(=O)=O,Cc1ccc(S(=O)(=O)NC(=O)Nc2nccc(Nc3ccc(S(N)(=O)=O)cc3)n2)cc1,-4.3
FC1=CC=CC(=C1C(=O)NC(=O)NC2=CC(=C(OC3=C(Cl)C=C(C=N3)C(F)(F)F)C(=C2)Cl)Cl)F,O=C(NC(=O)c1c(F)cccc1F)Nc1cc(Cl)c(Oc2ncc(C(F)(F)F)cc2Cl)c(Cl)c1,-8.65
COC1=C(F)C=C(C=C1)C2=C(Cl)N=C[N]2C3=CC=C(C=C3)[S](=O)(=O)N[P](O)(O)=O,COc1ccc(-c2c(Cl)ncn2-c2ccc(S(=O)(=O)NP(=O)(O)O)cc2)cc1F,-2.55
N[S](=O)(=O)C1=CC=C(NC2=CC=NC(=N2)N[S](=O)(=O)C3=CC(=CC=C3)C(F)(F)F)C=C1,NS(=O)(=O)c1ccc(Nc2ccnc(NS(=O)(=O)c3cccc(C(F)(F)F)c3)n2)cc1,-1.82
N[S](=O)(=O)C1=CC=C(NC2=CC=NC(=N2)NC(=O)N[S](=O)(=O)C3=CC=C(Cl)C=C3)C=C1,NS(=O)(=O)c1ccc(Nc2ccnc(NC(=O)NS(=O)(=O)c3ccc(Cl)cc3)n2)cc1,-4.0
OCC1OC2OC3C(O)C(O)C(OC3CO)OC4C(O)C(O)C(OC4CO)OC5C(O)C(O)C(OC5CO)OC6C(O)C(O)C(OC6CO)OC7C(O)C(O)C(OC7CO)OC8C(O)C(O)C(OC8CO)OC9C(O)C(O)C(OC9CO)OC1C(O)C2O,OCC1OC2OC3C(CO)OC(OC4C(CO)OC(OC5C(CO)OC(OC6C(CO)OC(OC7C(CO)OC(OC8C(CO)OC(OC9C(CO)OC(OC1C(O)C2O)C(O)C9O)C(O)C8O)C(O)C7O)C(O)C6O)C(O)C5O)C(O)C4O)C(O)C3O,-0.75
COCCNC(=O)C(NC(=O)C(CC(O)C(CC1=CC=CC=C1)NC(=O)OC(C)(C)C)CC2=CC(=C(OC)C(=C2)OC)OC)C(C)C,COCCNC(=O)C(NC(=O)C(Cc1cc(OC)c(OC)c(OC)c1)CC(O)C(Cc1ccccc1)NC(=O)OC(C)(C)C)C(C)C,-4.0
N[S](=O)(=O)C1=CC=C(NC2=NC(=NC=C2)N[S](=O)(=O)C3=C(F)C(=C(F)C(=C3F)F)F)C=C1,NS(=O)(=O)c1ccc(Nc2ccnc(NS(=O)(=O)c3c(F)c(F)c(F)c(F)c3F)n2)cc1,-1.57
CCCOC1=CC=C2C(C(C(C3=CC=C(OC)C=C3OCC(O)=O)C2=C1)C(O)=O)C4=CC5=C(OCO5)C=C4,CCCOc1ccc2c(c1)C(c1ccc(OC)cc1OCC(=O)O)C(C(=O)O)C2c1ccc2c(c1)OCO2,-6.77
CC(C)C1(NC(=O)C2CC3C(CC4=C[NH]C5=C4C3=CC=C5)N(C)C2)OC6(O)C7CCCN7C(=O)C(CC8=CC=CC=C8)N6C1=O,CC(C)C1(NC(=O)C2CC3c4cccc5[nH]cc(c45)CC3N(C)C2)OC2(O)C3CCCN3C(=O)C(Cc3ccccc3)N2C1=O,-5.27
COC1C(CC2CN3CCC4=C([NH]C5=C4C=CC(=C5)OC)C3CC2C1C(=O)OC)OC(=O)C6=CC(=C(OC)C(=C6)OC)OC,COC(=O)C1C2CC3c4[nH]c5cc(OC)ccc5c4CCN3CC2CC(OC(=O)c2cc(OC)c(OC)c(OC)c2)C1OC,-5.97
OC(CC(C1=CC=CC=C1)C2=C(O)C3=C(OC2=O)C=CC=C3)C4=CC=C(C=C4)C5=CC=C(Br)C=C5,O=c1oc2ccccc2c(O)c1C(CC(O)c1ccc(-c2ccc(Br)cc2)cc1)c1ccccc1,-4.45
CC(C)CCCC(C)C1CCC2C3CCC4CC(C)(CCC=C(C5=CC(=C(O)C(=C5)C(O)=O)Cl)C6=CC(=C(O)C(=C6)C(O)=O)Cl)CCC4(C)C3CCC12C,CC(C)CCCC(C)C1CCC2C3CCC4CC(C)(CCC=C(c5cc(Cl)c(O)c(C(=O)O)c5)c5cc(Cl)c(O)c(C(=O)O)c5)CCC4(C)C3CCC12C,-8.46
CC(C)CC(NC(=O)C(CC1=C[NH]C=N1)NC(=O)C(CC2=CC=CC=C2)NC(=O)OC(C)(C)C)C(O)CC(=O)NC(CC(C)C)C(=O)NCCCN(CCO)CCO,CC(C)CC(NC(=O)CC(O)C(CC(C)C)NC(=O)C(Cc1c[nH]cn1)NC(=O)C(Cc1ccccc1)NC(=O)OC(C)(C)C)C(=O)NCCCN(CCO)CCO,-2.37
CC(C)CC(NC(=O)C(CC1=C[NH]C=N1)NC(=O)C(CC2=CC=CC=C2)NC(=O)OC(C)(C)C)C(O)CC(=O)NC(CC(C)C)C(=O)NCCC(N)C(O)=O,CC(C)CC(NC(=O)CC(O)C(CC(C)C)NC(=O)C(Cc1c[nH]cn1)NC(=O)C(Cc1ccccc1)NC(=O)OC(C)(C)C)C(=O)NCCC(N)C(=O)O,-2.22
CSCC(NC(=O)COC1=CC=CC2=C1C=CN=C2)C(=O)NC(CC3=CC=CC=C3)C(O)C(=O)N4CSCC4C(=O)NC(C)(C)C,CSCC(NC(=O)COc1cccc2cnccc12)C(=O)NC(Cc1ccccc1)C(O)C(=O)N1CSCC1C(=O)NC(C)(C)C,-3.95
CC(C)C1=C(Br)C(=C(C)C=C1C2(O[S](=O)(=O)C3=C2C=CC=C3)C4=CC(=C(O)C(=C4C(C)C)Br)C)O,Cc1cc(C2(c3cc(C)c(O)c(Br)c3C(C)C)OS(=O)(=O)c3ccccc32)c(C(C)C)c(Br)c1O,-5.18
CC(C)CC(NC(=O)C(CC1=C[NH]C=N1)NC(=O)C(CC2=CC=CC=C2)NC(=O)OC(C)(C)C)C(O)CC(=O)NC(CC(C)C)C(=O)NCC3=CC=NC=C3,CC(C)CC(NC(=O)CC(O)C(CC(C)C)NC(=O)C(Cc1c[nH]cn1)NC(=O)C(Cc1ccccc1)NC(=O)OC(C)(C)C)C(=O)NCc1ccncc1,-3.36
CC(C)CC(NC(=O)C(CC1=C[NH]C=N1)NC(=O)C(CC2=CC=CC=C2)NC(=O)OC(C)(C)C)C(O)CC(=O)NC(CC(C)C)C(=O)NCC3=CC=CC=N3,CC(C)CC(NC(=O)CC(O)C(CC(C)C)NC(=O)C(Cc1c[nH]cn1)NC(=O)C(Cc1ccccc1)NC(=O)OC(C)(C)C)C(=O)NCc1ccccn1,-3.42
CC(C)CC(NC(=O)C(CC1=C[NH]C=N1)NC(=O)C(CC2=CC=CC=C2)NC(=O)OC(C)(C)C)C(O)CC(=O)NC(CC(C)C)C(=O)NCC3=CC=[N+]([O-])C=C3,CC(C)CC(NC(=O)CC(O)C(CC(C)C)NC(=O)C(Cc1c[nH]cn1)NC(=O)C(Cc1ccccc1)NC(=O)OC(C)(C)C)C(=O)NCc1cc[n+]([O-])cc1,-2.38
CC(C)CC(NC(=O)C(CC1=C[NH]C=N1)NC(=O)C(CC2=CC=CC=C2)NC(=O)OC(C)(C)C)C(O)CC(=O)NC(CC(C)C)C(=O)NCC3=CC=CC(=C3)CN,CC(C)CC(NC(=O)CC(O)C(CC(C)C)NC(=O)C(Cc1c[nH]cn1)NC(=O)C(Cc1ccccc1)NC(=O)OC(C)(C)C)C(=O)NCc1cccc(CN)c1,-2.85
CC(C)CC(NC(=O)C(CC1=C[NH]C=N1)NC(=O)C(CC2=CC=CC=C2)NC(=O)OC(C)(C)C)C(O)CC(=O)NC(CC(C)C)C(=O)NCC(N)C3=CC=CC=N3,CC(C)CC(NC(=O)CC(O)C(CC(C)C)NC(=O)C(Cc1c[nH]cn1)NC(=O)C(Cc1ccccc1)NC(=O)OC(C)(C)C)C(=O)NCC(N)c1ccccn1,-3.4
OC(=O)C1=C(I)C(=C(I)C=C1I)NC(=O)CCCCC(=O)NC2=C(I)C=C(I)C(=C2I)C(O)=O,O=C(CCCCC(=O)Nc1c(I)cc(I)c(C(=O)O)c1I)Nc1c(I)cc(I)c(C(=O)O)c1I,-3.39
CC(C)CC(NC(=O)CC(O)C(CC1CCCCC1)NC(=O)C(CC2=C[NH]C=N2)NC(=O)C(CC3=CC=CC=C3)NC(=O)OC(C)(C)C)C(=O)NCC4=CC=CC(=C4)CN,CC(C)CC(NC(=O)CC(O)C(CC1CCCCC1)NC(=O)C(Cc1c[nH]cn1)NC(=O)C(Cc1ccccc1)NC(=O)OC(C)(C)C)C(=O)NCc1cccc(CN)c1,-4.7
CC(C)CC(NC(=O)C(CC1=C[NH]C=N1)NC(=O)C(CC2=CC=CC=C2)NC(=O)OC(C)(C)C)C(O)CC(=O)NC(CC(C)C)C(=O)NC(C(O)=O)C3=CC=CC=C3,CC(C)CC(NC(=O)CC(O)C(CC(C)C)NC(=O)C(Cc1c[nH]cn1)NC(=O)C(Cc1ccccc1)NC(=O)OC(C)(C)C)C(=O)NC(C(=O)O)c1ccccc1,-3.13
CCC(C)C1NC(=O)C(CC2=CC=CC=C2)NC(=O)C3CCCN3C(=O)C(CC4=CC=CC=C4)N(C)C(=O)C5CCCCN5C(=O)C6CCCCN6C1=O,CCC(C)C1NC(=O)C(Cc2ccccc2)NC(=O)C2CCCN2C(=O)C(Cc2ccccc2)N(C)C(=O)C2CCCCN2C(=O)C2CCCCN2C1=O,-5.57
CC(C)CC(NC(=O)C(CC1=C[NH]C=N1)NC(=O)C(CC2=CC=CC=C2)NC(=O)OC(C)(C)C)C(O)CC(=O)NC(CC(C)C)C(=O)NC(CC3=CC(=CC=C3)CN)C(O)=O,CC(C)CC(NC(=O)CC(O)C(CC(C)C)NC(=O)C(Cc1c[nH]cn1)NC(=O)C(Cc1ccccc1)NC(=O)OC(C)(C)C)C(=O)NC(Cc1cccc(CN)c1)C(=O)O,-2.82
CCC(C)C1NC(=O)C(CC2=C[NH]C3=C2C=CC=C3)NC(=O)C4CCCN4C(=O)C(CC5=C[NH]C=N5)NC(=O)C6CCCCN6C(=O)C7CCCCN7C1=O,CCC(C)C1NC(=O)C(Cc2c[nH]c3ccccc23)NC(=O)C2CCCN2C(=O)C(Cc2c[nH]cn2)NC(=O)C2CCCCN2C(=O)C2CCCCN2C1=O,-2.58
CCC(C)C1NC(=O)C(CC2=CC=CC=C2)NC(=O)C3CCCN3C(=O)C(CC4=CC=CC=C4)N(C)C(=O)C(CCCN)NC(=O)C5CCC=NN5C1=O,CCC(C)C1NC(=O)C(Cc2ccccc2)NC(=O)C2CCCN2C(=O)C(Cc2ccccc2)N(C)C(=O)C(CCCN)NC(=O)C2CCC=NN2C1=O,-2.7
CCC(C)C1NC(=O)C(CC2=CC3=C(C=CC=C3)C=C2)NC(=O)C4CCCN4C(=O)C(CC5=C[NH]C=N5)NC(=O)C6CCCCN6C(=O)C7CCCCN7C1=O,CCC(C)C1NC(=O)C(Cc2ccc3ccccc3c2)NC(=O)C2CCCN2C(=O)C(Cc2c[nH]cn2)NC(=O)C2CCCCN2C(=O)C2CCCCN2C1=O,-3.98
CCC(C)C1NC(=O)C(CC2=C[NH]C3=C2C=CC=C3)NC(=O)C4CCCN4C(=O)C(CC5=CC=CC=C5)N(C)C(=O)C6CNCCN6C(=O)C7CCCCN7C1=O,CCC(C)C1NC(=O)C(Cc2c[nH]c3ccccc23)NC(=O)C2CCCN2C(=O)C(Cc2ccccc2)N(C)C(=O)C2CNCCN2C(=O)C2CCCCN2C1=O,-2.75
CCC(C)C1NC(=O)C(CC2=C[NH]C3=C2C=CC=C3)NC(=O)C4CCCN4C(=O)C(CC5=C[NH]C=N5)NC(=O)C6CCCCN6C(=O)C7CCC=NN7C1=O,CCC(C)C1NC(=O)C(Cc2c[nH]c3ccccc23)NC(=O)C2CCCN2C(=O)C(Cc2c[nH]cn2)NC(=O)C2CCCCN2C(=O)C2CCC=NN2C1=O,-2.6
CCC(C)C1NC(=O)C(CC2=CC=CC=C2)NC(=O)C3CCCN3C(=O)C(CC4=CC=CC=C4)N(C)C(=O)C5CCC=NN5C(=O)C6CCC=NN6C1=O,CCC(C)C1NC(=O)C(Cc2ccccc2)NC(=O)C2CCCN2C(=O)C(Cc2ccccc2)N(C)C(=O)C2CCC=NN2C(=O)C2CCC=NN2C1=O,-4.04
CCCCCCCCCCCC,CCCCCCCCCCCC,-6.41
CCCCCCCCCCCCCC,CCCCCCCCCCCCCC,-7.456
BrC=C,C=CBr,-1.275
CCOC=C,C=COCC,-0.858
CO[P](=O)(OC)OC=C(Cl)Cl,COP(=O)(OC)OC=C(Cl)Cl,-1.344
[Cl-].C[N+](C)(C)CCCl,C[N+](C)(C)CCCl.[Cl-],0.799
CCO[P](=S)(OCC)O\N=C(C#N)\c1ccccc1,CCOP(=S)(OCC)O/N=C(\C#N)c1ccccc1,-4.63
CSC1=NN=C(C(=O)N1N)C(C)(C)C,CSc1nnc(C(C)(C)C)c(=O)n1N,-2.245
CCN(CC)c1nc(C)cc(O[P](=S)(OC)OC)n1,CCN(CC)c1nc(C)cc(OP(=S)(OC)OC)n1,-4.133
CCO[P](=O)(OCC)SCN1N=Nc2ccccc2C1=O,CCOP(=O)(OCC)SCn1nnc2ccccc2c1=O,-1.993
COC(=O)C(C)Oc1ccc(Oc2ccc(Cl)cc2Cl)cc1,COC(=O)C(C)Oc1ccc(Oc2ccc(Cl)cc2Cl)cc1,-3.834
CC1(C)[C@@H](C=C(Cl)Cl)[C@H]1C(=O)OCc2cccc(Oc3ccccc3)c2,CC1(C)[C@H](C(=O)OCc2cccc(Oc3ccccc3)c2)[C@@H]1C=C(Cl)Cl,-6.99
COC(=O)c1ccccc1[S](=O)(=O)NC(=O)Nc2nc(C)nc(OC)n2,COC(=O)c1ccccc1S(=O)(=O)NC(=O)Nc1nc(C)nc(OC)n1,-1.604
FC(F)(F)c1ccccc1,FC(F)(F)c1ccccc1,-2.511
CNC,CNC,1.558
Oc1ccc(cc1[N+]([O-])=O)C(F)(F)F,O=[N+]([O-])c1cc(C(F)(F)F)ccc1O,-2.503
OC(=O)C(Cl)(Cl)Cl,O=C(O)C(Cl)(Cl)Cl,0.519
CCC(=O)c1ccc(O)cc1,CCC(=O)c1ccc(O)cc1,-2.639
CCCCCCCCCCCCN1CCCC1=O,CCCCCCCCCCCCN1CCCC1=O,-4.67
CCCCCCCCCCCCN1CC(CC1=O)C(O)=O,CCCCCCCCCCCCN1CC(C(=O)O)CC1=O,-3.2230000000000003
CN1CC(CC1=O)C(O)=O,CN1CC(C(=O)O)CC1=O,-0.954
COC(=O)C1CN(C)C(=O)C1,COC(=O)C1CC(=O)N(C)C1,0.804
CCCCCCN1CC(CC1=O)C(=O)OC,CCCCCCN1CC(C(=O)OC)CC1=O,-1.246
CCc1ccccn1,CCc1ccccn1,0.501
Cc1cccc(C)n1,Cc1cccc(C)n1,0.447
[O-][N+](=O)c1nccn1CC(=O)NCc2ccccc2,O=C(Cn1ccnc1[N+](=O)[O-])NCc1ccccc1,-2.813
CNc1cccc2C(=O)c3ccccc3C(=O)c12,CNc1cccc2c1C(=O)c1ccccc1C2=O,-6.3
Nc1ccc(N)c2C(=O)c3ccccc3C(=O)c12,Nc1ccc(N)c2c1C(=O)c1ccccc1C2=O,-5.859
COc1cc(N)c2C(=O)c3ccccc3C(=O)c2c1N,COc1cc(N)c2c(c1N)C(=O)c1ccccc1C2=O,-5.746
CCN(CCO)c1ccc(cc1)N=Nc2ccc(cc2)[N+]([O-])=O,CCN(CCO)c1ccc(N=Nc2ccc([N+](=O)[O-])cc2)cc1,-6.292999999999999
Cc1cc(ccc1N=Nc2ccc(cc2Cl)[N+]([O-])=O)N(CCO)CCO,Cc1cc(N(CCO)CCO)ccc1N=Nc1ccc([N+](=O)[O-])cc1Cl,-6.57
[O-][N+](=O)c1cc(ccc1Nc2ccccc2)[S](=O)(=O)Nc3ccccc3,O=[N+]([O-])c1cc(S(=O)(=O)Nc2ccccc2)ccc1Nc1ccccc1,-6.269
OCCN(CCC#N)c1ccc(cc1)N=Nc2ccc(cc2Cl)[N+]([O-])=O,N#CCCN(CCO)c1ccc(N=Nc2ccc([N+](=O)[O-])cc2Cl)cc1,-6.13
Oc1ccc2cc(O)ccc2c1,Oc1ccc2cc(O)ccc2c1,-2.205
CC1=C(O)C(=O)C=CO1,Cc1occc(=O)c1O,-1.063
OCC(O)C1OC(=C(O)C1=O)O,O=C1C(O)=C(O)OC1C(O)CO,0.2769999999999999
CN1[C@@H]2CC(C[C@H]1C3OC23)OC(=O)[C@H](CO)c4ccccc4,CN1[C@@H]2CC(OC(=O)[C@H](CO)c3ccccc3)C[C@H]1C1OC12,-0.504
C[C@]12CC[C@@H](O)C[C@@H]1CC[C@@H]3[C@@H]2CC[C@@]4(C)[C@H]3CCC4=O,C[C@]12CC[C@@H](O)C[C@@H]1CC[C@@H]1[C@@H]2CC[C@]2(C)C(=O)CC[C@@H]12,-4.402
C[C@]12CC[C@H]3[C@@H](CC=C4C[C@@H](O)CC[C@]34C)[C@@H]1CCC2=O,C[C@]12CC[C@H](O)CC1=CC[C@@H]1[C@@H]2CC[C@]2(C)C(=O)CC[C@@H]12,-4.122
NC(Cc1c[nH]c2ccc(O)cc12)C(O)=O,NC(Cc1c[nH]c2ccc(O)cc12)C(=O)O,-1.3430000000000002
OCC(O)C=O,O=CC(O)CO,-0.489
OC(=O)CCCCC1SCC2NC(=O)NC12,O=C(O)CCCCC1SCC2NC(=O)NC21,-3.0460000000000003
CCO[S](C)(=O)=O,CCOS(C)(=O)=O,0.402
OC(=O)CC(S)C(O)=O,O=C(O)CC(S)C(=O)O,0.522
CCC(=O)c1ccc(N)cc1,CCC(=O)c1ccc(N)cc1,-2.627
ClC=C,C=CCl,-1.36
FC=C,C=CF,-0.276
FC(F)(F)C(F)(F)Cl,FC(F)(F)C(F)(F)Cl,-3.411
FC(F)(F)C(F)(F)C(F)(F)F,FC(F)(F)C(F)(F)C(F)(F)F,-4.518
OC1CC(O)(CC(O)C1O)C(O)=O,O=C(O)C1(O)CC(O)C(O)C(O)C1,0.179
CC(C)CBr,CC(C)CBr,-2.432
CCC(C)C,CCC(C)C,-3.1630000000000003
CC(C)[N+]([O-])=O,CC(C)[N+](=O)[O-],-0.615
Nc1ccc(cc1)[S](=O)(=O)c2ccc(NCCO)cc2,Nc1ccc(S(=O)(=O)c2ccc(NCCO)cc2)cc1,-2.597
CC(C)(O)C1CCC(C)(O)CC1,CC1(O)CCC(C(C)(C)O)CC1,-1.634
CCC(C(CC)c1ccc(O)cc1)c2ccc(O)cc2,CCC(c1ccc(O)cc1)C(CC)c1ccc(O)cc1,-4.353
C/C=C(c1ccc(O)cc1)/C(=C/C)c2ccc(O)cc2,C/C=C(C(=C/C)/c1ccc(O)cc1)\c1ccc(O)cc1,-4.948
OC(=O)c1cccc(c1O)[N+]([O-])=O,O=C(O)c1cccc([N+](=O)[O-])c1O,-2.149
Nc1ccc2ccccc2c1N=Nc3ccccc3,Nc1ccc2ccccc2c1N=Nc1ccccc1,-5.916
CN1C2CCC1CC(C2)OC(=O)C(O)c3ccccc3,CN1C2CCC1CC(OC(=O)C(O)c1ccccc1)C2,-1.44
OC1C(O)C(O)C(O)C(O)C1O,OC1C(O)C(O)C(O)C(O)C1O,-0.1
[O-][N+](=O)c1cc(c(Cl)c(c1)[N+]([O-])=O)[N+]([O-])=O,O=[N+]([O-])c1cc([N+](=O)[O-])c(Cl)c([N+](=O)[O-])c1,-2.669
OC(=O)c1cc(C(O)=O)c(cc1C(O)=O)C(O)=O,O=C(O)c1cc(C(=O)O)c(C(=O)O)cc1C(=O)O,-1.259
O=C(/C=C/C=C/c1ccc2OCOc2c1)N3CCCCC3,O=C(/C=C/C=C/c1ccc2c(c1)OCO2)N1CCCCC1,-3.853
ClCC(Br)CBr,ClCC(Br)CBr,-2.374
OC(CCl)CCl,OC(CCl)CCl,-0.115
ClC(Cl)(Cl)c1ccccc1,ClC(Cl)(Cl)c1ccccc1,-3.567
OC(=O)CC(CC(O)=O)C(O)=O,O=C(O)CC(CC(=O)O)C(=O)O,0.275
C(OCc1ccccc1)c2ccccc2,c1ccc(COCc2ccccc2)cc1,-3.695
OC(=O)/C=C/c1[nH]cnc1,O=C(O)/C=C/c1cnc[nH]1,-1.964
CCCOC(=O)CCC,CCCOC(=O)CCC,-1.905
CCCC(C)C,CCCC(C)C,-3.74
CC(C)CC(O)CC(C)C,CC(C)CC(O)CC(C)C,-2.1590000000000003
NC(=S)NCC=C,C=CCNC(N)=S,-0.294
C=COC=C,C=COC=C,-1.261
NCCNCCNCCN,NCCNCCNCCN,0.835
NCCNCCNCCNCCN,NCCNCCNCCNCCN,0.723
CC[S](=O)(=O)C(C)(C)[S](=O)(=O)CC,CCS(=O)(=O)C(C)(C)S(=O)(=O)CC,-1.927
FC1(F)C(F)(F)C(F)(F)C1(F)F,FC1(F)C(F)(F)C(F)(F)C1(F)F,-3.638
COC1=CC=C2[C@H]3Cc4ccc(OC)c5O[C@@H]1[C@]2(CCN3C)c45,COC1=CC=C2[C@H]3Cc4ccc(OC)c5c4[C@@]2(CCN3C)[C@H]1O5,-2.661
COc1ccc(cc1[N+]([O-])=O)[N+]([O-])=O,COc1ccc([N+](=O)[O-])cc1[N+](=O)[O-],-3.107
FC(Br)C(F)(F)F,FC(Br)C(F)(F)F,-1.901
CC(=O)C1C(=O)C=C2Oc3c(C(C)=O)c(O)c(C)c(O)c3C2(C)C1=O,CC(=O)c1c(O)c(C)c(O)c2c1OC1=CC(=O)C(C(C)=O)C(=O)C12C,-3.537
OCC(CO)(CO)[N+]([O-])=O,O=[N+]([O-])C(CO)(CO)CO,0.821
COc1ccc(C(=O)Cc2c(CCN(C)C)cc3OCOc3c2OC)c(C(O)=O)c1OC,COc1ccc(C(=O)Cc2c(CCN(C)C)cc3c(c2OC)OCO3)c(C(=O)O)c1OC,-2.535
CC(=O)[C@H]1CC[C@H]2[C@@H]3CC=C4C[C@@H](O)CC[C@]4(C)[C@H]3CC[C@]12C,CC(=O)[C@H]1CC[C@H]2[C@@H]3CC=C4C[C@@H](O)CC[C@]4(C)[C@H]3CC[C@]12C,-4.652
Fc1ccccc1F,Fc1ccccc1F,-2.0
FC(F)(F)COC=C,C=COCC(F)(F)F,-1.4780000000000002
CC1OC(O[C@H]2CC[C@]3(C)[C@H]4CC[C@]5(C)[C@H](CC[C@]5(O)[C@@H]4CCC3=C2)C6=COC(=O)C=C6)C(O)C(O)C1O,CC1OC(O[C@@H]2C=C3CC[C@@H]4[C@H](CC[C@]5(C)[C@@H](c6ccc(=O)oc6)CC[C@]45O)[C@@]3(C)CC2)C(O)C(O)C1O,-3.955
O=C1C=CC=C2[C@@H]3CNC[C@H](C3)CN12,O=c1cccc2n1C[C@@H]1CNC[C@@H]2C1,0.363
C\C(=C/C(O)=O)C(O)=O,C/C(=C\C(=O)O)C(=O)O,-0.6940000000000001
O[S](=O)(=O)C[S](O)(=O)=O,O=S(=O)(O)CS(=O)(=O)O,0.754
CC(C)(C)Cl,CC(C)(C)Cl,-1.507
CCOC(=O)C(O)(c1ccc(Cl)cc1)c2ccc(Cl)cc2,CCOC(=O)C(O)(c1ccc(Cl)cc1)c1ccc(Cl)cc1,-4.512
CC(C)CCl,CC(C)CCl,-2.0
Oc1cc(O)c(c(O)c1)C(=O)c2ccc(O)c(O)c2,O=C(c1ccc(O)c(O)c1)c1c(O)cc(O)cc1O,-1.72
CC(=O)C1C(=O)OC(=CC1=O)C,CC(=O)C1C(=O)C=C(C)OC1=O,-1.226
COC1=C(C#N)C(=O)N(C)C=C1,COc1ccn(C)c(=O)c1C#N,-1.784
OC[C@H](O)[C@@H](O)C(O)[C@H](O)[C@H](O)CO,OC[C@@H](O)[C@@H](O)C(O)[C@H](O)[C@@H](O)CO,-0.517
CC(=O)c1ccc(O[C@@H]2O[C@H](CO)[C@@H](O)[C@H](O)[C@H]2O)cc1,CC(=O)c1ccc(O[C@@H]2O[C@H](CO)[C@@H](O)[C@H](O)[C@H]2O)cc1,-1.1740000000000002
CC(C)(C)c1sc(N[S](=O)(=O)c2ccc(N)cc2)nn1,CC(C)(C)c1nnc(NS(=O)(=O)c2ccc(N)cc2)s1,-3.74
CCc1cccnc1,CCc1cccnc1,0.5379999999999999
CN1C2CCC1CC(C2)OC(=O)c3ccccc3,CN1C2CCC1CC(OC(=O)c1ccccc1)C2,-2.369
CCOC(=O)NCC(C)C,CCOC(=O)NCC(C)C,-0.768
CCCCCOC(=O)CCC,CCCCCOC(=O)CCC,-2.467
CC(=O)NCC(O)=O,CC(=O)NCC(=O)O,-0.649
COC(=O)C1=CO[C@@H](O[C@@H]2O[C@H](CO)[C@@H](O)[C@H](O)[C@H]2O)[C@@H]3[C@@H](C)CC(=O)[C@H]13,COC(=O)C1=CO[C@@H](O[C@@H]2O[C@H](CO)[C@@H](O)[C@H](O)[C@H]2O)[C@H]2[C@@H]1C(=O)C[C@@H]2C,-0.265
OC(=O)c1cccc(C(O)=O)c1C(O)=O,O=C(O)c1cccc(C(=O)O)c1C(=O)O,-0.8370000000000001
CCCOC(=O)CN1C=C(I)C(=O)C(=C1)I,CCCOC(=O)Cn1cc(I)c(=O)c(I)c1,-3.504
Brc1ccc(I)cc1,Brc1ccc(I)cc1,-4.452
CC1=CCC(=O)O1,CC1=CCC(=O)O1,-0.293
CC(C)C(C)(C)O,CC(C)C(C)(C)O,-0.411
CC(C)(C)C(C)(C)O,CC(C)(C)C(C)(C)O,-0.723
CC(=O)O[C@@]1(CC[C@H]2[C@@H]3C=C(C)C4=CC(=O)CC[C@]4(C)[C@H]3CC[C@]12C)C(C)=O,CC(=O)O[C@]1(C(C)=O)CC[C@H]2[C@@H]3C=C(C)C4=CC(=O)CC[C@]4(C)[C@H]3CC[C@@]21C,-5.284
CC(C)(C(O)=O)C(O)=O,CC(C)(C(=O)O)C(=O)O,-0.1669999999999999
CC(C)(CC(O)=O)C(O)=O,CC(C)(CC(=O)O)C(=O)O,-0.32
CCCC(C)(O)CC,CCCC(C)(O)CC,-1.001
COc1c(cc(cc1[N+]([O-])=O)[N+]([O-])=O)[N+]([O-])=O,COc1c([N+](=O)[O-])cc([N+](=O)[O-])cc1[N+](=O)[O-],-3.085
O=C1C=CNc2ccccc12,O=c1cc[nH]c2ccccc12,-1.481
O=C(NC(=O)c1ccccc1)c2ccccc2,O=C(NC(=O)c1ccccc1)c1ccccc1,-2.273
Ic1ccccc1I,Ic1ccccc1I,-4.217
CC[NH+](C)CC,CC[NH+](C)CC,0.713
CCCCC(O)CCCC,CCCCC(O)CCCC,-2.49
CCCC(C)Cl,CCCC(C)Cl,-2.63
Ic1cccc(I)c1,Ic1cccc(I)c1,-4.518
CCCCCCCC(C)O,CCCCCCCC(C)O,-2.744
OC(=O)c1ccnc(C(O)=O)c1C(O)=O,O=C(O)c1ccnc(C(=O)O)c1C(=O)O,-1.245
Clc1ccccc1Br,Clc1ccccc1Br,-3.2030000000000003
OC(=O)CC(Br)C(O)=O,O=C(O)CC(Br)C(=O)O,-0.215
[O-][N+](=O)c1ccc(Nc2ccccc2)c(c1)[N+]([O-])=O,O=[N+]([O-])c1ccc(Nc2ccccc2)c([N+](=O)[O-])c1,-3.834
CCOc1ccc(N[S](=O)(=O)c2ccc(N)cc2)nn1,CCOc1ccc(NS(=O)(=O)c2ccc(N)cc2)nn1,-2.427
CC(C)c1ccc2ccccc2c1,CC(C)c1ccc2ccccc2c1,-5.297999999999999
CC12CCC3C(CCC4CC5SC5CC34C)C1CCC2O,CC12CCC3C(CCC4CC5SC5CC43C)C1CCC2O,-5.407
C#CCCCC#C,C#CCCCC#C,-1.747
CC(C)CCCCCCO,CC(C)CCCCCCO,-2.487
OC(=O)C1(O)c2ccccc2c3ccc(Cl)cc13,O=C(O)C1(O)c2ccccc2-c2ccc(Cl)cc21,-4.1610000000000005
CC(=C)[C@@H]1[C@H]2OC(=O)[C@@H]1[C@]3(O)[C@H]4O[C@H]4[C@]5(CO5)[C@]3(C)[C@@H]2O,C=C(C)[C@@H]1[C@H]2OC(=O)[C@@H]1[C@]1(O)[C@H]3O[C@H]3[C@]3(CO3)[C@]1(C)[C@@H]2O,-1.19
CC(=O)Nc1ccc(N\N=C\2C=C(C)C=CC2=O)cc1,CC(=O)Nc1ccc(N/N=C2\C=C(C)C=CC2=O)cc1,-5.358
CCCCCCCC#C,C#CCCCCCCC,-4.093999999999999
CC(=C)C1(O)[C@H]2OC(=O)[C@@H]1[C@]3(O)[C@H]4O[C@H]4[C@]5(CO5)[C@]3(C)[C@@H]2O,C=C(C)C1(O)[C@H]2OC(=O)[C@@H]1[C@]1(O)[C@H]3O[C@H]3[C@]3(CO3)[C@]1(C)[C@@H]2O,-1.42
CCCCCC(O)CCC,CCCCCC(O)CCC,-2.591
C\C(Cl)=C/C(O)=O,C/C(Cl)=C\C(=O)O,-0.605
CC(C)=C[C@@H]1[C@@H](C(=O)OCN2C(=O)C3=C(CCCC3)C2=O)C1(C)C,CC(C)=C[C@@H]1[C@@H](C(=O)OCN2C(=O)C3=C(CCCC3)C2=O)C1(C)C,-4.8580000000000005
C[C@H]([C@H](C)C([O-])=O)C([O-])=O,C[C@H](C(=O)[O-])[C@@H](C)C(=O)[O-],-0.688
COC(=O)Nc1cccc(OC(=O)Nc2cccc(C)c2)c1,COC(=O)Nc1cccc(OC(=O)Nc2cccc(C)c2)c1,-4.779
CCCC(CC)(CC)CO,CCCC(CC)(CC)CO,-2.419
CN1CC[C@]23[C@H]4Oc5c(OCc6ccccc6)ccc(C[C@@H]1[C@@H]2C=C[C@@H]4O)c35,CN1CC[C@]23c4c5ccc(OCc6ccccc6)c4O[C@H]2[C@@H](O)C=C[C@H]3[C@H]1C5,-2.9730000000000003
OCC(O)[C@H]1OC2O[C@@H](O[C@@H]2[C@H]1O)C(Cl)(Cl)Cl,OCC(O)[C@H]1OC2O[C@H](C(Cl)(Cl)Cl)O[C@@H]2[C@H]1O,-1.843
CC(C)OC(=O)C(O)(c1ccc(Br)cc1)c2ccc(Br)cc2,CC(C)OC(=O)C(O)(c1ccc(Br)cc1)c1ccc(Br)cc1,-4.933
CCCCOCN(C(=O)CCl)c1c(CC)cccc1CC,CCCCOCN(C(=O)CCl)c1c(CC)cccc1CC,-4.1930000000000005
CCCCC1=C(C)NC(=NC1=O)NCC,CCCCc1c(C)[nH]c(NCC)nc1=O,-3.02
CCNc1nc(NC(C)CC)nc(OC)n1,CCNc1nc(NC(C)CC)nc(OC)n1,-2.575
CC(Cl)=CCl,CC(Cl)=CCl,-1.614
OC(=O)c1cccc(Cl)c1C(O)=O,O=C(O)c1cccc(Cl)c1C(=O)O,-0.976
CNC(=O)N(C)c1sc(nn1)C(C)(C)C,CNC(=O)N(C)c1nnc(C(C)(C)C)s1,-1.997
CCO[P](=S)(NC(C)CC)Oc1cc(C)ccc1[N+]([O-])=O,CCOP(=S)(NC(C)CC)Oc1cc(C)ccc1[N+](=O)[O-],-4.814
CC\1=C(CC(O)=O)c2cc(F)ccc2C1=C\c3ccc(cc3)[S](C)=O,CC1=C(CC(=O)O)c2cc(F)ccc2/C1=C\c1ccc([S+](C)[O-])cc1,-4.552
COC(=O)[C@@H]1C2CC(C=C2)[C@@H]1C(=O)OC,COC(=O)[C@@H]1C2C=CC(C2)[C@@H]1C(=O)OC,-1.202
CCOC(=O)\C=C(C)\C=C\CC(C)CCCC(C)C,CCOC(=O)/C=C(C)/C=C/CC(C)CCCC(C)C,-5.693
CC(C)OC(=O)[C@H](C)N(C(=O)c1ccccc1)c2ccc(F)c(Cl)c2,CC(C)OC(=O)[C@H](C)N(C(=O)c1ccccc1)c1ccc(F)c(Cl)c1,-4.561
CCN(Cc1c(F)cccc1Cl)c2c(cc(cc2[N+]([O-])=O)C(F)(F)F)[N+]([O-])=O,CCN(Cc1c(F)cccc1Cl)c1c([N+](=O)[O-])cc(C(F)(F)F)cc1[N+](=O)[O-],-6.625
Nc1nc(N)nc(NC2CC2)n1,Nc1nc(N)nc(NC2CC2)n1,-1.179
CCOC(=O)C(C)Oc1cccc(Oc2sc3cc(Cl)ccc3n2)c1,CCOC(=O)C(C)Oc1cccc(Oc2nc3ccc(Cl)cc3s2)c1,-5.674
C1CCCC1,C1CCCC1,-2.64
CCC(C)(C)C,CCC(C)(C)C,-3.55
C1CCCCC1,C1CCCCC1,-3.1
CCC=CC,CC=CCC,-2.54
CCCCC=CC,CC=CCCCC,-3.82
CCCCC#C,C#CCCCC,-2.36
c1cc(C)cc(C)c1C,Cc1ccc(C)c(C)c1,-3.31
c1cc(CC)ccc1CC,CCc1ccc(CC)cc1,-3.75
c1cc(C)ccc1C(C)C,Cc1ccc(C(C)C)cc1,-3.77
c1ccccc1Cc2ccccc2,c1ccc(Cc2ccccc2)cc1,-4.17
c(c(c(c1ccc2)c2)ccc3)(c3)C1,c1ccc2c(c1)Cc1ccccc1-2,-4.91
c1ccc2c(C)cccc2c1C,Cc1cccc2c(C)cccc12,-4.74
Cc1c(C)cc2ccccc2c1,Cc1cc2ccccc2cc1C,-4.72
c1ccc2cccc3c2c1CC3,c1cc2c3c(cccc3c1)CC2,-4.63
c(c(c(c(c1ccc2)c2)C)ccc3)(c3)c1,Cc1c2ccccc2cc2ccccc12,-5.89
ClCCl,ClCCl,-0.63
ClC(Br)Cl,ClC(Cl)Br,-1.54
ClC(Br)Br,ClC(Br)Br,-1.9
BrCCBr,BrCCBr,-1.68
CCCI,CCCI,-2.29
CCCCCl,CCCCCl,-2.03
CC(C)(Cl)C(Cl)C,CC(Cl)C(C)(C)Cl,-2.69
ClC=CCl,ClC=CCl,-1.3
IC=CI,IC=CI,-3.22
ClC=C(Cl)Cl,ClC=C(Cl)Cl,-1.96
ClC(=C(C=C(Cl)Cl)Cl)Cl,ClC(Cl)=CC(Cl)=C(Cl)Cl,-4.23
c1ccccc1c2cc(Cl)ccc2,Clc1cccc(-c2ccccc2)c1,-4.88
c1ccccc1c2c(Cl)cccc2Cl,Clc1cccc(Cl)c1-c1ccccc1,-5.21
c1ccccc1c2c(Cl)cc(Cl)c(Cl)c2,Clc1cc(Cl)c(-c2ccccc2)cc1Cl,-6.27
c1c(Cl)c(Cl)cc(Cl)c1c2c(Cl)cc(Cl)c(Cl)c2,Clc1cc(Cl)c(-c2cc(Cl)c(Cl)cc2Cl)cc1Cl,-8.56
Clc1c(Cl)cc(Cl)cc1c2c(Cl)cc(Cl)cc2Cl,Clc1cc(Cl)c(-c2cc(Cl)cc(Cl)c2Cl)c(Cl)c1,-8.71
OCC(C)C,CC(C)CO,0.04
OCC(CCC)C,CCCC(C)CO,-1.11
CCC(C)(C)CO,CCC(C)(C)CO,-1.04
OCC(CC)CC,CCC(CC)CO,-1.17
CC(O)(C)C(C)CC,CCC(C)C(C)(C)O,-0.89
OC(CC)(CC)CC,CCC(O)(CC)CC,-0.85
CCC=O,CCC=O,0.58
CCCCC=O,CCCCC=O,-0.85
O=CCCCCC,CCCCCC=O,-1.3
O=CC=CC,CC=CC=O,0.32
O=C(CC)C,CCC(C)=O,0.52
O=C(CCC)C,CCCC(C)=O,-0.19
O=C(CCCC)C,CCCCC(C)=O,-0.8
O=C(C=C)CCC,C=CC(=O)CCC,-0.83
O=C(O)CCCCCCC,CCCCCCCC(=O)O,-2.3
O=C(O)C=CC=CC,CC=CC=CC(=O)O,-1.77
O=C(O)Cc(cccc1)c1,O=C(O)Cc1ccccc1,-0.89
O=C(OC(C1C(C2(CC(O)(C3=C)CC4)C3)C(=O)O)(C24)C=CC5O)C15C,C=C1CC23CC1(O)CCC2C12C=CC(O)C(C)(C(=O)O1)C2C3C(=O)O,-1.84
O=COCCC,CCCOC=O,-0.49
O=C(OCCC)C,CCCOC(C)=O,-0.72
O=C(OCC)CC(=O)OCC,CCOC(=O)CC(=O)OCC,-0.82
O=C(OC)C=C,C=CC(=O)OC,-0.22
O=C(OCC)C=C,C=CC(=O)OCC,-0.74
O=C(OC)C(=C)C,C=C(C)C(=O)OC,-0.8
O=C(OCC)c(c(ccc1)C(=O)OCC)c1,CCOC(=O)c1ccccc1C(=O)OCC,-2.35
O=C(OCc(cccc1)c1)c(c(ccc2)C(=O)OCCCC)c2,CCCCOC(=O)c1ccccc1C(=O)OCc1ccccc1,-5.64
CCOCCOCC,CCOCCOCC,-0.77
c1ccccc1Oc2ccccc2,c1ccc(Oc2ccccc2)cc1,-3.96
Cc1cccc(c1)Oc2cccc(c2)C,Cc1cccc(Oc2cccc(C)c2)c1,-4.85
O(CCC1)C1,C1CCOC1,0.56
O1C=CC=C1,c1ccoc1,-0.82
O1CC(O)C(O)C(O)C1(O)CO,OCC1(O)OCC(O)C(O)C1O,0.64
O=C(OC(C(C(C(C(C(C(=CC(=O)C1)C2)(C1)C)C3)C2SC(=O)C)C4)(C3)C)(C4)C5)C5,CC(=O)SC1CC2=CC(=O)CCC2(C)C2CCC3(C)C(CCC34CCC(=O)O4)C12,-4.28
CC(=O)C3(O)CCC4C2CCC1=CC(=O)CCC1(C)C2CCC34C,CC(=O)C1(O)CCC2C3CCC4=CC(=O)CCC4(C)C3CCC21C,-4.71
C1=CC(=O)C=C2CCC3C4CC(C)C(O)(C(=O)CO)C4(C)CC(O)C3(F)C12C,CC1CC2C3CCC4=CC(=O)C=CC4(C)C3(F)C(O)CC2(C)C1(O)C(=O)CO,-3.77
O=C(O)c(ccc(O)c1)c1,O=C(O)c1ccc(O)cc1,-1.41
O=C(O)c(c(ccc1)Cl)c1,O=C(O)c1ccccc1Cl,-1.89
ClCCOCCCl,ClCCOCCCl,-1.12
CCCCCCCN,CCCCCCCN,-1.85
c1ccccc1CN,NCc1ccccc1,-1.53
Nc(ccc(c(ccc(N)c1)c1)c2)c2,Nc1ccc(-c2ccc(N)cc2)cc1,-2.7
N(N)c(cccc1)c1,NNc1ccccc1,0.07
c1ccccn1,c1ccncc1,0.76
n(cccc1C(N(CC2)C)C2)c1,CN1CCCC1c1cccnc1,0.79
COC(=O)C1C(CC2CCC1N2C)OC(=O)c3ccccc3,COC(=O)C1C(OC(=O)c2ccccc2)CC2CCC1N2C,-2.23
Oc(ccc(C(=C(c(ccc(O)c1)c1)CC)CC)c2)c2,CCC(=C(CC)c1ccc(O)cc1)c1ccc(O)cc1,-4.35
O=C(N(c(c(C1(C(N(C2)CC(C3C4C5OC6)=C6)C3)C2)ccc7)c7)C14)C5,O=C1CC2OCC=C3CN4CCC56c7ccccc7N1C5C2C3CC46,-3.32
c1ccccc1C2(CC=C)C(=O)NC(=O)NC2=O,C=CCC1(c2ccccc2)C(=O)NC(=O)NC1=O,-2.18
OC(c(cccc1)c1)C(NC)C,CNC(C)C(O)c1ccccc1,-0.42
o1c(N(=O)(=O))ccc1C=NO,O=[N+]([O-])c1ccc(C=NO)o1,-2.19
C1=CC(=O)NC(=O)N1,O=c1cc[nH]c(=O)[nH]1,-1.48
N(CCC1)C1,C1CCNC1,1.15
N(CCCC1)(C1)C,CN1CCCCC1,0.23
Oc(ccc(N)c1)c1,Nc1ccc(O)cc1,-0.8
O=C(Nc(cccc1)c1)C,CC(=O)Nc1ccccc1,-1.33
COc1ccc2CC5C3C=CC(O)C4Oc1c2C34CCN5C,COc1ccc2c3c1OC1C(O)C=CC4C(C2)N(C)CCC341,-1.52
CCCN(=O)=O,CCC[N+](=O)[O-],-0.8
O=N(=O)c(cccc1)c1,O=[N+]([O-])c1ccccc1,-1.8
NC(=N)NCC(=O)O,N=C(N)NCC(=O)O,-1.51
O=P(Oc1ccc(O)cc1C)(Oc2cc(O)ccc2C)Oc3c(O)cccc3C,Cc1cc(O)ccc1OP(=O)(Oc1cc(O)ccc1C)Oc1c(C)cccc1O,-6.7
COP(=S)(OC)SCN2C(=O)c1ccccc1C2=O,COP(=S)(OC)SCN1C(=O)c2ccccc2C1=O,-4.1
O=P(SCCCC)(SCCCC)SCCCC,CCCCSP(=O)(SCCCC)SCCCC,-5.14
O=C(O)CCC(C(C(C(C(C(C(C(C1)CC(O)C2)(C2)C)C3)C1)C4)(C3O)C)C4)C,CC(CCC(=O)O)C1CCC2C3CCC4CC(O)CCC4(C)C3CC(O)C12C,-3.95
s1c(N)ncc1,Nc1nccs1,-0.36
N#CCCCl,N#CCCCl,-0.29
N#CCC=CC,CC=CCC#N,-0.96
O=C(Nc(ccc(N)c1)c1)C,CC(=O)Nc1ccc(N)cc1,-0.98
O=C(Nc(ccc(c1)Br)c1)C,CC(=O)Nc1ccc(Br)cc1,-3.08
O=C(Nc(ccc(c1)F)c1)C,CC(=O)Nc1ccc(F)cc1,-1.78
O=C(Nc(ccc(c1)I)c1)C,CC(=O)Nc1ccc(I)cc1,-3.25
O=C(Nc(ccc(c1)OC)c1)C,COc1ccc(NC(C)=O)cc1,-1.3
CCCCOc2cc(C(=O)NCCN(CC)CC)c1ccccc1n2,CCCCOc1cc(C(=O)NCCN(CC)CC)c2ccccc2n1,-3.7
CN(C)CCC=C2c1ccccc1COc3ccccc23,CN(C)CCC=C1c2ccccc2COc2ccccc21,-3.4
O=C(NC1C2C3CCCC3C(C1)C2)N(C)C,CN(C)C(=O)NC1CC2CC1C1CCCC21,-3.01
CC(=O)OC3(CCC4C2CCC1=CC(=O)CCC1C2CCC34C)C#C,C#CC1(OC(C)=O)CCC2C3CCC4=CC(=O)CCC4C3CCC21C,-4.79
Oc1c(I)cc(C#N)cc1I,N#Cc1cc(I)c(O)c(I)c1,-3.61
CN(C)C2C1CC4C(=C(O)C1(O)C(=O)C(=C2O)C(N)=O)C(=O)c3c(O)cccc3C4(C)O,CN(C)C1C(O)=C(C(N)=O)C(=O)C2(O)C(O)=C3C(=O)c4c(O)cccc4C(C)(O)C3CC12,-3.12
CN(C)C(=O)C(c1ccccc1)c2ccccc2,CN(C)C(=O)C(c1ccccc1)c1ccccc1,-2.98
O=C(OCC)C=Cc(cccc1)c1,CCOC(=O)C=Cc1ccccc1,-3.0
CCCCCCOC(=O)c1ccc(N)cc1,CCCCCCOC(=O)c1ccc(N)cc1,-3.95
c1cc(N)ccc1C(=O)OCCNCCCCC,CCCCCNCCOC(=O)c1ccc(N)cc1,-3.27
c1c(N(=O)(=O))cc2C(c3ccccc3)=NCC(=O)N(C)c2c1,CN1C(=O)CN=C(c2ccccc2)c2cc([N+](=O)[O-])ccc21,-3.8
c1cc(OCCCC)ccc1C(=O)OCCN(CC)CC,CCCCOc1ccc(C(=O)OCCN(CC)CC)cc1,-3.84
n(c(N(Cc(cccc1)c1)CCN(C)C)ccc2)c2,CN(C)CCN(Cc1ccccc1)c1ccccn1,-2.64
C1C(=O)C=C2C(C)=CC3C4CCC(C(=O)C)(OC(=O)C)C4(C)CCC3C2(C)C1,CC(=O)OC1(C(C)=O)CCC2C3C=C(C)C4=CC(=O)CCC4(C)C3CCC21C,-5.35
c1c(Cl)c(Cl)cc(O)c1OC,COc1cc(Cl)c(Cl)cc1O,-2.53
O=C(NC(=O)C1=O)N1,O=C1NC(=O)C(=O)N1,-0.4
O=C(NC(=O)C)N,CC(=O)NC(N)=O,-0.9
O=C(NC(=O)C(=O)C1=O)N1,O=C1NC(=O)C(=O)C(=O)N1,-1.25
ClCCS(=O)(=O)CCl,O=S(=O)(CCl)CCCl,-1.5
C1(=O)NC(=O)NC(C(=O)O)=C1,O=C(O)c1cc(=O)[nH]c(=O)[nH]1,-1.93
CCC1NC(=O)NC1(=O),CCC1NC(=O)NC1=O,-0.06
c1c(Cl)c(Cl)c2nsnc2c1Cl,Clc1cc(Cl)c2nsnc2c1Cl,-4.98
c1c(Cl)nc2cncnc2n1,Clc1cnc2ncncc2n1,-0.87
c1c(S)nc2cncnc2n1,Sc1cnc2ncncc2n1,-2.71
O=C(O)C=CC(N=CN1)=C1,O=C(O)C=Cc1c[nH]cn1,-1.96
C=CCS(=O)SCC=C,C=CCS[S+]([O-])CC=C,-0.83
NC(=O)OCCCCC,CCCCCOC(N)=O,-1.47
NC(=O)OCC(C)(C)C,CC(C)(C)COC(N)=O,-0.8
OCC(O)C(O)C(O)C(O)CO,OCC(O)C(O)C(O)C(O)CO,1.09
c1c(C)nc2cncnc2n1,Cc1cnc2ncncc2n1,0.06
c1cnc2c(SC)ncnc2n1,CSc1ncnc2nccnc12,-1.76
O=Cc(c(O)ccc1)c1,O=Cc1ccccc1O,-0.86
O=C(N)c(c(O)ccc1)c1,NC(=O)c1ccccc1O,-1.76
c1ccccc1NC(=O)NN,NNC(=O)Nc1ccccc1,-2.33
C1CCCC(C)C1=O,CC1CCCCC1=O,-0.94
NC(=O)OCCCCCC,CCCCCCOC(N)=O,-1.92
C1CCCCC1OC(=O)C,CC(=O)OC1CCCCC1,-1.67
c1ccc(N)cc1C(=O)C,CC(=O)c1cccc(N)c1,-1.28
O(C(OC(C1O)C(O)CO)C1O2)C2C(Cl)(Cl)Cl,OCC(O)C1OC2OC(C(Cl)(Cl)Cl)OC2C1O,-1.84
CCN(CC)C(=S)SCC(Cl)=C,C=C(Cl)CSC(=S)N(CC)CC,-3.39
CCCCC(=O)CC(=O)C,CCCCC(=O)CC(C)=O,-1.56
CC(=O)C(CCC)C(=O)C,CCCC(C(C)=O)C(C)=O,-0.88
CC(C)(C)C(=O)CC(=O)C,CC(=O)CC(=O)C(C)(C)C,-1.63
NC(=O)OCCCCCCC,CCCCCCCOC(N)=O,-2.62
CN2C(=O)ON(c1ccc(Cl)c(Cl)c1)C2=O,Cn1c(=O)on(-c2ccc(Cl)c(Cl)c2)c1=O,-2.82
OC(=O)CC(C)(C(=O)O)C(C)(C)C(=O)O,CC(C)(C(=O)O)C(C)(CC(=O)O)C(=O)O,-0.29
C1C(N2C)CC(O)C(C(=O)O)C2C1,CN1C2CCC1C(C(=O)O)C(O)C2,-0.02
O=C(ON=C(C(C)(C)C)CSC)NC,CNC(=O)ON=C(CSC)C(C)(C)C,-1.62
CCCCCCCCOC(=O)N,CCCCCCCCOC(N)=O,-3.3
ClC1=C(Cl)C(Cl)(C2(Cl)Cl)C3CC=CC3C12Cl,ClC1=C(Cl)C2(Cl)C3CC=CC3C1(Cl)C2(Cl)Cl,-5.64
OC1C=CC2C1C3(Cl)C(=C(Cl)C2(Cl)C3(Cl)Cl)Cl,OC1C=CC2C1C1(Cl)C(Cl)=C(Cl)C2(Cl)C1(Cl)Cl,-5.46
c1cc(N)ccc1S(=O)(=O)Nc2cnccn2,Nc1ccc(S(=O)(=O)Nc2cnccn2)cc1,-3.7
CNC(=O)ON=C1C(C2)C(C#N)CC2C1Cl,CNC(=O)ON=C1C(Cl)C2CC(C#N)C1C2,-2.08
O(c(ccc(c1)C=CC)c1)C,CC=Cc1ccc(OC)cc1,-3.13
O=C(N(C(=O)C(N(C=N1)CC(O)CO)=C12)C)N2C,Cn1c(=O)c2c(ncn2CC(O)CO)n(C)c1=O,-0.17
O=CC=C(CCC=C(C)C)C,CC(C)=CCCC(C)=CC=O,-2.06
O=C1C(C)CCC(C(C)=C)C1,C=C(C)C1CCC(C)C(=O)C1,-2.18
O=C(O)C(C(C(C(=O)O)C1)(C)C)(C1)C,CC1(C(=O)O)CCC(C(=O)O)C1(C)C,-1.42
c1ccc2C(O)N3CCC(O)C3=Nc2c1,OC1CCN2C1=Nc1ccccc1C2O,-2.07
O=S(=O)(Nc(nccc1)c1)c(ccc(N)c2)c2,Nc1ccc(S(=O)(=O)Nc2ccccn2)cc1,-2.7
O=S(=O)(Nc(onc1C)c1C)c(ccc(N)c2)c2,Cc1noc(NS(=O)(=O)c2ccc(N)cc2)c1C,-2.91
C1=CC(=O)N2CC(C3)CNCC3C2=C1,O=c1cccc2n1CC1CNCC2C1,0.36
CNC(=O)Oc1cccc(N=CN(C)C)c1,CNC(=O)Oc1cccc(N=CN(C)C)c1,-2.34
CCOP(=S)(OCC)Oc1ccc(cc1)S(C)=O,CCOP(=S)(OCC)Oc1ccc([S+](C)[O-])cc1,-2.3
CCNC(=O)C(C)OC(=O)Nc1ccccc1,CCNC(=O)C(C)OC(=O)Nc1ccccc1,-1.83
c1cc(N)ccc1S(=O)(=O)N(C(=O)C)c2onc(C)c2C,CC(=O)N(c1onc(C)c1C)S(=O)(=O)c1ccc(N)cc1,-3.59
CC(=O)Oc1c(N(=O)(=O))c(C)c(N(=O)(=O))cc1C(C)(C)C,CC(=O)Oc1c(C(C)(C)C)cc([N+](=O)[O-])c(C)c1[N+](=O)[O-],-4.47
O=C(OC)CCCCCCCCCCC,CCCCCCCCCCCC(=O)OC,-4.69
c1ccc2C(=O)N=C(c3ccccc3)Oc2c1,O=c1nc(-c2ccccc2)oc2ccccc12,-4.61
Oc1ccc2Oc3cc(OC)cc(O)c3C(=O)c2c1,COc1cc(O)c2c(=O)c3cc(O)ccc3oc2c1,-2.93
N(c(c(S1)cc(c2)C)c2)=C1c(ccc(N)c3)c3,Cc1ccc2nc(-c3ccc(N)cc3)sc2c1,-3.68
OC(c(cccc1)c1)Cc(cccc2)c2,OC(Cc1ccccc1)c1ccccc1,-2.52
COc2ccc(CC1NCC(O)C1OC(C)=O)cc2,COc1ccc(CC2NCC(O)C2OC(C)=O)cc1,-1.61
NC(Cc2cc(I)c(Oc1ccc(O)c(I)c1)c(I)c2)C(O)=O,NC(Cc1cc(I)c(Oc2ccc(O)c(I)c2)c(I)c1)C(=O)O,-5.22
O=C(OC(C(C(C=CC1=O)(CC2)C)=C1C)C23)C3C,CC1=C2C3OC(=O)C(C)C3CCC2(C)C=CC1=O,-3.09
O=C(NC(CCCC1)C1)NS(=O)(=O)c(ccc(c2)C(=O)C)c2,CC(=O)c1ccc(S(=O)(=O)NC(=O)NC2CCCCC2)cc1,-2.06
C1CCN2CC(C3)C4CCCCN4CC3C2C1,C1CCN2CC3CC(CN4CCCCC34)C2C1,-1.89
CN(C)CCCN2c1ccccc1Sc3ccc(C(F)(F)F)cc23,CN(C)CCCN1c2ccccc2Sc2ccc(C(F)(F)F)cc21,-5.3
O=C(N(CCCC1)C1)C=CC=Cc(ccc(OCO2)c23)c3,O=C(C=CC=Cc1ccc2c(c1)OCO2)N1CCCCC1,-3.46
C1CCC(CC1)[Sn](C2CCCCC2)C3CCCCC3.O,C1CC[CH]([Sn]([CH]2CCCCC2)[CH]2CCCCC2)CC1.O,-5.59
OC(c(c(c(nc1)ccc2)c2)c1)C(N(CCC3C4C=C)C4)C3,C=CC1CN2CCC1CC2C(O)c1ccnc2ccccc12,-3.07
c1ccc2Sc3ccccc3N(CC4CN(C)CCC4)c2c1,CN1CCCC(CN2c3ccccc3Sc3ccccc32)C1,-4.74
O=C1C2(C(C3CCC4C(C3CC2)(C)CCCC4)CC1)C,CC12CCC3C(CCC4CCCCC43C)C1CCC2=O,-6.7
C1C(O)CC2CCC3C4CCC(=O)C4(C)CCC3C2(C)C1,CC12CCC3C(CCC4CC(O)CCC43C)C1CCC2=O,-4.4
COC(C)(C)CCCC(C)CC=CC(C)=CC(=O)OC(C)C,COC(C)(C)CCCC(C)CC=CC(C)=CC(=O)OC(C)C,-5.19
c1ccc2N(C)C3C4CC5C(CC)C(O)N4C(C56)CC3(C6O)c2c1,CCC1C2CC3C4N(C)c5ccccc5C45CC(C2C5O)N3C1O,-2.82
c1c(OC)cc2c(CC(=O)O)c(C)n(C(=O)C=Cc3ccccc3)c2c1,COc1ccc2c(c1)c(CC(=O)O)c(C)n2C(=O)C=Cc1ccccc1,-5.54
CC1(C)C(C=C(Cl)Cl)C1C(=O)OCc3cccc(Oc2ccccc2)c3,CC1(C)C(C=C(Cl)Cl)C1C(=O)OCc1cccc(Oc2ccccc2)c1,-6.29
c1cc(O)c2C(=O)C3=C(O)C4(O)C(=O)C(C(=O)N)=C(O)C(N(C)C)C4CC3C(O)c2c1Cl,CN(C)C1C(O)=C(C(N)=O)C(=O)C2(O)C(O)=C3C(=O)c4c(O)ccc(Cl)c4C(O)C3CC12,-2.52
c1ccc2Sc3ccc(C(#N))cc3N(CCCN4CCC(O)CC4)c2c1,N#Cc1ccc2c(c1)N(CCCN1CCC(O)CC1)c1ccccc1S2,-3.98
C1C(=O)C=C2CCC3C4CCC(C(=O)CO)C4(C5O)CC(O5)C3C2(C)C1,CC12CCC(=O)C=C1CCC1C2C2CC3(C(O)O2)C(C(=O)CO)CCC13,-3.85
C1C(O)CC2=CCC3C4CCC(C(=O)C)C4(C)CCC3C2(C)C1,CC(=O)C1CCC2C3CC=C4CC(O)CCC4(C)C3CCC12C,-4.65
O=C(N)C(=C(O)C(N(C)C)C(C1(O)C(O)=C(C2C(O)(c(c3c(O)cc4)c4Cl)C)C3=O)C2)C1=O,CN(C)C1C(O)=C(C(N)=O)C(=O)C2(O)C(O)=C3C(=O)c4c(O)ccc(Cl)c4C(C)(O)C3CC12,-2.88
COc2ccc1C(OC(=O)c1c2OC)C4N(C)CCc5cc3OCOc3c(OC)c45,COc1ccc2c(c1OC)C(=O)OC2C1c2c(cc3c(c2OC)OCO3)CCN1C,-3.14
CC3C2C(O)C1C(N(C)C)C(=C(C(N)=O)C(=O)C1(O)C(=C2C(=O)c4c(O)cccc34)O)O,CC1c2cccc(O)c2C(=O)C2=C(O)C3(O)C(=O)C(C(N)=O)=C(O)C(N(C)C)C3C(O)C21,-2.87
CC(C)=CC3C(C(=O)OCc2cccc(Oc1ccccc1)c2)C3(C)C,CC(C)=CC1C(C(=O)OCc2cccc(Oc3ccccc3)c2)C1(C)C,-5.24
CC(=O)OCCN4CCN(CCCN2c1ccccc1Sc3ccc(Cl)cc23)CC4,CC(=O)OCCN1CCN(CCCN2c3ccccc3Sc3ccc(Cl)cc32)CC1,-4.7
O=C(NCC(=O)O)CCC(C(C(C(C(C(C(C(C1)CC(O)C2)(C2)C)C3)C1O)C4)(C3O)C)C4)C,CC(CCC(=O)NCC(=O)O)C1CCC2C3C(O)CC4CC(O)CCC4(C)C3CC(O)C12C,-5.15
c12C(=O)C3=C(O)C4(O)C(=O)C=C(O)C(N(C)C)C4CC3C(O)(C)c1cccc2,CN(C)C1C(O)=CC(=O)C2(O)C(O)=C3C(=O)c4ccccc4C(C)(O)C3CC12,-1.42
O1C(C)C(O)C(N)C(O)C1OC2C=CC=CC=CC=CCC(C)OC(=O)C=CC(O3)C3CC(O)CC4(O)OC(C(C(=O)O)C(O)C4)C2,CC1CC=CC=CC=CC=CC(OC2OC(C)C(O)C(N)C2O)CC2OC(O)(CC(O)CC3OC3C=CC(=O)O1)CC(O)C2C(=O)O,-3.21
c1ccccc1CC,CCc1ccccc1,-2.77
c(c(cc(c1ccc2)c2)cc(c3ccc4)c4)(c1)c3,c1ccc2cc3cc4ccccc4cc3cc2c1,-8.6
c1ccc2ccc3nccnc3c2c1,c1ccc2c(c1)ccc1nccnc12,-2.68
ClC(Cl)(Cl)Cl,ClC(Cl)(Cl)Cl,-2.31
BrC=CBr,BrC=CBr,-1.32
c1c(Cl)c(Cl)c(Cl)c(Cl)c1Cl,Clc1cc(Cl)c(Cl)c(Cl)c1Cl,-5.65
c1ccccc1c2ccc(Cl)cc2,Clc1ccc(-c2ccccc2)cc1,-5.2
c1cccc(Cl)c1c2c(Cl)ccc(Cl)c2,Clc1ccc(Cl)c(-c2ccccc2Cl)c1,-6.02
c1c(Cl)ccc(Cl)c1c2c(Cl)cccc2Cl,Clc1ccc(Cl)c(-c2c(Cl)cccc2Cl)c1,-6.8
CC(C)C(C)CO,CC(C)C(C)CO,-0.39
O=C(O)C=Cc(cccc1)c1,O=C(O)C=Cc1ccccc1,-2.48
O=C(OCC)CC,CCOC(=O)CC,-0.66
c1ccccc1OC,COc1ccccc1,-1.85
CCCCOCCO,CCCCOCCO,-0.42
C1C(=O)C=C2CCC3C4CCC(C(=O)CO)C4(C)CCC3C2(C)C1,CC12CCC(=O)C=C1CCC1C2CCC2(C)C(C(=O)CO)CCC12,-3.75
CC12CC(O)C3(F)C(CCC4=CC(=O)CCC43C)C2CCC1(O)C(=O)CO,CC12CCC(=O)C=C1CCC1C3CCC(O)(C(=O)CO)C3(C)CC(O)C12F,-3.43
O=C(O)c(c(O)ccc1)c1,O=C(O)c1ccccc1O,-1.82
O=C(O)c(ccc(c1)Cl)c1,O=C(O)c1ccc(Cl)cc1,-3.31
CCCCCCN,CCCCCCN,-1.1
CCCCCCCCN,CCCCCCCCN,-2.75
CC1CC(C)C(=O)C(C1)C(O)CC2CC(=O)NC(=O)C2,CC1CC(C)C(=O)C(C(O)CC2CC(=O)NC(=O)C2)C1,-1.13
O=C(O)c(ccc(N(=O)=O)c1)c1,O=C(O)c1ccc([N+](=O)[O-])cc1,-2.8
COP(=S)(OC)Oc1ccc(N(=O)=O)c(C)c1,COP(=S)(OC)Oc1ccc([N+](=O)[O-])c(C)c1,-4.04
O=C(Nc(ccc(c1)Cl)c1)C,CC(=O)Nc1ccc(Cl)cc1,-2.84
O=C(Nc(ccc(c1)N(=O)=O)c1)C,CC(=O)Nc1ccc([N+](=O)[O-])cc1,-2.69
CC(C)N(C(C)C)C(=O)SCC(Cl)=CCl,CC(C)N(C(=O)SCC(Cl)=CCl)C(C)C,-4.08
N(C(CCC1)CC)C1,CCC1CCCCN1,-1.5
Clc1c(Cl)c(Cl)c(Cl)c(O)c1OC,COc1c(O)c(Cl)c(Cl)c(Cl)c1Cl,-4.02
O=C(O)C(N)CC(=O)N,NC(=O)CC(N)C(=O)O,-0.74
c1c(SC)nc2cncnc2n1,CSc1cnc2ncncc2n1,-1.55
CC(C)CC(=O)CC(=O)C,CC(=O)CC(=O)CC(C)C,-1.6
O=C(C(CC1C2)(C2)C)C1(C)C,CC12CCC(C1)C(C)(C)C2=O,-1.85
O=C(C(CCC1C)C(C)C)C1,CC1CCC(C(C)C)C(=O)C1,-2.49
C1=CC(C2)C(C(=O)OC)C(C(=O)OC)C12,COC(=O)C1C2C=CC(C2)C1C(=O)OC,-1.2
c1ccccc1S(=O)(=O)NC(=O)NCCCC,CCCCNC(=O)NS(=O)(=O)c1ccccc1,-3.05
O=C1C=CC(c2cc(ccc2O)O)(C=C1)O,O=C1C=CC(O)(c2cc(O)ccc2O)C=C1,-1.73
CCCCN(CC)c1c(cc(cc1N(=O)=O)C(F)(F)F)N(=O)=O,CCCCN(CC)c1c([N+](=O)[O-])cc(C(F)(F)F)cc1[N+](=O)[O-],-5.53
c1ccccc1C(=O)Oc2ccccc2,O=C(Oc1ccccc1)c1ccccc1,-2.85
c1cc(O)ccc1C(C=C)C(C=C)c2ccc(O)cc2,C=CC(c1ccc(O)cc1)C(C=C)c1ccc(O)cc1,-4.95
c12ccccc1nccc2C(O)C3N(C4)CCC(C4CC)C3,CCC1CN2CCC1CC2C(O)c1ccnc2ccccc12,-2.63
C1C(=O)C=C2CCC3C4CCC(O)(C#C)C4(C)CCC3C2(C)C1,C#CC1(O)CCC2C3CCC4=CC(=O)CCC4(C)C3CCC21C,-5.66
c1ccc2OC(=O)C(C(C(=O)OCC)C3=C(O)c4ccccc4OC3=O)=C(O)c2c1,CCOC(=O)C(c1c(O)c2ccccc2oc1=O)c1c(O)c2ccccc2oc1=O,-3.66
NCCC(O)C(=O)NC2CC(N)C(OC1OC(CN)C(O)C(O)C1O)C(O)C2OC3OC(CO)C(O)C(N)C3O,NCCC(O)C(=O)NC1CC(N)C(OC2OC(CN)C(O)C(O)C2O)C(O)C1OC1OC(CO)C(O)C(N)C1O,-0.5
O=C(OCC)c(ccc(N)c1)c1,CCOC(=O)c1ccc(N)cc1,-2.32
O=C(Oc(c(ccc1)C(=O)O)c1)C,CC(=O)Oc1ccccc1C(=O)O,-1.72
O=C1NC(=O)C(N1)(c2ccccc2)c3ccccc3,O=C1NC(=O)C(c2ccccc2)(c2ccccc2)N1,-3.99
CCCCCC(O)C=CC1C(O)CC(=O)C1CC=CCCCC(=O)O,CCCCCC(O)C=CC1C(O)CC(=O)C1CC=CCCCC(=O)O,-2.47
NC(=O)C1=CN=C2N1CCC1=C(C=CC=C1)C21CCNCC1,NC(=O)c1cnc2n1CCc1ccccc1C21CCNCC1,-2.43
CC1=C2C=CC=CC2=C(CN2CCOCC2)C2=C1C=CC=C2,Cc1c2ccccc2c(CN2CCOCC2)c2ccccc12,-4.4
C1C[N+]2(CC3=CCOC4CC(=O)N5C6C4C3CC2C61C7=CC=CC=C75)O,O=C1CC2OCC=C3C[N+]4(O)CCC56c7ccccc7N1C5C2C3CC64,-1.28
C1=CC=C(C2=NC3N=CN=CC3=N2)C=C1,C1=NC=NC2N=C(c3ccccc3)N=C12,-3.07
C1=CC2=C(C=C1Cl)NC(=N2)C3=CC=C(O3)[N+](=O)[O-],O=[N+]([O-])c1ccc(-c2nc3ccc(Cl)cc3[nH]2)o1,-4.82
CCOC1=NO[N+](=C1S(=O)(=O)C2=CC=CC=C2)[O-],CCOc1no[n+]([O-])c1S(=O)(=O)c1ccccc1,-4.24
O=C1CC(=O)CC(C2=CC=CC=C2)C1,O=C1CC(=O)CC(c2ccccc2)C1,-2.51
CC1=CC=C(S(=O)(=O)N(Cl)Cl)C=C1,Cc1ccc(S(=O)(=O)N(Cl)Cl)cc1,-3.51
O=C(O)COC1=C(Cl)C=C(Cl)C=C1Cl,O=C(O)COc1c(Cl)cc(Cl)cc1Cl,-3.23
CCC1OC(=O)C2=C1C=CC(C#N)=C2,CCC1OC(=O)c2cc(C#N)ccc21,-2.31
CC1=NC2=C(C=CC=C2)N=C(C)C1,CC1=Nc2ccccc2N=C(C)C1,-1.37
CC1=CC2=C(C=C1)S(=O)(=O)C=C2,Cc1ccc2c(c1)C=CS2(=O)=O,-2.65
CCCCOC(=O)C1=CC=C(N)C=C1,CCCCOC(=O)c1ccc(N)cc1,-3.06
CC1=CC(=O)OC2=C3CCCN4CCCC(=C34)C=C12,Cc1cc(=O)oc2c3c4c(cc12)CCCN4CCC3,-3.89
CC1=CS(=O)(=O)C2=C1C=CC=C2,CC1=CS(=O)(=O)c2ccccc21,-2.67
CC1(C)SCC(COC(N)=O)S1,CC1(C)SCC(COC(N)=O)S1,-2.22
NC(=O)OCC1COC2(CCCCC2)O1,NC(=O)OCC1COC2(CCCCC2)O1,-1.89
NC(=O)OCC1CSC2(CCCCC2)S1,NC(=O)OCC1CSC2(CCCCC2)S1,-3.52
CC1=CC2=CC3=C(C=C2O1)OC(=O)C=C3C,Cc1cc2cc3c(C)cc(=O)oc3cc2o1,-5.23
CC1=CC2=CC=CC(O)=C2N=C1C,Cc1cc2cccc(O)c2nc1C,-3.32
C1=CC2=C(C=C1)C1=C(C=NC=C1)N2,c1ccc2c(c1)[nH]c1cnccc12,-3.73
O=S(=O)(C1=CC=CC=C1)N(Br)Br,O=S(=O)(c1ccccc1)N(Br)Br,-3.28
NC(=O)OCC1CSC2(CCCCC2)O1,NC(=O)OCC1CSC2(CCCCC2)O1,-2.82
CC(C)C1OCC2(CO1)COC(C(C)C)OC2,CC(C)C1OCC2(CO1)COC(C(C)C)OC2,-3.11
COC1=CC(OC)=CC(OC)=C1,COc1cc(OC)cc(OC)c1,-2.68
O=C(O)CCN1C=CC=CC1=O,O=C(O)CCn1ccccc1=O,-0.6
CC1(C)N=C(C2=CC=CC=C2)NC1=O,CC1(C)N=C(c2ccccc2)NC1=O,-0.85
C1OC2=C(O1)C=C(C(=C2)CO)[N+](=O)[O-],O=[N+]([O-])c1cc2c(cc1CO)OCO2,-3.06
C1=CC=C(CNC23OC4C5C6CC(C7C6C4C72)C53)C=C1,c1ccc(CNC23OC4C5C6CC(C7C6C4C72)C53)cc1,-3.4
CC1(C)OC(=O)C2=C1C=CC(C#N)=C2,CC1(C)OC(=O)c2cc(C#N)ccc21,-2.91
C=CCC1=CC=C2C=NC=NC2=C1O,C=CCc1ccc2cncnc2c1O,-3.62
C1=CC2=C(C=C1)SC1=C(C=CC=C1)N2,c1ccc2c(c1)Nc1ccccc1S2,-5.59
CC1=NC=CC2=C1NC1=C2C=CC=C1,Cc1nccc2c1[nH]c1ccccc12,-3.79
CCC1(CC)CCC(=O)NC1=O,CCC1(CC)CCC(=O)NC1=O,-4.53
CCOC(=O)C1=CNC(=S)N=C1,CCOC(=O)c1cnc(=S)[nH]c1,-1.74
O=S1(=O)C2=C(C=CC=C2)C2=C1C=CC=C2,O=S1(=O)c2ccccc2-c2ccccc21,-4.57
CCC1(C)NC(=O)C(C)(CC)NC1=O,CCC1(C)NC(=O)C(C)(CC)NC1=O,-1.92
O=C1C=CC2=NC3=C(C=CC=C3)SC2=C1,O=c1ccc2nc3ccccc3sc-2c1,-3.72
CC1=CC=C(C2=NC3=C(C=CC=C3)S2)C=C1,Cc1ccc(-c2nc3ccccc3s2)cc1,-4.35
O=C1C=CC2=C(C=C3OC=CC3=C2)O1,O=c1ccc2cc3ccoc3cc2o1,-3.74
CC1=C(O)C(=O)C=CN1C1=CC=CC=C1,Cc1c(O)c(=O)ccn1-c1ccccc1,-2.03
CC1=CC=C(N2C=CC(=O)C(O)=C2C)C=C1,Cc1ccc(-n2ccc(=O)c(O)c2C)cc1,-3.22
CCCCCCCNC(=O)C1=CN=CC=C1,CCCCCCCNC(=O)c1cccnc1,-3.2
CC1=NC(=O)C(C(N)=O)C(=O)N1,CC1=NC(=O)C(C(N)=O)C(=O)N1,-2.41
O=C1NC(=O)C2=C(N1)NC(=O)N2,O=c1[nH]c(=O)c2[nH]c(=O)[nH]c2[nH]1,-3.62
O=C1NC(=S)C2=C(N1)NC(=O)N2,O=c1[nH]c(=S)c2[nH]c(=O)[nH]c2[nH]1,-4.04
O=C1CNC(=O)C2=C(C=CC=C2)N1,O=C1CNC(=O)c2ccccc2N1,-2.85
CC(=O)NC1=CC2=C(C=C1)COC2=O,CC(=O)Nc1ccc2c(c1)C(=O)OC2,-2.6
CN1C2=C(C=CC=C2)C(=O)C2=C1C=CC=C2,Cn1c2ccccc2c(=O)c2ccccc21,-4.46
NC1=NC(=O)NN1C1=CC=CC=C1,Nc1nc(=O)[nH]n1-c1ccccc1,-1.7
CC=CCC1(CC=CC)C(=O)NC(=O)NC1=O,CC=CCC1(CC=CC)C(=O)NC(=O)NC1=O,-2.2
NC1=NC(=O)N(C2=CC=CC=C2)N1,Nc1nc(=O)n(-c2ccccc2)[nH]1,-2.47
CCC1(CC)C(=O)NC(=S)NC1=O,CCC1(CC)C(=O)NC(=S)NC1=O,-2.32
CC1=CC(OC2=CC=CC=N2)=NN1C,Cc1cc(Oc2ccccn2)nn1C,-0.98
NC1=NN=C(C2=CC=C(O)C=C2)O1,Nc1nnc(-c2ccc(O)cc2)o1,-0.77
COC(=O)C1=CC2=CC3=C(OC(=O)C=C3C)C(C)=C2O1,COC(=O)c1cc2cc3c(C)cc(=O)oc3c(C)c2o1,-5.16
CC12CC(C)(NC(=O)N1)NC(=O)N2,CC12CC(C)(NC(=O)N1)NC(=O)N2,-2.09
CCC1(CC)NC(=O)C(CC)(CC)NC1=O,CCC1(CC)NC(=O)C(CC)(CC)NC1=O,-2.31
CC1=C(CC(=O)O)C(=O)NC(=O)N1,Cc1[nH]c(=O)[nH]c(=O)c1CC(=O)O,-2.31
CCN(CC)S(=O)N(CC)CC,CCN(CC)[S+]([O-])N(CC)CC,-1.28
CC(C)C(NCCC#N)C(=O)O,CC(C)C(NCCC#N)C(=O)O,-1.12
CCC(C)C(NCCC#N)C(=O)O,CCC(C)C(NCCC#N)C(=O)O,-0.98
CC(C(=O)O)N(CCC#N)CCC#N,CC(C(=O)O)N(CCC#N)CCC#N,-0.17
C(CCO[N+](=O)O)CO[N+](=O)O,O=[N+](O)OCCCCO[N+](=O)O,-1.68
CCCCOP(=O)(OCCCC)OCCCC,CCCCOP(=O)(OCCCC)OCCCC,-2.85
CC(CCO[N+](=O)O)O[N+](=O)O,CC(CCO[N+](=O)O)O[N+](=O)O,-1.66
NCC(=O)NCC(=O)NCC(=O)O,NCC(=O)NCC(=O)NCC(=O)O,-0.53
CC(CC(C)O[N+](=O)O)O[N+](=O)O,CC(CC(C)O[N+](=O)O)O[N+](=O)O,-2.22
C(CCO[N+](=O)O)CCO[N+](=O)O,O=[N+](O)OCCCCCO[N+](=O)O,-2.19
CC(C)CC(C(=O)O)N(CCC#N)CCC#N,CC(C)CC(C(=O)O)N(CCC#N)CCC#N,-1.14
CC(CCC(C)O[N+](=O)O)O[N+](=O)O,CC(CCC(C)O[N+](=O)O)O[N+](=O)O,-2.68
CC(O)C(O)C(O)C(O)C=NNC(N)=O,CC(O)C(O)C(O)C(O)C=NNC(N)=O,-0.7
NC(CSCCSCC(N)C(=O)O)C(=O)O,NC(CSCCSCC(N)C(=O)O)C(=O)O,-2.85
NC(CSCCCSCC(N)C(=O)O)C(=O)O,NC(CSCCCSCC(N)C(=O)O)C(=O)O,-2.49
NC(CSCCCCSCC(N)C(=O)O)C(=O)O,NC(CSCCCCSCC(N)C(=O)O)C(=O)O,-3.62
NC(CSCCCCCSCC(N)C(=O)O)C(=O)O,NC(CSCCCCCSCC(N)C(=O)O)C(=O)O,-2.91
NC(CSCCCCCCSCC(N)C(=O)O)C(=O)O,NC(CSCCCCCCSCC(N)C(=O)O)C(=O)O,-2.77
NC1=C2NC(=O)N=C2NC(=O)N1,Nc1[nH]c(=O)[nH]c2nc(=O)[nH]c1-2,-3.46
CC(C)CC(NC(=O)C(C)NC(=O)CN)C(=O)NC(C(=O)O)C(C)C,CC(C)CC(NC(=O)C(C)NC(=O)CN)C(=O)NC(C(=O)O)C(C)C,-2.13
CCCCCCOC(=O)C(C)O,CCCCCCOC(=O)C(C)O,-1.14
CCC(C)C(NC(C)=O)C(=O)O,CCC(C)C(NC(C)=O)C(=O)O,-0.69
CC(C(C)O[N+](=O)O)O[N+](=O)O,CC(O[N+](=O)O)C(C)O[N+](=O)O,-1.89
CCCCC(NC(N)=O)C(=O)O,CCCCC(NC(N)=O)C(=O)O,-2.16
CSCCC(NC(C)=O)C(=O)O,CSCCC(NC(C)=O)C(=O)O,0.03
O=S(CCCl)CCS(=O)CCCl,[O-][S+](CCCl)CC[S+]([O-])CCCl,-2.04
CC(SSC(C)C(=O)O)C(=O)O,CC(SSC(C)C(=O)O)C(=O)O,-0.62
CC(C)CC(NC(=O)CN)C(=O)O,CC(C)CC(NC(=O)CN)C(=O)O,-0.43
CCC(SC(CC)C(=O)O)C(=O)O,CCC(SC(CC)C(=O)O)C(=O)O,-0.71
CC(SCSC(C)C(=O)O)C(=O)O,CC(SCSC(C)C(=O)O)C(=O)O,-1.82
CSC(CCC(SC)C(=O)O)C(=O)O,CSC(CCC(SC)C(=O)O)C(=O)O,-2.89
CC(C)C(N)C(=O)NC(C(=O)O)C(C)C,CC(C)C(N)C(=O)NC(C(=O)O)C(C)C,-0.4
NC(CSCC(N)C(=O)O)C(=O)O,NC(CSCC(N)C(=O)O)C(=O)O,-2.56
CC(C)CC(N)C(=O)NC(C(=O)O)C(C)C,CC(C)CC(N)C(=O)NC(C(=O)O)C(C)C,-0.17
CC(=O)NC(CCC(=O)O)C(=O)O,CC(=O)NC(CCC(=O)O)C(=O)O,-0.71
NC(=O)NN=CC(O)C(O)C(O)CO,NC(=O)NN=CC(O)C(O)C(O)CO,0.02
CCSC(=S)OC(CC(=O)O)C(=O)O,CCSC(=S)OC(CC(=O)O)C(=O)O,-1.29
CCOC(=S)SC(CC(N)=O)C(=O)O,CCOC(=S)SC(CC(N)=O)C(=O)O,-1.7
CCOC(=S)SC(CC(=O)O)C(=O)O,CCOC(=S)SC(CC(=O)O)C(=O)O,-1.19
CCSC(CCC(SCC)C(=O)O)C(=O)O,CCSC(CCC(SCC)C(=O)O)C(=O)O,-1.36
CC(C)CC(N)C(=O)NC(CC(C)C)C(=O)O,CC(C)CC(N)C(=O)NC(CC(C)C)C(=O)O,-0.69
NC(CCSSCCC(N)C(=O)O)C(=O)O,NC(CCSSCCC(N)C(=O)O)C(=O)O,-3.12
C=CCSC(CCC(SCC=C)C(=O)O)C(=O)O,C=CCSC(CCC(SCC=C)C(=O)O)C(=O)O,-2.2
CC(C)CC(N)C(=O)NCC(=O)NCC(=O)O,CC(C)CC(N)C(=O)NCC(=O)NCC(=O)O,0.31
CC(C)CC(Br)C(=O)NC(C)C(=O)NC(C)C(=O)O,CC(C)CC(Br)C(=O)NC(C)C(=O)NC(C)C(=O)O,-1.43
CC(C)CC(NC(=O)CNC(=O)CN)C(=O)O,CC(C)CC(NC(=O)CNC(=O)CN)C(=O)O,-0.11
COC(OC(C)=O)C(OC(C)=O)C(OC(C)=O)C(COC(C)=O)OC(C)=O,COC(OC(C)=O)C(OC(C)=O)C(OC(C)=O)C(COC(C)=O)OC(C)=O,-1.82
C1=C(SC(=C1)[N+](=O)[O-])C(=O)NN,NNC(=O)c1ccc([N+](=O)[O-])s1,-1.97
NS(=O)(=O)C1=NC2=C(C=CC=C2)S1,NS(=O)(=O)c1nc2ccccc2s1,-2.63
OC(=S)CCCCCCC(O)=S,OC(=S)CCCCCCC(O)=S,-2.24
CCCC(=O)NNC(=O)CCC,CCCC(=O)NNC(=O)CCC,-1.0
CCN(CC)S(=O)(=O)N(CC)CC,CCN(CC)S(=O)(=O)N(CC)CC,-1.14
CCCCCCCCCCOC(=O)C(C)O,CCCCCCCCCCOC(=O)C(C)O,-3.06
NC(=O)NCCCCCC(=O)O,NC(=O)NCCCCCC(=O)O,-2.16
OC(=S)CCCCCCCC(O)=S,OC(=S)CCCCCCCC(O)=S,-2.39
OC(=S)CCCCCCCCC(O)=S,OC(=S)CCCCCCCCC(O)=S,-3.07
COC(=O)C(C#N)C(=O)CC(C)C,COC(=O)C(C#N)C(=O)CC(C)C,-2.73
CCCCC(=O)NNC(=O)CCCC,CCCCC(=O)NNC(=O)CCCC,-2.16
CCOC(=O)CNC(C)=CC(C)=O,CCOC(=O)CNC(C)=CC(C)=O,-0.59
CC1(C)NC(=O)N(CC2=CC=CC=C2)C1=O,CC1(C)NC(=O)N(Cc2ccccc2)C1=O,-1.8
CCC(CO[N+](=O)O)O[N+](=O)O,CCC(CO[N+](=O)O)O[N+](=O)O,-1.89
CCCCCCCCOC(=O)C(C)OC(C)=O,CCCCCCCCOC(=O)C(C)OC(C)=O,-3.39
COC1=CC2=C(C=C1)C1=C(N2)C(C)=NC=C1,COc1ccc2c(c1)[nH]c1c(C)nccc12,-4.48
CCCC(C)(COC(N)=O)COC(N)=O,CCCC(C)(COC(N)=O)COC(N)=O,-1.74
CC(C=NNC(N)=O)=NNC(N)=O,CC(C=NNC(N)=O)=NNC(N)=O,-1.95
CCCCS(=O)(=O)NS(=O)(=O)CCCC,CCCCS(=O)(=O)NS(=O)(=O)CCCC,-0.76
CC(O)C(=O)NCCCCCCNC(=O)C(C)O,CC(O)C(=O)NCCCCCCNC(=O)C(C)O,-0.7
C1C2(COP(=O)(O1)OC2)[N+](=O)[O-],O=[N+]([O-])C12COP(=O)(OC1)OC2,-0.81
CCCCCCS(=O)(=O)NS(=O)(=O)CCCCCC,CCCCCCS(=O)(=O)NS(=O)(=O)CCCCCC,-2.2
CC(=O)OC(OC(C)=O)C(OC(C)=O)OC(C)=O,CC(=O)OC(OC(C)=O)C(OC(C)=O)OC(C)=O,-2.1
O=C(NCCCCCCNC(=O)OCCO)OCCO,O=C(NCCCCCCNC(=O)OCCO)OCCO,-0.92
CCCCCCOC(=O)CCCCCCCCC(=O)OCCCCCC,CCCCCCOC(=O)CCCCCCCCC(=O)OCCCCCC,-4.57
CCCS(=O)(=O)C(S(=O)(=O)CCC)S(=O)(=O)CCC,CCCS(=O)(=O)C(S(=O)(=O)CCC)S(=O)(=O)CCC,-1.95
O=C(NCCCCCCNC(=O)OCCCCO)OCCCCO,O=C(NCCCCCCNC(=O)OCCCCO)OCCCCO,-1.93
CCCCS(=O)(=O)C(S(=O)(=O)CCCC)S(=O)(=O)CCCC,CCCCS(=O)(=O)C(S(=O)(=O)CCCC)S(=O)(=O)CCCC,-2.97
NC1=NC2=C(N=CC(=O)N2)C(=O)N1,Nc1nc2[nH]c(=O)cnc2c(=O)[nH]1,-4.55
CC1=NC2=C(N=CNC2=O)NC1=O,Cc1nc2c(=O)[nH]cnc2[nH]c1=O,-2.15
O=C(O)C1=CC(N=NC2=CC=C(O)C=C2)=C(Cl)C=C1,O=C(O)c1ccc(Cl)c(N=Nc2ccc(O)cc2)c1,-4.08
CC(=NNC(=O)C1=NC=CS1)C(=O)O,CC(=NNC(=O)c1nccs1)C(=O)O,-1.93
O=C1C=NC2=C(N1)C(=O)NC(=O)N2,O=c1cnc2[nH]c(=O)[nH]c(=O)c2[nH]1,-3.13
O=C(O)C1=CC=CC(N=NC2=CC=C(O)C=C2)=C1,O=C(O)c1cccc(N=Nc2ccc(O)cc2)c1,-3.85
O=C(O)C1=C(N=NC2=CC=C(O)C=C2)C=CC=C1,O=C(O)c1ccccc1N=Nc1ccc(O)cc1,-3.33
CCCCCCCCN(C)N=NC1=CC=C(C(=O)O)C=C1,CCCCCCCCN(C)N=Nc1ccc(C(=O)O)cc1,-3.77
O=C(O)C1=C(N=NC2=CC=C(O)C=C2)C=CC(Cl)=C1,O=C(O)c1cc(Cl)ccc1N=Nc1ccc(O)cc1,-3.86
CC(=NNC(=O)C1=CC=NC=C1)C(=O)O,CC(=NNC(=O)c1ccncc1)C(=O)O,-3.31
CN1C(=O)NC2=C1NC(=O)NC2=O,Cn1c(=O)[nH]c2c(=O)[nH]c(=O)[nH]c21,-3.94
COC1=C(OC)C2=C(COC2=O)C(N)=C1,COc1cc(N)c2c(c1OC)C(=O)OC2,-2.08
O=C(C1=CC=CC=C1)C(F)(F)F,O=C(c1ccccc1)C(F)(F)F,-1.16
C1=CC=C2C(=C1)C=CC=C2[N+](=O)[O-],O=[N+]([O-])c1cccc2ccccc12,-3.71
CC1=C(C(=O)CCl)C=C(C(C)C)C(O)=C1,Cc1cc(O)c(C(C)C)cc1C(=O)CCl,-2.58
OC1=C(Cl)C(Cl)=C(Cl)C(Cl)=C1O,Oc1c(O)c(Cl)c(Cl)c(Cl)c1Cl,-3.55
COC1=CC=C(C2=CC=CC=C21)[N+](=O)[O-],COc1ccc([N+](=O)[O-])c2ccccc12,-4.36
C(CCCO[N+](=O)O)CCCO[N+](=O)O,O=[N+](O)OCCCCCCCO[N+](=O)O,-3.4
C1C2=CC=CC=C2C3=C1C=C(C=C3)[N+](=O)[O-],O=[N+]([O-])c1ccc2c(c1)Cc1ccccc1-2,-4.72
C(CCCCO[N+](=O)O)CCCO[N+](=O)O,O=[N+](O)OCCCCCCCCO[N+](=O)O,-4.14
COP(=O)(OC)OC(=CCl)C1=C(Cl)C=C(Cl)C(Cl)=C1,COP(=O)(OC)OC(=CCl)c1cc(Cl)c(Cl)cc1Cl,-4.52
CCOC(=O)N1CC(C)N(C(N)=O)CC1C,CCOC(=O)N1CC(C)N(C(N)=O)CC1C,-0.55
C1=CC=C(C=C1)OP(=O)(OC2=CC=CC=C2)OC3=CC=C(C=C3)[N+](=O)[O-],O=[N+]([O-])c1ccc(OP(=O)(Oc2ccccc2)Oc2ccccc2)cc1,-4.96
O=C1C=CC2=C(O1)C(O)=C1OC=CC1=C2,O=c1ccc2cc3ccoc3c(O)c2o1,-3.22
O=C1OC(C2=CC=C(Br)C=C2)C(Br)C1=O,O=C1OC(c2ccc(Br)cc2)C(Br)C1=O,-3.05
O=C1NC(=S)SC1=CC1=CC(O)=C(O)C=C1,O=C1NC(=S)SC1=Cc1ccc(O)c(O)c1,-3.34
COC(=O)C1=CC=C(C(=O)O)C=C1,COC(=O)c1ccc(C(=O)O)cc1,-2.97
C(CCCO[N+](=O)O)CCO[N+](=O)O,O=[N+](O)OCCCCCCO[N+](=O)O,-2.77
COC(=O)C1=CC=C(C=C1)[N+](=O)[O-],COC(=O)c1ccc([N+](=O)[O-])cc1,-3.04
CC12CCC3C4=C(C=C(O)C=C4)CCC3C1CCC2=O,CC12CCC3c4ccc(O)cc4CCC3C1CCC2=O,-5.11
NNC(=O)C1=CC2=C(C=C1)OCO2,NNC(=O)c1ccc2c(c1)OCO2,-0.6
CCN(CC)C1=CC2=C(C=C1)C(C)=CC(=O)O2,CCN(CC)c1ccc2c(C)cc(=O)oc2c1,-4.0
NC1=C2C=CC=NC2=C(S(=O)(=O)O)C=C1,Nc1ccc(S(=O)(=O)O)c2ncccc12,-2.71
NC1=C(S(=O)(=O)O)C=CC2=C1C=CC=N2,Nc1c(S(=O)(=O)O)ccc2ncccc12,-2.5
COC1=CC=C(Cl)C(OC)=C1O,COc1ccc(Cl)c(OC)c1O,-1.56
CC1=C(C2=CC=CC=C2C=C1)[N+](=O)[O-],Cc1ccc2ccccc2c1[N+](=O)[O-],-4.27
CCC1(CCO)C(=O)NC(=S)NC1=O,CCC1(CCO)C(=O)NC(=S)NC1=O,-1.47
COC1=C2C=COC2=CC2=C1C=CC(=O)O2,COc1c2ccoc2cc2oc(=O)ccc12,-3.6
NC1=CC=C(S(=O)(=O)N=C2CC=CN2)C=C1,Nc1ccc(S(=O)(=O)N=C2CC=CN2)cc1,-1.69
COC1=C2OC=CC2=CC2=C1OC(=O)C=C2,COc1c2occc2cc2ccc(=O)oc12,-3.52
CC1=CC(=O)N(O)C2=C1C1=C(C=CC=C1)C=C2,Cc1cc(=O)n(O)c2ccc3ccccc3c12,-4.0
O=C(O)CSC(=S)OCC1=CC=CC=C1,O=C(O)CSC(=S)OCc1ccccc1,-2.68
CCCCCCCCC(CO[N+](=O)O)O[N+](=O)O,CCCCCCCCC(CO[N+](=O)O)O[N+](=O)O,-5.72
CCCC1(CCC)C(=O)NC(=O)NC1=O,CCCC1(CCC)C(=O)NC(=O)NC1=O,-2.53
CC1=NC(=O)C2=C(N1)C=CC(=C2)[N+](=O)[O-],Cc1nc(=O)c2cc([N+](=O)[O-])ccc2[nH]1,-2.22
CCCCCOC(=O)C1=C(C(=O)OCCCCC)C=CC=C1,CCCCCOC(=O)c1ccccc1C(=O)OCCCCC,-3.49
NC(=O)CNC(=O)CNC(=O)OCC1=CC=CC=C1,NC(=O)CNC(=O)CNC(=O)OCc1ccccc1,-2.35
CCC(=O)C(CCCCCCOC1=C(Cl)C=C(OC)C=C1)C(=O)CC,CCC(=O)C(CCCCCCOc1ccc(OC)cc1Cl)C(=O)CC,-5.27
CCCCC1(CC)C(=O)NC(=O)NC1=O,CCCCC1(CC)C(=O)NC(=O)NC1=O,-1.67
CC(=O)C1=C(C(=O)O)C(C(=O)O)=CN=C1C,CC(=O)c1c(C)ncc(C(=O)O)c1C(=O)O,-1.35
CC(CCC(=O)O)=NNC(=O)C1=NC=CS1,CC(CCC(=O)O)=NNC(=O)c1nccs1,-1.73
CC1=C(C(C)C)C(=O)N(C2=CC=CC=C2)N1C,Cc1c(C(C)C)c(=O)n(-c2ccccc2)n1C,-1.91
C1=CC=C2C=C(C=CC2=C1)[N+](=O)[O-],O=[N+]([O-])c1ccc2ccccc2c1,-3.82
CC(=NO)C(=NO)C1=CC=CC=C1,CC(=NO)C(=NO)c1ccccc1,-2.3
COC1=C(OCC(O)CO)C=CC=C1,COc1ccccc1OCC(O)CO,-0.73
OCCOC1=CC=CC(OCCO)=C1,OCCOc1cccc(OCCO)c1,-1.02
CC(=O)CC(C)=NCCN=C(C)CC(C)=O,CC(=O)CC(C)=NCCN=C(C)CC(C)=O,-2.83
C1=CC(=CC=C1C(=O)NO)[N+](=O)[O-],O=C(NO)c1ccc([N+](=O)[O-])cc1,-1.94
CN(C(=O)C1=CC=C(C=C1)[N+](=O)[O-])O,CN(O)C(=O)c1ccc([N+](=O)[O-])cc1,-2.87
COC1=CC=C(C=CC(=O)C2=C(O)C=CC=C2)C=C1,COc1ccc(C=CC(=O)c2ccccc2O)cc1,-5.7
CONC(=O)C1=CC=C(C=C1)[N+](=O)[O-],CONC(=O)c1ccc([N+](=O)[O-])cc1,-2.28
CC1=CC(C)=NC(OC2=NN(C)C(C)=C2)=N1,Cc1cc(C)nc(Oc2cc(C)n(C)n2)n1,-1.52
NC(=O)CNC(=O)OCC1=CC=CC=C1,NC(=O)CNC(=O)OCc1ccccc1,-1.88
COC1=CC2=C(C=C1)NC=C2CCNC(C)=O,COc1ccc2[nH]cc(CCNC(C)=O)c2c1,-5.09
CC12CCC3(O)C(CCC4=CC(=O)CCC43C)C1CCC2=O,CC12CCC3(O)C(CCC4=CC(=O)CCC43C)C1CCC2=O,-2.68
CC(CCC(=O)O)=NNC(=O)C1=CC=NC=C1,CC(CCC(=O)O)=NNC(=O)c1ccncc1,-1.59
CCC=C(C)C1(CC)C(=O)NC(=O)NC1=O,CCC=C(C)C1(CC)C(=O)NC(=O)NC1=O,-2.31
CC(C)CC1(CCO)C(=O)NC(=S)NC1=O,CC(C)CC1(CCO)C(=O)NC(=S)NC1=O,-2.62
O=S(=O)(C1CCCCC1)C1CCCCC1,O=S(=O)(C1CCCCC1)C1CCCCC1,-2.06
CCCC1(CCO)C(=O)NC(=S)NC1=O,CCCC1(CCO)C(=O)NC(=S)NC1=O,-1.61
COC1=CC=C2C=C(CCC(C)=O)C=CC2=C1,COc1ccc2cc(CCC(C)=O)ccc2c1,-1.46
CC(C)(NC(=O)C1=CC=CC=C1)C(=O)O,CC(C)(NC(=O)c1ccccc1)C(=O)O,-0.76
COC1=C(OC)C2=C(COC2=O)C(C#N)=C1,COc1cc(C#N)c2c(c1OC)C(=O)OC2,-3.48
O=C(O)C1=C(C(=O)C2=CC=C(O)C=C2)C=CC=C1,O=C(O)c1ccccc1C(=O)c1ccc(O)cc1,-2.73
NC(=O)NS(=O)(=O)C1=CC=C(N)C=C1,NC(=O)NS(=O)(=O)c1ccc(N)cc1,-1.97
CCOC(=O)C(C)(C)NC(=O)C1=CC=CC=C1,CCOC(=O)C(C)(C)NC(=O)c1ccccc1,-1.19
CCOC(=O)OC1=CC=C(NC(C)=O)C=C1,CCOC(=O)Oc1ccc(NC(C)=O)cc1,-2.67
CC1(C(=O)O)NCCC2=C1C=C(O)C(O)=C2,CC1(C(=O)O)NCCc2cc(O)c(O)cc21,-0.75
CCC(C)(C(=O)O)N1C(=O)C2=C(C=CC=C2)C1=O,CCC(C)(C(=O)O)N1C(=O)c2ccccc2C1=O,-1.91
COC1=CC=C(C(O)C(O)C2=CC=CC=C2)C=C1,COc1ccc(C(O)C(O)c2ccccc2)cc1,-1.39
CC(=O)NC(COC(=O)C1=CC=CC=C1)C(=O)O,CC(=O)NC(COC(=O)c1ccccc1)C(=O)O,-3.22
NC(CC1=CC=C(O)C=C1)C(=O)NCC(=O)O,NC(Cc1ccc(O)cc1)C(=O)NCC(=O)O,-1.1
COC1=CC=C(CC2NC(=O)N(C)C2=O)C=C1,COc1ccc(CC2NC(=O)N(C)C2=O)cc1,-0.89
O=C(O)C(OC1=C(Cl)C=CC=C1)OC1=C(Cl)C=CC=C1,O=C(O)C(Oc1ccccc1Cl)Oc1ccccc1Cl,-2.83
COC1=C(C=CC(=C1)OC2=C(C=C(C=C2)Cl)Cl)[N+](=O)[O-],COc1cc(Oc2ccc(Cl)cc2Cl)ccc1[N+](=O)[O-],-5.91
CCNC(=S)N1CCN(C(=O)OCC)CC1,CCNC(=S)N1CCN(C(=O)OCC)CC1,-1.79
O=C(NC(=O)C1=C(F)C=CC=C1F)NC1=CC=C(Cl)C=C1,O=C(NC(=O)c1c(F)cccc1F)Nc1ccc(Cl)cc1,-6.54
CNC(=S)NC1C(=O)NC(=O)NC1=O,CNC(=S)NC1C(=O)NC(=O)NC1=O,-0.46
CC(C)CC(NC(=O)OCC1C2=C(C=CC=C2)C2=C1C=CC=C2)C(=O)O,CC(C)CC(NC(=O)OCC1c2ccccc2-c2ccccc21)C(=O)O,-3.74
CC(=O)NS(=O)(=O)C1=CC=C(NC(=O)C2=C(C(=O)O)C=CC=C2)C=C1,CC(=O)NS(=O)(=O)c1ccc(NC(=O)c2ccccc2C(=O)O)cc1,-2.52
CCC1(C2=C(C=C(C=C2)[N+](=O)[O-])C(=O)O1)CC,CCC1(CC)OC(=O)c2cc([N+](=O)[O-])ccc21,-3.66
CCCCC(CCCC)(CCCC)C(=O)NO,CCCCC(CCCC)(CCCC)C(=O)NO,-4.16
COC(=O)C1=CC=C(N(C)C)C=C1,COC(=O)c1ccc(N(C)C)cc1,-3.05
COC1=CC=CC(C(=O)O)=C1OC,COc1cccc(C(=O)O)c1OC,-2.14
NS(=O)(=O)C1=CC=C(NO)C=C1,NS(=O)(=O)c1ccc(NO)cc1,-0.84
O=S(=O)(O)C1=CC2=C(C=C1)OC1=C2C=CC=C1,O=S(=O)(O)c1ccc2oc3ccccc3c2c1,-0.47
O=C(C1=CC=CC=C1)N(O)C1=CC=CC=C1,O=C(c1ccccc1)N(O)c1ccccc1,-2.73
CC(=O)NC(CC1=CC=CC=C1)C(=O)O,CC(=O)NC(Cc1ccccc1)C(=O)O,-1.41
CC(C)C1=CC=C(NC(=O)N(C)C)C=C1,CC(C)c1ccc(NC(=O)N(C)C)cc1,-3.5
CCOC(=O)C(CC1=CC=CC=C1)NC(C)=O,CCOC(=O)C(Cc1ccccc1)NC(C)=O,-1.86
CCN(CC)CC(=O)NC1=C(C)C=CC=C1C,CCN(CC)CC(=O)Nc1c(C)cccc1C,-1.78
CC(C(=O)O)C1=CC=CC(C(=O)C2=CC=CC=C2)=C1,CC(C(=O)O)c1cccc(C(=O)c2ccccc2)c1,-3.47
CC1=CC2=CC3=C(OC(=O)C=C3C)C(C)=C2O1,Cc1cc2cc3c(C)cc(=O)oc3c(C)c2o1,-5.28
CCOC(=O)C(CC1=CC=C(O)C=C1)NC(=O)C1=CC=CC=C1,CCOC(=O)C(Cc1ccc(O)cc1)NC(=O)c1ccccc1,-3.33
CC1=CC=C(S(=O)(=O)NC(CCC(=O)O)C(=O)O)C=C1,Cc1ccc(S(=O)(=O)NC(CCC(=O)O)C(=O)O)cc1,-0.93
CCN(CC)C(=O)CN1C=C(Br)C(=O)C(Br)=C1,CCN(CC)C(=O)Cn1cc(Br)c(=O)c(Br)c1,-2.31
CCN(CC)C(=O)CN1C=C(I)C(=O)C(I)=C1,CCN(CC)C(=O)Cn1cc(I)c(=O)c(I)c1,-3.18
O=S(=O)(O)C1=C2C=CC=NC2=C(O)C(I)=C1,O=S(=O)(O)c1cc(I)c(O)c2ncccc12,-2.2
C=CCC1(C(C)CCC)C(=O)NC(=O)NC1=O,C=CCC1(C(C)CCC)C(=O)NC(=O)NC1=O,-2.36
CCCCC(CC)CC(CC)(CC)C(=O)NO,CCCCC(CC)CC(CC)(CC)C(=O)NO,-3.35
CCCCCCCCC(CC)(CC)C(=O)NO,CCCCCCCCC(CC)(CC)C(=O)NO,-5.22
CC(C)CC(CC(C)C)(CC(C)C)C(=O)NO,CC(C)CC(CC(C)C)(CC(C)C)C(=O)NO,-4.0
CCCCCCC(CCC)(CCC)C(=O)NO,CCCCCCC(CCC)(CCC)C(=O)NO,-2.82
CCCCCCCCCCC(C)(C)C(=O)NO,CCCCCCCCCCC(C)(C)C(=O)NO,-4.8
COC1=C(O)C=CC(C(=O)CO)=C1,COc1cc(C(=O)CO)ccc1O,-1.78
CCCCC1(CCO)C(=O)NC(=S)NC1=O,CCCCC1(CCO)C(=O)NC(=S)NC1=O,-2.17
O=C(O)CC1(O)CC(=O)N(C2=CC=CC=C2)C1=O,O=C(O)CC1(O)CC(=O)N(c2ccccc2)C1=O,-0.68
CCC(CC)(CC1=CC=C(C)C=C1)C(=O)NO,CCC(CC)(Cc1ccc(C)cc1)C(=O)NO,-3.35
O=C(NC(CO)C(=O)O)C1=CC=CC=C1,O=C(NC(CO)C(=O)O)c1ccccc1,-0.91
O=C1NC=C(NS(=O)(=O)O)C(=O)N1,O=c1[nH]cc(NS(=O)(=O)O)c(=O)[nH]1,-1.77
CCCC(CCC)(C(=O)NO)C1=CC=CC=C1,CCCC(CCC)(C(=O)NO)c1ccccc1,-2.89
CC1=CC(C)=C(CC(C)(C)C(=O)NO)C(C)=C1,Cc1cc(C)c(CC(C)(C)C(=O)NO)c(C)c1,-3.52
CN(CC(=O)O)C(=S)SCC1=CC=CC=C1,CN(CC(=O)O)C(=S)SCc1ccccc1,-3.23
CCC1(CC)C(=O)N(C)N(C2=CC=CC=C2)C1=O,CCC1(CC)C(=O)N(C)N(c2ccccc2)C1=O,-2.69
CCCOC(=O)C1=C(C(=O)OCCC)C=CC=C1,CCCOC(=O)c1ccccc1C(=O)OCCC,-3.82
CCCCCCCOC(=O)C1=C(C(=O)OCCCCCCC)C=CC=C1,CCCCCCCOC(=O)c1ccccc1C(=O)OCCCCCCC,-8.56
CCCCCCCCNCC(O)CO,CCCCCCCCNCC(O)CO,-2.22
CCCCCCCCCNCC(O)CO,CCCCCCCCCNCC(O)CO,-2.64
CCCCCCCCCCNCC(O)CO,CCCCCCCCCCNCC(O)CO,-3.11
CNCC(O)C1=CC(O)=C(O)C=C1,CNCC(O)c1ccc(O)c(O)c1,-0.96
CC(C)CCC1(CCO)C(=O)NC(=S)NC1=O,CC(C)CCC1(CCO)C(=O)NC(=S)NC1=O,-2.56
CCCCCC1(CCO)C(=O)NC(=S)NC1=O,CCCCCC1(CCO)C(=O)NC(=S)NC1=O,-2.38
O=C(O)CN1C(=O)NC(=O)C1CC1=CC=CC=C1,O=C(O)CN1C(=O)NC(=O)C1Cc1ccccc1,-1.79
CS(=O)(=O)NC1=C(C=C(C=C1)[N+](=O)[O-])OC2=CC=CC=C2,CS(=O)(=O)Nc1ccc([N+](=O)[O-])cc1Oc1ccccc1,-4.49
NC(=O)NC1(O)NC(=O)NC1(O)C(=O)O,NC(=O)NC1(O)NC(=O)NC1(O)C(=O)O,-0.37
CCCC(C)CC1(CCO)C(=O)NC(=S)NC1=O,CCCC(C)CC1(CCO)C(=O)NC(=S)NC1=O,-3.09
CCC(CC)CC1(CCO)C(=O)NC(=S)NC1=O,CCC(CC)CC1(CCO)C(=O)NC(=S)NC1=O,-3.14
NC1=CC=C(S(=O)(=O)NC2=CN=C(I)C=C2)C=C1,Nc1ccc(S(=O)(=O)Nc2ccc(I)nc2)cc1,-1.81
CC1=C(NC(N)=O)C(=O)N(C2=CC=CC=C2)N1C,Cc1c(NC(N)=O)c(=O)n(-c2ccccc2)n1C,-1.52
CC12CCC3C4=C(C=C(O)C=C4)CCC3C1CC(O)C2O,CC12CCC3c4ccc(O)cc4CCC3C1CC(O)C2O,-4.0
COC1=CC(Cl)=C(Cl)C(Cl)=C1O,COc1cc(Cl)c(Cl)c(Cl)c1O,-3.66
CN1C(=O)NC(=O)C(C)(C2=CCCCC2)C1=O,CN1C(=O)NC(=O)C(C)(C2=CCCCC2)C1=O,-2.91
CC(=O)C(OC1=C(Cl)C=CC=C1)C(=O)O,CC(=O)C(Oc1ccccc1Cl)C(=O)O,-2.1
O=C1C=CC2=C(C=CC=C2)C1=NO,O=C1C=Cc2ccccc2C1=NO,-2.94
CC(=O)NC1=CC2=C(C=C1)N=C(S(N)(=O)=O)S2,CC(=O)Nc1ccc2nc(S(N)(=O)=O)sc2c1,-3.16
O=C(O)CSC(CC(=O)O)C1=CC=CC=C1,O=C(O)CSC(CC(=O)O)c1ccccc1,-1.55
COC1=CC(C(=O)C=CC2=CC=CC=C2)=C(O)C=C1,COc1ccc(O)c(C(=O)C=Cc2ccccc2)c1,-6.0
COC(=O)C1=CC(Br)=C(O)C=C1,COC(=O)c1ccc(O)c(Br)c1,-3.17
CCC1=NN=C(NS(=O)(=O)C2=CC=C(N)C=C2)S1,CCc1nnc(NS(=O)(=O)c2ccc(N)cc2)s1,-3.12
O=C(O)C1=C(C(=O)OCCOC(=O)C2=C(C(=O)O)C=CC=C2)C=CC=C1,O=C(O)c1ccccc1C(=O)OCCOC(=O)c1ccccc1C(=O)O,-2.83
COc1cc(c2COC(=O)c2c1OC)[N+]([O-])=O,COc1cc([N+](=O)[O-])c2c(c1OC)C(=O)OC2,-3.21
CC(=O)CC(C)=NC1=CC=C(O)C=C1,CC(=O)CC(C)=Nc1ccc(O)cc1,-3.59
CCC1(CC)C(=O)N(C2=CC=CC=C2)N=C1OC(C)=O,CCC1(CC)C(=O)N(c2ccccc2)N=C1OC(C)=O,-3.54
COC(=O)C1=CC(O)=C(OC)C(O)=C1,COC(=O)c1cc(O)c(OC)c(O)c1,-1.6
NC1=CC=C2C(O)=CC=CC2=C1S(=O)(=O)O,Nc1ccc2c(O)cccc2c1S(=O)(=O)O,-2.06
NC1=CC2=C(S(=O)(=O)O)C=CC=C2C=C1,Nc1ccc2cccc(S(=O)(=O)O)c2c1,-2.54
CC(=O)NC(CC1=CC=C(O)C=C1)C(=O)O,CC(=O)NC(Cc1ccc(O)cc1)C(=O)O,0.01
NCC(=O)NC(CC1=CC=C(O)C=C1)C(=O)O,NCC(=O)NC(Cc1ccc(O)cc1)C(=O)O,-0.73
CC(=O)CC(C)=NC1=C(O)C=CC=C1,CC(=O)CC(C)=Nc1ccccc1O,-3.55
NC1=C(C=NC2=C(O)C=CC=C2)C=CC=C1,Nc1ccccc1C=Nc1ccccc1O,-3.64
COS(=O)(=O)C1=CC=C(C(=O)O)C=C1,COS(=O)(=O)c1ccc(C(=O)O)cc1,-3.05
NC1=C(C(=O)OCC=CC2=CC=CC=C2)C=CC=C1,Nc1ccccc1C(=O)OCC=Cc1ccccc1,-6.04
NC(C(=O)NCC(=O)O)C1=CC=CC=C1,NC(C(=O)NCC(=O)O)c1ccccc1,-1.41
CC(=O)CC(C)=NC1=CC=C(N=C(C)CC(C)=O)C=C1,CC(=O)CC(C)=Nc1ccc(N=C(C)CC(C)=O)cc1,-1.89
O=C(O)CN(C(=S)SCC1=CC=CC=C1)C1=CC=CC=C1,O=C(O)CN(C(=S)SCc1ccccc1)c1ccccc1,-3.92
COC(=O)C(CC1=CC=CC=C1)NC(=O)C(CC(=O)O)NC(=O)C(F)(F)F,COC(=O)C(Cc1ccccc1)NC(=O)C(CC(=O)O)NC(=O)C(F)(F)F,-2.66
NC1=CC(=O)C(=O)C2=C1C=CC=C2,NC1=CC(=O)C(=O)c2ccccc21,-3.84
CC(=O)NC1=CC2=C(C=C1)C1=C(C=CC=C1)C2,CC(=O)Nc1ccc2c(c1)Cc1ccccc1-2,-4.24
CC(=O)NC1=C(C=CC(=C1)Cl)[N+](=O)[O-],CC(=O)Nc1cc(Cl)ccc1[N+](=O)[O-],-0.99
N#CCCNC(CC1=CC=CC=C1)C(=O)O,N#CCCNC(Cc1ccccc1)C(=O)O,-1.49
CCCN(CCC)S(=O)(=O)C1=CC=C(C(=O)O)C=C1,CCCN(CCC)S(=O)(=O)c1ccc(C(=O)O)cc1,-4.02
CCNC(=O)NC1=C(C)N(C)N(C2=CC=CC=C2)C1=O,CCNC(=O)Nc1c(C)n(C)n(-c2ccccc2)c1=O,-1.83
CC1=CC=C(C(=O)N(O)C2=CC=C(Cl)C=C2)C=C1,Cc1ccc(C(=O)N(O)c2ccc(Cl)cc2)cc1,-4.42
O=C(O)C1=CC=C(P(=O)(C2=CC=CC=C2)C2=CC=C(C(=O)O)C=C2)C=C1,O=C(O)c1ccc(P(=O)(c2ccccc2)c2ccc(C(=O)O)cc2)cc1,-6.01
NS(=O)(=O)C1=C(C2=NC3=C(C=CC=C3)C(=O)N2)C=CC=C1,NS(=O)(=O)c1ccccc1-c1nc2ccccc2c(=O)[nH]1,-3.08
CC(C)=NNC(=O)NC1C2=C(C=CC=C2)OC2=C1C=CC=C2,CC(C)=NNC(=O)NC1c2ccccc2Oc2ccccc21,-4.17
NC1C(O)C(O)C(O)C(O)C1O,NC1C(O)C(O)C(O)C(O)C1O,-1.41
O=C(O)C=CC(=O)NC1=CC=CC=C1,O=C(O)C=CC(=O)Nc1ccccc1,-2.72
O=C(O)C1=CC=C(P(=O)(O)C2=CC=CC=C2)C=C1,O=C(O)c1ccc(P(=O)(O)c2ccccc2)cc1,-4.07
CC(=O)NC1=CC=C(S(=O)(=O)NC2=NC(C)=CS2)C=C1,CC(=O)Nc1ccc(S(=O)(=O)Nc2nc(C)cs2)cc1,-4.15
NC1=CC=C(S(=O)(=O)NC2=NC3=C(C=N2)CCCC3)C=C1,Nc1ccc(S(=O)(=O)Nc2ncc3c(n2)CCCC3)cc1,-3.65
CN1C(=O)C(CC2=CC=C(O)C=C2)N(CC(=O)O)C1=O,CN1C(=O)C(Cc2ccc(O)cc2)N(CC(=O)O)C1=O,-0.05
CC(C)CC(N)C(=O)NC(CC1=CC=C(O)C=C1)C(=O)O,CC(C)CC(N)C(=O)NC(Cc1ccc(O)cc1)C(=O)O,-1.58
CN(C)CCNC(=O)NC1CCCCC1,CN(C)CCNC(=O)NC1CCCCC1,-0.66
CCN(CC)CC(C)OC(=O)C1=CC=C(N)C=C1,CCN(CC)CC(C)OC(=O)c1ccc(N)cc1,-2.35
CCN(CC)C(C)COC(=O)C1=CC=C(N)C=C1,CCN(CC)C(C)COC(=O)c1ccc(N)cc1,-2.38
CC(C)CC(NC(=O)C(N)CC1=CC=C(O)C=C1)C(=O)O,CC(C)CC(NC(=O)C(N)Cc1ccc(O)cc1)C(=O)O,-2.07
CCCCNC(=O)NC1=C(C)N(C)N(C2=CC=CC=C2)C1=O,CCCCNC(=O)Nc1c(C)n(C)n(-c2ccccc2)c1=O,-1.63
C1=COC(=C1)C(=O)C2=NO[N+](=C2C(=O)C3=CC=CO3)[O-],O=C(c1ccco1)c1no[n+]([O-])c1C(=O)c1ccco1,-3.85
CC1C(=O)CCC2C(O)CCC(O)C12,CC1C(=O)CCC2C(O)CCC(O)C12,-0.3
CC(C)(C)CC(C)(C)C1CC/C(=N/O)/C(=N\O)/C1,CC(C)(C)CC(C)(C)C1CCC(=N/O)/C(=N\O)C1,-6.41
CNC(CC1=CC(O)=C(O)C=C1)C(=O)O,CNC(Cc1ccc(O)c(O)c1)C(=O)O,-1.02
CC(=O)NC(CSC1=CC(Cl)=C(Cl)C=C1)C(=O)O,CC(=O)NC(CSc1ccc(Cl)c(Cl)c1)C(=O)O,-2.89
C1=CC(=CC=C1NC(=O)NCCC(=O)O)[N+](=O)[O-],O=C(O)CCNC(=O)Nc1ccc([N+](=O)[O-])cc1,-2.7
CC(=O)NC(CSC1=C(Cl)C=CC=C1Cl)C(=O)O,CC(=O)NC(CSc1c(Cl)cccc1Cl)C(=O)O,-2.31
N#CCCN(CCC#N)C(CC1=CC=C(O)C=C1)C(=O)O,N#CCCN(CCC#N)C(Cc1ccc(O)cc1)C(=O)O,-1.68
CC12CCC(=O)C=C1CCC1C2CCC2(C)C(OC(=O)CCC(=O)O)CCC12,CC12CCC(=O)C=C1CCC1C2CCC2(C)C(OC(=O)CCC(=O)O)CCC12,-5.08
O=C(O)CN1C(=O)N(C2=CC=CC=C2)C(=O)C1CC1=CC=CC=C1,O=C(O)CN1C(=O)N(c2ccccc2)C(=O)C1Cc1ccccc1,-2.91
CC1(C)C(=O)C(=O)C2CCC1C2,CC1(C)C(=O)C(=O)C2CCC1C2,-1.52
CCOC(=O)C(O)C1=CC=CC=C1,CCOC(=O)C(O)c1ccccc1,-1.26
CC12CCC(CC1=O)C2(C)C(=O)O,CC12CCC(CC1=O)C2(C)C(=O)O,-1.78
CC12CCC(C(=NO)C1=NO)C2(C)C,CC12CCC(C(=NO)C1=NO)C2(C)C,-2.52
CC(C(=O)O)S(=O)(=O)C1=CC=CC=C1,CC(C(=O)O)S(=O)(=O)c1ccccc1,-0.89
CC(O)C(NC(=O)C1=CC=CC=C1)C(=O)O,CC(O)C(NC(=O)c1ccccc1)C(=O)O,-1.23
O=C(O)CSC(C(=O)O)C1=CC=CC=C1,O=C(O)CSC(C(=O)O)c1ccccc1,-1.23
CC(CC(=O)NC1=CC=CC=C1)C(=O)O,CC(CC(=O)Nc1ccccc1)C(=O)O,0.39
CC(C(=O)N(C)C)S(=O)(=O)C1=CC=CC=C1,CC(C(=O)N(C)C)S(=O)(=O)c1ccccc1,-0.87
COC(C)C(NC(=O)C1=CC=CC=C1)C(=O)O,COC(C)C(NC(=O)c1ccccc1)C(=O)O,-1.74
O=C(O)CNC(CC1=CC=CC=C1)C(=O)O,O=C(O)CNC(Cc1ccccc1)C(=O)O,-2.16
CC(OC1=C(Cl)C=C(Cl)C(Cl)=C1)C(=O)O,CC(Oc1cc(Cl)c(Cl)cc1Cl)C(=O)O,-3.55
CC(C(=O)O)NC(=O)C1=CC(=CC=C1)[N+](=O)[O-],CC(NC(=O)c1cccc([N+](=O)[O-])c1)C(=O)O,-1.8
O=C(O)CNC(CC1=CC=C(O)C=C1)C(=O)O,O=C(O)CNC(Cc1ccc(O)cc1)C(=O)O,-2.59
CC(=O)C=C(C)NC1CCCCC1NC(C)=CC(C)=O,CC(=O)C=C(C)NC1CCCCC1NC(C)=CC(C)=O,-2.11
OCC(O)C(O)C(O)C=NN(C1=CC=CC=C1)C1=CC=CC=C1,OCC(O)C(O)C(O)C=NN(c1ccccc1)c1ccccc1,-3.1
CC(O)C1(O)CCC2C3CCC4=CC(=O)CCC4(C)C3CCC21C,CC(O)C1(O)CCC2C3CCC4=CC(=O)CCC4(C)C3CCC21C,-4.16
CC1=CC=C(C2(O)CCN(CCCC(=O)C3=CC=C(F)C=C3)CC2)C=C1,Cc1ccc(C2(O)CCN(CCCC(=O)c3ccc(F)cc3)CC2)cc1,-4.35
CC(CCC(=O)O)C1CCC2C3CC(O)C4CC(O)CCC4(C)C3CCC12C,CC(CCC(=O)O)C1CCC2C3CC(O)C4CC(O)CCC4(C)C3CCC12C,-4.82
O=C(O)C(SCCSC(C(=O)O)C1=CC=CC=C1)C1=CC=CC=C1,O=C(O)C(SCCSC(C(=O)O)c1ccccc1)c1ccccc1,-3.41
NC(CC1=CC=C(O)C=C1)C(=O)NCC(=O)NCC(=O)O,NC(Cc1ccc(O)cc1)C(=O)NCC(=O)NCC(=O)O,-1.47
CC1=C(NC(=O)NC2=CC=CC=C2)C(=O)N(C2=CC=CC=C2)N1C,Cc1c(NC(=O)Nc2ccccc2)c(=O)n(-c2ccccc2)n1C,-2.3
CC1=C(O)C=CC(C(=O)CC(C)C)=C1,Cc1cc(C(=O)CC(C)C)ccc1O,-1.98
CC1CCC(C)C(=NO)C1=NO,CC1CCC(C)C(=NO)C1=NO,-1.32
CCC1CCC(=NO)C(=NO)C1,CCC1CCC(=NO)C(=NO)C1,-1.83
COC1=CC(O)=C(CC=C(C)C)C2=C1C(=O)CC(C1=CC=C(O)C=C1)O2,COc1cc(O)c(CC=C(C)C)c2c1C(=O)CC(c1ccc(O)cc1)O2,-5.44
CCOC(=O)C1=CC(Br)=C(O)C=C1,CCOC(=O)c1ccc(O)c(Br)c1,-3.39
NC(=O)CC1=CC=C(C2=CC=CC=C2)C=C1,NC(=O)Cc1ccc(-c2ccccc2)cc1,-3.33
CCCOC(=O)C1=CC(Cl)=C(O)C=C1,CCCOC(=O)c1ccc(O)c(Cl)c1,-3.38
CCCOC(=O)C1=CC(Br)=C(O)C=C1,CCCOC(=O)c1ccc(O)c(Br)c1,-3.51
O=S1(=O)OC(C2=CC=C(O)C=C2)(C2=CC=C(O)C=C2)C2=C1C=CC=C2,O=S1(=O)OC(c2ccc(O)cc2)(c2ccc(O)cc2)c2ccccc21,-3.07
C=CCOC1=C(C=C(C=C1)[N+](=O)[O-])N,C=CCOc1ccc([N+](=O)[O-])cc1N,-2.8
COC1=CC=C(N(C)C(N)=O)C=C1,COc1ccc(N(C)C(N)=O)cc1,-1.16
NC(=O)NN=CCOC1CCCCC1,NC(=O)NN=CCOC1CCCCC1,-1.74
CCOC1=CC=C(N(C)C(N)=O)C=C1,CCOc1ccc(N(C)C(N)=O)cc1,-1.66
CCCCOC1=C(C=C(C=C1)[N+](=O)[O-])N,CCCCOc1ccc([N+](=O)[O-])cc1N,-3.82
COC1=C(S(N)(=O)=O)C=C(C)C=C1,COc1ccc(C)cc1S(N)(=O)=O,-1.53
CCCCOC(=O)C1=CC(Cl)=C(O)C=C1,CCCCOC(=O)c1ccc(O)c(Cl)c1,-3.51
CCCCOC(=O)C1=CC(Br)=C(O)C=C1,CCCCOC(=O)c1ccc(O)c(Br)c1,-3.67
CC1=C(OCC(O)=S)C=CC(Cl)=C1,Cc1cc(Cl)ccc1OCC(O)=S,-3.16
CCCCCOC(=O)C1=CC(Cl)=C(O)C=C1,CCCCCOC(=O)c1ccc(O)c(Cl)c1,-3.95
CCCCCOC(=O)C1=CC(Br)=C(O)C=C1,CCCCCOC(=O)c1ccc(O)c(Br)c1,-4.1
CCCCCOC(=O)C1=CC(I)=C(O)C=C1,CCCCCOC(=O)c1ccc(O)c(I)c1,-4.22
CC(C)OC1=C(C=C(C=C1)[N+](=O)[O-])N,CC(C)Oc1ccc([N+](=O)[O-])cc1N,-2.66
C1=CC=C(C=C1)C2=C(C=CC(=C2)O)[N+](=O)[O-],O=[N+]([O-])c1ccc(O)cc1-c1ccccc1,-3.63
CC(C(N)=O)S(=O)(=O)C1=CC=CC=C1,CC(C(N)=O)S(=O)(=O)c1ccccc1,-1.64
C1=CC=C(C=C1)C2=C(C(=CC=C2)O)[N+](=O)[O-],O=[N+]([O-])c1c(O)cccc1-c1ccccc1,-3.95
CCOC1=CC=C(N(CC)C(N)=O)C=C1,CCOc1ccc(N(CC)C(N)=O)cc1,-1.85
OC(=S)COC1=C(Cl)C=C(Cl)C=C1,OC(=S)COc1ccc(Cl)cc1Cl,-2.69
CCCCCCOC(=O)C1=CC(Cl)=C(O)C=C1,CCCCCCOC(=O)c1ccc(O)c(Cl)c1,-4.09
CCCCCCOC(=O)C1=CC(Br)=C(O)C=C1,CCCCCCOC(=O)c1ccc(O)c(Br)c1,-4.22
CCCCCCOC(=O)C1=CC(I)=C(O)C=C1,CCCCCCOC(=O)c1ccc(O)c(I)c1,-4.43
COC1=CC=CC(OCC(O)CO)=C1OC,COc1cccc(OCC(O)CO)c1OC,-3.0
COC1=C(O)C(OC)=C(Cl)C(Cl)=C1Cl,COc1c(O)c(OC)c(Cl)c(Cl)c1Cl,-3.41
CN(C)C1=C(C(=O)O)C=C(C(=O)O)C=C1,CN(C)c1ccc(C(=O)O)cc1C(=O)O,-2.02
CCCCCCCOC(=O)C1=CC(Cl)=C(O)C=C1,CCCCCCCOC(=O)c1ccc(O)c(Cl)c1,-4.23
CCCCCCCOC(=O)C1=CC(Br)=C(O)C=C1,CCCCCCCOC(=O)c1ccc(O)c(Br)c1,-4.42
CCCCCCCOC(=O)C1=CC(I)=C(O)C=C1,CCCCCCCOC(=O)c1ccc(O)c(I)c1,-4.56
COC1=CC(C(=O)O)=C(C(=O)O)C=C1O,COc1cc(C(=O)O)c(C(=O)O)cc1O,-1.21
O=S(=O)(C1=CC(O)=CC=C1)C1=C(O)C=CC=C1,O=S(=O)(c1cccc(O)c1)c1ccccc1O,-2.29
O=S(=O)(C1=CC(O)=CC=C1)C1=CC(O)=CC=C1,O=S(=O)(c1cccc(O)c1)c1cccc(O)c1,-2.33
CS(=O)(=O)NS(=O)(=O)C1CCCCC1,CS(=O)(=O)NS(=O)(=O)C1CCCCC1,-0.33
CCCCCCCCOC(=O)C1=CC(Cl)=C(O)C=C1,CCCCCCCCOC(=O)c1ccc(O)c(Cl)c1,-4.38
CCCCCCCCOC(=O)C1=CC(Br)=C(O)C=C1,CCCCCCCCOC(=O)c1ccc(O)c(Br)c1,-4.52
CCCCCCCCOC(=O)C1=CC(I)=C(O)C=C1,CCCCCCCCOC(=O)c1ccc(O)c(I)c1,-4.67
CCN(CC)C(C)C(C)OC(=O)C1=CC=C(N)C=C1,CCN(CC)C(C)C(C)OC(=O)c1ccc(N)cc1,-3.42
OC(=S)COC1=C(Cl)C=C(Cl)C(Cl)=C1,OC(=S)COc1cc(Cl)c(Cl)cc1Cl,-2.96
CC(=O)OC1C(C2COC(C)(C)O2)OC2OC(C)(C)OC21,CC(=O)OC1C(C2COC(C)(C)O2)OC2OC(C)(C)OC21,-1.52
O=C(NC1=CC=CC=C1)C(O)COC1=CC=CC=C1,O=C(Nc1ccccc1)C(O)COc1ccccc1,-2.41
CCOC1=C(C(=O)N(O)C2=CC=CC=C2)C=CC=C1,CCOc1ccccc1C(=O)N(O)c1ccccc1,-3.37
NCCNC1=CC=C(S(=O)(=O)C2=CC=C(N)C=C2)C=C1,NCCNc1ccc(S(=O)(=O)c2ccc(N)cc2)cc1,-2.35
NC1=CC=C(S(=O)(=O)NC(CO)(CO)CO)C=C1,Nc1ccc(S(=O)(=O)NC(CO)(CO)CO)cc1,-1.4
CNC(=N)NS(=O)(=O)C1=CC2=C(C=CC=C2)C=C1,CNC(=N)NS(=O)(=O)c1ccc2ccccc2c1,-3.1
CC(C)(NC(=O)C1=CC=CC=C1)C(=O)NCC(=O)O,CC(C)(NC(=O)c1ccccc1)C(=O)NCC(=O)O,-0.56
O=C(O)C1=C(N=NC2=CC=C(O)C=C2)C=CC=C1Cl,O=C(O)c1c(Cl)cccc1N=Nc1ccc(O)cc1,-3.0
CCOC(=O)CC1=C(C)N=C(NS(=O)(=O)C2=CC=C(N)C=C2)S1,CCOC(=O)Cc1sc(NS(=O)(=O)c2ccc(N)cc2)nc1C,-2.88
CC1=C(NS(=O)(=O)C2=CC=C(N)C=C2)C2=C(C=CC=C2)C=C1,Cc1ccc2ccccc2c1NS(=O)(=O)c1ccc(N)cc1,-4.5
CC1=CC=C(NC(=O)C(O)(O)C(=O)NC2=CC=C(C)C=C2)C=C1,Cc1ccc(NC(=O)C(O)(O)C(=O)Nc2ccc(C)cc2)cc1,-3.1
O=C(O)C(NCCCCCNC(C(=O)O)C1=CC=CC=C1)C1=CC=CC=C1,O=C(O)C(NCCCCCNC(C(=O)O)c1ccccc1)c1ccccc1,-2.02
NC1=NC2=C(N=CN2C2C=CC(CO)C2)C(O)=N1,Nc1nc(O)c2ncn(C3C=CC(CO)C3)c2n1,-2.3
NS(=O)(=O)C1=CC(S(=O)(=O)C2=CC=C(O)C=C2)=CO1,NS(=O)(=O)c1cc(S(=O)(=O)c2ccc(O)cc2)co1,-2.4
NS(=O)(=O)C1=CC(S(=O)(=O)C2=CC=C(O)C=C2)=CS1,NS(=O)(=O)c1cc(S(=O)(=O)c2ccc(O)cc2)cs1,-3.03
COC1=CC=C(S(=O)(=O)C2=COC(S(N)(=O)=O)=C2)C=C1,COc1ccc(S(=O)(=O)c2coc(S(N)(=O)=O)c2)cc1,-3.02
COC1=CC=C(S(=O)(=O)C2=CSC(S(N)(=O)=O)=C2)C=C1,COc1ccc(S(=O)(=O)c2csc(S(N)(=O)=O)c2)cc1,-4.22
NS(=O)(=O)C1=CC(S(=O)(=O)C2=CC(O)=CC=C2)=CS1,NS(=O)(=O)c1cc(S(=O)(=O)c2cccc(O)c2)cs1,-2.72
NC(CCCCNC(=O)OCC1C2=C(C=CC=C2)C2=C1C=CC=C2)C(=O)O,NC(CCCCNC(=O)OCC1c2ccccc2-c2ccccc21)C(=O)O,-3.0
CN1CCC(=C2C3=C(C=CC=C3)C=CC3=C2C=CC=C3)CC1,CN1CCC(=C2c3ccccc3C=Cc3ccccc32)CC1,-3.09
CC(C)CNCC1=CC=C(S(=O)(=O)C2=CSC(S(N)(=O)=O)=C2)C=C1,CC(C)CNCc1ccc(S(=O)(=O)c2csc(S(N)(=O)=O)c2)cc1,-1.16
CC1=CC=C(S(=O)(=O)NCl)C=C1,Cc1ccc(S(=O)(=O)NCl)cc1,-0.36
COC1=C(Cl)C=C(Cl)C(OC)=C1O,COc1c(Cl)cc(Cl)c(OC)c1O,-2.96
CC1=CC2OC3CC(O)C(C)(C2(CO)CC1)C31CO1,CC1=CC2OC3CC(O)C(C)(C2(CO)CC1)C31CO1,-2.61
CC(C)(C)N1C=C(C(=O)O)C(=O)C2=C1C=C(N1CCNCC1)C(F)=C2,CC(C)(C)n1cc(C(=O)O)c(=O)c2cc(F)c(N3CCNCC3)cc21,-3.43
CN1CC2C3=C(C=CC=C3)OC3=C(C=C(Cl)C=C3)C2C1,CN1CC2c3ccccc3Oc3ccc(Cl)cc3C2C1,-2.13
C1=CC2=C(C=C1F)NC(=N2)C3=CC=C(O3)[N+](=O)[O-],O=[N+]([O-])c1ccc(-c2nc3ccc(F)cc3[nH]2)o1,-4.0
C#CC1CN2CCC1CC2C(O)C1=CC=NC2=C1C=C(OC)C=C2,C#CC1CN2CCC1CC2C(O)c1ccnc2ccc(OC)cc12,-2.12
CCCCCCCCCCSC(=N)N,CCCCCCCCCCSC(=N)N,-2.71
CCOC(=O)N1CCN(C)CC1,CCOC(=O)N1CCN(C)CC1,1.13
CCOC(=O)N1CC(C)NCC1C,CCOC(=O)N1CC(C)NCC1C,0.65
CC1=CC2=C(N)C3=C(C=CC=C3)N=C2C=C1,Cc1ccc2nc3ccccc3c(N)c2c1,-2.39
CS(=O)(=O)C1=CC=C(C(=N)N)C=C1,CS(=O)(=O)c1ccc(C(=N)N)cc1,-1.38
CC1CN(C(=N)N)C(C)CN1C(=N)N,CC1CN(C(=N)N)C(C)CN1C(=N)N,0.02
NC1=C2C=C(F)C=CC2=NC2=C1C=CC=C2,Nc1c2ccccc2nc2ccc(F)cc12,-2.4
NC1=C2C=CC(F)=CC2=NC2=C1C=CC=C2,Nc1c2ccccc2nc2cc(F)ccc12,-2.12
NC1=C2C=CC=C(F)C2=NC2=C1C=CC=C2,Nc1c2ccccc2nc2c(F)cccc12,-1.66
NC1=C2C(F)=CC=CC2=NC2=C1C=CC=C2,Nc1c2ccccc2nc2cccc(F)c12,-0.95
NC1=C2C(Cl)=CC=CC2=NC2=C1C=CC=C2,Nc1c2ccccc2nc2cccc(Cl)c12,-1.58
CCCCCCCCCCN1CCCCC1,CCCCCCCCCCN1CCCCC1,-1.53
NC1=C2C=C(Cl)C=CC2=NC2=C1C=CC=C2,Nc1c2ccccc2nc2ccc(Cl)cc12,-2.42
NC1=C2C=CC(Cl)=CC2=NC2=C1C=CC=C2,Nc1c2ccccc2nc2cc(Cl)ccc12,-1.73
CCN(CC)NC(=O)NC1=C(C)C=CC=C1C,CCN(CC)NC(=O)Nc1c(C)cccc1C,-1.09
OC(C1=CC=CC=C1)(C1=CC=CC=C1)C1CCNCC1,OC(c1ccccc1)(c1ccccc1)C1CCNCC1,-1.39
C1=CC=C2C(=C1)C(=C3C(=N2)C=CC=C3[N+](=O)[O-])N,Nc1c2ccccc2nc2cccc([N+](=O)[O-])c12,-1.84
C1CCC(NCCNC2CCCCC2)CC1,C1CCC(NCCNC2CCCCC2)CC1,-0.98
NC1=C2C=CC=CC2=NC2=CC=CC(C(F)(F)F)=C21,Nc1c2ccccc2nc2cccc(C(F)(F)F)c12,-2.48
CC(CCNCCNCCC(C)CC(C)(C)C)CC(C)(C)C,CC(CCNCCNCCC(C)CC(C)(C)C)CC(C)(C)C,-2.24
OC(CN1CCCCC1)C1=C2C=CC=CC2=C(Cl)C=C1,OC(CN1CCCCC1)c1ccc(Cl)c2ccccc12,-1.55
NC1=C2C=CC(C(F)(F)F)=CC2=NC2=C1C=CC=C2,Nc1c2ccccc2nc2cc(C(F)(F)F)ccc12,-2.17
CCN(CC)CCC(C)(O)C1=C2C=CC=CC2=C(OC)C=C1,CCN(CC)CCC(C)(O)c1ccc(OC)c2ccccc12,-1.68
N=C(N)C1=CC=C(CCC2=CC=C(C(=N)N)O2)O1,N=C(N)c1ccc(CCc2ccc(C(=N)N)o2)o1,-1.02
CCOC1=CC=C(C(=O)OCCNC(C)C2=CC=CC=C2)C=C1,CCOc1ccc(C(=O)OCCNC(C)c2ccccc2)cc1,-1.49
CC1=C(NC(=O)C(=O)C(=O)NC2=C(C)C=CC=C2)C=CC=C1,Cc1ccccc1NC(=O)C(=O)C(=O)Nc1ccccc1C,-2.2
C1=CC=C2C(=C1)/C(=N/O)/C(C2=O)[N+](=O)[O-],O=C1c2ccccc2/C(=N/O)C1[N+](=O)[O-],-2.68
O=C(CCCN1CCC(O)(C2=CC=CC=C2)CC1)C1=CC=CC=C1,O=C(CCCN1CCC(O)(c2ccccc2)CC1)c1ccccc1,-2.68
CC1=CC=C(C2(O)CCN(CCCC(=O)C3=CC=CC=C3)CC2)C=C1,Cc1ccc(C2(O)CCN(CCCC(=O)c3ccccc3)CC2)cc1,-1.62
CN(C)CC1CC2C3CC=C4CC(O)CCC4(C)C3CCC2(C)C1=O,CN(C)CC1CC2C3CC=C4CC(O)CCC4(C)C3CCC2(C)C1=O,-1.49
O=C(CCCN1CCC(O)(C2=CC=C(F)C=C2)CC1)C1=CC=CC=C1,O=C(CCCN1CCC(O)(c2ccc(F)cc2)CC1)c1ccccc1,-2.97
O=C(CCCN1CCC(O)(C2=CC=C(Cl)C=C2)CC1)C1=CC=CC=C1,O=C(CCCN1CCC(O)(c2ccc(Cl)cc2)CC1)c1ccccc1,-3.35
NC1=CC(S(=O)(=O)O)=CC(C(=O)O)=C1,Nc1cc(C(=O)O)cc(S(=O)(=O)O)c1,-0.94
OC1=C(S(=O)(=O)O)C(=O)C2=C1C=CC=C2,O=C1C(S(=O)(=O)O)=C(O)c2ccccc21,-2.23
OC(C1=CC=CC=C1)(C1=CC=CC=C1)C1CCCCN1,OC(c1ccccc1)(c1ccccc1)C1CCCCN1,-1.9
CC1=CC=CC(CN2CCN(C(C3=CC=CC=C3)C3=CC=C(Cl)C=C3)CC2)=C1,Cc1cccc(CN2CCN(C(c3ccccc3)c3ccc(Cl)cc3)CC2)c1,-4.63
O=C(CCCN1CCC(O)(C2=CC=C(F)C=C2)CC1)C1=CC=C(F)C=C1,O=C(CCCN1CCC(O)(c2ccc(F)cc2)CC1)c1ccc(F)cc1,-2.83
CN1CCC23C4=C5C=CC(OCC6=CC=CC=C6)=C4OC2CCCC3C1C5,CN1CCC23c4c5ccc(OCc6ccccc6)c4OC2CCCC3C1C5,-4.22
CC(SC1=CC=CC=C1)S(=O)(=O)O,CC(Sc1ccccc1)S(=O)(=O)O,-0.49
O=S(=O)(O)CCSC1=CC=CC=C1,O=S(=O)(O)CCSc1ccccc1,-1.53
NC1=CC=C(S(=O)(=O)NC2=C(C(=O)O)C=CC=C2)C=C1,Nc1ccc(S(=O)(=O)Nc2ccccc2C(=O)O)cc1,-0.8
CN1CCC23C=CC=CC2C1CC1=C3C(O)=C(O)C=C1,CN1CCC23C=CC=CC2C1Cc1ccc(O)c(O)c13,-1.72
COCOC1=C2OC3C(O)CCC4C5CC(=C2C43CCN5C)C=C1,COCOc1ccc2c3c1OC1C(O)CCC4C(C2)N(C)CCC341,-1.96
CN(C)CC(O)C1=C2C=CC=CC2=C(Cl)C=C1,CN(C)CC(O)c1ccc(Cl)c2ccccc12,-1.22
NC1=CC=C(S(=O)(=O)NC2=NC=CC=N2)C=C1,Nc1ccc(S(=O)(=O)Nc2ncccn2)cc1,-2.16
CCN(CC)CC(C1=CC=CC=C1)OC(=O)C2=CC=C(C=C2)[N+](=O)[O-],CCN(CC)CC(OC(=O)c1ccc([N+](=O)[O-])cc1)c1ccccc1,-2.84
COC1=C2OC3C(OC(C)=O)C=CC4C5CC(=C2C43CCN5C)C=C1,COc1ccc2c3c1OC1C(OC(C)=O)C=CC4C(C2)N(C)CCC341,-1.3
O=C(OCC1=CC=CC=C1)C(OS(=O)(=O)O)C1=CC=CC=C1,O=C(OCc1ccccc1)C(OS(=O)(=O)O)c1ccccc1,-1.5
N=C(N)NN=C1C=CC(=NNC(=N)N)C2=C1C=CC=C2,N=C(N)NN=C1C=CC(=NNC(=N)N)c2ccccc21,-3.29
C1=CC2=C(C=C1S(=O)(=O)O)C(=C(C=C2[N+](=O)[O-])[N+](=O)[O-])O,O=[N+]([O-])c1cc([N+](=O)[O-])c2ccc(S(=O)(=O)O)cc2c1O,-2.54
CN(C)C(=O)C1=CC=C(Cl)C=C1,CN(C)C(=O)c1ccc(Cl)cc1,-1.0
COC1=CC=C(C(=O)NN)C=C1,COc1ccc(C(=O)NN)cc1,-1.15
COC1=CC=C(CN(CCN(C)C)C2=NC=CC=N2)C=C1,COc1ccc(CN(CCN(C)C)c2ncccn2)cc1,-2.99
CCC1(C(=O)NC(=NC1=O)[O-])CC,CCC1(CC)C(=O)N=C([O-])NC1=O,-0.07
COC1=C2OC3C(OC(C)=O)CCC4C5CC(=C2C43CCN5C)C=C1,COc1ccc2c3c1OC1C(OC(C)=O)CCC4C(C2)N(C)CCC341,-1.75
CC(C)CCOC(=O)C1CN2CCC1CC2C(O)C1=CC=NC2=C1C=CC=C2,CC(C)CCOC(=O)C1CN2CCC1CC2C(O)c1ccnc2ccccc12,-1.41
CC1=C(S(=O)(=O)O)C=CC(O)=C1,Cc1cc(O)ccc1S(=O)(=O)O,-0.29
CN(C)C(=O)C1=CC=C(C=C1)[N+](=O)[O-],CN(C)C(=O)c1ccc([N+](=O)[O-])cc1,-1.27
C=CCC1=C(OCC(O)CNC(C)C)C=CC=C1,C=CCc1ccccc1OCC(O)CNC(C)C,-2.88
CN(C)CCCOC1(CC2=CC=CC=C2)CCCCCC1,CN(C)CCCOC1(Cc2ccccc2)CCCCCC1,-1.62
COC(=O)C(CO)NC(=O)C(Cl)Cl,COC(=O)C(CO)NC(=O)C(Cl)Cl,-0.06
O=C(C1=CC=CC=C1)C1=CC=C2C(C(=O)O)CCN12,O=C(c1ccccc1)c1ccc2n1CCC2C(=O)O,-3.26
CCN(CC)C(C)CN1C2=C(C=CC=C2)SC2=C1C=CC=C2,CCN(CC)C(C)CN1c2ccccc2Sc2ccccc21,-2.15
CCOP(=O)(CC1=CC=C(C2=NC3=C(C=CC=C3)S2)C=C1)N1CCCC1=O,CCOP(=O)(Cc1ccc(-c2nc3ccccc3s2)cc1)N1CCCC1=O,-3.73
CCOC(=O)CC1=CC=C(C2=NC3=C(C=CC=C3)S2)C=C1,CCOC(=O)Cc1ccc(-c2nc3ccccc3s2)cc1,-4.36
CC(C)CC(NC(=O)C(N)CC1=CNC2=C1C=CC=C2)C(=O)O,CC(C)CC(NC(=O)C(N)Cc1c[nH]c2ccccc12)C(=O)O,-1.76
CC(C)(CF)N1C=C(C(=O)O)C(=O)C2=C1C=C(N1CCNCC1)C(F)=C2,CC(C)(CF)n1cc(C(=O)O)c(=O)c2cc(F)c(N3CCNCC3)cc21,-2.6
O=C(O)C1=CN(C2CC2)C2=C(C=C(F)C(N3CC4CC3CN4)=C2)C1=O,O=C(O)c1cn(C2CC2)c2cc(N3CC4CC3CN4)c(F)cc2c1=O,-3.65
C#CCC(NC(=O)OC(C)(C)C)C(=O)NCC(=O)OC,C#CCC(NC(=O)OC(C)(C)C)C(=O)NCC(=O)OC,-1.45
CCOC(=O)C1=C(C)NC(C)=C(C(=O)OC)C1C1=C(Cl)C(Cl)=CC=C1,CCOC(=O)C1=C(C)NC(C)=C(C(=O)OC)C1c1cccc(Cl)c1Cl,-5.68
O=C(O)C1OC(C2=CC=CC=C2)OC1C1COC(C2=CC=CC=C2)O1,O=C(O)C1OC(c2ccccc2)OC1C1COC(c2ccccc2)O1,-2.45
CC1=CC=C(C2=C(CC(=O)N(C)C)N3C=C(C)C=CC3=N2)C=C1,Cc1ccc(-c2nc3ccc(C)cn3c2CC(=O)N(C)C)cc1,-1.3
COC(=O)C(C)C1=CC2=CC=C(OC)C=C2C=C1,COC(=O)C(C)c1ccc2cc(OC)ccc2c1,-4.78
CCCC1=CC(=O)N(CCC(=O)O)C=C1,CCCc1ccn(CCC(=O)O)c(=O)c1,-2.11
O=C(O)CCCCCN1C=CC=CC1=O,O=C(O)CCCCCn1ccccc1=O,-0.64
CCOC1=C(CN(C1=O)C(C)C)[N+](=O)[O-],CCOC1=C([N+](=O)[O-])CN(C(C)C)C1=O,-4.33
CCCCCCCC1=CC(=O)N(CCC(=O)O)C=C1,CCCCCCCc1ccn(CCC(=O)O)c(=O)c1,-4.4
CCCCOC(=O)C1=C(C(=O)OCC(CC)CCCC)C=CC=C1,CCCCOC(=O)c1ccccc1C(=O)OCC(CC)CCCC,-7.22
CC1CCC(C(C)C)C2=C1C=NC(NS(=O)(=O)C1=CC=C(N)C=C1)=N2,CC1CCC(C(C)C)c2nc(NS(=O)(=O)c3ccc(N)cc3)ncc21,-4.18
COC1=C2OC=CC2=C(CN)C2=C1OC(=O)C=C2,COc1c2occc2c(CN)c2ccc(=O)oc12,-0.9
CC(NC(=O)CC1=CC=CC=C1)C1=CC=CC=C1,CC(NC(=O)Cc1ccccc1)c1ccccc1,-3.19
CCOC1=CC(=O)C2(OC3=C(C2=O)C(OC)=CC(OC)=C3Cl)C(C)C1,CCOC1=CC(=O)C2(Oc3c(Cl)c(OC)cc(OC)c3C2=O)C(C)C1,-4.6
CCN(CC)CCCC(C)NC1=C2C=C(OC)C=CC2=NC2=C1C=CC(Cl)=C2,CCN(CC)CCCC(C)Nc1c2ccc(Cl)cc2nc2ccc(OC)cc12,-2.64
CCCOC1=CC(=O)C2(OC3=C(C2=O)C(OC)=CC(OC)=C3Cl)C(C)C1,CCCOC1=CC(=O)C2(Oc3c(Cl)c(OC)cc(OC)c3C2=O)C(C)C1,-5.22
CCCN1C=C(C(=O)O)C(=O)C2=C1C=C(N1CCNCC1)C(F)=C2,CCCn1cc(C(=O)O)c(=O)c2cc(F)c(N3CCNCC3)cc21,-3.57
CC1=NC=C(CO)C(C=NC(C(=O)O)C(C)C)=C1O,Cc1ncc(CO)c(C=NC(C(=O)O)C(C)C)c1O,-1.6
CC1(C)SC2C(NC(=O)CC3=CC=CC=C3)C(=O)N2C1C(=O)O,CC1(C)SC2C(NC(=O)Cc3ccccc3)C(=O)N2C1C(=O)O,-1.63
NC(=S)NS(=O)(=O)C1=CC=C(N)C=C1,NC(=S)NS(=O)(=O)c1ccc(N)cc1,-2.24
CN(C)CCOC(C)(C1=CC=CC=C1)C1=CC=CC=N1,CN(C)CCOC(C)(c1ccccc1)c1ccccn1,-2.82
CC1=CC=NC(NS(=O)(=O)C2=CC=C(N)C=C2)=N1,Cc1ccnc(NS(=O)(=O)c2ccc(N)cc2)n1,-2.63
NS(=O)(=O)C1=CC=C(NC(=O)CCC(=O)O)C=C1,NS(=O)(=O)c1ccc(NC(=O)CCC(=O)O)cc1,-2.03
CCC1=C2C=CC=CC2=NC(CN)=C1C,CCc1c(C)c(CN)nc2ccccc12,-1.48
CCCCCCCCSC(=N)N,CCCCCCCCSC(=N)N,0.16
COC1=CC2=C(C=C1)N(C(=O)C1=CC=C(Cl)C=C1)C(C)=C2CC(=O)O,COc1ccc2c(c1)c(CC(=O)O)c(C)n2C(=O)c1ccc(Cl)cc1,-4.77
O=S(=O)(N1CCCC1)N1CCCC1,O=S(=O)(N1CCCC1)N1CCCC1,-0.44
O=C(O)CC(O)CCC1=CCCC1=O,O=C(O)CC(O)CCC1=CCCC1=O,-0.4
CCCCCCC(CO[N+](=O)O)O[N+](=O)O,CCCCCCC(CO[N+](=O)O)O[N+](=O)O,-4.33
O=C1NC(=O)N(CC2=CC=C(Cl)C=C2)C=C1F,O=c1[nH]c(=O)n(Cc2ccc(Cl)cc2)cc1F,-3.49
COC1=CC=C(CN2C=C(F)C(=O)NC2=O)C=C1,COc1ccc(Cn2cc(F)c(=O)[nH]c2=O)cc1,-2.75
CC1=CC(=O)OC2=C1C=C(C)C1=C2C2=C(CCCC2)O1,Cc1cc(=O)oc2c1cc(C)c1oc3c(c12)CCCC3,-5.09
CC12CCC(C3=C1N=C(NS(=O)(=O)C1=CC=C(N)C=C1)N=C3)C2(C)C,CC12CCC(c3cnc(NS(=O)(=O)c4ccc(N)cc4)nc31)C2(C)C,-4.08
OCCOC1=CC=C(OCCO)C=C1,OCCOc1ccc(OCCO)cc1,-1.23
O=C(O)CN1CCCCS1(=O)=O,O=C(O)CN1CCCCS1(=O)=O,-0.59
CC1=CC=C2CN(C(N)=NO)CC3CCCC1=C23,Cc1ccc2c3c1CCCC3CN(C(N)=NO)C2,-1.2
COC1=C2CCCC3CN(C(=N)N)CC(=C23)C=C1,COc1ccc2c3c1CCCC3CN(C(=N)N)C2,-1.22
NC(=NO)N1CC2=CC=CC3=C2C(CCC3)C1,NC(=NO)N1Cc2cccc3c2C(CCC3)C1,-1.35
CN(C)NC(=N)N1CC2=CC=CC3=CC=CC(=C32)C1,CN(C)NC(=N)N1Cc2cccc3cccc(c23)C1,-1.07
CC(C)=NNC(=N)N1CC2=CC=CC3=CC=CC(=C32)C1,CC(C)=NNC(=N)N1Cc2cccc3cccc(c23)C1,-2.48
NC(=NO)N1CC2=CC=CC3=C(Cl)C=CC(=C23)C1,NC(=NO)N1Cc2cccc3c(Cl)ccc(c23)C1,-2.0
COC1=C2CCCC3CN(C(N)=NO)CC(=C23)C=C1,COc1ccc2c3c1CCCC3CN(C(N)=NO)C2,-1.78
COC1=CC2=C3C(=C1)C=CC=C3CN(C(N)=NO)C2,COc1cc2c3c(cccc3c1)CN(C(N)=NO)C2,-1.21
CCCCOC1=CC(=O)C2(OC3=C(C2=O)C(OC)=CC(OC)=C3Cl)C(C)C1,CCCCOC1=CC(=O)C2(Oc3c(Cl)c(OC)cc(OC)c3C2=O)C(C)C1,-5.4
NC1=CC=C(N=C(N)N2CC3=CC=CC4=CC=CC(=C43)C2)C=C1,NC(=Nc1ccc(N)cc1)N1Cc2cccc3cccc(c23)C1,-1.83
CN(C)CC1=C(O)C=CC(C(=O)C2=CSC(S(N)(=O)=O)=C2)=C1,CN(C)Cc1cc(C(=O)c2csc(S(N)(=O)=O)c2)ccc1O,-1.54
CC(C)CNCC1=CC=C(C(=O)C2=CSC(S(N)(=O)=O)=C2)C=C1,CC(C)CNCc1ccc(C(=O)c2csc(S(N)(=O)=O)c2)cc1,-2.05
C1=CC(=CC=C1C(=O)NN)[N+](=O)[O-],NNC(=O)c1ccc([N+](=O)[O-])cc1,-2.16
NS(=O)(=O)C1=CC(C(=O)C2=CC=C(CNCC3=CC=CC=C3)C=C2)=CS1,NS(=O)(=O)c1cc(C(=O)c2ccc(CNCc3ccccc3)cc2)cs1,-3.37
CN=C(NC)N1CC2=CC=CC3=CC=CC(=C32)C1,CN=C(NC)N1Cc2cccc3cccc(c23)C1,-1.15
O=C1NC(=O)N(C2CCCO2)C=C1F,O=c1[nH]c(=O)n(C2CCCO2)cc1F,-1.01
CCOC1=CC(=O)CC(C)C12OC1=C(C2=O)C(OC)=CC(OC)=C1Cl,CCOC1=CC(=O)CC(C)C12Oc1c(Cl)c(OC)cc(OC)c1C2=O,-5.0
O=C1NCCCC1N1C(=O)C2=C(C=CC=C2)S1(=O)=O,O=C1NCCCC1N1C(=O)c2ccccc2S1(=O)=O,-2.64
O=C(O)C=CC1=CC2=C(C=C1)OCO2,O=C(O)C=Cc1ccc2c(c1)OCO2,-3.19
CCCCCCOC1=CC(O)=C(C(C)=NO)C=C1,CCCCCCOc1ccc(C(C)=NO)c(O)c1,-4.15
C1=CC=C2C(=C1)NC(=N2)C3=CC=C(O3)[N+](=O)[O-],O=[N+]([O-])c1ccc(-c2nc3ccccc3[nH]2)o1,-3.89
CCCCCCCCCCOC1=CC(O)=C(C(C)=NO)C=C1,CCCCCCCCCCOc1ccc(C(C)=NO)c(O)c1,-4.89
CCCCCCCCCCOC1=CC(O)=C(C(CC)=NO)C=C1,CCCCCCCCCCOc1ccc(C(CC)=NO)c(O)c1,-4.06
CCCCCCOC1=CC(O)=C(C(=NO)C2=CC=CC=C2)C=C1,CCCCCCOc1ccc(C(=NO)c2ccccc2)c(O)c1,-3.47
CCOC1=CC(=O)CC(C)C12OC1=C(C2=O)C(OC)=CC(OCC)=C1Cl,CCOC1=CC(=O)CC(C)C12Oc1c(Cl)c(OCC)cc(OC)c1C2=O,-4.7
CCCOC1=CC(=O)CC(C)C12OC1=C(C2=O)C(OC)=CC(OC)=C1Cl,CCCOC1=CC(=O)CC(C)C12Oc1c(Cl)c(OC)cc(OC)c1C2=O,-4.52
O=C1NC(NC2=CC=CC=C2)=NC2=C1N=CN2,O=c1[nH]c(Nc2ccccc2)nc2[nH]cnc12,-4.12
CC1=CC=C(OCC(=O)NC2C(=O)N3C2SC(C)(C)C3C(=O)O)C=C1,Cc1ccc(OCC(=O)NC2C(=O)N3C2SC(C)(C)C3C(=O)O)cc1,-3.15
CNC1=NC2=C(C=C(C=C2)Cl)C(=[N+](C1)O)C3=CC=CC=C3,CNC1=Nc2ccc(Cl)cc2C(c2ccccc2)=[N+](O)C1,-3.39
CCC(C)CN(C)N=NC1=CC=C(C(=O)O)C=C1,CCC(C)CN(C)N=Nc1ccc(C(=O)O)cc1,-1.79
NS(=O)(=O)C1=NC2=C(C=C(O)C=C2)S1,NS(=O)(=O)c1nc2ccc(O)cc2s1,-2.5
O=C(C1=CC(F)=CC=C1)N(O)C1=CC=CC=C1,O=C(c1cccc(F)c1)N(O)c1ccccc1,-2.6
O=C(NO)C1=C(N=CC2=CC=CC=N2)C=CC=C1,O=C(NO)c1ccccc1N=Cc1ccccn1,-3.21
CC1=C(N(O)C(=O)C2=CC(F)=CC=C2)C=CC=C1,Cc1ccccc1N(O)C(=O)c1cccc(F)c1,-2.53
CC1=CC=CC(N(O)C(=O)CCC2=CC=CC=C2)=C1,Cc1cccc(N(O)C(=O)CCc2ccccc2)c1,-3.41
CC1=C(N(O)C(=O)CCC2=CC=CC=C2)C=CC=C1,Cc1ccccc1N(O)C(=O)CCc1ccccc1,-2.79
CCCCOC1=CC(=O)CC(C)C12OC1=C(C2=O)C(OC)=CC(OC)=C1Cl,CCCCOC1=CC(=O)CC(C)C12Oc1c(Cl)c(OC)cc(OC)c1C2=O,-4.7
CCCCCCCC(=O)OC1C(O)C(O)OC(CO)C1O,CCCCCCCC(=O)OC1C(O)C(O)OC(CO)C1O,-2.63
O=S1(=O)OC2(C3=C(C=CC(O)=C3)OC3=C2C=C(O)C=C3)C2=C1C=CC=C2,O=S1(=O)OC2(c3cc(O)ccc3Oc3ccc(O)cc32)c2ccccc21,-3.5
COC1=CC(OC)=CC(C(=O)N(O)C2=CC=CC=C2)=C1,COc1cc(OC)cc(C(=O)N(O)c2ccccc2)c1,-3.1
CC1=CC=CC(N(O)C(=O)C2=C(Cl)C=C(Cl)C=C2)=C1,Cc1cccc(N(O)C(=O)c2ccc(Cl)cc2Cl)c1,-4.47
CC1=C(N(O)C(=O)C2=C(Cl)C=C(Cl)C=C2)C=CC=C1,Cc1ccccc1N(O)C(=O)c1ccc(Cl)cc1Cl,-4.17
COC1=CC(OC)=CC(C(=O)N(O)C2=C(C)C=CC=C2)=C1,COc1cc(OC)cc(C(=O)N(O)c2ccccc2C)c1,-3.65
COC1=CC(OC)=CC(C(=O)N(O)C2=CC(C)=CC=C2)=C1,COc1cc(OC)cc(C(=O)N(O)c2cccc(C)c2)c1,-3.61
N=C(N)NN=CC1=C2C=CC=CC2=CC=C1O,N=C(N)NN=Cc1c(O)ccc2ccccc12,-2.46
CC(=O)NC1=CC=C(OP(O)(=O)O)C=C1,CC(=O)Nc1ccc(OP(=O)(O)O)cc1,0.13
CN(O)C(=O)C1CCCCCC1,CN(O)C(=O)C1CCCCCC1,-1.45
O=C(C1CC1)N(O)C1CCCCC1,O=C(C1CC1)N(O)C1CCCCC1,-2.04
O=C(C1CCC1)N(O)C1CCCCC1,O=C(C1CCC1)N(O)C1CCCCC1,-2.7
O=C(C1CCCC1)N(O)C1CCCCC1,O=C(C1CCCC1)N(O)C1CCCCC1,-3.16
CCN(C)N=NC1=CC=C(C(=O)O)C=C1,CCN(C)N=Nc1ccc(C(=O)O)cc1,-0.42
CCCN(C)N=NC1=CC=C(C(=O)O)C=C1,CCCN(C)N=Nc1ccc(C(=O)O)cc1,-1.43
CCCCN(C)N=NC1=CC=C(C(=O)O)C=C1,CCCCN(C)N=Nc1ccc(C(=O)O)cc1,-1.81
CCCCCN(C)N=NC1=CC=C(C(=O)O)C=C1,CCCCCN(C)N=Nc1ccc(C(=O)O)cc1,-2.37
CCCCCCN(C)N=NC1=CC=C(C(=O)O)C=C1,CCCCCCN(C)N=Nc1ccc(C(=O)O)cc1,-2.52
CCCCCCCN(C)N=NC1=CC=C(C(=O)O)C=C1,CCCCCCCN(C)N=Nc1ccc(C(=O)O)cc1,-3.39
O=C(C1=CC2=C(C=CC=C2)C=C1)N(O)C1=CC=C(Cl)C=C1,O=C(c1ccc2ccccc2c1)N(O)c1ccc(Cl)cc1,-5.47
CC(C)CNCC1=CC=CC(C(=O)C2=CSC(S(N)(=O)=O)=C2)=C1,CC(C)CNCc1cccc(C(=O)c2csc(S(N)(=O)=O)c2)c1,-2.05
CCCCNCC1=CC=C(C(=O)C2=CSC(S(N)(=O)=O)=C2)C=C1,CCCCNCc1ccc(C(=O)c2csc(S(N)(=O)=O)c2)cc1,-2.21
CC(C)CCNCC1=CC=CC(C(=O)C2=CSC(S(N)(=O)=O)=C2)=C1,CC(C)CCNCc1cccc(C(=O)c2csc(S(N)(=O)=O)c2)c1,-1.5
CC(C)CN(C)CC1=C(O)C=CC(C(=O)C2=CSC(S(N)(=O)=O)=C2)=C1,CC(C)CN(C)Cc1cc(C(=O)c2csc(S(N)(=O)=O)c2)ccc1O,-1.42
CC(C)(C)NCC1=CC=C(S(=O)(=O)C2=CSC(S(N)(=O)=O)=C2)C=C1,CC(C)(C)NCc1ccc(S(=O)(=O)c2csc(S(N)(=O)=O)c2)cc1,-1.98
CCCCNCC1=CC=C(S(=O)(=O)C2=CSC(S(N)(=O)=O)=C2)C=C1,CCCCNCc1ccc(S(=O)(=O)c2csc(S(N)(=O)=O)c2)cc1,-1.68
NS(=O)(=O)C1=CC(C(=O)C2=CC=C(CN3CCOCC3)C=C2)=CS1,NS(=O)(=O)c1cc(C(=O)c2ccc(CN3CCOCC3)cc2)cs1,-1.52
CC(C)NCC1=CC=CC(S(=O)(=O)C2=CSC(S(N)(=O)=O)=C2)=C1,CC(C)NCc1cccc(S(=O)(=O)c2csc(S(N)(=O)=O)c2)c1,-1.56
CCC(C)NCC1=CC=CC(S(=O)(=O)C2=CSC(S(N)(=O)=O)=C2)=C1,CCC(C)NCc1cccc(S(=O)(=O)c2csc(S(N)(=O)=O)c2)c1,-1.33
NS(=O)(=O)C1=CC(C(=O)C2=CC(CN3CCOCC3)=CC=C2)=CS1,NS(=O)(=O)c1cc(C(=O)c2cccc(CN3CCOCC3)c2)cs1,-1.92
CNC(=O)C1=CC=CC(NCC(=O)NCCC2=CC(OC)=C(OC)C=C2)=C1,CNC(=O)c1cccc(NCC(=O)NCCc2ccc(OC)c(OC)c2)c1,-1.85
CCNCC1=CC2=C(OC(S(N)(=O)=O)=C2)S1,CCNCc1cc2cc(S(N)(=O)=O)oc2s1,-1.04
CC(C)CNCC1=CC2=C(OC(S(N)(=O)=O)=C2)S1,CC(C)CNCc1cc2cc(S(N)(=O)=O)oc2s1,-1.33
CCOCCNCC1=CC2=C(OC(S(N)(=O)=O)=C2)S1,CCOCCNCc1cc2cc(S(N)(=O)=O)oc2s1,-0.92
COC1=C(OC)C=C(CCNC(=O)CNC2=CC(C(N)=O)=CC=C2)C=C1,COc1ccc(CCNC(=O)CNc2cccc(C(N)=O)c2)cc1OC,-2.69
OP(=O)(O)OCN1C(=O)NC(C2=CC=CC=C2)(C2=CC=CC=C2)C1=O,O=C1NC(c2ccccc2)(c2ccccc2)C(=O)N1COP(=O)(O)O,-0.43
NS(=O)(=O)C1=CC2=C(O1)SC(CNCC1=CC=CC=N1)=C2,NS(=O)(=O)c1cc2cc(CNCc3ccccn3)sc2o1,-1.33
CN(CCO)C(=O)COC(=O)C1=CC=CC=C1,CN(CCO)C(=O)COC(=O)c1ccccc1,-1.09
CC1=CC=C(CN2C=C(F)C(=O)NC2=O)C=C1,Cc1ccc(Cn2cc(F)c(=O)[nH]c2=O)cc1,-2.92
O=C1NC(=O)N(CC2=C(Cl)C=C(Cl)C=C2)C=C1F,O=c1[nH]c(=O)n(Cc2ccc(Cl)cc2Cl)cc1F,-3.94
CNC1=C(NC2=C3C=CC=CC3=NC3=C2C=CC=C3)C=CC(NS(C)(=O)=O)=C1,CNc1cc(NS(C)(=O)=O)ccc1Nc1c2ccccc2nc2ccccc12,-2.94
CN(C(=O)CNC(=O)CN)C1=C(C(=O)C2=C(Cl)C=CC=C2)C=C(Cl)C=C1,CN(C(=O)CNC(=O)CN)c1ccc(Cl)cc1C(=O)c1ccccc1Cl,-2.33
NC(C(=O)O)C1=CC=C(O)C=C1,NC(C(=O)O)c1ccc(O)cc1,-0.53
NS(=O)(=O)C1=CC2=C(S1)S(=O)(=O)CCC2O,NS(=O)(=O)c1cc2c(s1)S(=O)(=O)CCC2O,-1.65
O=C(C(=O)C1=CC=CC=C1)C1=CC=CC=C1,O=C(C(=O)c1ccccc1)c1ccccc1,-2.8
CC(=O)NC(CC(C)C)C(=O)O,CC(=O)NC(CC(C)C)C(=O)O,-1.13
NC(CSSCC(N)C(=O)O)C(=O)O,NC(CSSCC(N)C(=O)O)C(=O)O,-3.31
COC1=C(CC(C)NC(C)CC2=C(OC)C=CC=C2)C=CC=C1,COc1ccccc1CC(C)NC(C)Cc1ccccc1OC,-2.0
CN1CCC23C4=C5C=CC(OCC6=CC=CC=C6)=C4OC2C(O)C=CC3C1C5,CN1CCC23c4c5ccc(OCc6ccccc6)c4OC2C(O)C=CC3C1C5,-2.22
CCOC1=C2OC3C(O)C=CC4C5CC(=C2C43CCN5C)C=C1,CCOc1ccc2c3c1OC1C(O)C=CC4C(C2)N(C)CCC341,-0.82
O=S(=O)(NS(=O)(=O)C1=CC=C(Cl)C=C1)C1=CC=C(Cl)C=C1,O=S(=O)(NS(=O)(=O)c1ccc(Cl)cc1)c1ccc(Cl)cc1,-2.48
CC1=CSC(NS(=O)(=O)C2=CC=C(N)C=C2)=N1,Cc1csc(NS(=O)(=O)c2ccc(N)cc2)n1,-2.91
CC1(C)C2CCC1(CS(=O)(=O)O)C(=O)C2,CC1(C)C2CCC1(CS(=O)(=O)O)C(=O)C2,-0.3
COC1=CC=CC(CC(C)NC(C)CC2=C(OC)C=CC=C2)=C1,COc1cccc(CC(C)NC(C)Cc2ccccc2OC)c1,-3.0
COC1=C2OC3C(O)CCC4C5CC(=C2C43CCN5C)C=C1,COc1ccc2c3c1OC1C(O)CCC4C(C2)N(C)CCC341,-1.0
CCSC(=S)NC(CC(=O)O)C(=O)O,CCSC(=S)NC(CC(=O)O)C(=O)O,-1.38
CC(C)C(O)(CCC(C)(O)C(=O)O)C(=O)O,CC(C)C(O)(CCC(C)(O)C(=O)O)C(=O)O,-1.69
CC(SC(=S)SC(C)C(=O)O)C(=O)O,CC(SC(=S)SC(C)C(=O)O)C(=O)O,-1.41
O=C(O)CC(CSC(=O)O)C1=CC=CC=C1,O=C(O)CC(CSC(=O)O)c1ccccc1,-1.24
CC1=NC=C(N1CCO)[N+](=O)[O-],Cc1ncc([N+](=O)[O-])n1CCO,-1.21
CCNC1=NC(Cl)=NC(NC(C)C)=N1,CCNc1nc(Cl)nc(NC(C)C)n1,-3.76
ON=C(C1=CC=CC=C1)C(=NO)C1=CC=CC=C1,ON=C(C(=NO)c1ccccc1)c1ccccc1,-5.9
NC1CN(C2=CC3=C(C=C2F)C(=O)C(C(=O)O)=CN3C2CC2)C1,NC1CN(c2cc3c(cc2F)c(=O)c(C(=O)O)cn3C2CC2)C1,-5.32
CNC1CN(C2=CC3=C(C=C2F)C(=O)C(C(=O)O)=CN3C2CC2)C1,CNC1CN(c2cc3c(cc2F)c(=O)c(C(=O)O)cn3C2CC2)C1,-5.41
CC1(N)CN(C2=CC3=C(C=C2F)C(=O)C(C(=O)O)=CN3C2CC2)C1,CC1(N)CN(c2cc3c(cc2F)c(=O)c(C(=O)O)cn3C2CC2)C1,-5.62
CC1(N)CN(C2=C(Cl)C3=C(C=C2F)C(=O)C(C(=O)O)=CN3C2CC2)C1,CC1(N)CN(c2c(F)cc3c(=O)c(C(=O)O)cn(C4CC4)c3c2Cl)C1,-5.33
CC1(N)CN(C2=C(F)C3=C(C(=O)C(C(=O)O)=CN3C3CC3)C(N)=C2F)C1,CC1(N)CN(c2c(F)c(N)c3c(=O)c(C(=O)O)cn(C4CC4)c3c2F)C1,-4.38
C1=CC=C(CNC2=NC=NC3=C2N=CN3)C=C1,c1ccc(CNc2ncnc3[nH]cnc23)cc1,-3.6
NC1CN(C2=C(F)C3=C(C=C2F)C(=O)C(C(=O)O)=CN3C2CC2)C1,NC1CN(c2c(F)cc3c(=O)c(C(=O)O)cn(C4CC4)c3c2F)C1,-5.27
C1=COC(CNC2=NC=NC3=C2N=CN3)=C1,c1coc(CNc2ncnc3[nH]cnc23)c1,-3.95
CC1(N)CN(C2=C(F)C3=C(C=C2F)C(=O)C(C(=O)O)=CN3C2CC2)C1,CC1(N)CN(c2c(F)cc3c(=O)c(C(=O)O)cn(C4CC4)c3c2F)C1,-5.64
CNC1CN(C2=C(F)C3=C(C=C2F)C(=O)C(C(=O)O)=CN3C2CC2)C1,CNC1CN(c2c(F)cc3c(=O)c(C(=O)O)cn(C4CC4)c3c2F)C1,-5.31
CCN1C=C(C(=O)O)C(=O)C2=C1C=C1OCOC1=C2,CCn1cc(C(=O)O)c(=O)c2cc3c(cc21)OCO3,-4.38
COC1=CC=C2C=C(C(C)C(=O)OC(C)C)C=CC2=C1,COc1ccc2cc(C(C)C(=O)OC(C)C)ccc2c1,-5.48
CCOC(=O)C1CCN2C(C(=O)C3=CC=CC=C3)=CC=C12,CCOC(=O)C1CCn2c(C(=O)c3ccccc3)ccc21,-4.2
COC1=CC2=C(C=CC(C)(C)O2)C2=C1C(=O)C1=C(N=CC=C1)N2C,COc1cc2c(c3c1c(=O)c1cccnc1n3C)C=CC(C)(C)O2,-3.96
NC(=O)N1C2=C(C=CC=C2)C(O)C(O)C2=C1C=CC=C2,NC(=O)N1c2ccccc2C(O)C(O)c2ccccc21,-2.03
CCCCCCCCNC(=O)OCC1OC(O)C(O)C(O)C1O,CCCCCCCCNC(=O)OCC1OC(O)C(O)C(O)C1O,-2.35
CCCCCCCCCNC(=O)OCC1OC(O)C(O)C(O)C1O,CCCCCCCCCNC(=O)OCC1OC(O)C(O)C(O)C1O,-2.96
CCCCCCCCCCNC(=O)OCC1OC(O)C(O)C(O)C1O,CCCCCCCCCCNC(=O)OCC1OC(O)C(O)C(O)C1O,-3.56
CC1=C(OCC2=CC=CC=C2)C=CC2=C1OC(N1CCOCC1)=CC2=O,Cc1c(OCc2ccccc2)ccc2c(=O)cc(N3CCOCC3)oc12,-5.16
CC1=C(OCC2=CC=CC=N2)C=CC2=C1OC(N1CCOCC1)=CC2=O,Cc1c(OCc2ccccn2)ccc2c(=O)cc(N3CCOCC3)oc12,-4.45
CCC1(CC)CCC(=O)N(CO)C1=O,CCC1(CC)CCC(=O)N(CO)C1=O,-3.96
CCC1(CC)C(=O)NC(=O)N(CO)C1=O,CCC1(CC)C(=O)NC(=O)N(CO)C1=O,-3.93
NC1=NC2=C(C=N1)N=CN2CCC(CO)CO,Nc1ncc2ncn(CCC(CO)CO)c2n1,-0.3
O=C1C2=C(C=CC(CCCCO)=C2)OCC2=C1SC=C2,O=C1c2cc(CCCCO)ccc2OCc2ccsc21,-3.92
O=C(CS)NC1=CC=C2C=CC=CC2=C1,O=C(CS)Nc1ccc2ccccc2c1,-3.34
C=CC1(C=C)C(=O)NC(=O)NC1=O,C=CC1(C=C)C(=O)NC(=O)NC1=O,-2.06
C=CC1(C(C)C)C(=O)NC(=O)NC1=O,C=CC1(C(C)C)C(=O)NC(=O)NC1=O,-1.71
C=CC1(CC(C)C)C(=O)NC(=O)NC1=O,C=CC1(CC(C)C)C(=O)NC(=O)NC1=O,-2.12
CCCC(=O)OCN1C(=O)NC(C2=CC=CC=C2)(C2=CC=CC=C2)C1=O,CCCC(=O)OCN1C(=O)NC(c2ccccc2)(c2ccccc2)C1=O,-4.68
NC1=NC(=O)N(C2CCC(CO)O2)C=C1,Nc1ccn(C2CCC(CO)O2)c(=O)n1,-0.43
CC(=O)OC1C2=C(C=CC=C2)N(C(N)=O)C2=C(C=CC=C2)C1OC(C)=O,CC(=O)OC1c2ccccc2N(C(N)=O)c2ccccc2C1OC(C)=O,-3.55
COC(=O)C(NC(=O)C(Cl)Cl)C(C)O,COC(=O)C(NC(=O)C(Cl)Cl)C(C)O,-0.62
O=C(NC(CO)C(=O)O)C(Cl)Cl,O=C(NC(CO)C(=O)O)C(Cl)Cl,-0.03
CCOC(=O)C(C)C1=CC2=CC=C(OC)C=C2C=C1,CCOC(=O)C(C)c1ccc2cc(OC)ccc2c1,-5.24
CCCOC(=O)C(C)C1=CC2=CC=C(OC)C=C2C=C1,CCCOC(=O)C(C)c1ccc2cc(OC)ccc2c1,-5.82
CCCCOC(=O)C(C)C1=CC=C2C=C(OC)C=CC2=C1,CCCCOC(=O)C(C)c1ccc2cc(OC)ccc2c1,-7.53
COC1=CC=C2C=C(C(C)C(=O)OCCO)C=CC2=C1,COc1ccc2cc(C(C)C(=O)OCCO)ccc2c1,-3.33
COC1=CC2=C(C=C1)C=C(C(C)C(=O)OC(C)(C)C)C=C2,COc1ccc2cc(C(C)C(=O)OC(C)(C)C)ccc2c1,-6.5
CCCCCOC(=O)C(C)C1=CC2=CC=C(OC)C=C2C=C1,CCCCCOC(=O)C(C)c1ccc2cc(OC)ccc2c1,-6.97
COC1=CC=C2C=C(C(C)C(=O)OCC(C)O)C=CC2=C1,COc1ccc2cc(C(C)C(=O)OCC(C)O)ccc2c1,-3.31
COC1=CC2=CC=C(C(C)C(=O)OCCCO)C=C2C=C1,COc1ccc2cc(C(C)C(=O)OCCCO)ccc2c1,-3.4
CCCCCCOC(=O)C(C)C1=CC=C2C=C(OC)C=CC2=C1,CCCCCCOC(=O)C(C)c1ccc2cc(OC)ccc2c1,-7.54
CCCCCCCOC(=O)C(C)C1=CC=C2C=C(OC)C=CC2=C1,CCCCCCCOC(=O)C(C)c1ccc2cc(OC)ccc2c1,-7.12
COC1=CC=C2C=C(C(C)C(=O)OCC(C)=O)C=CC2=C1,COc1ccc2cc(C(C)C(=O)OCC(C)=O)ccc2c1,-4.65
CCC#CCCOC(=O)C(C)C1=CC=C2C=C(OC)C=CC2=C1,CCC#CCCOC(=O)C(C)c1ccc2cc(OC)ccc2c1,-7.33
COC1=CC=C2C=C(C(C)C(=O)OCC(O)CO)C=CC2=C1,COc1ccc2cc(C(C)C(=O)OCC(O)CO)ccc2c1,-2.62
COC1=CC=C2C=C(C(C)C(=O)OC3CCCCC3O)C=CC2=C1,COc1ccc2cc(C(C)C(=O)OC3CCCCC3O)ccc2c1,-5.07
CCCCCCCC(=O)OC1C(C(O)CO)OC2OC(C)(C)OC21,CCCCCCCC(=O)OC1C(C(O)CO)OC2OC(C)(C)OC21,-3.17
COC1=CC=C2C=C(C(C)C(=O)OC3CCCCC3=O)C=CC2=C1,COc1ccc2cc(C(C)C(=O)OC3CCCCC3=O)ccc2c1,-5.59
CCC=CCCOC(=O)C(C)C1=CC=C2C=C(OC)C=CC2=C1,CCC=CCCOC(=O)C(C)c1ccc2cc(OC)ccc2c1,-7.36
COC1=CC2=C(C=C1)C=C(C(C)C(=O)OC1COC3C(O)COC13)C=C2,COc1ccc2cc(C(C)C(=O)OC3COC4C(O)COC34)ccc2c1,-3.98
CCOC1=CC=C(NC(=O)NC2=CC=C(OCC)C=C2)C=C1,CCOc1ccc(NC(=O)Nc2ccc(OCC)cc2)cc1,-4.44
CCCOCC(=NC1=C(C(F)(F)F)C=C(Cl)C=C1)N1C=CN=C1,CCCOCC(=Nc1ccc(Cl)cc1C(F)(F)F)n1ccnc1,-4.44
CC1=COC2=CC3=C(C=C(N)C(=O)O3)C=C12,Cc1coc2cc3oc(=O)c(N)cc3cc12,-5.08
COC1=CC2=C(C=C3OC=C(C)C3=C2)OC1=O,COc1cc2cc3c(C)coc3cc2oc1=O,-5.0
COC(=O)C1=CC2=C(OC1=O)C(C)=C1OC=C(C)C1=C2,COC(=O)c1cc2cc3c(C)coc3c(C)c2oc1=O,-4.9
CN(C)C(=O)COC(=O)C1CCN2C(C(=O)C3=CC=CC=C3)=CC=C12,CN(C)C(=O)COC(=O)C1CCn2c(C(=O)c3ccccc3)ccc21,-3.03
COC(=O)C1=C(O)C=CC(CCC2=C(OC)C=CC(OC)=C2)=C1,COC(=O)c1cc(CCc2cc(OC)ccc2OC)ccc1O,-6.39
C=CCN1C=NC2=C1N=C(NC1=CC=CC=C1)NC2=O,C=CCn1cnc2c(=O)[nH]c(Nc3ccccc3)nc21,-5.09
CCC1C(N)CN1C1=CC2=C(C=C1F)C(=O)C(C(=O)O)=CN2C1CC1,CCC1C(N)CN1c1cc2c(cc1F)c(=O)c(C(=O)O)cn2C1CC1,-3.91
CNC1CN(C2=CC3=C(C=C2F)C(=O)C(C(=O)O)=CN3C2CC2)C1C,CNC1CN(c2cc3c(cc2F)c(=O)c(C(=O)O)cn3C2CC2)C1C,-4.57
CC1N(C2=CC3=C(C=C2F)C(=O)C(C(=O)O)=CN3C2CC2)CC1(C)N,CC1N(c2cc3c(cc2F)c(=O)c(C(=O)O)cn3C2CC2)CC1(C)N,-5.42
CC1C(N)CN1C1=C(Cl)C2=C(C=C1F)C(=O)C(C(=O)O)=CN2C1CC1,CC1C(N)CN1c1c(F)cc2c(=O)c(C(=O)O)cn(C3CC3)c2c1Cl,-4.48
CC1C(N)CN1C1=C(F)C2=C(C(=O)C(C(=O)O)=CN2C2CC2)C(N)=C1F,CC1C(N)CN1c1c(F)c(N)c2c(=O)c(C(=O)O)cn(C3CC3)c2c1F,-3.98
CNC1CN(C2=C(F)C3=C(C=C2F)C(=O)C(C(=O)O)=CN3C2CC2)C1C,CNC1CN(c2c(F)cc3c(=O)c(C(=O)O)cn(C4CC4)c3c2F)C1C,-4.44
CCC1C(N)CN1C1=C(F)C2=C(C=C1F)C(=O)C(C(=O)O)=CN2C1CC1,CCC1C(N)CN1c1c(F)cc2c(=O)c(C(=O)O)cn(C3CC3)c2c1F,-3.81
CC1N(C2=C(F)C3=C(C=C2F)C(=O)C(C(=O)O)=CN3C2CC2)CC1(C)N,CC1N(c2c(F)cc3c(=O)c(C(=O)O)cn(C4CC4)c3c2F)CC1(C)N,-5.04
CC1C(N)CN1C1=CC2=C(C=C1F)C(=O)C(C(=O)O)=CN2C1CC1,CC1C(N)CN1c1cc2c(cc1F)c(=O)c(C(=O)O)cn2C1CC1,-4.63
CC1C(N)CN1C1=C(F)C2=C(C=C1F)C(=O)C(C(=O)O)=CN2C1CC1,CC1C(N)CN1c1c(F)cc2c(=O)c(C(=O)O)cn(C3CC3)c2c1F,-4.17
CC12CCC(=O)C=C1CCC1C2CCC2(C)C(OC(=O)C(CO)CO)CCC12,CC12CCC(=O)C=C1CCC1C2CCC2(C)C(OC(=O)C(CO)CO)CCC12,-4.25
OCC1OC(N2C(C3=CC=CO3)=NC3=C2C=CC=C3)C(O)C1O,OCC1OC(n2c(-c3ccco3)nc3ccccc32)C(O)C1O,-2.92
OCC1OC(N2C(C3=CC=CO3)=NC3=C2C=CC=C3)C(O)C(O)C1O,OCC1OC(n2c(-c3ccco3)nc3ccccc32)C(O)C(O)C1O,-2.33
CCCCCCCCSC1C(O)C(O)OC(CO)C1O,CCCCCCCCSC1C(O)C(O)OC(CO)C1O,-2.91
CC(O)C1C(=O)N2C(C(=O)O)=C(SCC(=N)N(C)C)C(C)C12,CC(O)C1C(=O)N2C(C(=O)O)=C(SCC(=N)N(C)C)C(C)C12,-0.28
CC1=C(N)C=CC(N=NC2=C(C)C=CC=C2)=C1,Cc1cc(N=Nc2ccccc2C)ccc1N,-4.05
CN(C)C1=CC=C(N=NC2=CC=CC=C2)C=C1,CN(C)c1ccc(N=Nc2ccccc2)cc1,-5.25
CC1NC(=O)C2=C(C=CC=C2)NC1=O,CC1NC(=O)c2ccccc2NC1=O,-2.38
O=C1CNC(=O)C2=C(C=CC(Cl)=C2)N1,O=C1CNC(=O)c2cc(Cl)ccc2N1,-3.05
BrC1=CC=CC(NC2=NC=NC3=CC4=C(C=NN4)C=C32)=C1,Brc1cccc(Nc2ncnc3cc4[nH]ncc4cc23)c1,-3.96
C=CC1(C(C)CCC)C(=O)NC(=O)NC1=O,C=CC1(C(C)CCC)C(=O)NC(=O)NC1=O,-2.36
BrC1=CC=CC(NC2=NC=NC3=CC4=C(C=CN4)C=C32)=C1,Brc1cccc(Nc2ncnc3cc4[nH]ccc4cc23)c1,-2.82
CCCCC(CO[N+](=O)O)O[N+](=O)O,CCCCC(CO[N+](=O)O)O[N+](=O)O,-3.1
CN1C(=O)CN=C(C2=CC=CC=C2)C2=C1C=CC(Cl)=C2,CN1C(=O)CN=C(c2ccccc2)c2cc(Cl)ccc21,-3.71
CN(C)C1=CC=C(N=NC2=CC=C(S(=O)(=O)O)C=C2)C=C1,CN(C)c1ccc(N=Nc2ccc(S(=O)(=O)O)cc2)cc1,-3.86
C1C(=O)NC2=C(C=C(C=C2)[N+](=O)[O-])C(=N1)C3=CC=CC=C3Cl,O=C1CN=C(c2ccccc2Cl)c2cc([N+](=O)[O-])ccc2N1,-4.41
CCCC(CCC)C(=O)NCCCC(=O)O,CCCC(CCC)C(=O)NCCCC(=O)O,-1.5
CN1C=CC2=C1C=C1N=CN=C(NC3=CC(Br)=CC=C3)C1=C2,Cn1ccc2cc3c(Nc4cccc(Br)c4)ncnc3cc21,-3.31
CN1N=CC2=C1C=C1N=CN=C(NC3=CC(Br)=CC=C3)C1=C2,Cn1ncc2cc3c(Nc4cccc(Br)c4)ncnc3cc21,-3.48
O=C(O)CN1C=CC2=C1C=C1N=CN=C(NC3=CC(Br)=CC=C3)C1=C2,O=C(O)Cn1ccc2cc3c(Nc4cccc(Br)c4)ncnc3cc21,-1.96
CCN(C(N)=O)C1=CC=C(OC)C=C1,CCN(C(N)=O)c1ccc(OC)cc1,-1.27
O=C1NC(=O)N(CC2=CC=CC=C2)C=C1F,O=c1[nH]c(=O)n(Cc2ccccc2)cc1F,-2.65
ClC1=CC(Cl)=C(C(CN2C=CN=C2)OCC2=C(Cl)C=CC(Cl)=C2)C=C1,Clc1ccc(C(Cn2ccnc2)OCc2cc(Cl)ccc2Cl)c(Cl)c1,-3.54
OCC1OCOC2COCOC12,OCC1OCOC2COCOC12,-0.62
CCCC(CO[N+](=O)O)O[N+](=O)O,CCCC(CO[N+](=O)O)O[N+](=O)O,-2.5
CC(CCCO[N+](=O)O)O[N+](=O)O,CC(CCCO[N+](=O)O)O[N+](=O)O,-2.44
CC(CCCCO[N+](=O)O)O[N+](=O)O,CC(CCCCO[N+](=O)O)O[N+](=O)O,-2.84
C1CC(CC(C1)O[N+](=O)[O-])O[N+](=O)[O-],O=[N+]([O-])OC1CCCC(O[N+](=O)[O-])C1,-2.33
CN1CCN(CC2=CN=C(Cl)C=C2)C1=NC#N,CN1CCN(Cc2ccc(Cl)nc2)C1=NC#N,-2.13
C1CCC(C(C1)O[N+](=O)O)O[N+](=O)O,O=[N+](O)OC1CCCCC1O[N+](=O)O,-2.35
N#CN=C1NCCN1CC1=CN=C(Cl)C=C1,N#CN=C1NCCN1Cc1ccc(Cl)nc1,-2.63
C1CCC(C(CC1)O[N+](=O)[O-])O[N+](=O)[O-],O=[N+]([O-])OC1CCCCCC1O[N+](=O)[O-],-3.02
CCN(CC)CCSC1=NC2=C(N=N1)NC1=C2C=CC=C1,CCN(CC)CCSc1nnc2[nH]c3ccccc3c2n1,-3.09
NC1=NC2=C(C=N1)N=CN2CCC1COC(=O)OC1,Nc1ncc2ncn(CCC3COC(=O)OC3)c2n1,-1.43
CS(=O)(=O)C1=CC=C(C2=C(C3=CC=CC=C3)C(=O)OC2)C=C1,CS(=O)(=O)c1ccc(C2=C(c3ccccc3)C(=O)OC2)cc1,-4.52
CN1C=NC=C1CC(N)C(=O)O,Cn1cncc1CC(N)C(=O)O,0.08
OCC1OC2OC(C(Cl)(Cl)Cl)OC2C1O,OCC1OC2OC(C(Cl)(Cl)Cl)OC2C1O,-2.12
O=C(O)C1CCC(C(=O)O)SS1,O=C(O)C1CCC(C(=O)O)SS1,-1.93
COC1=NC=C(NC(=O)C2CC2)C=C1,COc1ccc(NC(=O)C2CC2)cn1,-2.14
NS(=O)(=O)C1=C(Cl)C=C(NCC2=CC=CO2)C(C(=O)O)=C1,NS(=O)(=O)c1cc(C(=O)O)c(NCc2ccco2)cc1Cl,-3.83
CCOC(=O)C(CCC1=CC=CC=C1)NC(C)CN1CCCC1C(=O)O,CCOC(=O)C(CCc1ccccc1)NC(C)CN1CCCC1C(=O)O,-1.24
CCOC(=O)C(CCC1=CC=CC=C1)NC(C)C(=O)N1CCCC1C(=O)O,CCOC(=O)C(CCc1ccccc1)NC(C)C(=O)N1CCCC1C(=O)O,-1.18
OCC1OC(OCCC2=C3C=CC=CC3=CC=C2)C(O)C(O)C1O,OCC1OC(OCCc2cccc3ccccc23)C(O)C(O)C1O,-1.11
CCC1(C2=CC=CC=C2)NC(=O)NC1=O,CCC1(c2ccccc2)NC(=O)NC1=O,-2.64
OC1COC(OC2=CC=CC=C2)C(O)C1O,OC1COC(Oc2ccccc2)C(O)C1O,-1.66
CC1(C)OCC(COC(=O)C2=C(C(=O)O)C=CC=C2)O1,CC1(C)OCC(COC(=O)c2ccccc2C(=O)O)O1,-1.23
O=C(O)CCCC1CCCC2NC(=O)NC12,O=C(O)CCCC1CCCC2NC(=O)NC12,-0.96
NC(CC1=CNC2=C1C=CC=C2)C(=O)O,NC(Cc1c[nH]c2ccccc12)C(=O)O,-1.77
C1=C(OC(=C1)[N+](=O)[O-])C=NNC(=O)N,NC(=O)NN=Cc1ccc([N+](=O)[O-])o1,-2.92
CCCC(C)C1(CC)C(=O)NC(=O)NC1=O,CCCC(C)C1(CC)C(=O)NC(=O)NC1=O,-2.39
CC1NC(=O)C2=C(C=CC=C2)N(CC(O)C(O)C(O)CO)C1=O,CC1NC(=O)c2ccccc2N(CC(O)C(O)C(O)CO)C1=O,-1.51
O=C1NCC(=O)N(CC(O)C(O)C(O)CO)C2=C1C=CC=C2,O=C1NCC(=O)N(CC(O)C(O)C(O)CO)c2ccccc21,-1.46
CC1=C(C(=O)O)C=C(C(O)C(O)C(O)CO)O1,Cc1oc(C(O)C(O)C(O)CO)cc1C(=O)O,-1.28
OCC1OC(OC2=CC=CC=C2)C(O)C(O)C1O,OCC1OC(Oc2ccccc2)C(O)C(O)C1O,-1.46
COC1=CC2=CC=C(C(C)C(=O)OCCN3CCNCC3)C=C2C=C1,COc1ccc2cc(C(C)C(=O)OCCN3CCNCC3)ccc2c1,-1.52
COC1=CC2=CC=C(C(C)C(=O)OCCN3CCN(C)CC3)C=C2C=C1,COc1ccc2cc(C(C)C(=O)OCCN3CCN(C)CC3)ccc2c1,-1.49
COC1=CC2=CC=C(C(C)C(=O)OCCCCN3CCOCC3)C=C2C=C1,COc1ccc2cc(C(C)C(=O)OCCCCN3CCOCC3)ccc2c1,-3.7
COC1=CC=C2C=C(C(C)C(=O)OCCCCN3CCN(C)CC3)C=CC2=C1,COc1ccc2cc(C(C)C(=O)OCCCCN3CCN(C)CC3)ccc2c1,-1.29
O=C1NC2=C(C=CC=C2)C(=O)N2CCCC12,O=C1Nc2ccccc2C(=O)N2CCCC12,-3.75
O=C1NC2=C(C=C(Cl)C=C2)C(=O)N2CCCC12,O=C1Nc2ccc(Cl)cc2C(=O)N2CCCC12,-4.7
O=C1NC2=C(C=CC=C2)C(=O)N2CC(O)CC12,O=C1Nc2ccccc2C(=O)N2CC(O)CC12,-2.37
CC1=C2C(O)C3C(CC(C)C2CC1=O)OC(=O)C3C,CC1=C2C(O)C3C(CC(C)C2CC1=O)OC(=O)C3C,-1.95
CC(=O)NC(CC1=CNC2=C1C=CC=C2)C(=O)O,CC(=O)NC(Cc1c[nH]c2ccccc12)C(=O)O,-2.31
CCOC(=O)C1=CC2(CC)CCCN3CCC4=C(C32)N1C1=C4C=CC=C1,CCOC(=O)C1=CC2(CC)CCCN3CCc4c(n1c1ccccc41)C32,-4.84
C1=CC=C(C2=CN=C(C3=CC=C(CN4CCOCC4)C=C3)O2)C=C1,c1ccc(-c2cnc(-c3ccc(CN4CCOCC4)cc3)o2)cc1,-4.35
CN1CC(O)C2=CC(=NNC(N)=O)C(=O)C=C21,CN1CC(O)C2=CC(=NNC(N)=O)C(=O)C=C21,-2.72
CN(C)N=NC1=CC=C(C(=O)O)C=C1,CN(C)N=Nc1ccc(C(=O)O)cc1,-0.8
NC(CC1=CNC2=C1C=CC=C2)C(=O)NCC(=O)O,NC(Cc1c[nH]c2ccccc12)C(=O)NCC(=O)O,-0.85
NC1=NC(=O)N(C2CC(F)C(CO)O2)C=C1,Nc1ccn(C2CC(F)C(CO)O2)c(=O)n1,-1.18
O=C(O)C1=C(Cl)C=C(N=NC2=CC=C(O)C=C2)C=C1,O=C(O)c1ccc(N=Nc2ccc(O)cc2)cc1Cl,-2.62
C1=CC(=CC(=C1)OC2C(C(C(C(O2)CO)O)O)O)[N+](=O)[O-],O=[N+]([O-])c1cccc(OC2OC(CO)C(O)C(O)C2O)c1,-1.28
O=C(O)C1CN2CCC1CC2C(O)C1=CC=NC2=C1C=CC=C2,O=C(O)C1CN2CCC1CC2C(O)c1ccnc2ccccc12,-1.94
C1=CC=C(C(=C1)NN=C2C=CC(=O)C(=C2)C(=O)O)[N+](=O)[O-],O=C(O)C1=CC(=NNc2ccccc2[N+](=O)[O-])C=CC1=O,-2.01
COCC1COC2=C(C=C3C(=C2)N=CN=C3NC2=CC(Br)=CC=C2)O1,COCC1COc2cc3ncnc(Nc4cccc(Br)c4)c3cc2O1,-3.22
CC(=O)OC1C2C(CC(C)C3C=CC(=O)C31C)OC(=O)C2C,CC(=O)OC1C2C(CC(C)C3C=CC(=O)C31C)OC(=O)C2C,-2.19
COCC1COC2=C(C=C3C(=C2)N=CN=C3NC2=CC(I)=CC=C2)O1,COCC1COc2cc3ncnc(Nc4cccc(I)c4)c3cc2O1,-3.52
O=C(O)C1CCC(=O)N1CN1C(=O)CCC1C(=O)O,O=C(O)C1CCC(=O)N1CN1C(=O)CCC1C(=O)O,-1.31
COC1=CC=C(CC2NC(=O)N(C(C)C(=O)O)C2=O)C=C1,COc1ccc(CC2NC(=O)N(C(C)C(=O)O)C2=O)cc1,-0.86
CC(C)C(NS(=O)(=O)C1=CC=C(F)C=C1)C(=O)NC1CCOC1O,CC(C)C(NS(=O)(=O)c1ccc(F)cc1)C(=O)NC1CCOC1O,-2.38
CC(C)CC(NC(=S)NC1=CC=CC=C1)C(=O)NC1CCOC1O,CC(C)CC(NC(=S)Nc1ccccc1)C(=O)NC1CCOC1O,-2.37
COC1=CC(=O)C2(OC3=C(C2=O)C(OC)=CC(OC)=C3Cl)C(C)C1,COC1=CC(=O)C2(Oc3c(Cl)c(OC)cc(OC)c3C2=O)C(C)C1,-4.4
CC(C)CC(N)C(=O)NC(CC1=CNC2=C1C=CC=C2)C(=O)O,CC(C)CC(N)C(=O)NC(Cc1c[nH]c2ccccc12)C(=O)O,-1.12
COC1=CC2=C(C=C1)N=CC=C2C(O)C1CC2CCN1CC2C(=O)O,COc1ccc2nccc(C(O)C3CC4CCN3CC4C(=O)O)c2c1,-2.03
COC1=CC(OC)=C(Cl)C2=C1C(=O)C1(O2)C(C)CC(O)CC1O,COc1cc(OC)c2c(c1Cl)OC1(C2=O)C(C)CC(O)CC1O,-2.34
CC12CCC(O)CC1CCC1C2CCC2(C)C(C3=CC(=O)OC3)CCC12O,CC12CCC(O)CC1CCC1C2CCC2(C)C(C3=CC(=O)OC3)CCC12O,-4.57
OC1=CC=C(N=NC2=CC=CC=C2)C=C1,Oc1ccc(N=Nc2ccccc2)cc1,-3.95
OC1=CC(O)=C(N=NC2=CC=CC=C2)C=C1,Oc1ccc(N=Nc2ccccc2)c(O)c1,-3.08
O=C1C(O)C2CC3N1CCC31C3=C(C=CC=C3)N3C(=O)C=CC2C31,O=C1C(O)C2CC3N1CCC31c3ccccc3N3C(=O)C=CC2C31,-2.11
O=C(O)C1=CC=C(N=NC2=CC=C(O)C=C2)C=C1,O=C(O)c1ccc(N=Nc2ccc(O)cc2)cc1,-4.38
O=C(O)C1=C(O)C=CC(N=NC2=CC=CC=C2)=C1,O=C(O)c1cc(N=Nc2ccccc2)ccc1O,-3.05
OCC(O)C(O)C1=NN(C2=CC=CC=C2)C2=C1N=C1C=CC=CC1=N2,OCC(O)C(O)c1nn(-c2ccccc2)c2nc3ccccc3nc12,-3.13
CC1(C)SC2C(NC(=O)COC3=CC=CC=C3)C(=O)N2C1C(=O)O,CC1(C)SC2C(NC(=O)COc3ccccc3)C(=O)N2C1C(=O)O,-2.81
CC(C)C1OC(O)C(CC2=CC=CC=C2)NC1=O,CC(C)C1OC(O)C(Cc2ccccc2)NC1=O,-2.28
CC(C)CC1OC(O)C(CC2=CC=CC=C2)NC1=O,CC(C)CC1OC(O)C(Cc2ccccc2)NC1=O,-2.12
NNC(=O)C1=CC=C(C(=O)NN)C=C1,NNC(=O)c1ccc(C(=O)NN)cc1,-2.29
CC(NC(=O)C(N)C1=CC=CC=C1)C1=CC=CC=C1,CC(NC(=O)C(N)c1ccccc1)c1ccccc1,-1.66
O=C1NC(=O)C(Cl)=C(CN2CCCC2)N1,O=c1[nH]c(CN2CCCC2)c(Cl)c(=O)[nH]1,-1.54
O=C1NC(=O)C(Br)=C(CN2CCCC2)N1,O=c1[nH]c(CN2CCCC2)c(Br)c(=O)[nH]1,-1.78
CNCCC(OC1=CC=C(C(F)(F)F)C=C1)C1=CC=CC=C1,CNCCC(Oc1ccc(C(F)(F)F)cc1)c1ccccc1,-1.59
O=C(O)C(O)(CO)CC(O)CO,O=C(O)C(O)(CO)CC(O)CO,0.61
Brc1cc(Br)c(Br)cc1Br,Brc1cc(Br)c(Br)cc1Br,-6.98
FC(F)(Cl)C(F)(F)Cl,FC(F)(Cl)C(F)(F)Cl,-2.74
CC12CCC(CC1)C(C)(C)O2,CC12CCC(CC1)C(C)(C)O2,-1.74
CCC=C,C=CCC,-1.94
CCCCCCCCC=C,C=CCCCCCCCC,-5.51
Ic1cccc2ccccc12,Ic1cccc2ccccc12,-4.55
CCCO,CCCO,0.62
Clc1c(Cl)c(Cl)c(c(Cl)c1Cl)c2c(Cl)c(Cl)c(Cl)c(Cl)c2Cl ,Clc1c(Cl)c(Cl)c(-c2c(Cl)c(Cl)c(Cl)c(Cl)c2Cl)c(Cl)c1Cl,-11.6
Clc1cc(Cl)c(cc1Cl)c2cccc(Cl)c2Cl ,Clc1cc(Cl)c(-c2cccc(Cl)c2Cl)cc1Cl,-7.21
Clc1ccc(c(Cl)c1)c2c(Cl)ccc(Cl)c2Cl ,Clc1ccc(-c2c(Cl)ccc(Cl)c2Cl)c(Cl)c1,-7.43
CC(C)C(C)(C)C,CC(C)C(C)(C)C,-4.36
Oc1cc(Cl)c(Cl)c(Cl)c1Cl,Oc1cc(Cl)c(Cl)c(Cl)c1Cl,-3.15
Oc1c(Cl)cc(Cl)c(Cl)c1Cl,Oc1c(Cl)cc(Cl)c(Cl)c1Cl,-3.1
Clc1ccc(cc1)c2cccc(Cl)c2Cl ,Clc1ccc(-c2cccc(Cl)c2Cl)cc1,-6.29
Oc1ccc(Cl)c(Cl)c1Cl,Oc1ccc(Cl)c(Cl)c1Cl,-2.67
Oc1c(Cl)c(Cl)cc(Cl)c1Cl,Oc1c(Cl)c(Cl)cc(Cl)c1Cl,-3.37
Oc1cc(Cl)cc(Cl)c1Cl,Oc1cc(Cl)cc(Cl)c1Cl,-2.67
Clc1ccc(cc1)c2cc(Cl)ccc2Cl ,Clc1ccc(-c2cc(Cl)ccc2Cl)cc1,-6.27
Oc1c(Cl)cccc1Cl,Oc1c(Cl)cccc1Cl,-1.79
Cc1ccccc1Br,Cc1ccccc1Br,-2.23
CCCC=C(CC)C=O,CCCC=C(C=O)CC,-2.46
CCC(CC)C=O,CCC(C=O)CC,-1.52
CCCCCC(C)C,CCCCCC(C)C,-5.08
CC(C)O,CC(C)O,0.43
Cc1ccc(O)cc1C,Cc1ccc(O)cc1C,-1.38
O=C1N(COC(=O)CCCCCC)C(=O)C(N1)(c2ccccc2)c3ccccc3,CCCCCCC(=O)OCN1C(=O)NC(c2ccccc2)(c2ccccc2)C1=O,-6.301
O=C1N(COC(=O)CCCCC)C(=O)C(N1)(c2ccccc2)c3ccccc3,CCCCCC(=O)OCN1C(=O)NC(c2ccccc2)(c2ccccc2)C1=O,-5.886
CC(C)C(C)O,CC(C)C(C)O,-0.18
CCC(C)CCO,CCC(C)CCO,-0.72
c1cc(C)cc2c1c3cc4cccc5CCc(c45)c3cc2,Cc1ccc2c(ccc3c4c5c(cccc5cc32)CC4)c1,-7.92
O=C1NC(=O)NC(=O)C1(CC)C(C)C,CCC1(C(C)C)C(=O)NC(=O)NC1=O,-2.148
CCCCC(=O)CCCC,CCCCC(=O)CCCC,-2.58
CC#N,CC#N,0.26
CC(=O)N(S(=O)c1ccc(N)cc1)c2onc(C)c2C ,CC(=O)N(c1onc(C)c1C)[S+]([O-])c1ccc(N)cc1,-3.59
CC13CCC(=O)C=C1CCC4C2CCC(C(=O)CO)C2(CC(O)C34)C=O ,CC12CCC(=O)C=C1CCC1C2C(O)CC2(C=O)C(C(=O)CO)CCC12,-3.85
OCC3OC(OCC2OC(OC(C#N)c1ccccc1)C(O)C(O)C2O)C(O)C(O)C3O ,N#CC(OC1OC(COC2OC(CO)C(O)C(O)C2O)C(O)C(O)C1O)c1ccccc1,-0.77
CCCC1C(=O)N3N(C1=O)c2cc(C)ccc2N=C3N(C)C ,CCCC1C(=O)N2C(N(C)C)=Nc3ccc(C)cc3N2C1=O,-3.5380000000000003
OC4=C(C1CCC(CC1)c2ccc(Cl)cc2)C(=O)c3ccccc3C4=O,O=C1C(O)=C(C2CCC(c3ccc(Cl)cc3)CC2)C(=O)c2ccccc21,-5.931
CNC(=O)C=C(C)OP(=O)(OC)OC,CNC(=O)C=C(C)OP(=O)(OC)OC,0.6509999999999999
CNC(=O)Oc1cccc2ccccc12,CNC(=O)Oc1cccc2ccccc12,-3.224
CCOC(=O)c1ccccc1S(=O)(=O)NN(C=O)c2nc(Cl)cc(OC)n2,CCOC(=O)c1ccccc1S(=O)(=O)NN(C=O)c1nc(Cl)cc(OC)n1,-4.5760000000000005
ClCC#N,N#CCCl,-0.092
c1ccc(Cl)cc1C(c2ccc(Cl)cc2)(O)C(=O)OC(C)C,CC(C)OC(=O)C(O)(c1ccc(Cl)cc1)c1cccc(Cl)c1,-4.53
Cl\C=C/Cl,Cl/C=C\Cl,-1.3
C/C1CCCCC1\C,CC1CCCCC1C,-4.3
CC(=O)OCC(=O)C3(O)CCC4C2CCC1=CC(=O)CCC1(C)C2C(=O)CC34C ,CC(=O)OCC(=O)C1(O)CCC2C3CCC4=CC(=O)CCC4(C)C3C(=O)CC21C,-4.21
CC(=O)CC(c1ccc(Cl)cc1)c2c(O)c3ccccc3oc2=O,CC(=O)CC(c1ccc(Cl)cc1)c1c(O)c2ccccc2oc1=O,-5.839
CCOP(=S)(OCC)Oc2ccc1oc(=O)c(Cl)c(C)c1c2,CCOP(=S)(OCC)Oc1ccc2oc(=O)c(Cl)c(C)c2c1,-5.382000000000001
OC1CCCCCC1,OC1CCCCCC1,-0.88
C1CCC=CCC1,C1=CCCCCC1,-3.18
OC1CCCCCCC1,OC1CCCCCCC1,-1.29
O=C2NC(=O)C1(CCCC1)C(=O)N2,O=C1NC(=O)C2(CCCC2)C(=O)N1,-2.349
CC1(C)C(C=C(Cl)Cl)C1C(=O)OC(C#N)c2ccc(F)c(Oc3ccccc3)c2,CC1(C)C(C=C(Cl)Cl)C1C(=O)OC(C#N)c1ccc(F)c(Oc2ccccc2)c1,-7.337000000000001
CC1(C)C(C=C(Cl)C(F)(F)F)C1C(=O)OC(C#N)c2cccc(Oc3ccccc3)c2,CC1(C)C(C=C(Cl)C(F)(F)F)C1C(=O)OC(C#N)c1cccc(Oc2ccccc2)c1,-8.176
Nc1ccc(cc1)S(=O)(=O)c2ccc(N)cc2,Nc1ccc(S(=O)(=O)c2ccc(N)cc2)cc1,-3.094
CC1(C)C(C=C(Br)Br)C1C(=O)OC(C#N)c2cccc(Oc3ccccc3)c2,CC1(C)C(C=C(Br)Br)C1C(=O)OC(C#N)c1cccc(Oc2ccccc2)c1,-8.402000000000001
CC=C(C(=CC)c1ccc(O)cc1)c2ccc(O)cc2,CC=C(C(=CC)c1ccc(O)cc1)c1ccc(O)cc1,-4.95
CCSSCC,CCSSCC,-2.42
CCCCCCOC(=O)c1ccccc1C(=O)OCCCCCC,CCCCCCOC(=O)c1ccccc1C(=O)OCCCCCC,-6.144
CC(C)SC(C)C,CC(C)SC(C)C,-2.24
CCN(CC)C(=O)C(=CCOP(=O)(OC)OC)Cl,CCN(CC)C(=O)C(Cl)=CCOP(=O)(OC)OC,0.523
CCCSCCC,CCCSCCC,-2.58
C1C(O)CCC2(C)CC3CCC4(C)C5(C)CC6OCC(C)CC6OC5CC4C3C=C21,CC1COC2CC3(C)C(CC4C5C=C6CC(O)CCC6(C)CC5CCC43C)OC2C1,-7.32
CCN(CC(C)=C)c1c(cc(cc1N(=O)=O)C(F)(F)F)N(=O)=O,C=C(C)CN(CC)c1c([N+](=O)[O-])cc(C(F)(F)F)cc1[N+](=O)[O-],-6.124
CCCCCC(=O)OCC,CCCCCC(=O)OCC,-2.35
C=C,C=C,-0.4
OC(Cn1cncn1)(Cn2cncn2)c3ccc(F)cc3F ,OC(Cn1cncn1)(Cn1cncn1)c1ccc(F)cc1F,-1.8
Nc1nc(=O)[nH]cc1F,Nc1nc(=O)[nH]cc1F,-0.972
CC1CC2C3CC(F)C4=CC(=O)C=CC4(C)C3(F)C(O)CC2(C)C1(O)C(=O)CO,CC1CC2C3CC(F)C4=CC(=O)C=CC4(C)C3(F)C(O)CC2(C)C1(O)C(=O)CO,-5.613
OCC1OC(O)(CO)C(O)C1O,OCC1OC(O)(CO)C(O)C1O,0.64
c1c(O)C2C(=O)C3cc(O)ccC3OC2cc1(OC),COC1=CC2OC3C=CC(O)=CC3C(=O)C2C(O)=C1,-2.943
NS(=O)(=O)c2cc1c(NCNS1(=O)=O)cc2Cl ,NS(=O)(=O)c1cc2c(cc1Cl)NCNS2(=O)=O,-2.63
CC12CC(O)C3C(CCC4=CC(=O)CCC34C)C2CCC1(O)C(=O)CO,CC12CCC(=O)C=C1CCC1C2C(O)CC2(C)C1CCC2(O)C(=O)CO,-3.09
Ic1ccccc1,Ic1ccccc1,-3.01
COc2c1occc1c(OC)c3c(=O)cc(C)oc23 ,COc1c2occc2c(OC)c2c(=O)cc(C)oc12,-3.0210000000000004
ClC1C(Cl)C(Cl)C(Cl)C(Cl)C1Cl,ClC1C(Cl)C(Cl)C(Cl)C(Cl)C1Cl,-4.64
c1c(OC)c(OC)C2C(=O)OCC2c1,COC1=C(OC)C2C(=O)OCC2C=C1,-1.899
COC(=O)C,COC(C)=O,0.46
CCCOC(=O)CC,CCCOC(=O)CC,-0.82
CCCCCC(=O)OC,CCCCCC(=O)OC,-1.87
CCCCCCCCC(=O)OC,CCCCCCCCC(=O)OC,-3.38
CCCCCCCC(=O)OC,CCCCCCCC(=O)OC,-3.17
CCCC(=O)OCC,CCCC(=O)OCC,-1.36
COC(=O)c1ccc(O)cc1,COC(=O)c1ccc(O)cc1,-1.827
c1ccccc1(OC(=O)NC),CNC(=O)Oc1ccccc1,-1.803
COc1ccc(NC(=O)N(C)C)cc1Cl,COc1ccc(NC(=O)N(C)C)cc1Cl,-2.564
Cc3ccnc4N(C1CC1)c2ncccc2C(=O)Nc34 ,Cc1ccnc2c1NC(=O)c1cccnc1N2C1CC1,-3.19
COC(=O)C1=C(C)NC(=C(C1c2ccccc2N(=O)=O)C(=O)OC)C ,COC(=O)C1=C(C)NC(C)=C(C(=O)OC)C1c1ccccc1[N+](=O)[O-],-4.76
CCN(=O)=O,CC[N+](=O)[O-],-0.22
O=C2CN(N=Cc1ccc(o1)N(=O)=O)C(=O)N2 ,O=C1CN(N=Cc2ccc([N+](=O)[O-])o2)C(=O)N1,-3.38
OC(C1=CC2C5C(C1C2=C(c3ccccc3)c4ccccn4)C(=O)NC5=O)(c6ccccc6)c7ccccn7 ,O=C1NC(=O)C2C3C(C(O)(c4ccccc4)c4ccccn4)=CC(C3=C(c3ccccc3)c3ccccn3)C12,-3.931
CC34CCC1C(CCC2=CC(=O)CCC12O)C3CCC4(O)C#C,C#CC1(O)CCC2C3CCC4=CC(=O)CCC4(O)C3CCC21C,-4.57
CNC(=O)ON=C(SC)C(=O)N(C)C,CNC(=O)ON=C(SC)C(=O)N(C)C,0.106
OC3N=C(c1ccccc1)c2cc(Cl)ccc2NC3=O ,O=C1Nc2ccc(Cl)cc2C(c2ccccc2)=NC1O,-3.952
Clc1ccc(I)cc1,Clc1ccc(I)cc1,-4.03
Clc1ccc(CN(C2CCCC2)C(=O)Nc3ccccc3)cc1,O=C(Nc1ccccc1)N(Cc1ccc(Cl)cc1)C1CCCC1,-5.915
CCOP(=S)(OCC)ON=C(C#N)c1ccccc1,CCOP(=S)(OCC)ON=C(C#N)c1ccccc1,-4.862
c1cC2C(=O)NC(=O)C2cc1,O=C1NC(=O)C2C=CC=CC12,-2.932
c1ccc2c(c1)ccc3c2ccc4c5ccccc5ccc43,c1ccc2c(c1)ccc1c2ccc2c3ccccc3ccc21,-7.87
CC12CC(O)C3C(CCC4=CC(=O)C=CC34C)C2CCC1(O)C(=O)CO,CC12C=CC(=O)C=C1CCC1C2C(O)CC2(C)C1CCC2(O)C(=O)CO,-3.18
CCNP(=S)(OC)OC(=CC(=O)OC(C)C)C,CCNP(=S)(OC)OC(C)=CC(=O)OC(C)C,-3.408
CC=C,C=CC,-1.08
NC(=O)c1cnccn1,NC(=O)c1cnccn1,-0.667
ClC(Cl)CC(=O)NC2=C(Cl)C(=O)c1ccccc1C2=O,O=C(CC(Cl)Cl)NC1=C(Cl)C(=O)c2ccccc2C1=O,-5.03
CCC1(C(=O)NC(=O)NC1=O)C2=CCC3CCC2C3,CCC1(C2=CCC3CCC2C3)C(=O)NC(=O)NC1=O,-2.696
CCN2c1ncccc1N(C)C(=O)c3cccnc23 ,CCN1c2ncccc2C(=O)N(C)c2cccnc21,-2.62
CCCOC(=O)c1ccc(N)cc1,CCCOC(=O)c1ccc(N)cc1,-2.452
O2c1ccccc1N(C)C(=O)c3cccnc23 ,CN1C(=O)c2cccnc2Oc2ccccc21,-3.672
O2c1ccc(N)cc1N(C)C(=O)c3cc(C)ccc23 ,Cc1ccc2c(c1)C(=O)N(C)c1cc(N)ccc1O2,-3.928
CCN2c1nc(Cl)ccc1N(C)C(=O)c3cccnc23 ,CCN1c2ncccc2C(=O)N(C)c2ccc(Cl)nc21,-4.114
CCN2c1nc(C)cc(C(F)(F)F)c1NC(=O)c3cccnc23 ,CCN1c2ncccc2C(=O)Nc2c(C(F)(F)F)cc(C)nc21,-4.207
CCN2c1nc(C)cc(C)c1NC(=O)c3cccnc23 ,CCN1c2ncccc2C(=O)Nc2c(C)cc(C)nc21,-4.553999999999999
CCN2c1ncccc1N(C)C(=S)c3cccnc23 ,CCN1c2ncccc2C(=S)N(C)c2cccnc21,-4.634
CCN2c1ccccc1N(C)C(=S)c3cccnc23 ,CCN1c2ccccc2N(C)C(=S)c2cccnc21,-4.706
CCN2c1ccccc1N(C)C(=O)c3ccccc23 ,CCN1c2ccccc2C(=O)N(C)c2ccccc21,-4.749
CCN2c1ncccc1N(CC)C(=O)c3cccnc23 ,CCN1C(=O)c2cccnc2N(CC)c2ncccc21,-2.86
CCN2c1cc(N(C)C)cc(C)c1NC(=O)c3cccnc23 ,CCN1c2cc(N(C)C)cc(C)c2NC(=O)c2cccnc21,-4.871
CCN2c1cc(OC)cc(C)c1NC(=O)c3cccnc23 ,CCN1c2cc(OC)cc(C)c2NC(=O)c2cccnc21,-5.153
CCN2c1cc(Cl)ccc1NC(=O)c3cccnc23 ,CCN1c2cc(Cl)ccc2NC(=O)c2cccnc21,-5.36
O2c1cc(C)ccc1N(C)C(=O)c3cc(N)cnc23 ,Cc1ccc2c(c1)Oc1ncc(N)cc1C(=O)N2C,-3.043
CCN2c1ccccc1N(C)C(=O)c3cccnc23 ,CCN1c2ccccc2N(C)C(=O)c2cccnc21,-3.324
CCN2c1nc(N(C)(CCO))ccc1NC(=O)c3cccnc23 ,CCN1c2nc(N(C)CCO)ccc2NC(=O)c2cccnc21,-3.36
C2c1ccccc1N(CCF)C(=O)c3ccccc23 ,O=C1c2ccccc2Cc2ccccc2N1CCF,-3.535
O2c1ccccc1N(CC)C(=O)c3ccccc23 ,CCN1C(=O)c2ccccc2Oc2ccccc21,-3.68
CSc1nc(nc(n1)N(C)C)N(C)C,CSc1nc(N(C)C)nc(N(C)C)n1,-2.676
CSCS(=O)CC(CO)NC(=O)C=Cc1c(C)[nH]c(=O)[nH]c1=O,CSC[S+]([O-])CC(CO)NC(=O)C=Cc1c(C)[nH]c(=O)[nH]c1=O,-1.981
CCCCOc1ccc(C(=O)OCC)c(c1)N(CC)CC ,CCCCOc1ccc(C(=O)OCC)c(N(CC)CC)c1,-3.84
OCC2OC(OC1(CO)OC(CO)C(O)C1O)C(O)C(O)C2O ,OCC1OC(OC2(CO)OC(CO)C(O)C2O)C(O)C(O)C1O,0.79
Nc1ccc(cc1)S(N)(=O)=O,Nc1ccc(S(N)(=O)=O)cc1,-1.34
C/C=C/C=O,C/C=C/C=O,0.32
CC12CCC3C(CCC4=CC(=O)CCC34C)C2CCC1O,CC12CCC(=O)C=C1CCC1C2CCC2(C)C(O)CCC12,-4.02
CC(=O)OC3CCC4C2CCC1=CC(=O)CCC1(C)C2CCC34C ,CC(=O)OC1CCC2C3CCC4=CC(=O)CCC4(C)C3CCC12C,-5.184
Cc1c(F)c(F)c(COC(=O)C2C(C=C(Cl)C(F)(F)F)C2(C)C)c(F)c1F,Cc1c(F)c(F)c(COC(=O)C2C(C=C(Cl)C(F)(F)F)C2(C)C)c(F)c1F,-7.321000000000001
CC(C)(C)Cc1ccccc1,CC(C)(C)Cc1ccccc1,-4.15
Nc3nc(N)c2nc(c1ccccc1)c(N)nc2n3,Nc1nc(N)c2nc(-c3ccccc3)c(N)nc2n1,-2.404
ClC(Cl)(Cl)C#N,N#CC(Cl)(Cl)Cl,-2.168
Cc1ccc(OP(=O)(Oc2cccc(C)c2)Oc3ccccc3C)cc1,Cc1ccc(OP(=O)(Oc2cccc(C)c2)Oc2ccccc2C)cc1,-6.01
ClC(Cl)(Cl)C(NC=O)N1C=CN(C=C1)C(NC=O)C(Cl)(Cl)Cl ,O=CNC(N1C=CN(C(NC=O)C(Cl)(Cl)Cl)C=C1)C(Cl)(Cl)Cl,-4.19
CC1(OC(=O)N(C1=O)c2cc(Cl)cc(Cl)c2)C=C,C=CC1(C)OC(=O)N(c2cc(Cl)cc(Cl)c2)C1=O,-4.925
CC12CCCC1C1CCC3CC(=O)C(=O)CC3(C)C1CC2,CC12CCCC1C1CCC3CC(=O)C(=O)CC3(C)C1CC2,-3.76
CCC(=O)OCC(=O)C1(OC(=O)CC)C(C)CC2C3CCC4=CC(=O)C=CC4(C)C3(F)C(O)CC21C,CCC(=O)OCC(=O)C1(OC(=O)CC)C(C)CC2C3CCC4=CC(=O)C=CC4(C)C3(F)C(O)CC21C,-3.77
CC(C)CCCC(C)C1CCC2C3CC=C4CC(O)CCC4(C)C3CCC12C,CC(C)CCCC(C)C1CCC2C3CC=C4CC(O)CCC4(C)C3CCC12C,-7.0
ClC1=C(Cl)C(Cl)=C(OC2=C(Cl)C(Cl)=C(Cl)C(Cl)=C2Cl)C(Cl)=C1Cl,Clc1c(Cl)c(Cl)c(Oc2c(Cl)c(Cl)c(Cl)c(Cl)c2Cl)c(Cl)c1Cl,-12.95
BrC1=CC=C(C2=CC=C(Br)C=C2)C=C1,Brc1ccc(-c2ccc(Br)cc2)cc1,-7.74
FC(F)(Cl)Cl,FC(F)(Cl)Cl,-1.99
ClC(Cl)COCC(Cl)Cl,ClC(Cl)COCC(Cl)Cl,-1.12
C=CC=C(C)C=CC=CC,C=CC=C(C)C=CC=CC,-2.09
ClCCCl,ClCCCl,-1.08
ClC1=CC(Cl)=C(Cl)C=C1C1=C(Cl)C(Cl)=CC(Cl)=C1Cl,Clc1cc(Cl)c(-c2c(Cl)c(Cl)cc(Cl)c2Cl)cc1Cl,-8.94
ClC1=CC=C(OC2=CC(Cl)=C(Cl)C(Cl)=C2Cl)C(Cl)=C1Cl,Clc1ccc(Oc2cc(Cl)c(Cl)c(Cl)c2Cl)c(Cl)c1Cl,-9.12
ClC1=C(Cl)C(Cl)=C(Cl)C(Cl)=C1Cl,Clc1c(Cl)c(Cl)c(Cl)c(Cl)c1Cl,-7.56
ClC1=CC(Cl)=C(Cl)C(C2=CC(Cl)=CC(Cl)=C2Cl)=C1,Clc1cc(Cl)c(Cl)c(-c2cc(Cl)cc(Cl)c2Cl)c1,-8.56
ClC1=CC=C(C2=CC(Cl)=C(Cl)C(Cl)=C2Cl)C(Cl)=C1,Clc1ccc(-c2cc(Cl)c(Cl)c(Cl)c2Cl)c(Cl)c1,-8.32
ClC1=C(Cl)C=C2C(=C1)OC1=C(Cl)C(Cl)=C(Cl)C(Cl)=C21,Clc1cc2oc3c(Cl)c(Cl)c(Cl)c(Cl)c3c2cc1Cl,-10.66
CC(=O)C1CCC2C3CCC4=CC(=O)CC(O)C4(C)C3CCC12C,CC(=O)C1CCC2C3CCC4=CC(=O)CC(O)C4(C)C3CCC12C,-3.82
CCl,CCl,-0.88
CC12CCC(=O)C=C1CCC1C2CCC2(C)C1CCC2(C)O,CC12CCC(=O)C=C1CCC1C2CCC2(C)C1CCC2(C)O,-3.97
CCC(C)[N+](=O)[O-],CCC(C)[N+](=O)[O-],-0.62
CC1=CC(=CC=C1)[N+](=O)[O-],Cc1cccc([N+](=O)[O-])c1,-2.46
CC(C)C1(C)CCCC(O)C1,CC(C)C1(C)CCCC(O)C1,-0.6
CC(C)C1C(C)CCCC1O,CC(C)C1C(C)CCCC1O,-0.29
CC1CCCC(O)(C(C)C)C1,CC1CCCC(O)(C(C)C)C1,-0.24
CCOC1=CC=C(NC(C)=O)C=C1,CCOc1ccc(NC(C)=O)cc1,-2.3
CCC,CCC,-2.84
CCC(N)=O,CCC(N)=O,-4.23
BrC1=CC=C(Br)C(C2=CC(Br)=CC=C2Br)=C1,Brc1ccc(Br)c(-c2cc(Br)ccc2Br)c1,-8.06
BrC(Br)C(Br)Br,BrC(Br)C(Br)Br,-2.72
COC1=C(Cl)C(Cl)=C(Cl)C=C1Cl,COc1c(Cl)cc(Cl)c(Cl)c1Cl,-5.13
ClC1=CC(Cl)=C(Cl)C(Cl)=C1,Clc1cc(Cl)c(Cl)c(Cl)c1,-4.68
ClC1=CC(Cl)=C(Cl)C=C1Cl,Clc1cc(Cl)c(Cl)cc1Cl,-5.47
CC1=C(Cl)C(CC2=C(Cl)C=CC=C2Cl)=CC=C1Cl,Cc1c(Cl)ccc(Cc2c(Cl)cccc2Cl)c1Cl,-7.99
CC1=C(Cl)C(CC2=CC=C(Cl)C=C2Cl)=CC=C1Cl,Cc1c(Cl)ccc(Cc2ccc(Cl)cc2Cl)c1Cl,-7.4
CC1=C(Cl)C=C(CC2=CC(Cl)=CC=C2Cl)C(Cl)=C1,Cc1cc(Cl)c(Cc2cc(Cl)ccc2Cl)cc1Cl,-8.03
CC1=C(Cl)C=C(Cl)C(CC2=C(Cl)C=CC=C2Cl)=C1,Cc1cc(Cc2c(Cl)cccc2Cl)c(Cl)cc1Cl,-8.36
CC1=C(Cl)C=C(Cl)C(CC2=CC=C(Cl)C=C2Cl)=C1,Cc1cc(Cc2ccc(Cl)cc2Cl)c(Cl)cc1Cl,-7.49
CC1=C(Cl)C(Cl)=C(Cl)C(CC2=CC=C(Cl)C=C2)=C1,Cc1cc(Cc2ccc(Cl)cc2)c(Cl)c(Cl)c1Cl,-8.18
CC1=C(CC2=C(Cl)C=CC=C2)C(Cl)=C(Cl)C(Cl)=C1,Cc1cc(Cl)c(Cl)c(Cl)c1Cc1ccccc1Cl,-7.24
CC1=C(CC2=CC=C(Cl)C=C2)C(Cl)=C(Cl)C(Cl)=C1,Cc1cc(Cl)c(Cl)c(Cl)c1Cc1ccc(Cl)cc1,-7.44
ClC1=CC=C(C2=CC=C(Cl)C(Cl)=C2)C=C1Cl,Clc1ccc(-c2ccc(Cl)c(Cl)c2)cc1Cl,-8.53
ClC1=CC=C(C2=C(Cl)C=C(Cl)C=C2Cl)C=C1,Clc1ccc(-c2c(Cl)cc(Cl)cc2Cl)cc1,-6.94
ClC1=C(Cl)C(Cl)=C2OC3=CC=CC=C3OC2=C1Cl,Clc1c(Cl)c(Cl)c2c(c1Cl)Oc1ccccc1O2,-8.77
ClC(Cl)=C(Cl)Cl,ClC(Cl)=C(Cl)Cl,-2.74
BrC1=CC(Br)=C(C2=CC=CC=C2)C(Br)=C1,Brc1cc(Br)c(-c2ccccc2)c(Br)c1,-7.3
COC1=C(Cl)C=C(Cl)C=C1Cl,COc1c(Cl)cc(Cl)cc1Cl,-4.2
ClC1=CC(Cl)=CC(Cl)=C1,Clc1cc(Cl)cc(Cl)c1,-4.6
ClC1=CC(Cl)=C2OC3=CC=CC=C3OC2=C1Cl,Clc1cc(Cl)c2c(c1Cl)Oc1ccccc1O2,-7.58
CC(Cl)(Cl)Cl,CC(Cl)(Cl)Cl,-2.14
FC(Cl)(Cl)CCl,FC(Cl)(Cl)CCl,-3.04
CCCSC(=O)N(CCC)CCC,CCCSC(=O)N(CCC)CCC,-3.3
ClC(Cl)=C=C(Cl)C(Cl)Cl,ClC(Cl)=C=C(Cl)C(Cl)Cl,-4.23
ClC1=C(Cl)C(Cl)=C(Cl)C(OC2=C(Cl)C(Cl)=C(Cl)C(Cl)=C2Cl)=C1,Clc1cc(Oc2c(Cl)c(Cl)c(Cl)c(Cl)c2Cl)c(Cl)c(Cl)c1Cl,-10.55
CC1=C(Cl)C=C(Cl)C(CC2=CC(Cl)=CC=C2Cl)=C1,Cc1cc(Cc2cc(Cl)ccc2Cl)c(Cl)cc1Cl,-8.06
CCC1=CC=CC(CC)=C1N(COC)C(=O)CCl,CCc1cccc(CC)c1N(COC)C(=O)CCl,-3.17
CNC(=O)ON=CC(C)(C)SC,CNC(=O)ON=CC(C)(C)SC,-0.71
CCOP(=S)(OCC)SCSC1=CC=C(Cl)C=C1,CCOP(=S)(OCC)SCSc1ccc(Cl)cc1,-6.05
CCOP(=S)(OCC)SC(CCl)N1C(=O)C2=CC=CC=C2C1=O,CCOP(=S)(OCC)SC(CCl)N1C(=O)c2ccccc2C1=O,-5.85
CCCCC1=C(CCCC)C(C(O)=O)=C(C(O)=O)C=C1,CCCCc1ccc(C(=O)O)c(C(=O)O)c1CCCC,-4.4
CC1OC(OC2C(O)CC(OC3C(O)CC(OC4CCC5(C)C(CCC6C5CC(O)C5(C)C(C7=CC(=O)OC7)CCC65O)C4)OC3C)OC2C)CC(O)C1O,CC1OC(OC2C(O)CC(OC3C(O)CC(OC4CCC5(C)C(CCC6C5CC(O)C5(C)C(C7=CC(=O)OC7)CCC65O)C4)OC3C)OC2C)CC(O)C1O,-4.16
O=S1OCC2C(CO1)C1(Cl)C(Cl)=C(Cl)C2(Cl)C1(Cl)Cl,O=S1OCC2C(CO1)C1(Cl)C(Cl)=C(Cl)C2(Cl)C1(Cl)Cl,-6.08
CCOP(=S)(OCC)OC1=CC=C(C=C1)[N+](=O)[O-],CCOP(=S)(OCC)Oc1ccc([N+](=O)[O-])cc1,-4.29
CCCCN(CC)C(=O)SCCC,CCCCN(CC)C(=O)SCCC,-3.41
CCC1=CC=C(C(C2=CC=C(CC)C=C2)C(Cl)Cl)C=C1,CCc1ccc(C(c2ccc(CC)cc2)C(Cl)Cl)cc1,-7.04
CC12CCC3C(CC=C4CC(O)CCC43C)C1CCC2=O,CC12CCC3C(CC=C4CC(O)CCC43C)C1CCC2=O,-4.01
Brc1cc(C(O)=O)c(N)cc1,Nc1ccc(Br)cc1C(=O)O,-3.07
Oc1c(Br)cc(C(O)=O)c(O)c1,O=C(O)c1cc(Br)c(O)cc1O,-2.62
S(=O)(=O)(N)c1sc(NC(=O)C)nn1,CC(=O)Nc1nnc(S(N)(=O)=O)s1,-2.44
CN(C)CC\C=C1\c2ccccc2CCc2ccccc12,CN(C)CCC=C1c2ccccc2CCc2ccccc21,-4.55
c1(c(CN(CC)CC)cc(cc1)Nc1ccnc2c1ccc(c2)Cl)O,CCN(CC)Cc1cc(Nc2ccnc3cc(Cl)ccc23)ccc1O,-5.79
CN1[C@H]2CC[C@@H]1C[C@@H](C2)OC(=O)C(CO)C1=CC=CC=C1,CN1[C@@H]2CC[C@H]1C[C@@H](OC(=O)C(CO)c1ccccc1)C2,-2.0
n1(Cc2ccccc2)cncc1,c1ccc(Cn2ccnc2)cc1,-2.26
Brc1cc2c(CN(C)C)c[nH]c2cc1,CN(C)Cc1c[nH]c2ccc(Br)cc12,-4.06
COc1ccccc1OCCNCC(O)COc1cccc2[nH]c3ccccc3c12,COc1ccccc1OCCNCC(O)COc1cccc2[nH]c3ccccc3c12,-4.26
C1(=C(COC(C)=O)CS[C@@H]2[C@H](NC(=O)Cc3cccs3)C(N12)=O)C(O)=O,CC(=O)OCC1=C(C(=O)O)N2C(=O)[C@@H](NC(=O)Cc3cccs3)[C@H]2SC1,-2.94
C([C@H](c1ccccn1)c1ccc(cc1)Cl)CN(C)C,CN(C)CC[C@@H](c1ccc(Cl)cc1)c1ccccn1,-2.67
c1c(Cl)ccc2Sc3ccccc3N(CCCN(C)C)c12,CN(C)CCCN1c2ccccc2Sc2ccc(Cl)cc21,-5.07
Clc1ccc(S(=O)(NC(=O)NCCC)=O)cc1,CCCNC(=O)NS(=O)(=O)c1ccc(Cl)cc1,-3.25
c1cc2c(cc1Cl)[nH]c(=O)o2,O=c1[nH]c2cc(Cl)ccc2o1,-2.66
O=C(c1cn(C2CC2)c2c(cc(F)c(N3CCNCC3)c2)c1=O)O,O=C(O)c1cn(C2CC2)c2cc(N3CCNCC3)c(F)cc2c1=O,-3.6
C[N@]1C[C@@H]2C[C@H]1CN2c1c(cc2c(n(cc(C(=O)O)c2=O)C2CC2)c1)F,CN1C[C@@H]2C[C@H]1CN2c1cc2c(cc1F)c(=O)c(C(=O)O)cn2C1CC1,-2.9
C[C@H](CC1=CC=CC=C1)N(C)CC#C,C#CCN(C)[C@H](C)Cc1ccccc1,-2.51
O=C1[C@H](OC(C)=O)[C@H](c2ccc(OC)cc2)Sc2ccccc2N1CCN(C)C,COc1ccc([C@@H]2Sc3ccccc3N(CCN(C)C)C(=O)[C@@H]2OC(C)=O)cc1,-3.16
CN(C)CCOC(c1ccccc1)c1ccccc1,CN(C)CCOC(c1ccccc1)c1ccccc1,-2.95
N\C(CCSCc1csc(\N=C(\N)N)n1)=N\S(=O)(N)=O,NC(N)=Nc1nc(CSCC/C(N)=N\S(N)(=O)=O)cs1,-2.65
CC(C(O)=O)c1cccc(Oc2ccccc2)c1,CC(C(=O)O)c1cccc(Oc2ccccc2)c1,-3.7
O=C(NC1CCCCC1)NS(=O)(c1ccc(CCNC(c2cnc(cn2)C)=O)cc1)=O,Cc1cnc(C(=O)NCCc2ccc(S(=O)(=O)NC(=O)NC3CCCCC3)cc2)cn1,-5.49
[nH]1cnc2nc(N)[nH]c(=O)c12,Nc1nc2nc[nH]c2c(=O)[nH]1,-4.43
S1(=O)(=O)NCNc2c1cc(S(=O)(N)=O)c(c2)C(F)(F)F,NS(=O)(=O)c1cc2c(cc1C(F)(F)F)NCNS2(=O)=O,-2.97
CCn1cc(c(=O)c2ccc(nc12)C)C(=O)O,CCn1cc(C(=O)O)c(=O)c2ccc(C)nc21,-3.61
O[C@]1([C@H](N(CC=C)CC2)C3)[C@@]42C5=C3C=CC(O)=C5O[C@H]4C(CC1)=O,C=CCN1CC[C@]23c4c5ccc(O)c4O[C@H]2C(=O)CC[C@@]3(O)[C@H]1C5,-2.9
O=C(O)[C@@H](C)c1ccc2cc(ccc2c1)OC,COc1ccc2cc([C@H](C)C(=O)O)ccc2c1,-4.5
N(CC\C=C1\c2c(CCc3c1cccc3)cccc2)C,CNCCC=C1c2ccccc2CCc2ccccc21,-4.02
OC1=C(C(O)=C(C([C@@](C(C(C(N)=O)=C(O)[C@H]2N(C)C)=O)(O)[C@@]2([H])[C@H]3O)=O)[C@@]3([H])[C@@]4(O)C)C4=CC=C1,CN(C)[C@@H]1C(O)=C(C(N)=O)C(=O)[C@@]2(O)C(=O)C3=C(O)c4c(O)cccc4[C@@](C)(O)[C@H]3[C@H](O)[C@@H]12,-3.09
c1(nccc2cc(c(OC)cc12)OC)Cc1cc(c(cc1)OC)OC,COc1ccc(Cc2nccc3cc(OC)c(OC)cc23)cc1OC,-3.87
c1ccc(cc1)\N=N\c1c(nc(cc1)N)N,Nc1ccc(/N=N/c2ccccc2)c(N)n1,-4.19
C1(NC(C(c2ccccc2)(C(=O)N1)CC)=O)=O,CCC1(c2ccccc2)C(=O)NC(=O)NC1=O,-2.29
CC(C)NCC(O)COc1cccc2[nH]ccc12,CC(C)NCC(O)COc1cccc2[nH]ccc12,-3.79
Nc1ccc(C(OCCN(CC)CC)=O)cc1,CCN(CC)CCOC(=O)c1ccc(N)cc1,-1.72
[H]C1(CN2CCC1C[C@@]2([H])[C@H](O)C1=CC=NC2=C1C=C(OC)C=C2)C=C,C=CC1CN2CCC1C[C@H]2[C@H](O)c1ccnc2ccc(OC)cc12,-2.79
S(Cc1oc(CN(C)C)cc1)CCN\C(NC)=C\N(=O)=O,CN/C(=C\[N+](=O)[O-])NCCSCc1ccc(CN(C)C)o1,-2.5
C1CN(CCN1)c1c(cc2c(n(cc(C(=O)O)c2=O)c2ccc(cc2)F)c1)F,O=C(O)c1cn(-c2ccc(F)cc2)c2cc(N3CCNCC3)c(F)cc2c1=O,-3.13
C[C@H]1CN(C[C@@H](C)N1)C1=C(F)C2=C(C(=O)C(=CN2C2CC2)C(O)=O)C(N)=C1F,C[C@@H]1CN(c2c(F)c(N)c3c(=O)c(C(=O)O)cn(C4CC4)c3c2F)C[C@H](C)N1,-3.37
S(=O)(=O)(Nc1nc(C)cc(n1)C)c1ccc(N)cc1,Cc1cc(C)nc(NS(=O)(=O)c2ccc(N)cc2)n1,-2.73
C(=O)(O)c1cc(ccc1O)\N=N\c1ccc(cc1)S(=O)(Nc1ccccn1)=O,O=C(O)c1cc(/N=N/c2ccc(S(=O)(=O)Nc3ccccn3)cc2)ccc1O,-6.14
CC1=C(CC(O)=O)c2cc(F)ccc2C\1=C\c1ccc(cc1)S(C)=O,CC1=C(CC(=O)O)c2cc(F)ccc2/C1=C/c1ccc([S+](C)[O-])cc1,-4.5
C(c1ccc(cc1)NCCCC)(=O)OCCN(C)C,CCCCNc1ccc(C(=O)OCCN(C)C)cc1,-3.01
OC1=C(C(C2=C(O)[C@@](C(C(C(N)=O)=C(O)[C@H]3N(C)C)=O)(O)[C@@]3([H])C[C@]2([H])[C@@]4(O)C)=O)C4=CC=C1,CN(C)[C@@H]1C(O)=C(C(N)=O)C(=O)[C@@]2(O)C(O)=C3C(=O)c4c(O)cccc4[C@@](C)(O)[C@H]3C[C@@H]12,-2.93
c1(cc(ccc1C(C)C)C)O,Cc1ccc(C(C)C)c(O)c1,-2.19
COc1ccc(CCN(C)CCCC(C#N)(C(C)C)c2ccc(OC)c(OC)c2)cc1OC,COc1ccc(CCN(C)CCCC(C#N)(c2ccc(OC)c(OC)c2)C(C)C)cc1OC,-3.98
CC(=O)CC(c1ccccc1)c1c(O)c2ccccc2oc1=O,CC(=O)CC(c1ccccc1)c1c(O)c2ccccc2oc1=O,-4.78
